tbgPlayerId,transfermarktId,soccerwikiId,playerName,transfermarktName,clubName,currentCompetitionCode,position,positionGroup,age,marketValueEur,highestMarketValueEur,previousMarketValueEur,internationalCaps,internationalGoals,totalTransferFeesEur,smwRating,smwEquivalentRaw,smwEquivalentRating,abilityComponent,prestigeComponent,trajectoryComponent,tbgV2Adjustment,tbgV2AdjustmentReasons,tbgRatingRaw,tbgRating,tbgRatingBand,tbgDeltaRounded
tbg-tm-00342229,342229,,Kylian Mbappé,Kylian Mbappé,Real Madrid,ES1,Centre-Forward,ATT,27,180000000,200000000,200000000,103,63,180000000,,97.6,98,0,0.85,0.35,1.2,+0.45: historic world-superstar prestige | +0.3: centurion international prestige | +0.25: elite lifetime transfer-fee signal | -0.15: diminishing-returns prestige taper | +0.35: world-superstar current market signal,98.8,99,world_elite,
tbg-tm-00418560,418560,,Erling Haaland,Erling Haaland,Manchester City,GB1,Centre-Forward,ATT,25,200000000,200000000,200000000,54,60,88100000,96,96.27,96,0,0.7,0.35,1.05,+0.45: historic world-superstar prestige | +0.1: established international experience | +0.15: major lifetime transfer-fee signal | +0.35: world-superstar current market signal,97.32,97,world_elite,1
tbg-tm-00371998,371998,,Vinicius José Paixão de Oliveira Junior,Vinicius José Paixão de Oliveira Junior,Real Madrid,ES1,Left Winger,ATT,25,140000000,200000000,150000000,54,13,45000000,,96.12,96,0,0.55,0.2,0.75,+0.45: historic world-superstar prestige | +0.1: established international experience | +0.2: elite current market signal,96.87,97,world_elite,
tbg-tm-00937958,937958,,Lamine Yamal Nasraoui Ebana,Lamine Yamal Nasraoui Ebana,FC Barcelona,ES1,Right Winger,ATT,18,200000000,200000000,200000000,29,7,0,,95.09,95,0,0.45,0.8,1.25,+0.45: historic world-superstar prestige | +0.35: world-superstar current market signal | +0.45: teenage elite-trajectory adjustment,96.34,96,world_elite,
tbg-tm-00369081,369081,,Federico Valverde,Federico Valverde,Real Madrid,ES1,Central Midfield,MID,27,90000000,130000000,120000000,76,9,5000000,,95.68,96,0,0.5,0,0.5,+0.3: historic elite-market prestige | +0.2: major international experience,96.18,96,world_elite,
tbg-tm-00581678,581678,,Jude Bellingham,Jude Bellingham,Real Madrid,ES1,Attacking Midfield,MID,23,130000000,180000000,140000000,52,8,157150000,,95.03,95,0,0.8,0.35,1.15,+0.45: historic world-superstar prestige | +0.1: established international experience | +0.25: elite lifetime transfer-fee signal | +0.2: elite current market signal | +0.15: early-prime high-ceiling trajectory,96.18,96,world_elite,
tbg-tm-00028003,28003,,Lionel Messi,Lionel Messi,Inter Miami CF,MLS1,Right Winger,ATT,39,15000000,180000000,15000000,203,124,0,,96.49,96,-0.75,0.25,0,-0.5,"-0.45: late-career non-elite-league current-ability caution | -0.15: large fall from peak current-ability caution | -0.15: attacker output/value reality check | +0.45: historic world-superstar prestige | +0.3: centurion international prestige | +0.25: form is temporary, class is permanent safeguard | +0.15: late-career elite class inertia | -0.9: diminishing-returns prestige taper",95.99,96,world_elite,
tbg-tm-00357565,357565,,Hernández Rodri,Rodrigo Hernández Cascante,Manchester City,GB1,Defensive Midfield,DEF,30,50000000,130000000,65000000,66,4,91500000,95,94.92,95,0,0.85,0,0.85,"+0.3: historic elite-market prestige | +0.2: major international experience | +0.15: major lifetime transfer-fee signal | +0.25: form is temporary, class is permanent safeguard | -0.05: diminishing-returns prestige taper",95.77,96,world_elite,1
tbg-tm-00683840,683840,,Pedro González López,Pedro González López,FC Barcelona,ES1,Central Midfield,MID,23,150000000,150000000,150000000,45,6,23000000,,94.54,95,0,0.55,0.5,1.05,+0.45: historic world-superstar prestige | +0.1: established international experience | +0.35: world-superstar current market signal | +0.15: early-prime high-ceiling trajectory,95.59,96,world_elite,
tbg-tm-00357662,357662,,Declan Rice,Declan Rice,Arsenal FC,GB1,Central Midfield,MID,27,120000000,120000000,120000000,76,7,116600000,94,94.57,95,0,0.65,0.2,0.85,+0.3: historic elite-market prestige | +0.2: major international experience | +0.15: major lifetime transfer-fee signal | +0.2: elite current market signal,95.42,95,world_elite,1
tbg-tm-00433177,433177,,Bukayo Saka,Bukayo Saka,Arsenal FC,GB1,Right Winger,ATT,24,110000000,150000000,120000000,53,14,0,94,94.17,94,0,0.55,0.35,0.9,+0.45: historic world-superstar prestige | +0.1: established international experience | +0.2: elite current market signal | +0.15: early-prime high-ceiling trajectory,95.07,95,world_elite,1
tbg-tm-00008198,8198,,Cristiano Ronaldo dos Santos Aveiro,Cristiano Ronaldo dos Santos Aveiro,Al-Nassr FC,SA1,Centre-Forward,ATT,41,10000000,120000000,12000000,232,146,247002200,,95.24,95,-0.75,0.25,0,-0.5,"-0.45: late-career non-elite-league current-ability caution | -0.15: large fall from peak current-ability caution | -0.15: attacker output/value reality check | +0.3: historic elite-market prestige | +0.3: centurion international prestige | +0.25: elite lifetime transfer-fee signal | +0.25: form is temporary, class is permanent safeguard | +0.15: late-career elite class inertia | -1: diminishing-returns prestige taper",94.74,95,world_elite,
tbg-tm-00148455,148455,,Mohamed Salah,Mohamed Salah,Without Club,,Right Winger,ATT,34,22000000,150000000,30000000,118,66,81000000,94,94.44,94,-0.15,0.45,0,0.3,"-0.15: large fall from peak current-ability caution | +0.45: historic world-superstar prestige | +0.3: centurion international prestige | +0.15: major lifetime transfer-fee signal | +0.25: form is temporary, class is permanent safeguard | +0.15: late-career elite class inertia | -0.85: diminishing-returns prestige taper",94.74,95,world_elite,1
tbg-tm-00349066,349066,,Alexander Isak,Alexander Isak,Liverpool FC,GB1,Centre-Forward,ATT,26,85000000,140000000,100000000,62,18,246100000,94,93.83,94,0,0.75,0,0.75,+0.3: historic elite-market prestige | +0.2: major international experience | +0.25: elite lifetime transfer-fee signal,94.58,95,world_elite,1
tbg-tm-00598577,598577,,Florian Wirtz,Florian Wirtz,Liverpool FC,GB1,Attacking Midfield,MID,23,100000000,140000000,110000000,45,11,125200000,94,93.49,93,0,0.55,0.35,0.9,+0.3: historic elite-market prestige | +0.1: established international experience | +0.15: major lifetime transfer-fee signal | +0.2: elite current market signal | +0.15: early-prime high-ceiling trajectory,94.39,94,world_elite,0
tbg-tm-00687626,687626,,Moisés Caicedo,Moisés Caicedo,Chelsea FC,GB1,Defensive Midfield,DEF,24,100000000,110000000,110000000,65,3,144200000,93,93.35,93,0,0.65,0.35,1,+0.3: historic elite-market prestige | +0.2: major international experience | +0.15: major lifetime transfer-fee signal | +0.2: elite current market signal | +0.15: early-prime high-ceiling trajectory,94.35,94,world_elite,1
tbg-tm-00406635,406635,,Phil Foden,Phil Foden,Manchester City,GB1,Attacking Midfield,MID,26,70000000,150000000,80000000,0,0,0,93,93.88,94,0,0.45,0,0.45,+0.45: historic world-superstar prestige,94.33,94,world_elite,1
tbg-tm-00568177,568177,,Cole Palmer,Cole Palmer,Chelsea FC,GB1,Attacking Midfield,MID,24,100000000,130000000,110000000,0,0,47000000,93,93.42,93,0,0.3,0.35,0.65,+0.3: historic elite-market prestige | +0.2: elite current market signal | +0.15: early-prime high-ceiling trajectory,94.07,94,world_elite,1
tbg-tm-00406625,406625,,Lautaro Martínez,Lautaro Martínez,Inter Milan,IT1,Centre-Forward,ATT,28,85000000,110000000,85000000,81,38,25000000,,93.5,94,0,0.5,0,0.5,+0.3: historic elite-market prestige | +0.2: major international experience,94,94,world_elite,
tbg-tm-00240306,240306,,Bruno Fernandes,Bruno Fernandes,Manchester United,GB1,Attacking Midfield,MID,31,35000000,90000000,40000000,93,29,84240000,94,93.13,93,0,0.78,0,0.78,"+0.18: historic high-level market prestige | +0.2: major international experience | +0.15: major lifetime transfer-fee signal | +0.25: form is temporary, class is permanent safeguard",93.91,94,world_elite,0
tbg-tm-00534033,534033,,Alexis Mac Allister,Alexis Mac Allister,Liverpool FC,GB1,Central Midfield,MID,27,70000000,100000000,80000000,50,6,50000000,93,93.38,93,0,0.4,0,0.4,+0.3: historic elite-market prestige | +0.1: established international experience,93.78,94,world_elite,1
tbg-tm-00316264,316264,,Martin Odegaard,Martin Ødegaard,Arsenal FC,GB1,Attacking Midfield,MID,27,65000000,110000000,65000000,72,5,41800000,93,93.25,93,0,0.5,0,0.5,+0.3: historic elite-market prestige | +0.2: major international experience,93.75,94,world_elite,1
tbg-tm-00411295,411295,,Raphael Dias Belloli,Raphael Dias Belloli,FC Barcelona,ES1,Left Winger,ATT,29,70000000,90000000,80000000,41,11,104700000,,93.3,93,0,0.43,0,0.43,+0.18: historic high-level market prestige | +0.1: established international experience | +0.15: major lifetime transfer-fee signal,93.73,94,world_elite,
tbg-tm-00451276,451276,,Dominik Szoboszlai,Dominik Szoboszlai,Liverpool FC,GB1,Attacking Midfield,MID,25,100000000,100000000,100000000,65,18,106500000,93,92.86,93,0,0.65,0.2,0.85,+0.3: historic elite-market prestige | +0.2: major international experience | +0.15: major lifetime transfer-fee signal | +0.2: elite current market signal,93.71,94,world_elite,1
tbg-tm-00241641,241641,,Bernardo Silva,Bernardo Silva,Real Madrid,ES1,Attacking Midfield,MID,31,22000000,100000000,27000000,112,14,65750000,,92.84,93,0,0.85,0,0.85,"+0.3: historic elite-market prestige | +0.3: centurion international prestige | +0.25: form is temporary, class is permanent safeguard",93.69,94,world_elite,
tbg-tm-00258004,258004,,Rúben Dias,Rúben Dias,Manchester City,GB1,Centre-Back,DEF,29,55000000,80000000,60000000,79,3,71600000,94,93.29,93,0,0.38,0,0.38,+0.18: historic high-level market prestige | +0.2: major international experience,93.67,94,world_elite,0
tbg-tm-00088755,88755,,Kevin De Bruyne,Kevin De Bruyne,SSC Napoli,IT1,Attacking Midfield,MID,35,8000000,150000000,10000000,123,38,106450000,,93.32,93,-0.15,0.45,0,0.3,"-0.15: large fall from peak current-ability caution | +0.45: historic world-superstar prestige | +0.3: centurion international prestige | +0.15: major lifetime transfer-fee signal | +0.25: form is temporary, class is permanent safeguard | +0.15: late-career elite class inertia | -0.85: diminishing-returns prestige taper",93.62,94,world_elite,
tbg-tm-00108390,108390,,Thibaut Courtois,Thibaut Courtois,Real Madrid,ES1,Goalkeeper,GK,34,15000000,75000000,18000000,113,0,45150000,,92.99,93,-0.05,0.6,0,0.55,"-0.15: large fall from peak current-ability caution | +0.1: goalkeeper longevity stability | +0.18: historic high-level market prestige | +0.3: centurion international prestige | +0.25: form is temporary, class is permanent safeguard | +0.15: late-career elite class inertia | -0.28: diminishing-returns prestige taper",93.54,94,world_elite,
tbg-tm-00027992,27992,,Luka Modrić,Luka Modrić,Without Club,,Central Midfield,MID,40,3500000,55000000,4000000,202,29,57500000,,93.34,93,-0.3,0.45,0,0.15,"-0.15: late-career low-market ability caution | -0.15: large fall from peak current-ability caution | +0.3: centurion international prestige | +0.25: form is temporary, class is permanent safeguard | +0.15: late-career elite class inertia | -0.25: diminishing-returns prestige taper",93.49,93,elite,
tbg-tm-00520624,520624,,Bruno Guimarães,Bruno Guimarães,Newcastle United,GB1,Central Midfield,MID,28,70000000,85000000,75000000,48,3,62100000,,93.15,93,0,0.28,0,0.28,+0.18: historic high-level market prestige | +0.1: established international experience,93.43,93,elite,
tbg-tm-00139208,139208,,Virgil van Dijk,Virgil van Dijk,Liverpool FC,GB1,Centre-Back,DEF,34,15000000,100000000,18000000,96,13,103100000,94,92.98,93,-0.15,0.6,0,0.45,"-0.15: large fall from peak current-ability caution | +0.3: historic elite-market prestige | +0.2: major international experience | +0.15: major lifetime transfer-fee signal | +0.25: form is temporary, class is permanent safeguard | +0.15: late-career elite class inertia | -0.45: diminishing-returns prestige taper",93.43,93,elite,-1
tbg-tm-00121483,121483,,Jan Oblak,Jan Oblak,Atlético de Madrid,ES1,Goalkeeper,GK,33,15000000,100000000,17000000,84,0,20000000,,92.86,93,-0.05,0.6,0,0.55,"-0.15: large fall from peak current-ability caution | +0.1: goalkeeper longevity stability | +0.3: historic elite-market prestige | +0.2: major international experience | +0.25: form is temporary, class is permanent safeguard | -0.15: diminishing-returns prestige taper",93.41,93,elite,
tbg-tm-00413112,413112,,Aurélien Tchouaméni,Aurélien Tchouaméni,Real Madrid,ES1,Defensive Midfield,DEF,26,70000000,100000000,75000000,49,3,98000000,,92.79,93,0,0.55,0,0.55,+0.3: historic elite-market prestige | +0.1: established international experience | +0.15: major lifetime transfer-fee signal,93.34,93,elite,
tbg-tm-00326330,326330,,Frenkie de Jong,Frenkie de Jong,FC Barcelona,ES1,Central Midfield,MID,29,35000000,90000000,45000000,70,2,93740001,,92.69,93,0,0.53,0,0.53,+0.18: historic high-level market prestige | +0.2: major international experience | +0.15: major lifetime transfer-fee signal,93.22,93,elite,
tbg-tm-00576024,576024,,Julián Alvarez,Julián Alvarez,Atlético de Madrid,ES1,Centre-Forward,ATT,26,100000000,100000000,90000000,55,14,96400000,,92.4,92,0,0.55,0.2,0.75,+0.3: historic elite-market prestige | +0.1: established international experience | +0.15: major lifetime transfer-fee signal | +0.2: elite current market signal,93.15,93,elite,
tbg-tm-00314353,314353,,Trent Alexander-Arnold,Trent Alexander-Arnold,Real Madrid,ES1,Right-Back,DEF,27,60000000,110000000,65000000,0,0,10000000,,92.83,93,0,0.3,0,0.3,+0.3: historic elite-market prestige,93.13,93,elite,
tbg-tm-00495666,495666,,William Saliba,William Saliba,Arsenal FC,GB1,Centre-Back,DEF,25,100000000,100000000,90000000,36,0,30000000,94,92.53,93,0,0.4,0.2,0.6,+0.3: historic elite-market prestige | +0.1: established international experience | +0.2: elite current market signal,93.13,93,elite,-1
tbg-tm-00105470,105470,,Becker Alisson,Alisson Ramses Becker,Liverpool FC,GB1,Goalkeeper,GK,33,15000000,90000000,17000000,83,0,80500000,93,92.51,93,-0.05,0.6,0,0.55,"-0.15: large fall from peak current-ability caution | +0.1: goalkeeper longevity stability | +0.18: historic high-level market prestige | +0.2: major international experience | +0.15: major lifetime transfer-fee signal | +0.25: form is temporary, class is permanent safeguard | -0.18: diminishing-returns prestige taper",93.06,93,elite,0
tbg-tm-00435338,435338,,Gabriel Magalhães,Gabriel Magalhães,Arsenal FC,GB1,Centre-Back,DEF,28,75000000,75000000,75000000,22,1,29000000,94,92.7,93,0,0.18,0,0.18,+0.18: historic high-level market prestige,92.88,93,elite,-1
tbg-tm-00423440,423440,,Martín Zubimendi,Martín Zubimendi,Arsenal FC,GB1,Defensive Midfield,DEF,27,75000000,80000000,80000000,26,3,70000000,92,92.63,93,0,0.18,0,0.18,+0.18: historic high-level market prestige,92.81,93,elite,1
tbg-tm-00478573,478573,,Ryan Gravenberch,Ryan Gravenberch,Liverpool FC,GB1,Defensive Midfield,DEF,24,80000000,90000000,90000000,31,1,58500000,92,92.38,92,0,0.28,0.15,0.43,+0.18: historic high-level market prestige | +0.1: established international experience | +0.15: early-prime high-ceiling trajectory,92.81,93,elite,1
tbg-tm-00648195,648195,,Enzo Fernández,Enzo Fernández,Chelsea FC,GB1,Central Midfield,MID,25,90000000,90000000,90000000,45,6,165250000,93,92.28,92,0,0.53,0,0.53,+0.18: historic high-level market prestige | +0.1: established international experience | +0.25: elite lifetime transfer-fee signal,92.81,93,elite,0
tbg-tm-00357164,357164,,Rafael Leão,Rafael Leão,AC Milan,IT1,Left Winger,ATT,27,50000000,90000000,65000000,48,6,69703000,,92.51,93,0,0.28,0,0.28,+0.18: historic high-level market prestige | +0.1: established international experience,92.79,93,elite,
tbg-tm-00636703,636703,,Fermín López,Fermín López,FC Barcelona,ES1,Attacking Midfield,MID,23,100000000,100000000,100000000,0,0,0,,92.11,92,0,0.3,0.35,0.65,+0.3: historic elite-market prestige | +0.2: elite current market signal | +0.15: early-prime high-ceiling trajectory,92.76,93,elite,
tbg-tm-00038253,38253,,Robert Lewandowski,Robert Lewandowski,Without Club,,Centre-Forward,ATT,37,7000000,90000000,8000000,167,89,50130000,,92.21,92,-0.3,0.6,0,0.3,"-0.15: large fall from peak current-ability caution | -0.15: attacker output/value reality check | +0.18: historic high-level market prestige | +0.3: centurion international prestige | +0.25: form is temporary, class is permanent safeguard | +0.15: late-career elite class inertia | -0.28: diminishing-returns prestige taper",92.51,93,elite,
tbg-tm-00125781,125781,,Antoine Griezmann,Antoine Griezmann,Atlético de Madrid,ES1,Second Striker,ATT,35,8000000,150000000,10000000,0,0,206000000,,92.17,92,-0.3,0.6,0,0.3,"-0.15: large fall from peak current-ability caution | -0.15: attacker output/value reality check | +0.45: historic world-superstar prestige | +0.25: elite lifetime transfer-fee signal | +0.25: form is temporary, class is permanent safeguard | +0.15: late-career elite class inertia | -0.5: diminishing-returns prestige taper",92.47,92,elite,
tbg-tm-00255942,255942,,Nicolò Barella,Nicolò Barella,Inter Milan,IT1,Central Midfield,MID,29,50000000,80000000,50000000,0,0,50500000,,92.27,92,0,0.18,0,0.18,+0.18: historic high-level market prestige,92.45,92,elite,
tbg-tm-00315853,315853,,Alessandro Bastoni,Alessandro Bastoni,Inter Milan,IT1,Centre-Back,DEF,27,65000000,80000000,70000000,0,0,40700000,,92.23,92,0,0.18,0,0.18,+0.18: historic high-level market prestige,92.41,92,elite,
tbg-tm-00411975,411975,,Jules Koundé,Jules Koundé,FC Barcelona,ES1,Right-Back,DEF,27,60000000,65000000,65000000,53,0,85000000,,92.16,92,0,0.25,0,0.25,+0.1: established international experience | +0.15: major lifetime transfer-fee signal,92.41,92,elite,
tbg-tm-00413039,413039,,Bryan Mbeumo,Bryan Mbeumo,Manchester United,GB1,Right Winger,ATT,26,75000000,80000000,80000000,32,7,81500000,91,91.97,92,0,0.43,0,0.43,+0.18: historic high-level market prestige | +0.1: established international experience | +0.15: major lifetime transfer-fee signal,92.4,92,elite,1
tbg-tm-00325443,325443,,Viktor Gyökeres,Viktor Gyökeres,Arsenal FC,GB1,Centre-Forward,ATT,28,65000000,75000000,65000000,37,21,93100000,92,91.91,92,0,0.43,0,0.43,+0.18: historic high-level market prestige | +0.1: established international experience | +0.15: major lifetime transfer-fee signal,92.34,92,elite,0
tbg-tm-00397033,397033,,Sandro Tonali,Sandro Tonali,Newcastle United,GB1,Defensive Midfield,DEF,26,80000000,80000000,80000000,0,0,80080000,92,91.99,92,0,0.33,0,0.33,+0.18: historic high-level market prestige | +0.15: major lifetime transfer-fee signal,92.32,92,elite,0
tbg-tm-00460939,460939,,Tijjani Reijnders,Tijjani Reijnders,Manchester City,GB1,Central Midfield,MID,27,50000000,70000000,60000000,35,7,79700000,92,91.98,92,0,0.28,0,0.28,+0.18: historic high-level market prestige | +0.1: established international experience,92.26,92,elite,0
tbg-tm-00315858,315858,,Gianluigi Donnarumma,Gianluigi Donnarumma,Manchester City,GB1,Goalkeeper,GK,27,45000000,65000000,45000000,83,0,30250000,93,91.95,92,0.1,0.2,0,0.3,+0.1: goalkeeper longevity stability | +0.2: major international experience,92.25,92,elite,-1
tbg-tm-00293385,293385,,Dani Olmo,Dani Olmo,FC Barcelona,ES1,Attacking Midfield,MID,28,60000000,60000000,60000000,54,12,95200000,,91.99,92,0,0.25,0,0.25,+0.1: established international experience | +0.15: major lifetime transfer-fee signal,92.24,92,elite,
tbg-tm-00445939,445939,,Omar Marmoush,Omar Marmoush,Manchester City,GB1,Centre-Forward,ATT,27,50000000,75000000,60000000,54,11,75100000,92,91.93,92,0,0.28,0,0.28,+0.18: historic high-level market prestige | +0.1: established international experience,92.21,92,elite,0
tbg-tm-00583255,583255,,Antoine Semenyo,Antoine Semenyo,Manchester City,GB1,Right Winger,ATT,26,80000000,80000000,75000000,38,3,82250000,92,91.77,92,0,0.43,0,0.43,+0.18: historic high-level market prestige | +0.1: established international experience | +0.15: major lifetime transfer-fee signal,92.2,92,elite,0
tbg-tm-00709726,709726,,Hugo Ekitiké,Hugo Ekitiké,Liverpool FC,GB1,Centre-Forward,ATT,24,80000000,90000000,90000000,0,0,158500000,91,91.61,92,0,0.43,0.15,0.58,+0.18: historic high-level market prestige | +0.25: elite lifetime transfer-fee signal | +0.15: early-prime high-ceiling trajectory,92.19,92,elite,1
tbg-tm-00355915,355915,,Cristian Romero,Cristian Romero,Tottenham Hotspur,GB1,Centre-Back,DEF,28,45000000,65000000,50000000,54,3,108860000,,91.91,92,0,0.25,0,0.25,+0.1: established international experience | +0.15: major lifetime transfer-fee signal,92.16,92,elite,
tbg-tm-00318528,318528,,Marcus Thuram,Marcus Thuram,Inter Milan,IT1,Centre-Forward,ATT,28,50000000,75000000,50000000,35,3,9600000,,91.87,92,0,0.28,0,0.28,+0.18: historic high-level market prestige | +0.1: established international experience,92.15,92,elite,
tbg-tm-00258923,258923,,Marcus Rashford,Marcus Rashford,Manchester United,GB1,Left Winger,ATT,28,40000000,85000000,40000000,76,19,0,92,91.77,92,0,0.38,0,0.38,+0.18: historic high-level market prestige | +0.2: major international experience,92.15,92,elite,0
tbg-tm-00309400,309400,,Kai Havertz,Kai Havertz,Arsenal FC,GB1,Centre-Forward,ATT,27,55000000,90000000,50000000,62,25,175000000,92,91.45,91,0,0.63,0,0.63,+0.18: historic high-level market prestige | +0.2: major international experience | +0.25: elite lifetime transfer-fee signal,92.08,92,elite,0
tbg-tm-00434675,434675,,Cody Gakpo,Cody Gakpo,Liverpool FC,GB1,Left Winger,ATT,27,60000000,70000000,65000000,54,24,42000000,92,91.77,92,0,0.28,0,0.28,+0.18: historic high-level market prestige | +0.1: established international experience,92.05,92,elite,0
tbg-tm-00315969,315969,,Scott McTominay,Scott McTominay,SSC Napoli,IT1,Central Midfield,MID,29,40000000,50000000,45000000,73,15,30500000,,91.82,92,0,0.2,0,0.2,+0.2: major international experience,92.02,92,elite,
tbg-tm-00479999,479999,,Eberechi Eze,Eberechi Eze,Arsenal FC,GB1,Attacking Midfield,MID,28,65000000,65000000,60000000,20,3,87100000,91,91.82,92,0,0.15,0,0.15,+0.15: major lifetime transfer-fee signal,91.97,92,elite,1
tbg-tm-00517894,517894,,Matheus Cunha,Matheus Cunha,Manchester United,GB1,Centre-Forward,ATT,27,75000000,75000000,70000000,28,4,192200000,91,91.54,92,0,0.43,0,0.43,+0.18: historic high-level market prestige | +0.25: elite lifetime transfer-fee signal,91.97,92,elite,1
tbg-tm-00282411,282411,,Marcos Llorente,Marcos Llorente,Atlético de Madrid,ES1,Right-Back,DEF,31,20000000,80000000,22000000,26,0,30000000,,91.49,91,0,0.43,0,0.43,"+0.18: historic high-level market prestige | +0.25: form is temporary, class is permanent safeguard",91.92,92,elite,
tbg-tm-00861410,861410,,Arda Güler,Arda Güler,Real Madrid,ES1,Attacking Midfield,MID,21,90000000,90000000,90000000,33,7,30500000,,91.33,91,0,0.28,0.3,0.58,+0.18: historic high-level market prestige | +0.1: established international experience | +0.3: young elite-trajectory adjustment,91.91,92,elite,
tbg-tm-00475959,475959,,Josko Gvardiol,Josko Gvardiol,Manchester City,GB1,Centre-Back,DEF,24,70000000,80000000,70000000,52,4,126800000,,91.47,91,0,0.43,0,0.43,+0.18: historic high-level market prestige | +0.1: established international experience | +0.15: major lifetime transfer-fee signal,91.9,92,elite,
tbg-tm-00472423,472423,,Reece James,Reece James,Chelsea FC,GB1,Right-Back,DEF,26,60000000,70000000,60000000,26,1,0,,91.63,92,0,0.18,0,0.18,+0.18: historic high-level market prestige,91.81,92,elite,
tbg-tm-00503743,503743,,Morgan Rogers,Morgan Rogers,Aston Villa,GB1,Attacking Midfield,MID,23,90000000,90000000,80000000,18,1,15000000,92,91.37,91,0,0.18,0.15,0.33,+0.18: historic high-level market prestige | +0.15: early-prime high-ceiling trajectory,91.7,92,elite,0
tbg-tm-00203460,203460,,Jack Grealish,Jack Grealish,Manchester City,GB1,Left Winger,ATT,30,20000000,100000000,25000000,0,0,117500000,91,90.99,91,0,0.7,0,0.7,"+0.3: historic elite-market prestige | +0.15: major lifetime transfer-fee signal | +0.25: form is temporary, class is permanent safeguard",91.69,92,elite,1
tbg-tm-00249565,249565,,Youri Tielemans,Youri Tielemans,Aston Villa,GB1,Central Midfield,MID,29,30000000,55000000,35000000,89,15,70000000,92,91.47,91,0,0.2,0,0.2,+0.2: major international experience,91.67,92,elite,0
tbg-tm-00182906,182906,,Mike Maignan,Mike Maignan,AC Milan,IT1,Goalkeeper,GK,31,20000000,45000000,25000000,45,0,17400000,,91.19,91,0.1,0.35,0,0.45,"+0.1: goalkeeper longevity stability | +0.1: established international experience | +0.25: form is temporary, class is permanent safeguard",91.64,92,elite,
tbg-tm-00126414,126414,,Hakan Çalhanoğlu,Hakan Çalhanoğlu,Inter Milan,IT1,Defensive Midfield,DEF,32,16000000,45000000,18000000,108,22,41050000,,91.07,91,0,0.55,0,0.55,"+0.3: centurion international prestige | +0.25: form is temporary, class is permanent safeguard",91.62,92,elite,
tbg-tm-00392757,392757,,Marc Guéhi,Marc Guéhi,Manchester City,GB1,Centre-Back,DEF,25,70000000,70000000,65000000,33,1,46335000,,91.33,91,0,0.28,0,0.28,+0.18: historic high-level market prestige | +0.1: established international experience,91.61,92,elite,
tbg-tm-00412363,412363,,Rodrygo Silva de Goes,Rodrygo Silva de Goes,Real Madrid,ES1,Right Winger,ATT,25,45000000,110000000,50000000,0,0,45000000,,91.3,91,0,0.3,0,0.3,+0.3: historic elite-market prestige,91.6,92,elite,
tbg-tm-00262749,262749,,David Raya,David Raya,Arsenal FC,GB1,Goalkeeper,GK,30,30000000,40000000,35000000,13,0,38750000,93,91.22,91,0.1,0.25,0,0.35,"+0.1: goalkeeper longevity stability | +0.25: form is temporary, class is permanent safeguard",91.57,92,elite,-1
tbg-tm-00198116,198116,,Federico Dimarco,Federico Dimarco,Inter Milan,IT1,Left-Back,DEF,28,50000000,60000000,50000000,0,0,8910000,,91.56,92,0,0,0,0,,91.56,92,elite,
tbg-tm-00016306,16306,,Carlos Casemiro,Carlos Henrique Casimiro,Without Club,,Defensive Midfield,DEF,34,6000000,80000000,8000000,91,10,99100000,90,90.9,91,-0.15,0.78,0,0.63,"-0.15: large fall from peak current-ability caution | +0.18: historic high-level market prestige | +0.2: major international experience | +0.15: major lifetime transfer-fee signal | +0.25: form is temporary, class is permanent safeguard",91.53,92,elite,2
tbg-tm-00338424,338424,,Mikel Merino,Mikel Merino,Arsenal FC,GB1,Central Midfield,MID,30,25000000,50000000,30000000,47,10,57750000,92,91.17,91,0,0.35,0,0.35,"+0.1: established international experience | +0.25: form is temporary, class is permanent safeguard",91.52,92,elite,0
tbg-tm-00557459,557459,,Micky van de Ven,Micky van de Ven,Tottenham Hotspur,GB1,Centre-Back,DEF,25,50000000,65000000,65000000,24,1,48500000,,91.51,92,0,0,0,0,,91.51,92,elite,
tbg-tm-00420243,420243,,Jurriën Timber,Jurriën Timber,Arsenal FC,GB1,Right-Back,DEF,25,70000000,70000000,70000000,0,0,40000000,92,91.28,91,0,0.18,0,0.18,+0.18: historic high-level market prestige,91.46,91,elite,-1
tbg-tm-00315779,315779,,Christian Pulisic,Christian Pulisic,AC Milan,IT1,Right Winger,ATT,27,40000000,60000000,50000000,89,33,84800000,,91.11,91,0,0.35,0,0.35,+0.2: major international experience | +0.15: major lifetime transfer-fee signal,91.46,91,elite,
tbg-tm-00130164,130164,,Jordan Pickford,Jordan Pickford,Everton FC,GB1,Goalkeeper,GK,32,13000000,40000000,15000000,88,0,28500000,91,90.86,91,0.1,0.45,0,0.55,"+0.1: goalkeeper longevity stability | +0.2: major international experience | +0.25: form is temporary, class is permanent safeguard",91.41,91,elite,0
tbg-tm-00357119,357119,,Ibrahima Konaté,Ibrahima Konaté,Real Madrid,ES1,Centre-Back,DEF,27,45000000,60000000,50000000,29,0,40000000,,91.4,91,0,0,0,0,,91.4,91,elite,
tbg-tm-00429014,429014,,Morgan Gibbs-White,Morgan Gibbs-White,Nottingham Forest,GB1,Attacking Midfield,MID,26,70000000,70000000,60000000,0,0,29500000,90,91.14,91,0,0.18,0,0.18,+0.18: historic high-level market prestige,91.32,91,elite,1
tbg-tm-00284857,284857,,Marc Cucurella,Marc Cucurella,Real Madrid,ES1,Left-Back,DEF,27,50000000,55000000,50000000,28,1,156100000,,91.07,91,0,0.25,0,0.25,+0.25: elite lifetime transfer-fee signal,91.32,91,elite,
tbg-tm-00186590,186590,,John Stones,John Stones,Without Club,,Centre-Back,DEF,32,12000000,60000000,15000000,91,3,59100000,91,91.02,91,-0.15,0.45,0,0.3,"-0.15: large fall from peak current-ability caution | +0.2: major international experience | +0.25: form is temporary, class is permanent safeguard",91.32,91,elite,0
tbg-tm-00324358,324358,,Ollie Watkins,Ollie Watkins,Aston Villa,GB1,Centre-Forward,ATT,30,25000000,65000000,30000000,23,7,41220000,,91.06,91,0,0.25,0,0.25,"+0.25: form is temporary, class is permanent safeguard",91.31,91,elite,
tbg-tm-00182913,182913,,Adrien Rabiot,Adrien Rabiot,AC Milan,IT1,Central Midfield,MID,31,18000000,50000000,20000000,63,7,7000000,,90.86,91,0,0.45,0,0.45,"+0.2: major international experience | +0.25: form is temporary, class is permanent safeguard",91.31,91,elite,
tbg-tm-00626724,626724,,João Pedro,João Pedro Junqueira de Jesus,Chelsea FC,GB1,Centre-Forward,ATT,24,80000000,80000000,75000000,0,0,109400000,90,90.81,91,0,0.33,0.15,0.48,+0.18: historic high-level market prestige | +0.15: major lifetime transfer-fee signal | +0.15: early-prime high-ceiling trajectory,91.29,91,elite,1
tbg-tm-00111455,111455,,Granit Xhaka,Granit Xhaka,Sunderland AFC,GB1,Defensive Midfield,DEF,33,8000000,50000000,10000000,150,18,83500000,,90.74,91,-0.15,0.7,0,0.55,"-0.15: large fall from peak current-ability caution | +0.3: centurion international prestige | +0.15: major lifetime transfer-fee signal | +0.25: form is temporary, class is permanent safeguard",91.29,91,elite,
tbg-tm-00486049,486049,,Jérémy Doku,Jérémy Doku,Manchester City,GB1,Left Winger,ATT,24,75000000,75000000,65000000,46,7,86000000,92,90.71,91,0,0.43,0.15,0.58,+0.18: historic high-level market prestige | +0.1: established international experience | +0.15: major lifetime transfer-fee signal | +0.15: early-prime high-ceiling trajectory,91.29,91,elite,-1
tbg-tm-00111873,111873,,Emiliano Martínez,Emiliano Martínez,Aston Villa,GB1,Goalkeeper,GK,33,12000000,35000000,15000000,63,0,18900000,,90.88,91,0.1,0.2,0,0.3,+0.1: goalkeeper longevity stability | +0.2: major international experience,91.18,91,elite,
tbg-tm-00640428,640428,,Eduardo Camavinga,Eduardo Camavinga,Real Madrid,ES1,Central Midfield,MID,23,50000000,100000000,50000000,0,0,31000000,,90.87,91,0,0.3,0,0.3,+0.3: historic elite-market prestige,91.17,91,elite,
tbg-tm-00051471,51471,,Mateo Kovačić,Mateo Kovacic,Manchester City,GB1,Central Midfield,MID,32,10000000,45000000,12000000,117,5,123100000,90,90.46,90,0,0.7,0,0.7,"+0.3: centurion international prestige | +0.15: major lifetime transfer-fee signal | +0.25: form is temporary, class is permanent safeguard",91.16,91,elite,1
tbg-tm-00234803,234803,,Andrew Robertson,Andrew Robertson,Tottenham Hotspur,GB1,Left-Back,DEF,32,7000000,80000000,10000000,97,4,12600000,,90.63,91,-0.15,0.63,0,0.48,"-0.15: large fall from peak current-ability caution | +0.18: historic high-level market prestige | +0.2: major international experience | +0.25: form is temporary, class is permanent safeguard",91.11,91,elite,
tbg-tm-00516716,516716,,Gleison Bremer Silva Nascimento,Gleison Bremer Silva Nascimento,Juventus FC,IT1,Centre-Back,DEF,29,35000000,60000000,35000000,8,1,57186000,,91.1,91,0,0,0,0,,91.1,91,elite,
tbg-tm-00321528,321528,,Denzel Dumfries,Denzel Dumfries,Real Madrid,ES1,Right-Back,DEF,30,25000000,35000000,25000000,76,11,40500000,,90.89,91,0,0.2,0,0.2,+0.2: major international experience,91.09,91,elite,
tbg-tm-00962110,962110,,Pau Cubarsí,Pau Cubarsí,FC Barcelona,ES1,Centre-Back,DEF,19,80000000,80000000,80000000,16,0,0,,90.45,90,0,0.18,0.45,0.63,+0.18: historic high-level market prestige | +0.45: teenage elite-trajectory adjustment,91.08,91,elite,
tbg-tm-00480762,480762,,Lisandro Martínez,Lisandro Martínez,Manchester United,GB1,Centre-Back,DEF,28,40000000,50000000,40000000,31,2,65095000,91,90.96,91,0,0.1,0,0.1,+0.1: established international experience,91.06,91,elite,0
tbg-tm-00487465,487465,,Pedro Neto,Pedro Neto,Chelsea FC,GB1,Right Winger,ATT,26,60000000,60000000,60000000,29,3,96400000,,90.91,91,0,0.15,0,0.15,+0.15: major lifetime transfer-fee signal,91.06,91,elite,
tbg-tm-00601883,601883,,Matheus Nunes,Matheus Nunes,Manchester City,GB1,Right-Back,DEF,27,50000000,55000000,45000000,21,2,110350000,91,90.86,91,0,0.15,0,0.15,+0.15: major lifetime transfer-fee signal,91.01,91,elite,0
tbg-tm-00845654,845654,,Kenan Yıldız,Kenan Yıldız,Juventus FC,IT1,Left Winger,ATT,21,75000000,75000000,75000000,31,5,0,,90.42,90,0,0.28,0.3,0.58,+0.18: historic high-level market prestige | +0.1: established international experience | +0.3: young elite-trajectory adjustment,91,91,elite,
tbg-tm-00351478,351478,,Mikel Oyarzabal,Mikel Oyarzabal,Real Sociedad,ES1,Centre-Forward,ATT,29,25000000,70000000,25000000,57,29,0,,90.7,91,0,0.28,0,0.28,+0.18: historic high-level market prestige | +0.1: established international experience,90.98,91,elite,
tbg-tm-00250845,250845,,José María Giménez,José María Giménez,Atlético de Madrid,ES1,Centre-Back,DEF,31,9000000,70000000,12000000,99,8,995000,,90.49,90,-0.15,0.63,0,0.48,"-0.15: large fall from peak current-ability caution | +0.18: historic high-level market prestige | +0.2: major international experience | +0.25: form is temporary, class is permanent safeguard",90.97,91,elite,
tbg-tm-00655488,655488,,Gabriel Martinelli,Gabriel Martinelli,Arsenal FC,GB1,Left Winger,ATT,25,45000000,85000000,45000000,27,5,7100000,,90.77,91,0,0.18,0,0.18,+0.18: historic high-level market prestige,90.95,91,elite,
tbg-tm-00455661,455661,,Nick Woltemade,Nick Woltemade,Newcastle United,GB1,Centre-Forward,ATT,24,55000000,70000000,65000000,12,4,75000000,,90.74,91,0,0.18,0,0.18,+0.18: historic high-level market prestige,90.92,91,elite,
tbg-tm-00181136,181136,,Piotr Zielinski,Piotr Zielinski,Inter Milan,IT1,Central Midfield,MID,32,10000000,50000000,10000000,109,17,16100000,,90.46,90,-0.15,0.55,0,0.4,"-0.15: large fall from peak current-ability caution | +0.3: centurion international prestige | +0.25: form is temporary, class is permanent safeguard",90.86,91,elite,
tbg-tm-00398184,398184,,Ferran Torres,Ferran Torres,FC Barcelona,ES1,Centre-Forward,ATT,26,50000000,50000000,50000000,61,24,88500000,,90.48,90,0,0.35,0,0.35,+0.2: major international experience | +0.15: major lifetime transfer-fee signal,90.83,91,elite,
tbg-tm-00607223,607223,,Rayan Cherki,Rayan Cherki,Manchester City,GB1,Attacking Midfield,MID,22,90000000,90000000,65000000,12,2,36500000,92,90.32,90,0,0.18,0.3,0.48,+0.18: historic high-level market prestige | +0.3: young elite-trajectory adjustment,90.8,91,elite,-1
tbg-tm-00284730,284730,,Manuel Akanji,Manuel Akanji,Inter Milan,IT1,Centre-Back,DEF,30,17000000,45000000,18000000,85,4,58200000,,90.34,90,0,0.45,0,0.45,"+0.2: major international experience | +0.25: form is temporary, class is permanent safeguard",90.79,91,elite,
tbg-tm-00413403,413403,,Ezri Konsa,Ezri Konsa,Aston Villa,GB1,Centre-Back,DEF,28,40000000,40000000,40000000,24,1,16150000,,90.77,91,0,0,0,0,,90.77,91,elite,
tbg-tm-00623570,623570,,Iliman Ndiaye,Iliman Ndiaye,Everton FC,GB1,Right Winger,ATT,26,55000000,55000000,50000000,43,5,35000000,90,90.66,91,0,0.1,0,0.1,+0.1: established international experience,90.76,91,elite,1
tbg-tm-00406040,406040,,Ademola Lookman,Ademola Lookman,Atlético de Madrid,ES1,Left Winger,ATT,28,40000000,60000000,40000000,0,0,80400000,,90.59,91,0,0.15,0,0.15,+0.15: major lifetime transfer-fee signal,90.74,91,elite,
tbg-tm-00262396,262396,,Unai Simón,Unai Simón,Athletic Bilbao,ES1,Goalkeeper,GK,29,22000000,30000000,25000000,62,0,0,,90.42,90,0.1,0.2,0,0.3,+0.1: goalkeeper longevity stability | +0.2: major international experience,90.72,91,elite,
tbg-tm-00326031,326031,,Matthijs de Ligt,Matthijs de Ligt,Manchester United,GB1,Centre-Back,DEF,26,30000000,75000000,40000000,0,0,197500000,91,90.29,90,0,0.43,0,0.43,+0.18: historic high-level market prestige | +0.25: elite lifetime transfer-fee signal,90.72,91,elite,0
tbg-tm-00890290,890290,,Dean Huijsen,Dean Huijsen,Real Madrid,ES1,Centre-Back,DEF,21,60000000,70000000,65000000,0,0,85720000,,90.08,90,0,0.33,0.3,0.63,+0.18: historic high-level market prestige | +0.15: major lifetime transfer-fee signal | +0.3: young elite-trajectory adjustment,90.71,91,elite,
tbg-tm-00567576,567576,,Elliot Anderson,Elliot Anderson,Manchester City,GB1,Central Midfield,MID,23,75000000,75000000,60000000,13,0,176200000,90,90.12,90,0,0.43,0.15,0.58,+0.18: historic high-level market prestige | +0.25: elite lifetime transfer-fee signal | +0.15: early-prime high-ceiling trajectory,90.7,91,elite,1
tbg-tm-00485963,485963,,Pape Gueye,Pape Gueye,Villarreal CF,ES1,Central Midfield,MID,27,40000000,40000000,40000000,45,7,0,,90.57,91,0,0.1,0,0.1,+0.1: established international experience,90.67,91,elite,
tbg-tm-00503733,503733,,Anthony Gordon,Anthony Gordon,FC Barcelona,ES1,Left Winger,ATT,25,65000000,65000000,60000000,22,3,125600000,,90.51,91,0,0.15,0,0.15,+0.15: major lifetime transfer-fee signal,90.66,91,elite,
tbg-tm-00354362,354362,,Rodrigo Bentancur,Rodrigo Bentancur,Tottenham Hotspur,GB1,Defensive Midfield,DEF,29,20000000,50000000,22000000,76,3,42500000,,90.46,90,0,0.2,0,0.2,+0.2: major international experience,90.66,91,elite,
tbg-tm-00344381,344381,,Christopher Nkunku,Christopher Nkunku,AC Milan,IT1,Centre-Forward,ATT,28,25000000,80000000,28000000,0,0,116500000,,90.32,90,0,0.33,0,0.33,+0.18: historic high-level market prestige | +0.15: major lifetime transfer-fee signal,90.65,91,elite,
tbg-tm-00410225,410225,,Ismaïla Sarr,Ismaïla Sarr,Crystal Palace,GB1,Right Winger,ATT,28,40000000,40000000,35000000,87,23,75000000,89,90.43,90,0,0.2,0,0.2,+0.2: major international experience,90.63,91,elite,2
tbg-tm-00176553,176553,,Aymeric Laporte,Aymeric Laporte,Athletic Bilbao,ES1,Centre-Back,DEF,32,8000000,75000000,9000000,50,2,102500000,,90.1,90,-0.15,0.68,0,0.53,"-0.15: large fall from peak current-ability caution | +0.18: historic high-level market prestige | +0.1: established international experience | +0.15: major lifetime transfer-fee signal | +0.25: form is temporary, class is permanent safeguard",90.63,91,elite,
tbg-tm-00493003,493003,,Daniel Muñoz,Daniel Muñoz,Crystal Palace,GB1,Right-Back,DEF,30,22000000,27000000,27000000,50,5,12500000,90,90.46,90,0,0.1,0,0.1,+0.1: established international experience,90.56,91,elite,1
tbg-tm-00193082,193082,,Alejandro Grimaldo,Alejandro Grimaldo,Atlético de Madrid,ES1,Left-Back,DEF,30,20000000,45000000,24000000,14,0,24100000,,90.3,90,0,0.25,0,0.25,"+0.25: form is temporary, class is permanent safeguard",90.55,91,elite,
tbg-tm-00357498,357498,,Dušan Vlahović,Dušan Vlahović,Without Club,,Centre-Forward,ATT,26,35000000,85000000,35000000,0,0,88600000,,90.22,90,0,0.33,0,0.33,+0.18: historic high-level market prestige | +0.15: major lifetime transfer-fee signal,90.55,91,elite,
tbg-tm-00627442,627442,,Benjamin Sesko,Benjamin Sesko,Manchester United,GB1,Centre-Forward,ATT,23,75000000,75000000,65000000,0,0,110650000,,90.07,90,0,0.33,0.15,0.48,+0.18: historic high-level market prestige | +0.15: major lifetime transfer-fee signal | +0.15: early-prime high-ceiling trajectory,90.55,91,elite,
tbg-tm-00659813,659813,,Piero Hincapié,Piero Hincapié,Arsenal FC,GB1,Centre-Back,DEF,24,50000000,50000000,50000000,56,3,61900000,91,90.44,90,0,0.1,0,0.1,+0.1: established international experience,90.54,91,elite,0
tbg-tm-00346483,346483,,Mason Mount,Mason Mount,Manchester United,GB1,Attacking Midfield,MID,27,25000000,75000000,30000000,0,0,67700000,89,90.35,90,0,0.18,0,0.18,+0.18: historic high-level market prestige,90.53,91,elite,2
tbg-tm-01056993,1056993,,Estêvão Willian Almeida de Oliveira Gonçalves,Estêvão Willian Almeida de Oliveira Gonçalves,Chelsea FC,GB1,Right Winger,ATT,19,80000000,80000000,80000000,0,0,45000000,,89.9,90,0,0.18,0.45,0.63,+0.18: historic high-level market prestige | +0.45: teenage elite-trajectory adjustment,90.53,91,elite,
tbg-tm-00566931,566931,,Xavi Simons,Xavi Simons,Tottenham Hotspur,GB1,Attacking Midfield,MID,23,40000000,80000000,50000000,0,0,119000000,,90.18,90,0,0.33,0,0.33,+0.18: historic high-level market prestige | +0.15: major lifetime transfer-fee signal,90.51,91,elite,
tbg-tm-00744149,744149,,Adam Wharton,Adam Wharton,Crystal Palace,GB1,Defensive Midfield,DEF,22,70000000,70000000,60000000,0,0,21100000,89,90.03,90,0,0.18,0.3,0.48,+0.18: historic high-level market prestige | +0.3: young elite-trajectory adjustment,90.51,91,elite,2
tbg-tm-00948294,948294,,Nico Paz,Nico Paz,Como 1907,IT1,Attacking Midfield,MID,21,80000000,80000000,65000000,11,1,66000000,,90.03,90,0,0.18,0.3,0.48,+0.18: historic high-level market prestige | +0.3: young elite-trajectory adjustment,90.51,91,elite,
tbg-tm-00294057,294057,,James Maddison,James Maddison,Tottenham Hotspur,GB1,Attacking Midfield,MID,29,20000000,70000000,25000000,0,0,73950000,,90.32,90,0,0.18,0,0.18,+0.18: historic high-level market prestige,90.5,90,top_tier,
tbg-tm-00602105,602105,,Antony Matheus dos Santos,Antony Matheus dos Santos,Real Betis Balompié,ES1,Right Winger,ATT,26,40000000,75000000,40000000,0,0,132750000,,90.17,90,0,0.33,0,0.33,+0.18: historic high-level market prestige | +0.15: major lifetime transfer-fee signal,90.5,90,top_tier,
tbg-tm-00378710,378710,,Andrade Richarlison,Richarlison de Andrade,Tottenham Hotspur,GB1,Centre-Forward,ATT,29,25000000,65000000,28000000,0,0,111976652,90,90.34,90,0,0.15,0,0.15,+0.15: major lifetime transfer-fee signal,90.49,90,top_tier,0
tbg-tm-00624690,624690,,Manu Koné,Manu Koné,AS Roma,IT1,Central Midfield,MID,25,50000000,50000000,50000000,17,0,27000000,,90.47,90,0,0,0,0,,90.47,90,top_tier,
tbg-tm-00177907,177907,,Harry Maguire,Harry Maguire,Manchester United,GB1,Centre-Back,DEF,33,8000000,70000000,10000000,0,0,103850000,90,90.02,90,-0.15,0.58,0,0.43,"-0.15: large fall from peak current-ability caution | +0.18: historic high-level market prestige | +0.15: major lifetime transfer-fee signal | +0.25: form is temporary, class is permanent safeguard",90.45,90,top_tier,0
tbg-tm-00260827,260827,,Joachim Andersen,Joachim Andersen,Fulham FC,GB1,Centre-Back,DEF,30,20000000,35000000,25000000,51,2,74420000,90,90.34,90,0,0.1,0,0.1,+0.1: established international experience,90.44,90,top_tier,0
tbg-tm-00709187,709187,,Nico Williams,Nico Williams,Athletic Bilbao,ES1,Left Winger,ATT,23,40000000,70000000,50000000,33,6,0,,90.11,90,0,0.28,0,0.28,+0.18: historic high-level market prestige | +0.1: established international experience,90.39,90,top_tier,
tbg-tm-00775605,775605,,Pablo Barrios,Pablo Barrios,Atlético de Madrid,ES1,Central Midfield,MID,23,55000000,60000000,60000000,0,0,0,,90.38,90,0,0,0,0,,90.38,90,top_tier,
tbg-tm-00811778,811778,,Álvaro Carreras,Álvaro Carreras,Real Madrid,ES1,Left-Back,DEF,23,50000000,60000000,60000000,0,0,64300000,,90.37,90,0,0,0,0,,90.37,90,top_tier,
tbg-tm-00096341,96341,,Romelu Lukaku,Romelu Lukaku,SSC Napoli,IT1,Centre-Forward,ATT,33,6000000,100000000,12000000,130,92,369920000,,89.67,90,-0.15,0.85,0,0.7,"-0.15: large fall from peak current-ability caution | +0.3: historic elite-market prestige | +0.3: centurion international prestige | +0.25: elite lifetime transfer-fee signal | +0.25: form is temporary, class is permanent safeguard | -0.25: diminishing-returns prestige taper",90.37,90,top_tier,
tbg-tm-00401173,401173,,Jadon Sancho,Jadon Sancho,Without Club,,Left Winger,ATT,26,18000000,130000000,20000000,0,0,111662000,89,89.91,90,0,0.45,0,0.45,+0.3: historic elite-market prestige | +0.15: major lifetime transfer-fee signal,90.36,90,top_tier,1
tbg-tm-00543499,543499,,Mohammed Kudus,Mohammed Kudus,Tottenham Hotspur,GB1,Right Winger,ATT,25,50000000,55000000,55000000,0,0,115800000,,90.19,90,0,0.15,0,0.15,+0.15: major lifetime transfer-fee signal,90.34,90,top_tier,
tbg-tm-00059016,59016,,David Alaba,David Alaba,Without Club,,Centre-Back,DEF,34,3000000,65000000,3500000,117,15,150000,,90.09,90,-0.3,0.55,0,0.25,"-0.15: late-career low-market ability caution | -0.15: large fall from peak current-ability caution | +0.3: centurion international prestige | +0.25: form is temporary, class is permanent safeguard",90.34,90,top_tier,
tbg-tm-00177476,177476,,Nathan Aké,Nathan Aké,Fenerbahce,TR1,Centre-Back,DEF,31,12000000,42000000,15000000,62,5,77069700,90,89.89,90,0,0.45,0,0.45,"+0.2: major international experience | +0.25: form is temporary, class is permanent safeguard",90.34,90,top_tier,0
tbg-tm-00333241,333241,,Cassio Joelinton,Joelinton Cassio Apolinário de Lira,Newcastle United,GB1,Central Midfield,MID,29,25000000,42000000,30000000,0,0,46300000,90,90.33,90,0,0,0,0,,90.33,90,top_tier,0
tbg-tm-00388165,388165,,Yoane Wissa,Yoane Wissa,Newcastle United,GB1,Centre-Forward,ATT,29,25000000,42000000,30000000,42,11,69700000,,90.23,90,0,0.1,0,0.1,+0.1: established international experience,90.33,90,top_tier,
tbg-tm-00420002,420002,,Jean-Philippe Mateta,Jean-Philippe Mateta,Crystal Palace,GB1,Centre-Forward,ATT,29,30000000,40000000,35000000,6,2,26600000,91,90.32,90,0,0,0,0,,90.32,90,top_tier,-1
tbg-tm-00326029,326029,,Donyell Malen,Donyell Malen,AS Roma,IT1,Centre-Forward,ATT,27,45000000,45000000,35000000,56,13,82600000,,90.06,90,0,0.25,0,0.25,+0.1: established international experience | +0.15: major lifetime transfer-fee signal,90.31,90,top_tier,
tbg-tm-00335721,335721,,Ben White,Ben White,Arsenal FC,GB1,Right-Back,DEF,28,30000000,55000000,30000000,0,0,58500000,91,90.3,90,0,0,0,0,,90.3,90,top_tier,-1
tbg-tm-00258919,258919,,Dean Henderson,Dean Henderson,Crystal Palace,GB1,Goalkeeper,GK,29,28000000,28000000,28000000,5,0,17500000,,90.2,90,0.1,0,0,0.1,+0.1: goalkeeper longevity stability,90.3,90,top_tier,
tbg-tm-00636688,636688,,Alejandro Balde,Alejandro Balde,FC Barcelona,ES1,Left-Back,DEF,22,50000000,60000000,55000000,0,0,0,,89.99,90,0,0,0.3,0.3,+0.3: young elite-trajectory adjustment,90.29,90,top_tier,
tbg-tm-00346314,346314,,Trevoh Chalobah,Trevoh Chalobah,Chelsea FC,GB1,Centre-Back,DEF,27,40000000,40000000,40000000,1,0,0,89,90.27,90,0,0,0,0,,90.27,90,top_tier,1
tbg-tm-00086202,86202,,Antonio Rüdiger,Antonio Rüdiger,Real Madrid,ES1,Centre-Back,DEF,33,6000000,50000000,9000000,86,3,48038000,,89.97,90,-0.15,0.45,0,0.3,"-0.15: large fall from peak current-ability caution | +0.2: major international experience | +0.25: form is temporary, class is permanent safeguard",90.27,90,top_tier,
tbg-tm-00485706,485706,,Amadou Onana,Amadou Onana,Aston Villa,GB1,Defensive Midfield,DEF,24,45000000,55000000,45000000,32,1,112790000,91,90.01,90,0,0.25,0,0.25,+0.1: established international experience | +0.15: major lifetime transfer-fee signal,90.26,90,top_tier,-1
tbg-tm-00434224,434224,,Maxence Lacroix,Maxence Lacroix,Crystal Palace,GB1,Centre-Back,DEF,26,50000000,50000000,40000000,5,0,23000000,89,90.24,90,0,0,0,0,,90.24,90,top_tier,1
tbg-tm-00401530,401530,,Éder Militão,Éder Militão,Real Madrid,ES1,Centre-Back,DEF,28,20000000,70000000,25000000,0,0,57000000,,90.02,90,0,0.18,0,0.18,+0.18: historic high-level market prestige,90.2,90,top_tier,
tbg-tm-00059377,59377,,David de Gea,David de Gea,ACF Fiorentina,IT1,Goalkeeper,GK,35,3500000,70000000,3500000,0,0,25000000,,89.97,90,-0.2,0.43,0,0.23,"-0.15: late-career low-market ability caution | -0.15: large fall from peak current-ability caution | +0.1: goalkeeper longevity stability | +0.18: historic high-level market prestige | +0.25: form is temporary, class is permanent safeguard",90.2,90,top_tier,
tbg-tm-01005649,1005649,,Murillo Santiago Costa dos Santos,Murillo Santiago Costa dos Santos,Nottingham Forest,GB1,Centre-Back,DEF,24,50000000,55000000,50000000,0,0,12000000,,90.18,90,0,0,0,0,,90.18,90,top_tier,
tbg-tm-00607854,607854,,Éderson José dos Santos Lourenço da Silva,Éderson José dos Santos Lourenço da Silva,Atalanta BC,IT1,Central Midfield,MID,26,45000000,50000000,40000000,4,0,29695000,,90.17,90,0,0,0,0,,90.17,90,top_tier,
tbg-tm-00533738,533738,,Jonathan David,Jonathan David,Juventus FC,IT1,Centre-Forward,ATT,26,30000000,60000000,35000000,82,42,27000000,,89.97,90,0,0.2,0,0.2,+0.2: major international experience,90.17,90,top_tier,
tbg-tm-00074857,74857,,Marc-André ter Stegen,Marc-André ter Stegen,FC Barcelona,ES1,Goalkeeper,GK,34,3000000,90000000,4000000,0,0,12000000,,89.94,90,-0.2,0.43,0,0.23,"-0.15: late-career low-market ability caution | -0.15: large fall from peak current-ability caution | +0.1: goalkeeper longevity stability | +0.18: historic high-level market prestige | +0.25: form is temporary, class is permanent safeguard",90.17,90,top_tier,
tbg-tm-00333014,333014,,Sander Berge,Sander Berge,Fulham FC,GB1,Defensive Midfield,DEF,28,25000000,25000000,25000000,70,1,64452600,,89.95,90,0,0.2,0,0.2,+0.2: major international experience,90.15,90,top_tier,
tbg-tm-00973085,973085,,Carlos Baleba,Carlos Baleba,Brighton & Hove Albion,GB1,Defensive Midfield,DEF,22,55000000,60000000,55000000,0,0,27000000,,89.85,90,0,0,0.3,0.3,+0.3: young elite-trajectory adjustment,90.15,90,top_tier,
tbg-tm-00404418,404418,,Dávid Hancko,Dávid Hancko,Atlético de Madrid,ES1,Centre-Back,DEF,28,35000000,35000000,35000000,0,0,40600000,,90.14,90,0,0,0,0,,90.14,90,top_tier,
tbg-tm-00429983,429983,,Jørgen Strand Larsen,Jørgen Strand Larsen,Crystal Palace,GB1,Centre-Forward,ATT,26,40000000,45000000,45000000,29,6,95840000,,89.98,90,0,0.15,0,0.15,+0.15: major lifetime transfer-fee signal,90.13,90,top_tier,
tbg-tm-00386446,386446,,Alessandro Buongiorno,Alessandro Buongiorno,SSC Napoli,IT1,Centre-Back,DEF,27,30000000,50000000,35000000,0,0,36500000,,90.12,90,0,0,0,0,,90.12,90,top_tier,
tbg-tm-00332697,332697,,Weston McKennie,Weston McKennie,Juventus FC,IT1,Central Midfield,MID,27,30000000,30000000,30000000,70,12,27650000,,89.92,90,0,0.2,0,0.2,+0.2: major international experience,90.12,90,top_tier,
tbg-tm-00074229,74229,,Jorge Resurrección Merodio,Jorge Resurrección Merodio,Atlético de Madrid,ES1,Central Midfield,MID,34,5000000,70000000,6000000,0,0,0,,89.83,90,-0.15,0.43,0,0.28,"-0.15: large fall from peak current-ability caution | +0.18: historic high-level market prestige | +0.25: form is temporary, class is permanent safeguard",90.11,90,top_tier,
tbg-tm-00363205,363205,,Gabriel Jesus,Gabriel Jesus,Arsenal FC,GB1,Centre-Forward,ATT,29,17000000,80000000,20000000,0,0,84000000,89,89.78,90,0,0.33,0,0.33,+0.18: historic high-level market prestige | +0.15: major lifetime transfer-fee signal,90.11,90,top_tier,1
tbg-tm-00193116,193116,,John Mcginn,John McGinn,Aston Villa,GB1,Central Midfield,MID,31,13000000,32000000,15000000,89,21,4258000,91,89.9,90,0,0.2,0,0.2,+0.2: major international experience,90.1,90,top_tier,-1
tbg-tm-00357147,357147,,Diogo Dalot,Diogo Dalot,Manchester United,GB1,Right-Back,DEF,27,30000000,40000000,30000000,36,3,22500000,90,89.98,90,0,0.1,0,0.1,+0.1: established international experience,90.08,90,top_tier,0
tbg-tm-00258889,258889,,Dominic Solanke,Dominic Solanke,Tottenham Hotspur,GB1,Centre-Forward,ATT,28,28000000,45000000,35000000,0,0,85500000,90,89.93,90,0,0.15,0,0.15,+0.15: major lifetime transfer-fee signal,90.08,90,top_tier,0
tbg-tm-00739443,739443,,Igor Thiago,Igor Thiago Nascimento Rodrigues,Brentford FC,GB1,Centre-Forward,ATT,25,65000000,65000000,50000000,5,2,45320000,88,90.07,90,0,0,0,0,,90.07,90,top_tier,2
tbg-tm-00553875,553875,,Pedro Porro,Pedro Porro,Tottenham Hotspur,GB1,Right-Back,DEF,26,35000000,45000000,40000000,20,1,65868000,,90.05,90,0,0,0,0,,90.05,90,top_tier,
tbg-tm-00571020,571020,,Oihan Sancet,Oihan Sancet,Athletic Bilbao,ES1,Attacking Midfield,MID,26,25000000,60000000,35000000,0,0,300000,,90.04,90,0,0,0,0,,90.04,90,top_tier,
tbg-tm-00349701,349701,,Antonee Robinson,Antonee Robinson,Fulham FC,GB1,Left-Back,DEF,28,22000000,35000000,25000000,57,5,4300000,90,89.91,90,0,0.1,0,0.1,+0.1: established international experience,90.01,90,top_tier,0
tbg-tm-00561613,561613,,Joan García,Joan García,FC Barcelona,ES1,Goalkeeper,GK,25,45000000,45000000,40000000,2,0,25000000,,89.91,90,0.1,0,0,0.1,+0.1: goalkeeper longevity stability,90.01,90,top_tier,
tbg-tm-00144028,144028,,Leandro Trossard,Leandro Trossard,Arsenal FC,GB1,Left Winger,ATT,31,18000000,38000000,20000000,55,14,39555000,,90.05,90,-0.15,0.1,0,-0.05,-0.15: attacker output/value reality check | +0.1: established international experience,90,90,top_tier,
tbg-tm-00502821,502821,,Riccardo Calafiori,Riccardo Calafiori,Arsenal FC,GB1,Left-Back,DEF,24,55000000,55000000,50000000,0,0,78090000,91,89.96,90,0,0,0,0,,89.96,90,top_tier,-1
tbg-tm-00480267,480267,,Ronald Araujo,Ronald Araujo,FC Barcelona,ES1,Centre-Back,DEF,27,20000000,70000000,20000000,27,1,5095000,,89.78,90,0,0.18,0,0.18,+0.18: historic high-level market prestige,89.96,90,top_tier,
tbg-tm-00820374,820374,,Kobbie Mainoo,Kobbie Mainoo,Manchester United,GB1,Central Midfield,MID,21,70000000,70000000,50000000,14,0,0,90,89.48,89,0,0.18,0.3,0.48,+0.18: historic high-level market prestige | +0.3: young elite-trajectory adjustment,89.96,90,top_tier,0
tbg-tm-00085288,85288,,Francisco Román Alarcón Suárez,Francisco Román Alarcón Suárez,Real Betis Balompié,ES1,Attacking Midfield,MID,34,3500000,90000000,4000000,0,0,36000000,,89.81,90,-0.3,0.43,0,0.13,"-0.15: late-career low-market ability caution | -0.15: large fall from peak current-ability caution | +0.18: historic high-level market prestige | +0.25: form is temporary, class is permanent safeguard",89.94,90,top_tier,
tbg-tm-00040433,40433,,Alexis Sánchez,Alexis Sánchez,Without Club,,Second Striker,ATT,37,1200000,70000000,1400000,0,0,106650000,,89.66,90,-0.3,0.58,0,0.28,"-0.15: late-career low-market ability caution | -0.15: large fall from peak current-ability caution | +0.18: historic high-level market prestige | +0.15: major lifetime transfer-fee signal | +0.25: form is temporary, class is permanent safeguard",89.94,90,top_tier,
tbg-tm-00743413,743413,,Nico O'Reilly,Nico O'Reilly,Manchester City,GB1,Left-Back,DEF,21,70000000,70000000,50000000,9,0,0,90,89.46,89,0,0.18,0.3,0.48,+0.18: historic high-level market prestige | +0.3: young elite-trajectory adjustment,89.94,90,top_tier,0
tbg-tm-00394327,394327,,Boubacar Kamara,Boubacar Kamara,Aston Villa,GB1,Defensive Midfield,DEF,26,40000000,40000000,40000000,0,0,0,91,89.93,90,0,0,0,0,,89.93,90,top_tier,-1
tbg-tm-00614258,614258,,Levi Colwill,Levi Colwill,Chelsea FC,GB1,Centre-Back,DEF,23,50000000,55000000,50000000,0,0,0,,89.93,90,0,0,0,0,,89.93,90,top_tier,
tbg-tm-00578391,578391,,Rayan Aït-Nouri,Rayan Aït-Nouri,Manchester City,GB1,Left-Back,DEF,25,40000000,40000000,40000000,33,0,47900000,,89.83,90,0,0.1,0,0.1,+0.1: established international experience,89.93,90,top_tier,
tbg-tm-00441986,441986,,Yann Bisseck,Yann Bisseck,Inter Milan,IT1,Centre-Back,DEF,25,50000000,50000000,40000000,0,0,8920000,,89.92,90,0,0,0,0,,89.92,90,top_tier,
tbg-tm-00413507,413507,,Nikola Milenković,Nikola Milenković,Nottingham Forest,GB1,Centre-Back,DEF,28,28000000,35000000,30000000,0,0,17800000,90,89.91,90,0,0,0,0,,89.91,90,top_tier,0
tbg-tm-00776890,776890,,Nicolas Jackson,Nicolas Jackson,Chelsea FC,GB1,Centre-Forward,ATT,25,40000000,55000000,40000000,37,8,53500000,91,89.8,90,0,0.1,0,0.1,+0.1: established international experience,89.9,90,top_tier,-1
tbg-tm-00447661,447661,,Douglas Luiz Soares de Paulo,Douglas Luiz Soares de Paulo,Juventus FC,IT1,Central Midfield,MID,28,18000000,70000000,20000000,0,0,85150000,,89.57,90,0,0.33,0,0.33,+0.18: historic high-level market prestige | +0.15: major lifetime transfer-fee signal,89.9,90,top_tier,
tbg-tm-00574671,574671,,Strahinja Pavlović,Strahinja Pavlović,AC Milan,IT1,Centre-Back,DEF,25,40000000,40000000,35000000,55,5,35500000,,89.78,90,0,0.1,0,0.1,+0.1: established international experience,89.88,90,top_tier,
tbg-tm-00503987,503987,,Noni Madueke,Noni Madueke,Arsenal FC,GB1,Right Winger,ATT,24,50000000,50000000,50000000,15,1,91000000,,89.73,90,0,0.15,0,0.15,+0.15: major lifetime transfer-fee signal,89.88,90,top_tier,
tbg-tm-00610442,610442,,Rasmus Højlund,Rasmus Højlund,SSC Napoli,IT1,Centre-Forward,ATT,23,60000000,65000000,50000000,35,13,152750000,,89.53,90,0,0.35,0,0.35,+0.1: established international experience | +0.25: elite lifetime transfer-fee signal,89.88,90,top_tier,
tbg-tm-00576314,576314,,Jan Paul van Hecke,Jan Paul van Hecke,Tottenham Hotspur,GB1,Centre-Back,DEF,26,45000000,45000000,35000000,16,1,66500000,,89.87,90,0,0,0,0,,89.87,90,top_tier,
tbg-tm-00488362,488362,,Conor Gallagher,Conor Gallagher,Tottenham Hotspur,GB1,Central Midfield,MID,26,32000000,50000000,35000000,0,0,82000000,,89.71,90,0,0.15,0,0.15,+0.15: major lifetime transfer-fee signal,89.86,90,top_tier,
tbg-tm-00504849,504849,,Kaoru Mitoma,Kaoru Mitoma,Brighton & Hove Albion,GB1,Left Winger,ATT,29,22000000,50000000,25000000,0,0,3000000,90,89.84,90,0,0,0,0,,89.84,90,top_tier,0
tbg-tm-00206050,206050,,Paulo Dybala,Paulo Dybala,Without Club,,Second Striker,ATT,32,5000000,110000000,5000000,0,0,52900000,,89.44,89,-0.15,0.55,0,0.4,"-0.15: large fall from peak current-ability caution | +0.3: historic elite-market prestige | +0.25: form is temporary, class is permanent safeguard",89.84,90,top_tier,
tbg-tm-00476701,476701,,Manuel Ugarte,Manuel Ugarte,Manchester United,GB1,Defensive Midfield,DEF,25,25000000,60000000,30000000,38,1,143600000,,89.58,90,0,0.25,0,0.25,+0.1: established international experience | +0.15: major lifetime transfer-fee signal,89.83,90,top_tier,
tbg-tm-00399776,399776,,Pau Torres,Pau Torres,Aston Villa,GB1,Centre-Back,DEF,29,20000000,50000000,22000000,0,0,33000000,,89.82,90,0,0,0,0,,89.82,90,top_tier,
tbg-tm-00340918,340918,,Caoimhín Kelleher,Caoimhín Kelleher,Brentford FC,GB1,Goalkeeper,GK,27,28000000,28000000,25000000,32,0,14800000,89,89.62,90,0.1,0.1,0,0.2,+0.1: goalkeeper longevity stability | +0.1: established international experience,89.82,90,top_tier,1
tbg-tm-00469822,469822,,David Neres,David Neres,SSC Napoli,IT1,Right Winger,ATT,29,23000000,45000000,28000000,0,0,72700000,,89.81,90,0,0,0,0,,89.81,90,top_tier,
tbg-tm-00338670,338670,,Mile Svilar,Mile Svilar,AS Roma,IT1,Goalkeeper,GK,26,35000000,35000000,35000000,0,0,2500000,,89.71,90,0.1,0,0,0.1,+0.1: goalkeeper longevity stability,89.81,90,top_tier,
tbg-tm-00892160,892160,,Luka Vušković,Luka Vuskovic,Tottenham Hotspur,GB1,Centre-Back,DEF,19,60000000,60000000,60000000,6,1,12000000,88,89.36,89,0,0,0.45,0.45,+0.45: teenage elite-trajectory adjustment,89.81,90,top_tier,2
tbg-tm-00034130,34130,,Tom Heaton,Tom Heaton,Manchester United,GB1,Goalkeeper,GK,40,100000,6000000,150000,0,0,8800000,,89.84,90,-0.05,0,0,-0.05,-0.15: late-career low-market ability caution | +0.1: goalkeeper longevity stability,89.79,90,top_tier,
tbg-tm-00371149,371149,,Evan Ndicka,Evan Ndicka,AS Roma,IT1,Centre-Back,DEF,26,35000000,35000000,35000000,27,0,5500000,,89.79,90,0,0,0,0,,89.79,90,top_tier,
tbg-tm-00661053,661053,,Jarrad Branthwaite,Jarrad Branthwaite,Everton FC,GB1,Centre-Back,DEF,24,40000000,50000000,45000000,0,0,1100000,89,89.79,90,0,0,0,0,,89.79,90,top_tier,1
tbg-tm-00126665,126665,,Idrissa Gueye,Idrissa Gueye,Without Club,,Defensive Midfield,DEF,36,500000,30000000,1000000,135,7,51500000,,89.63,90,-0.15,0.3,0,0.15,-0.15: late-career low-market ability caution | +0.3: centurion international prestige,89.78,90,top_tier,
tbg-tm-00502676,502676,,Giorgi Mamardashvili,Giorgi Mamardashvili,Liverpool FC,GB1,Goalkeeper,GK,25,28000000,45000000,28000000,38,0,34050000,91,89.55,90,0.1,0.1,0,0.2,+0.1: goalkeeper longevity stability | +0.1: established international experience,89.75,90,top_tier,-1
tbg-tm-00206040,206040,,Raúl Jiménez,Raúl Jiménez,Wolverhampton Wanderers,GB2,Centre-Forward,ATT,35,3000000,50000000,4000000,129,47,79900000,,89.49,89,-0.3,0.55,0,0.25,"-0.15: late-career low-market ability caution | -0.15: large fall from peak current-ability caution | +0.3: centurion international prestige | +0.25: form is temporary, class is permanent safeguard",89.74,90,top_tier,
tbg-tm-00351809,351809,,Robin Le Normand,Robin Le Normand,Atlético de Madrid,ES1,Centre-Back,DEF,29,20000000,40000000,25000000,0,0,34500000,,89.73,90,0,0,0,0,,89.73,90,top_tier,
tbg-tm-00061651,61651,,Jordan Henderson,Jordan Henderson,Brentford FC,GB1,Defensive Midfield,DEF,36,1200000,35000000,2000000,90,3,32000000,89,89.67,90,-0.15,0.2,0,0.05,-0.15: late-career low-market ability caution | +0.2: major international experience,89.72,90,top_tier,1
tbg-tm-00354361,354361,,Frank Anguissa,Frank Anguissa,SSC Napoli,IT1,Central Midfield,MID,30,15000000,40000000,20000000,0,0,42150000,,89.47,89,0,0.25,0,0.25,"+0.25: form is temporary, class is permanent safeguard",89.72,90,top_tier,
tbg-tm-00361093,361093,,Sven Botman,Sven Botman,Newcastle United,GB1,Centre-Back,DEF,26,35000000,45000000,35000000,0,0,45000000,90,89.71,90,0,0,0,0,,89.71,90,top_tier,0
tbg-tm-00404842,404842,,Vitaliy Mykolenko,Vitaliy Mykolenko,Everton FC,GB1,Left-Back,DEF,27,25000000,28000000,25000000,54,1,23500000,,89.61,90,0,0.1,0,0.1,+0.1: established international experience,89.71,90,top_tier,
tbg-tm-00055735,55735,,Henrikh Mkhitaryan,Henrikh Mkhitaryan,Inter Milan,IT1,Central Midfield,MID,37,3000000,37000000,3500000,0,0,112800000,,89.7,90,-0.15,0.15,0,0,-0.15: late-career low-market ability caution | +0.15: major lifetime transfer-fee signal,89.7,90,top_tier,
tbg-tm-00521964,521964,,Malick Thiaw,Malick Thiaw,Newcastle United,GB1,Centre-Back,DEF,24,45000000,45000000,45000000,7,0,47800000,90,89.69,90,0,0,0,0,,89.69,90,top_tier,0
tbg-tm-00466805,466805,,Nico González,Nico González,Manchester City,GB1,Defensive Midfield,DEF,24,40000000,45000000,45000000,0,0,81200000,90,89.53,90,0,0.15,0,0.15,+0.15: major lifetime transfer-fee signal,89.68,90,top_tier,0
tbg-tm-00027807,27807,,Daniele Padelli,Daniele Padelli,Udinese Calcio,IT1,Goalkeeper,GK,40,150000,2000000,150000,0,0,0,,89.72,90,-0.05,0,0,-0.05,-0.15: late-career low-market ability caution | +0.1: goalkeeper longevity stability,89.67,90,top_tier,
tbg-tm-00413565,413565,,Jhon Lucumí,Jhon Lucumí,Bologna FC 1909,IT1,Centre-Back,DEF,28,22000000,25000000,25000000,41,1,10500000,,89.57,90,0,0.1,0,0.1,+0.1: established international experience,89.67,90,top_tier,
tbg-tm-00565093,565093,,Bart Verbruggen,Bart Verbruggen,Brighton & Hove Albion,GB1,Goalkeeper,GK,23,40000000,40000000,40000000,33,0,22300000,90,89.47,89,0.1,0.1,0,0.2,+0.1: goalkeeper longevity stability | +0.1: established international experience,89.67,90,top_tier,0
tbg-tm-00238407,238407,,Alexander Sørloth,Alexander Sørloth,Atlético de Madrid,ES1,Centre-Forward,ATT,30,18000000,25000000,20000000,76,26,93225000,,89.32,89,0,0.35,0,0.35,+0.2: major international experience | +0.15: major lifetime transfer-fee signal,89.67,90,top_tier,
tbg-tm-00398065,398065,,Harvey Barnes,Harvey Barnes,Newcastle United,GB1,Left Winger,ATT,28,32000000,35000000,32000000,0,0,44000000,,89.66,90,0,0,0,0,,89.66,90,top_tier,
tbg-tm-00548111,548111,,Álex Baena,Álex Baena,Atlético de Madrid,ES1,Left Winger,ATT,24,40000000,55000000,45000000,20,3,42000000,,89.65,90,0,0,0,0,,89.65,90,top_tier,
tbg-tm-00469781,469781,,Marcos Senesi,Marcos Senesi,Tottenham Hotspur,GB1,Centre-Back,DEF,29,25000000,25000000,22000000,4,0,22000000,,89.65,90,0,0,0,0,,89.65,90,top_tier,
tbg-tm-00364135,364135,,Moise Kean,Moise Kean,ACF Fiorentina,IT1,Centre-Forward,ATT,26,32000000,50000000,40000000,0,0,79000000,,89.65,90,0,0,0,0,,89.65,90,top_tier,
tbg-tm-00314678,314678,,Brahim Díaz,Brahim Díaz,Real Madrid,ES1,Right Winger,ATT,26,35000000,45000000,35000000,31,14,20550000,,89.54,90,0,0.1,0,0.1,+0.1: established international experience,89.64,90,top_tier,
tbg-tm-00286047,286047,,Guglielmo Vicario,Guglielmo Vicario,Tottenham Hotspur,GB1,Goalkeeper,GK,29,18000000,35000000,23000000,0,0,29044500,,89.54,90,0.1,0,0,0.1,+0.1: goalkeeper longevity stability,89.64,90,top_tier,
tbg-tm-00470607,470607,,Brennan Johnson,Brennan Johnson,Crystal Palace,GB1,Right Winger,ATT,25,30000000,50000000,35000000,45,7,95000000,,89.39,89,0,0.25,0,0.25,+0.1: established international experience | +0.15: major lifetime transfer-fee signal,89.64,90,top_tier,
tbg-tm-00646740,646740,,Pablo Martín Páez Gavira,Pablo Martín Páez Gavira,FC Barcelona,ES1,Central Midfield,MID,21,30000000,90000000,30000000,32,5,10000,,89.36,89,0,0.28,0,0.28,+0.18: historic high-level market prestige | +0.1: established international experience,89.64,90,top_tier,
tbg-tm-01004301,1004301,,Jérémy Jacquet,Jérémy Jacquet,Liverpool FC,GB1,Centre-Back,DEF,20,55000000,55000000,55000000,0,0,64500000,,89.19,89,0,0,0.45,0.45,+0.45: teenage elite-trajectory adjustment,89.64,90,top_tier,
tbg-tm-00330659,330659,,Justin Kluivert,Justin Kluivert,AFC Bournemouth,GB1,Attacking Midfield,MID,27,25000000,35000000,30000000,14,0,29050000,89,89.63,90,0,0,0,0,,89.63,90,top_tier,1
tbg-tm-00369316,369316,,Ferdi Kadioğlu,Ferdi Kadıoğlu,Brighton & Hove Albion,GB1,Left-Back,DEF,26,35000000,35000000,30000000,32,2,34400000,90,89.52,90,0,0.1,0,0.1,+0.1: established international experience,89.62,90,top_tier,0
tbg-tm-00332705,332705,,Tyler Adams,Tyler Adams,AFC Bournemouth,GB1,Defensive Midfield,DEF,27,25000000,25000000,25000000,57,2,46530000,89,89.51,90,0,0.1,0,0.1,+0.1: established international experience,89.61,90,top_tier,1
tbg-tm-00583189,583189,,Anthony Elanga,Anthony Elanga,Newcastle United,GB1,Right Winger,ATT,24,32000000,55000000,40000000,34,8,84330000,,89.36,89,0,0.25,0,0.25,+0.1: established international experience | +0.15: major lifetime transfer-fee signal,89.61,90,top_tier,
tbg-tm-00923831,923831,,Leny Yoro,Leny Yoro,Manchester United,GB1,Centre-Back,DEF,20,50000000,55000000,50000000,10,0,62000000,88,89.16,89,0,0,0.45,0.45,+0.45: teenage elite-trajectory adjustment,89.61,90,top_tier,2
tbg-tm-00306024,306024,,Dominic Calvert-Lewin,Dominic Calvert-Lewin,Leeds United,GB1,Centre-Forward,ATT,29,22000000,45000000,22000000,0,0,1800000,88,89.6,90,0,0,0,0,,89.6,90,top_tier,2
tbg-tm-00475188,475188,,Kiernan Dewsbury-Hall,Kiernan Dewsbury-Hall,Everton FC,GB1,Central Midfield,MID,27,35000000,35000000,32000000,0,0,64050000,89,89.6,90,0,0,0,0,,89.6,90,top_tier,1
tbg-tm-00375885,375885,,Ibrahim Sangaré,Ibrahim Sangaré,Nottingham Forest,GB1,Defensive Midfield,DEF,28,20000000,35000000,22000000,58,11,42000000,,89.5,90,0,0.1,0,0.1,+0.1: established international experience,89.6,90,top_tier,
tbg-tm-00265088,265088,,Manuel Locatelli,Manuel Locatelli,Juventus FC,IT1,Defensive Midfield,DEF,28,25000000,35000000,25000000,0,0,50400000,,89.59,90,0,0,0,0,,89.59,90,top_tier,
tbg-tm-00425918,425918,,Jakub Kiwior,Jakub Kiwior,FC Porto,PO1,Centre-Back,DEF,26,35000000,35000000,27000000,45,2,41173000,,89.49,89,0,0.1,0,0.1,+0.1: established international experience,89.59,90,top_tier,
tbg-tm-00486031,486031,,Nico González,Nico González,Juventus FC,IT1,Left Winger,ATT,28,22000000,40000000,24000000,54,6,77080000,,89.49,89,0,0.1,0,0.1,+0.1: established international experience,89.59,90,top_tier,
tbg-tm-00433188,433188,,Curtis Jones,Curtis Jones,Liverpool FC,GB1,Central Midfield,MID,25,35000000,50000000,35000000,0,0,0,91,89.58,90,0,0,0,0,,89.58,90,top_tier,-1
tbg-tm-00466794,466794,,Eric García,Eric García,FC Barcelona,ES1,Centre-Back,DEF,25,40000000,40000000,35000000,21,0,1700000,,89.58,90,0,0,0,0,,89.58,90,top_tier,
tbg-tm-00463618,463618,,Khéphren Thuram,Khéphren Thuram,Juventus FC,IT1,Central Midfield,MID,25,38000000,40000000,40000000,0,0,20600000,,89.56,90,0,0,0,0,,89.56,90,top_tier,
tbg-tm-00074683,74683,,Nemanja Matić,Nemanja Matić,US Sassuolo,IT1,Defensive Midfield,DEF,37,1600000,40000000,1800000,0,0,81550000,,89.46,89,-0.3,0.4,0,0.1,"-0.15: late-career low-market ability caution | -0.15: large fall from peak current-ability caution | +0.15: major lifetime transfer-fee signal | +0.25: form is temporary, class is permanent safeguard",89.56,90,top_tier,
tbg-tm-00368887,368887,,Loïs Openda,Loïs Openda,Juventus FC,IT1,Centre-Forward,ATT,26,25000000,60000000,32000000,0,0,101580000,,89.41,89,0,0.15,0,0.15,+0.15: major lifetime transfer-fee signal,89.56,90,top_tier,
tbg-tm-00242631,242631,,Alex Iwobi,Alex Iwobi,Fulham FC,GB1,Left Winger,ATT,30,20000000,32000000,25000000,0,0,56100000,,89.55,90,0,0,0,0,,89.55,90,top_tier,
tbg-tm-00072476,72476,,Bernd Leno,Bernd Leno,Fulham FC,GB1,Goalkeeper,GK,34,6000000,35000000,8000000,0,0,36900000,88,89.44,89,0.1,0,0,0.1,+0.1: goalkeeper longevity stability,89.54,90,top_tier,2
tbg-tm-00505219,505219,,James Garner,James Garner,Everton FC,GB1,Defensive Midfield,DEF,25,45000000,45000000,35000000,0,0,10400000,88,89.53,90,0,0,0,0,,89.53,90,top_tier,2
tbg-tm-00424042,424042,,Nahuel Molina,Nahuel Molina,Atlético de Madrid,ES1,Right-Back,DEF,28,15000000,50000000,15000000,61,1,20000000,,89.33,89,0,0.2,0,0.2,+0.2: major international experience,89.53,90,top_tier,
tbg-tm-00536835,536835,,Amad Diallo,Amad Diallo,Manchester United,GB1,Right Winger,ATT,23,45000000,50000000,50000000,23,8,27300000,,89.52,90,0,0,0,0,,89.52,90,top_tier,
tbg-tm-00192735,192735,,Stanislav Lobotka,Stanislav Lobotka,SSC Napoli,IT1,Defensive Midfield,DEF,31,10000000,40000000,15000000,0,0,29500000,,89.27,89,0,0.25,0,0.25,"+0.25: form is temporary, class is permanent safeguard",89.52,90,top_tier,
tbg-tm-00475411,475411,,Wesley Fofana,Wesley Fofana,Chelsea FC,GB1,Centre-Back,DEF,25,28000000,65000000,28000000,0,0,115400000,88,89.35,89,0,0.15,0,0.15,+0.15: major lifetime transfer-fee signal,89.5,90,top_tier,2
tbg-tm-00484547,484547,,Jeremie Frimpong,Jeremie Frimpong,Liverpool FC,GB1,Right-Back,DEF,25,35000000,50000000,35000000,0,0,51380000,91,89.49,89,0,0,0,0,,89.49,89,top_tier,-2
tbg-tm-00435772,435772,,Charles De Ketelaere,Charles De Ketelaere,Atalanta BC,IT1,Attacking Midfield,MID,25,30000000,38000000,35000000,33,6,64200000,,89.38,89,0,0.1,0,0.1,+0.1: established international experience,89.48,89,top_tier,
tbg-tm-00403151,403151,,Robert Sánchez,Robert Sánchez,Chelsea FC,GB1,Goalkeeper,GK,28,22000000,32000000,22000000,0,0,23000000,90,89.38,89,0.1,0,0,0.1,+0.1: goalkeeper longevity stability,89.48,89,top_tier,-1
tbg-tm-00763079,763079,,Abdukodir Khusanov,Abdukodir Khusanov,Manchester City,GB1,Centre-Back,DEF,22,50000000,50000000,35000000,30,0,41250000,,89.06,89,0,0.1,0.3,0.4,+0.1: established international experience | +0.3: young elite-trajectory adjustment,89.46,89,top_tier,
tbg-tm-00353366,353366,,Benjamin Pavard,Benjamin Pavard,Inter Milan,IT1,Centre-Back,DEF,30,12000000,50000000,15000000,0,0,74900000,,89.2,89,0,0.25,0,0.25,"+0.25: form is temporary, class is permanent safeguard",89.45,89,top_tier,
tbg-tm-00279455,279455,,Harry Wilson,Harry Wilson,Without Club,,Right Winger,ATT,29,25000000,25000000,25000000,0,0,19100000,,89.44,89,0,0,0,0,,89.44,89,top_tier,
tbg-tm-00461883,461883,,Calvin Bassey,Calvin Bassey,Fulham FC,GB1,Centre-Back,DEF,26,28000000,28000000,28000000,45,1,45500000,89,89.33,89,0,0.1,0,0.1,+0.1: established international experience,89.43,89,top_tier,0
tbg-tm-00131075,131075,,Francesco Acerbi,Francesco Acerbi,Without Club,,Centre-Back,DEF,38,2000000,15000000,2500000,0,0,32400000,,89.57,90,-0.15,0,0,-0.15,-0.15: late-career low-market ability caution,89.42,89,top_tier,
tbg-tm-00068390,68390,,Séamus Coleman,Séamus Coleman,Without Club,,Right-Back,DEF,37,200000,19000000,300000,81,1,70000,,89.34,89,-0.15,0.2,0,0.05,-0.15: late-career low-market ability caution | +0.2: major international experience,89.39,89,top_tier,
tbg-tm-00392771,392771,,Ethan Ampadu,Ethan Ampadu,Leeds United,GB1,Defensive Midfield,DEF,25,30000000,30000000,25000000,63,0,11550000,,89.18,89,0,0.2,0,0.2,+0.2: major international experience,89.38,89,top_tier,
tbg-tm-00340456,340456,,Noussair Mazraoui,Noussair Mazraoui,Manchester United,GB1,Right-Back,DEF,28,18000000,32000000,20000000,50,2,15000000,90,89.27,89,0,0.1,0,0.1,+0.1: established international experience,89.37,89,top_tier,-1
tbg-tm-00585949,585949,,Pierre Kalulu,Pierre Kalulu,Juventus FC,IT1,Centre-Back,DEF,26,32000000,35000000,32000000,0,0,18990000,,89.36,89,0,0,0,0,,89.36,89,top_tier,
tbg-tm-00255508,255508,,Iñaki Williams,Iñaki Williams,Athletic Bilbao,ES1,Right Winger,ATT,32,8000000,50000000,10000000,28,2,0,,89.26,89,-0.15,0.25,0,0.1,"-0.15: large fall from peak current-ability caution | +0.25: form is temporary, class is permanent safeguard",89.36,89,top_tier,
tbg-tm-00138927,138927,,Daniel Carvajal,Daniel Carvajal,Without Club,,Right-Back,DEF,34,4000000,60000000,6000000,0,0,11500000,,89.4,89,-0.3,0.25,0,-0.05,"-0.15: late-career low-market ability caution | -0.15: large fall from peak current-ability caution | +0.25: form is temporary, class is permanent safeguard",89.35,89,top_tier,
tbg-tm-00855256,855256,,Alex Scott,Alex Scott,AFC Bournemouth,GB1,Central Midfield,MID,22,50000000,50000000,40000000,0,0,23000000,89,89.03,89,0,0,0.3,0.3,+0.3: young elite-trajectory adjustment,89.33,89,top_tier,0
tbg-tm-00360518,360518,,Teun Koopmeiners,Teun Koopmeiners,Juventus FC,IT1,Defensive Midfield,DEF,28,14000000,55000000,20000000,32,3,76300000,,89.22,89,0,0.1,0,0.1,+0.1: established international experience,89.32,89,top_tier,
tbg-tm-00503749,503749,,Jacob Ramsey,Jacob Ramsey,Newcastle United,GB1,Central Midfield,MID,25,35000000,42000000,35000000,0,0,45150000,,89.31,89,0,0,0,0,,89.31,89,top_tier,
tbg-tm-00257474,257474,,Vanja Milinković-Savić,Vanja Milinković-Savić,SSC Napoli,IT1,Goalkeeper,GK,29,20000000,20000000,20000000,0,0,25350000,,89.2,89,0.1,0,0,0.1,+0.1: goalkeeper longevity stability,89.3,89,top_tier,
tbg-tm-00469050,469050,,Nathan Collins,Nathan Collins,Brentford FC,GB1,Centre-Back,DEF,25,30000000,35000000,30000000,40,3,65150000,89,89.19,89,0,0.1,0,0.1,+0.1: established international experience,89.29,89,top_tier,0
tbg-tm-00405398,405398,,Takefusa Kubo,Takefusa Kubo,Real Sociedad,ES1,Right Winger,ATT,25,20000000,60000000,30000000,50,7,9000000,,89.19,89,0,0.1,0,0.1,+0.1: established international experience,89.29,89,top_tier,
tbg-tm-00348795,348795,,Giovani Lo Celso,Giovani Lo Celso,Real Betis Balompié,ES1,Attacking Midfield,MID,30,8000000,50000000,10000000,68,5,88000000,,88.93,89,0,0.35,0,0.35,+0.2: major international experience | +0.15: major lifetime transfer-fee signal,89.28,89,top_tier,
tbg-tm-00578539,578539,,Chris Richards,Chris Richards,Crystal Palace,GB1,Centre-Back,DEF,26,28000000,28000000,25000000,39,3,17550000,,89.16,89,0,0.1,0,0.1,+0.1: established international experience,89.26,89,top_tier,
tbg-tm-00431755,431755,,Dejan Kulusevski,Dejan Kulusevski,Tottenham Hotspur,GB1,Attacking Midfield,MID,26,17000000,60000000,35000000,0,0,83500000,,89.3,89,0,0.15,-0.2,-0.05,+0.15: major lifetime transfer-fee signal | -0.2: sharp recent market fall,89.25,89,top_tier,
tbg-tm-00711337,711337,,Barbosa Evanilson,Francisco Evanilson de Lima Barbosa,AFC Bournemouth,GB1,Centre-Forward,ATT,26,35000000,40000000,35000000,0,0,56850000,89,89.25,89,0,0,0,0,,89.25,89,top_tier,0
tbg-tm-00550550,550550,,Gonçalo Ramos,Gonçalo Ramos,AC Milan,IT1,Centre-Forward,ATT,25,30000000,50000000,35000000,27,11,139000000,,89.1,89,0,0.15,0,0.15,+0.15: major lifetime transfer-fee signal,89.25,89,top_tier,
tbg-tm-00126664,126664,,Lucas Digne,Lucas Digne,Aston Villa,GB1,Left-Back,DEF,32,6000000,35000000,8000000,61,0,84200000,91,88.9,89,0,0.35,0,0.35,+0.2: major international experience | +0.15: major lifetime transfer-fee signal,89.25,89,top_tier,-2
tbg-tm-00072047,72047,,Iago Aspas,Iago Aspas,Celta de Vigo,ES1,Centre-Forward,ATT,38,1600000,25000000,1800000,0,0,22100000,,89.39,89,-0.15,0,0,-0.15,-0.15: late-career low-market ability caution,89.24,89,top_tier,
tbg-tm-00503075,503075,,Isak Hien,Isak Hien,Atalanta BC,IT1,Centre-Back,DEF,27,22000000,30000000,22000000,32,0,13460000,,89.14,89,0,0.1,0,0.1,+0.1: established international experience,89.24,89,top_tier,
tbg-tm-00029712,29712,,John Ruddy,John Ruddy,Without Club,,Goalkeeper,GK,39,100000,5000000,100000,0,0,975000,,89.28,89,-0.05,0,0,-0.05,-0.15: late-career low-market ability caution | +0.1: goalkeeper longevity stability,89.23,89,top_tier,
tbg-tm-00365108,365108,,Dan Ndoye,Dan Ndoye,Nottingham Forest,GB1,Right Winger,ATT,25,32000000,40000000,35000000,35,9,60450000,,89.13,89,0,0.1,0,0.1,+0.1: established international experience,89.23,89,top_tier,
tbg-tm-00955357,955357,,Junior Kroupi,Junior Kroupi,AFC Bournemouth,GB1,Centre-Forward,ATT,20,70000000,70000000,40000000,0,0,13000000,89,88.34,88,0,0.18,0.7,0.88,+0.18: historic high-level market prestige | +0.45: teenage elite-trajectory adjustment | +0.25: strong recent market rise,89.22,89,top_tier,0
tbg-tm-00052570,52570,,Fraser Forster,Fraser Forster,AFC Bournemouth,GB1,Goalkeeper,GK,38,400000,15000000,600000,0,0,15865000,,89.26,89,-0.05,0,0,-0.05,-0.15: late-career low-market ability caution | +0.1: goalkeeper longevity stability,89.21,89,top_tier,
tbg-tm-00257732,257732,,Amir Rrahmani,Amir Rrahmani,SSC Napoli,IT1,Centre-Back,DEF,32,10000000,25000000,12000000,0,0,20420000,,89.2,89,0,0,0,0,,89.2,89,top_tier,
tbg-tm-00459763,459763,,Marco Carnesecchi,Marco Carnesecchi,Atalanta BC,IT1,Goalkeeper,GK,26,30000000,30000000,25000000,0,0,1870000,,89.1,89,0.1,0,0,0.1,+0.1: goalkeeper longevity stability,89.2,89,top_tier,
tbg-tm-00465555,465555,,Djordje Petrović,Djordje Petrovic,AFC Bournemouth,GB1,Goalkeeper,GK,26,28000000,28000000,28000000,0,0,45815000,89,89.09,89,0.1,0,0,0.1,+0.1: goalkeeper longevity stability,89.19,89,top_tier,0
tbg-tm-00196948,196948,,Andreas Christensen,Andreas Christensen,FC Barcelona,ES1,Centre-Back,DEF,30,8000000,40000000,9000000,82,4,0,,88.98,89,0,0.2,0,0.2,+0.2: major international experience,89.18,89,top_tier,
tbg-tm-00303254,303254,,Fikayo Tomori,Fikayo Tomori,AC Milan,IT1,Centre-Back,DEF,28,17000000,50000000,20000000,0,0,35900000,,89.15,89,0,0,0,0,,89.15,89,top_tier,
tbg-tm-00065278,65278,,Pedro Eliezer Rodríguez Ledesma,Pedro Eliezer Rodríguez Ledesma,Without Club,,Right Winger,ATT,38,1000000,30000000,1000000,0,0,27000000,,89.29,89,-0.15,0,0,-0.15,-0.15: late-career low-market ability caution,89.14,89,top_tier,
tbg-tm-00344069,344069,,Anton Stach,Anton Stach,Leeds United,GB1,Defensive Midfield,DEF,27,28000000,28000000,25000000,0,0,36500000,88,89.14,89,0,0,0,0,,89.14,89,top_tier,1
tbg-tm-00059561,59561,,Dani Parejo,Dani Parejo,Without Club,,Central Midfield,MID,37,1000000,35000000,1200000,0,0,11250000,,89.28,89,-0.15,0,0,-0.15,-0.15: late-career low-market ability caution,89.13,89,top_tier,
tbg-tm-00425334,425334,,Matty Cash,Matty Cash,Aston Villa,GB1,Right-Back,DEF,28,22000000,28000000,22000000,0,0,15750000,91,89.13,89,0,0,0,0,,89.13,89,top_tier,-2
tbg-tm-00730861,730861,,Milos Kerkez,Milos Kerkez,Liverpool FC,GB1,Left-Back,DEF,22,35000000,45000000,40000000,32,0,70270000,,89.03,89,0,0.1,0,0.1,+0.1: established international experience,89.13,89,top_tier,
tbg-tm-00568693,568693,,Pape Matar Sarr,Pape Matar Sarr,Tottenham Hotspur,GB1,Central Midfield,MID,23,30000000,45000000,32000000,42,4,16900000,,89.02,89,0,0.1,0,0.1,+0.1: established international experience,89.12,89,top_tier,
tbg-tm-00540941,540941,,Mikkel Damsgaard,Mikkel Damsgaard,Brentford FC,GB1,Attacking Midfield,MID,26,30000000,30000000,30000000,0,0,21750000,89,89.11,89,0,0,0,0,,89.11,89,top_tier,0
tbg-tm-00524000,524000,,Dani Vivian,Dani Vivian,Athletic Bilbao,ES1,Centre-Back,DEF,27,20000000,40000000,25000000,0,0,0,,89.1,89,0,0,0,0,,89.1,89,top_tier,
tbg-tm-00503680,503680,,Neco Williams,Neco Williams,Nottingham Forest,GB1,Left-Back,DEF,25,28000000,28000000,25000000,57,4,20000000,88,89,89,0,0.1,0,0.1,+0.1: established international experience,89.1,89,top_tier,1
tbg-tm-00371851,371851,,Jaka Bijol,Jaka Bijol,Leeds United,GB1,Centre-Back,DEF,27,20000000,20000000,18000000,73,1,24160000,88,88.9,89,0,0.2,0,0.2,+0.2: major international experience,89.1,89,top_tier,1
tbg-tm-00144128,144128,,Matías Dituro,Matías Dituro,Elche CF,ES1,Goalkeeper,GK,39,100000,1000000,200000,0,0,1502000,,89.14,89,-0.05,0,0,-0.05,-0.15: late-career low-market ability caution | +0.1: goalkeeper longevity stability,89.09,89,top_tier,
tbg-tm-00743600,743600,,Andrey Santos,Andrey Santos,Chelsea FC,GB1,Central Midfield,MID,22,40000000,45000000,45000000,0,0,12500000,89,89.09,89,0,0,0,0,,89.09,89,top_tier,0
tbg-tm-00503981,503981,,Tino Livramento,Tino Livramento,Newcastle United,GB1,Right-Back,DEF,23,45000000,45000000,40000000,0,0,63400000,89,89.09,89,0,0,0,0,,89.09,89,top_tier,0
tbg-tm-00192765,192765,,Ben Davies,Ben Davies,Tottenham Hotspur,GB1,Centre-Back,DEF,33,3000000,25000000,5000000,100,3,12650000,87,88.78,89,0,0.3,0,0.3,+0.3: centurion international prestige,89.08,89,top_tier,2
tbg-tm-00044058,44058,,Wojciech Szczesny,Wojciech Szczesny,FC Barcelona,ES1,Goalkeeper,GK,36,800000,40000000,900000,0,0,18450000,,89.02,89,-0.2,0.25,0,0.05,"-0.15: late-career low-market ability caution | -0.15: large fall from peak current-ability caution | +0.1: goalkeeper longevity stability | +0.25: form is temporary, class is permanent safeguard",89.07,89,top_tier,
tbg-tm-00343052,343052,,Nicolas Pépé,Nicolas Pépé,Villarreal CF,ES1,Right Winger,ATT,31,6000000,75000000,6000000,57,14,98000000,,88.77,89,-0.15,0.43,0,0.28,-0.15: large fall from peak current-ability caution | +0.18: historic high-level market prestige | +0.1: established international experience | +0.15: major lifetime transfer-fee signal,89.05,89,top_tier,
tbg-tm-00256448,256448,,Gianluca Mancini,Gianluca Mancini,AS Roma,IT1,Centre-Back,DEF,30,15000000,30000000,15000000,0,0,28050000,,89.04,89,0,0,0,0,,89.04,89,top_tier,
tbg-tm-00733576,733576,,Alberto Moleiro,Alberto Moleiro,Villarreal CF,ES1,Left Winger,ATT,22,50000000,50000000,40000000,0,0,16000000,,88.74,89,0,0,0.3,0.3,+0.3: young elite-trajectory adjustment,89.04,89,top_tier,
tbg-tm-00111196,111196,,Stefan de Vrij,Stefan de Vrij,Panathinaikos,GR1,Centre-Back,DEF,34,3000000,60000000,3500000,0,0,7000000,,89.08,89,-0.3,0.25,0,-0.05,"-0.15: late-career low-market ability caution | -0.15: large fall from peak current-ability caution | +0.25: form is temporary, class is permanent safeguard",89.03,89,top_tier,
tbg-tm-00133179,133179,,Marten de Roon,Marten de Roon,Atalanta BC,IT1,Defensive Midfield,DEF,35,3200000,24000000,3500000,44,1,28500000,,89.07,89,-0.15,0.1,0,-0.05,-0.15: late-career low-market ability caution | +0.1: established international experience,89.02,89,top_tier,
tbg-tm-00148252,148252,,Remo Freuler,Remo Freuler,Without Club,,Central Midfield,MID,34,3000000,25000000,4000000,92,11,13650000,,88.97,89,-0.15,0.2,0,0.05,-0.15: late-career low-market ability caution | +0.2: major international experience,89.02,89,top_tier,
tbg-tm-00569598,569598,,Youssouf Fofana,Youssouf Fofana,AC Milan,IT1,Defensive Midfield,DEF,27,23000000,30000000,25000000,0,0,41000000,,89.01,89,0,0,0,0,,89.01,89,top_tier,
tbg-tm-00585982,585982,,Carlos Augusto Zopolato Neves,Carlos Augusto Zopolato Neves,Inter Milan,IT1,Left-Back,DEF,27,23000000,26000000,26000000,0,0,19450000,,89,89,0,0,0,0,,89,89,top_tier,
tbg-tm-00212862,212862,,Álex Remiro,Álex Remiro,Real Sociedad,ES1,Goalkeeper,GK,31,9000000,25000000,14000000,0,0,0,,88.9,89,0.1,0,0,0.1,+0.1: goalkeeper longevity stability,89,89,top_tier,
tbg-tm-00328658,328658,,Kristoffer Ajer,Kristoffer Ajer,Brentford FC,GB1,Centre-Back,DEF,28,18000000,18000000,18000000,56,2,16300000,88,88.9,89,0,0.1,0,0.1,+0.1: established international experience,89,89,top_tier,1
tbg-tm-00297212,297212,,Joe Rodon,Joe Rodon,Leeds United,GB1,Centre-Back,DEF,28,18000000,18000000,15000000,62,2,23900000,87,88.79,89,0,0.2,0,0.2,+0.2: major international experience,88.99,89,top_tier,2
tbg-tm-00192080,192080,,Nick Pope,Nick Pope,Newcastle United,GB1,Goalkeeper,GK,34,5000000,20000000,7000000,0,0,12800000,89,88.88,89,0.1,0,0,0.1,+0.1: goalkeeper longevity stability,88.98,89,top_tier,0
tbg-tm-00331726,331726,,Tammy Abraham,Tammy Abraham,Aston Villa,GB1,Centre-Forward,ATT,28,18000000,50000000,20000000,0,0,80500000,,88.83,89,0,0.15,0,0.15,+0.15: major lifetime transfer-fee signal,88.98,89,top_tier,
tbg-tm-00459658,459658,,Andrea Cambiaso,Andrea Cambiaso,Juventus FC,IT1,Left-Back,DEF,26,20000000,40000000,30000000,0,0,17500000,,88.97,89,0,0,0,0,,88.97,89,top_tier,
tbg-tm-00483348,483348,,Djed Spence,Djed Spence,Tottenham Hotspur,GB1,Left-Back,DEF,25,30000000,32000000,30000000,10,0,15800000,88,88.97,89,0,0,0,0,,88.97,89,top_tier,1
tbg-tm-00399434,399434,,Marcus Tavernier,Marcus Tavernier,AFC Bournemouth,GB1,Attacking Midfield,MID,27,25000000,25000000,23000000,0,0,11900000,89,88.97,89,0,0,0,0,,88.97,89,top_tier,0
tbg-tm-00415381,415381,,Mats Wieffer,Mats Wieffer,Brighton & Hove Albion,GB1,Right-Back,DEF,26,25000000,30000000,25000000,15,1,32575000,89,88.97,89,0,0,0,0,,88.97,89,top_tier,0
tbg-tm-00128223,128223,,Álvaro Morata,Álvaro Morata,Como 1907,IT1,Centre-Forward,ATT,33,6000000,65000000,8000000,0,0,229200000,,88.87,89,-0.15,0.25,0,0.1,-0.15: large fall from peak current-ability caution | +0.25: elite lifetime transfer-fee signal,88.97,89,top_tier,
tbg-tm-00251075,251075,,Zeki Çelik,Zeki Çelik,Without Club,,Right-Back,DEF,29,14000000,20000000,12000000,63,3,11150000,,88.77,89,0,0.2,0,0.2,+0.2: major international experience,88.97,89,top_tier,
tbg-tm-00236490,236490,,Ola Aina,Ola Aina,Nottingham Forest,GB1,Right-Back,DEF,29,18000000,22000000,20000000,0,0,12900000,,88.96,89,0,0,0,0,,88.96,89,top_tier,
tbg-tm-00381950,381950,,Alexis Saelemaekers,Alexis Saelemaekers,AC Milan,IT1,Right Midfield,MID,27,20000000,25000000,25000000,26,3,11400000,,88.91,89,0,0,0,0,,88.91,89,top_tier,
tbg-tm-00315867,315867,,Gianluca Scamacca,Gianluca Scamacca,Atalanta BC,IT1,Centre-Forward,ATT,27,25000000,35000000,25000000,0,0,70970000,,88.91,89,0,0,0,0,,88.91,89,top_tier,
tbg-tm-00165513,165513,,Berat Djimsiti,Berat Djimsiti,Atalanta BC,IT1,Centre-Back,DEF,33,4000000,22000000,5000000,72,1,0,,88.71,89,0,0.2,0,0.2,+0.2: major international experience,88.91,89,top_tier,
tbg-tm-00890719,890719,,Ethan Nwaneri,Ethan Nwaneri,Arsenal FC,GB1,Attacking Midfield,MID,19,35000000,55000000,40000000,15,5,1500000,,88.45,88,0,0,0.45,0.45,+0.45: teenage elite-trajectory adjustment,88.9,89,top_tier,
tbg-tm-00094005,94005,,Sead Kolasinac,Sead Kolasinac,Atalanta BC,IT1,Centre-Back,DEF,33,4000000,20000000,6000000,69,0,0,,88.69,89,0,0.2,0,0.2,+0.2: major international experience,88.89,89,top_tier,
tbg-tm-00128969,128969,,Mathew Ryan,Mathew Ryan,Without Club,,Goalkeeper,GK,34,1800000,10000000,2000000,105,0,14875000,,88.64,89,-0.05,0.3,0,0.25,-0.15: late-career low-market ability caution | +0.1: goalkeeper longevity stability | +0.3: centurion international prestige,88.89,89,top_tier,
tbg-tm-00086784,86784,,Ricardo Rodríguez,Ricardo Rodríguez,Without Club,,Left-Back,DEF,33,1400000,28000000,1500000,142,9,25700000,,88.59,89,0,0.3,0,0.3,+0.3: centurion international prestige,88.89,89,top_tier,
tbg-tm-00433984,433984,,Sam Beukema,Sam Beukema,SSC Napoli,IT1,Centre-Back,DEF,27,22000000,28000000,25000000,0,0,42780000,,88.88,89,0,0,0,0,,88.88,89,top_tier,
tbg-tm-00434433,434433,,Nikola Krstović,Nikola Krstović,Atalanta BC,IT1,Centre-Forward,ATT,26,30000000,30000000,25000000,34,8,33850000,,88.78,89,0,0.1,0,0.1,+0.1: established international experience,88.88,89,top_tier,
tbg-tm-00341092,341092,,Federico Chiesa,Federico Chiesa,Liverpool FC,GB1,Right Winger,ATT,28,13000000,70000000,15000000,0,0,69200000,,88.7,89,0,0.18,0,0.18,+0.18: historic high-level market prestige,88.88,89,top_tier,
tbg-tm-00463605,463605,,Bafodé Diakité,Bafodé Diakité,AFC Bournemouth,GB1,Centre-Back,DEF,25,25000000,35000000,30000000,0,0,38000000,89,88.87,89,0,0,0,0,,88.87,89,top_tier,0
tbg-tm-00263236,263236,,Kevin Danso,Kevin Danso,Tottenham Hotspur,GB1,Centre-Back,DEF,27,20000000,25000000,20000000,36,0,37500000,,88.77,89,0,0.1,0,0.1,+0.1: established international experience,88.87,89,top_tier,
tbg-tm-00256178,256178,,Joe Gomez,Joe Gomez,Liverpool FC,GB1,Centre-Back,DEF,29,13000000,42000000,15000000,0,0,4900000,89,88.85,89,0,0,0,0,,88.85,89,top_tier,0
tbg-tm-00618341,618341,,Mario Gila,Mario Gila,SS Lazio,IT1,Centre-Back,DEF,25,30000000,30000000,30000000,0,0,6000000,,88.85,89,0,0,0,0,,88.85,89,top_tier,
tbg-tm-00730893,730893,,Tyrick Mitchell,Tyrick Mitchell,Crystal Palace,GB1,Left-Back,DEF,26,25000000,28000000,25000000,0,0,0,,88.85,89,0,0,0,0,,88.85,89,top_tier,
tbg-tm-00742201,742201,,Giuliano Simeone,Giuliano Simeone,Atlético de Madrid,ES1,Right Winger,ATT,23,40000000,40000000,40000000,14,2,0,,88.84,89,0,0,0,0,,88.84,89,top_tier,
tbg-tm-00556385,556385,,Destiny Udogie,Destiny Udogie,Tottenham Hotspur,GB1,Left-Back,DEF,23,30000000,45000000,35000000,0,0,23200000,,88.83,89,0,0,0,0,,88.83,89,top_tier,
tbg-tm-00823231,823231,,Dango Ouattara,Dango Ouattara,Brentford FC,GB1,Right Winger,ATT,24,35000000,35000000,35000000,40,12,65300000,88,88.73,89,0,0.1,0,0.1,+0.1: established international experience,88.83,89,top_tier,1
tbg-tm-00880245,880245,,Mateus Fernandes,Mateus Fernandes,Tottenham Hotspur,GB1,Central Midfield,MID,21,50000000,50000000,35000000,0,0,166250000,,88.28,88,0,0.25,0.3,0.55,+0.25: elite lifetime transfer-fee signal | +0.3: young elite-trajectory adjustment,88.83,89,top_tier,
tbg-tm-00221150,221150,,Dakonam Djené,Dakonam Djené,Getafe CF,ES1,Centre-Back,DEF,34,1400000,30000000,1600000,93,1,2500000,,88.77,89,-0.15,0.2,0,0.05,-0.15: late-career low-market ability caution | +0.2: major international experience,88.82,89,top_tier,
tbg-tm-00866246,866246,,Lucas Bergvall,Lucas Bergvall,Tottenham Hotspur,GB1,Central Midfield,MID,20,35000000,40000000,40000000,14,0,20900000,,88.35,88,0,0,0.45,0.45,+0.45: teenage elite-trajectory adjustment,88.8,89,top_tier,
tbg-tm-00343537,343537,,Artem Dovbyk,Artem Dovbyk,AS Roma,IT1,Centre-Forward,ATT,29,15000000,35000000,15000000,41,11,60200000,,88.66,89,0,0.1,0,0.1,+0.1: established international experience,88.76,89,top_tier,
tbg-tm-00262226,262226,,Timothy Castagne,Timothy Castagne,Fulham FC,GB1,Right-Back,DEF,30,8000000,28000000,10000000,67,2,40400000,88,88.55,89,0,0.2,0,0.2,+0.2: major international experience,88.75,89,top_tier,1
tbg-tm-00620322,620322,,Malo Gusto,Malo Gusto,Chelsea FC,GB1,Right-Back,DEF,23,35000000,35000000,35000000,14,0,30000000,90,88.74,89,0,0,0,0,,88.74,89,top_tier,-1
tbg-tm-00964580,964580,,Wesley Vinícius França Lima,Wesley Vinícius França Lima,AS Roma,IT1,Right-Back,DEF,22,40000000,40000000,40000000,0,0,25000000,,88.74,89,0,0,0,0,,88.74,89,top_tier,
tbg-tm-00633992,633992,,Enzo Le Fée,Enzo Le Fée,Sunderland AFC,GB1,Central Midfield,MID,26,28000000,28000000,25000000,0,0,66750000,,88.73,89,0,0,0,0,,88.73,89,top_tier,
tbg-tm-00743591,743591,,Moreira Savinho,Sávio Moreira de Oliveira,Manchester City,GB1,Left Winger,ATT,22,35000000,55000000,40000000,0,0,31500000,89,88.72,89,0,0,0,0,,88.72,89,top_tier,0
tbg-tm-00485585,485585,,Ian Maatsen,Ian Maatsen,Aston Villa,GB1,Left-Back,DEF,24,30000000,40000000,30000000,0,0,46936000,,88.71,89,0,0,0,0,,88.71,89,top_tier,
tbg-tm-00108725,108725,,Chris Wood,Chris Wood,Nottingham Forest,GB1,Centre-Forward,ATT,34,5000000,18000000,6000000,93,45,72725000,,88.5,89,0,0.2,0,0.2,+0.2: major international experience,88.7,89,top_tier,
tbg-tm-00205938,205938,,Mario Pašalić,Mario Pašalić,Atalanta BC,IT1,Central Midfield,MID,31,6000000,28000000,7000000,89,12,20500000,,88.5,89,0,0.2,0,0.2,+0.2: major international experience,88.7,89,top_tier,
tbg-tm-00541231,541231,,Sepp van Den Berg,Sepp van den Berg,Brentford FC,GB1,Centre-Back,DEF,24,32000000,32000000,32000000,0,0,25500000,89,88.68,89,0,0,0,0,,88.68,89,top_tier,0
tbg-tm-00503883,503883,,Senne Lammens,Senne Lammens,Manchester United,GB1,Goalkeeper,GK,23,35000000,35000000,30000000,2,0,21000000,,88.58,89,0.1,0,0,0.1,+0.1: goalkeeper longevity stability,88.68,89,top_tier,
tbg-tm-00188077,188077,,Ryan Christie,Ryan Christie,AFC Bournemouth,GB1,Central Midfield,MID,31,8000000,12000000,9000000,71,10,3580000,88,88.48,88,0,0.2,0,0.2,+0.2: major international experience,88.68,89,top_tier,1
tbg-tm-00392768,392768,,Callum Hudson-Odoi,Callum Hudson-Odoi,Nottingham Forest,GB1,Left Winger,ATT,25,30000000,35000000,30000000,0,0,3500000,88,88.66,89,0,0,0,0,,88.66,89,top_tier,1
tbg-tm-00321247,321247,,Emiliano Buendía,Emiliano Buendía,Aston Villa,GB1,Left Winger,ATT,29,16000000,35000000,18000000,0,0,39900000,,88.66,89,0,0,0,0,,88.66,89,top_tier,
tbg-tm-00349599,349599,,Pervis Estupiñán,Pervis Estupiñán,AC Milan,IT1,Left-Back,DEF,28,12000000,35000000,14000000,56,5,51700000,,88.56,89,0,0.1,0,0.1,+0.1: established international experience,88.66,89,top_tier,
tbg-tm-00169880,169880,,Giovanni Di Lorenzo,Giovanni Di Lorenzo,SSC Napoli,IT1,Right-Back,DEF,32,7500000,25000000,10000000,0,0,10460000,,88.64,89,0,0,0,0,,88.64,89,top_tier,
tbg-tm-00054217,54217,,Raúl Fernández,Raúl Fernández,Without Club,,Goalkeeper,GK,38,100000,1500000,200000,0,0,0,,88.68,89,-0.05,0,0,-0.05,-0.15: late-career low-market ability caution | +0.1: goalkeeper longevity stability,88.63,89,top_tier,
tbg-tm-00930781,930781,,Pio Esposito,Pio Esposito,Inter Milan,IT1,Centre-Forward,ATT,21,45000000,45000000,45000000,9,5,500000,,88.63,89,0,0,0,0,,88.63,89,top_tier,
tbg-tm-00184573,184573,,Victor Lindelöf,Victor Lindelöf,Aston Villa,GB1,Centre-Back,DEF,31,5000000,35000000,6000000,80,3,38060000,88,88.43,88,0,0.2,0,0.2,+0.2: major international experience,88.63,89,top_tier,1
tbg-tm-00362108,362108,,Gabriel Gudmundsson,Gabriel Gudmundsson,Leeds United,GB1,Left-Back,DEF,27,20000000,20000000,20000000,28,0,17600000,,88.61,89,0,0,0,0,,88.61,89,top_tier,
tbg-tm-00480116,480116,,Lloyd Kelly,Lloyd Kelly,Juventus FC,IT1,Centre-Back,DEF,27,23000000,23000000,20000000,0,0,35800000,,88.61,89,0,0,0,0,,88.61,89,top_tier,
tbg-tm-00339332,339332,,Noa Lang,Noa Lang,SSC Napoli,IT1,Left Winger,ATT,27,22000000,25000000,25000000,17,3,45500000,,88.61,89,0,0,0,0,,88.61,89,top_tier,
tbg-tm-00356141,356141,,Daichi Kamada,Daichi Kamada,Without Club,,Attacking Midfield,MID,29,10000000,30000000,12000000,53,14,1600000,,88.5,89,0,0.1,0,0.1,+0.1: established international experience,88.6,89,top_tier,
tbg-tm-00473050,473050,,Kevin Schade,Kevin Schade,Brentford FC,GB1,Left Winger,ATT,24,35000000,35000000,35000000,0,0,26250000,88,88.59,89,0,0,0,0,,88.59,89,top_tier,1
tbg-tm-00353032,353032,,Omar Alderete,Omar Alderete,Sunderland AFC,GB1,Centre-Back,DEF,29,13000000,15000000,15000000,40,3,22675000,,88.49,88,0,0.1,0,0.1,+0.1: established international experience,88.59,89,top_tier,
tbg-tm-00262980,262980,,Jefferson Lerma,Jefferson Lerma,Crystal Palace,GB1,Defensive Midfield,DEF,31,6000000,25000000,8000000,69,5,31400000,88,88.38,88,0,0.2,0,0.2,+0.2: major international experience,88.58,89,top_tier,1
tbg-tm-00074960,74960,,Martin Dúbravka,Martin Dúbravka,Tottenham Hotspur,GB1,Goalkeeper,GK,37,500000,7500000,750000,0,0,8400000,87,88.62,89,-0.05,0,0,-0.05,-0.15: late-career low-market ability caution | +0.1: goalkeeper longevity stability,88.57,89,top_tier,2
tbg-tm-00199527,199527,,Jacob Murphy,Jacob Murphy,Newcastle United,GB1,Right Winger,ATT,31,12000000,16000000,15000000,0,0,11800000,89,88.57,89,0,0,0,0,,88.57,89,top_tier,0
tbg-tm-00066106,66106,,Sergio Canales,Sergio Canales,Racing Santander,ES1,Attacking Midfield,MID,35,3000000,25000000,4500000,0,0,29000000,,88.71,89,-0.15,0,0,-0.15,-0.15: late-career low-market ability caution,88.56,89,top_tier,
tbg-tm-00394300,394300,,Davide Frattesi,Davide Frattesi,Inter Milan,IT1,Central Midfield,MID,26,22000000,35000000,22000000,0,0,46000000,,88.56,89,0,0,0,0,,88.56,89,top_tier,
tbg-tm-00568157,568157,,Yéremy Pino,Yéremy Pino,Crystal Palace,GB1,Right Winger,ATT,23,30000000,40000000,35000000,25,4,30000000,90,88.56,89,0,0,0,0,,88.56,89,top_tier,-1
tbg-tm-01012564,1012564,,Vitor Rayan,Rayan Vitor Simplício Rocha,AFC Bournemouth,GB1,Right Winger,ATT,19,60000000,60000000,40000000,6,1,28500000,88,88.1,88,0,0,0.45,0.45,+0.45: teenage elite-trajectory adjustment,88.55,89,top_tier,1
tbg-tm-00724520,724520,,Abde Ezzalzouli,Abde Ezzalzouli,Real Betis Balompié,ES1,Left Winger,ATT,24,40000000,40000000,30000000,0,0,9500000,,88.54,89,0,0,0,0,,88.54,89,top_tier,
tbg-tm-00646750,646750,,Cristhian Mosquera,Cristhian Mosquera,Arsenal FC,GB1,Centre-Back,DEF,22,40000000,40000000,35000000,0,0,15000000,88,88.54,89,0,0,0,0,,88.54,89,top_tier,1
tbg-tm-00319859,319859,,Mathias Jensen,Mathias Jensen,Brentford FC,GB1,Central Midfield,MID,30,10000000,30000000,12000000,0,0,8800000,88,88.54,89,0,0,0,0,,88.54,89,top_tier,1
tbg-tm-00811779,811779,,Alejandro Garnacho,Alejandro Garnacho,Chelsea FC,GB1,Left Winger,ATT,22,28000000,50000000,40000000,0,0,46665000,89,88.53,89,0,0,0,0,,88.53,89,top_tier,0
tbg-tm-00386047,386047,,Axel Disasi,Axel Disasi,Chelsea FC,GB1,Centre-Back,DEF,28,15000000,42000000,15000000,0,0,66000000,88,88.53,89,0,0,0,0,,88.53,89,top_tier,1
tbg-tm-00500689,500689,,Evann Guessand,Evann Guessand,Aston Villa,GB1,Right Winger,ATT,25,25000000,30000000,28000000,23,4,30000000,,88.53,89,0,0,0,0,,88.53,89,top_tier,
tbg-tm-00192279,192279,,Kepa Arrizabalaga,Kepa Arrizabalaga,Arsenal FC,GB1,Goalkeeper,GK,31,5000000,60000000,7000000,0,0,90400000,88,88.43,88,-0.05,0.15,0,0.1,-0.15: large fall from peak current-ability caution | +0.1: goalkeeper longevity stability | +0.15: major lifetime transfer-fee signal,88.53,89,top_tier,1
tbg-tm-00904802,904802,,Jorrel Hato,Jorrel Hato,Chelsea FC,GB1,Left-Back,DEF,20,40000000,40000000,35000000,9,0,44180000,88,88.08,88,0,0,0.45,0.45,+0.45: teenage elite-trajectory adjustment,88.53,89,top_tier,1
tbg-tm-00392775,392775,,Ryan Sessegnon,Ryan Sessegnon,Fulham FC,GB1,Left-Back,DEF,26,22000000,35000000,20000000,0,0,27000000,88,88.52,89,0,0,0,0,,88.52,89,top_tier,1
tbg-tm-00729814,729814,,Georges Mikautadze,Georges Mikautadze,Villarreal CF,ES1,Centre-Forward,ATT,25,30000000,30000000,28000000,43,23,78500000,,88.42,88,0,0.1,0,0.1,+0.1: established international experience,88.52,89,top_tier,
tbg-tm-00376514,376514,,Mathías Olivera,Mathías Olivera,SSC Napoli,IT1,Left-Back,DEF,28,15000000,20000000,15000000,38,2,17350000,,88.41,88,0,0.1,0,0.1,+0.1: established international experience,88.51,89,top_tier,
tbg-tm-00538216,538216,,Hayden Hackney,Hayden Hackney,Everton FC,GB1,Defensive Midfield,DEF,24,32000000,32000000,28000000,0,0,19300000,,88.5,88,0,0,0,0,,88.5,88,first_team,
tbg-tm-00173504,173504,,James Tarkowski,James Tarkowski,Everton FC,GB1,Centre-Back,DEF,33,5000000,28000000,7000000,0,0,4000000,,88.5,89,0,0,0,0,,88.5,89,top_tier,
tbg-tm-00230784,230784,,Thomas Partey,Thomas Partey,Without Club,,Defensive Midfield,DEF,33,2000000,50000000,2500000,60,15,50000000,,88.45,88,-0.15,0.2,0,0.05,-0.15: large fall from peak current-ability caution | +0.2: major international experience,88.5,88,first_team,
tbg-tm-00971570,971570,,Endrick Felipe Moreira de Sousa,Endrick Felipe Moreira de Sousa,Real Madrid,ES1,Centre-Forward,ATT,19,40000000,60000000,35000000,20,4,47500000,,88.05,88,0,0,0.45,0.45,+0.45: teenage elite-trajectory adjustment,88.5,88,first_team,
tbg-tm-00705395,705395,,Gerard Martín,Gerard Martín,FC Barcelona,ES1,Centre-Back,DEF,24,35000000,35000000,25000000,0,0,100000,,88.49,88,0,0,0,0,,88.49,88,first_team,
tbg-tm-00922693,922693,,Archie Gray,Archie Gray,Tottenham Hotspur,GB1,Central Midfield,MID,20,35000000,38000000,35000000,17,2,41250000,,88.04,88,0,0,0.45,0.45,+0.45: teenage elite-trajectory adjustment,88.49,88,first_team,
tbg-tm-00370846,370846,,Timothy Weah,Timothy Weah,Olympique Marseille,FR1,Right Midfield,MID,26,20000000,20000000,20000000,53,7,37900000,,88.38,88,0,0.1,0,0.1,+0.1: established international experience,88.48,88,first_team,
tbg-tm-00393323,393323,,Brenden Aaronson,Brenden Aaronson,Leeds United,GB1,Attacking Midfield,MID,25,22000000,30000000,18000000,59,9,45542000,,88.37,88,0,0.1,0,0.1,+0.1: established international experience,88.47,88,first_team,
tbg-tm-00073517,73517,,Ørjan Nyland,Ørjan Nyland,Without Club,,Goalkeeper,GK,35,800000,3000000,900000,75,0,4000000,,88.31,88,-0.05,0.2,0,0.15,-0.15: late-career low-market ability caution | +0.1: goalkeeper longevity stability | +0.2: major international experience,88.46,88,first_team,
tbg-tm-00890721,890721,,Myles Lewis-Skelly,Myles Lewis-Skelly,Arsenal FC,GB1,Central Midfield,MID,19,45000000,45000000,35000000,2,0,0,88,88.01,88,0,0,0.45,0.45,+0.45: teenage elite-trajectory adjustment,88.46,88,first_team,0
tbg-tm-00668207,668207,,Petar Sučić,Petar Sučić,Inter Milan,IT1,Central Midfield,MID,22,40000000,40000000,30000000,21,2,14800000,,88.45,88,0,0,0,0,,88.45,88,first_team,
tbg-tm-00207877,207877,,Ruslan Malinovskyi,Ruslan Malinovskyi,Trabzonspor,TR1,Central Midfield,MID,33,2500000,30000000,2500000,71,10,36300000,,88.25,88,0,0.2,0,0.2,+0.2: major international experience,88.45,88,first_team,
tbg-tm-00571604,571604,,Giorgio Scalvini,Giorgio Scalvini,Atalanta BC,IT1,Centre-Back,DEF,22,38000000,45000000,30000000,0,0,0,,88.44,88,0,0,0,0,,88.44,88,first_team,
tbg-tm-00735568,735568,,Natan Bernardo de Souza,Natan Bernardo de Souza,Real Betis Balompié,ES1,Centre-Back,DEF,25,25000000,25000000,25000000,0,0,23800000,,88.43,88,0,0,0,0,,88.43,88,first_team,
tbg-tm-01057316,1057316,,Franco Mastantuono,Franco Mastantuono,Real Madrid,ES1,Right Winger,ATT,18,45000000,50000000,45000000,0,0,45000000,,87.98,88,0,0,0.45,0.45,+0.45: teenage elite-trajectory adjustment,88.43,88,first_team,
tbg-tm-00527966,527966,,Andrei Rațiu,Andrei Rațiu,Rayo Vallecano,ES1,Right-Back,DEF,28,18000000,18000000,18000000,0,0,10500000,,88.42,88,0,0,0,0,,88.42,88,first_team,
tbg-tm-00644401,644401,,Keane Lewis-Potter,Keane Lewis-Potter,Brentford FC,GB1,Left Midfield,MID,25,25000000,25000000,25000000,0,0,19000000,88,88.42,88,0,0,0,0,,88.42,88,first_team,0
tbg-tm-00552955,552955,,Santiago Gimenez,Santiago Gimenez,AC Milan,IT1,Centre-Forward,ATT,25,18000000,50000000,20000000,50,6,36200000,,88.32,88,0,0.1,0,0.1,+0.1: established international experience,88.42,88,first_team,
tbg-tm-00252677,252677,,José Luis Morales,José Luis Morales,Without Club,,Centre-Forward,ATT,38,200000,10000000,300000,0,0,0,,88.56,89,-0.15,0,0,-0.15,-0.15: late-career low-market ability caution,88.41,88,first_team,
tbg-tm-00595809,595809,,Gomes Beto,Norberto Bercique Gomes Betuncal,Everton FC,GB1,Centre-Forward,ATT,28,18000000,25000000,20000000,10,1,40000000,88,88.4,88,0,0,0,0,,88.4,88,first_team,0
tbg-tm-01012534,1012534,,Yankuba Minteh,Yankuba Minteh,Brighton & Hove Albion,GB1,Right Winger,ATT,21,45000000,45000000,40000000,20,7,43000000,89,88.4,88,0,0,0,0,,88.4,88,first_team,-1
tbg-tm-00668547,668547,,Máximo Perrone,Máximo Perrone,Como 1907,IT1,Defensive Midfield,DEF,23,35000000,35000000,30000000,0,0,24000000,,88.39,88,0,0,0,0,,88.39,88,first_team,
tbg-tm-00348026,348026,,Nordi Mukiele,Nordi Mukiele,Sunderland AFC,GB1,Right-Back,DEF,28,16000000,25000000,18000000,0,0,41500000,,88.39,88,0,0,0,0,,88.39,88,first_team,
tbg-tm-00368482,368482,,Riccardo Orsolini,Riccardo Orsolini,Bologna FC 1909,IT1,Right Winger,ATT,29,15000000,25000000,18000000,0,0,21000000,,88.39,88,0,0,0,0,,88.39,88,first_team,
tbg-tm-00270171,270171,,Vitaly Janelt,Vitaly Janelt,Brentford FC,GB1,Defensive Midfield,DEF,28,16000000,22000000,18000000,0,0,850000,88,88.39,88,0,0,0,0,,88.39,88,first_team,0
tbg-tm-00095810,95810,,Kieran Trippier,Kieran Trippier,Wolverhampton Wanderers,GB2,Right-Back,DEF,35,1500000,35000000,2500000,0,0,40900000,,88.51,89,-0.15,0,0,-0.15,-0.15: late-career low-market ability caution,88.36,88,first_team,
tbg-tm-00286297,286297,,Lorenzo Pellegrini,Lorenzo Pellegrini,Without Club,,Attacking Midfield,MID,30,8000000,45000000,9000000,0,0,11250000,,88.36,88,0,0,0,0,,88.36,88,first_team,
tbg-tm-00938729,938729,,Mikel Jauregizar,Mikel Jauregizar,Athletic Bilbao,ES1,Central Midfield,MID,22,30000000,35000000,35000000,0,0,0,,88.36,88,0,0,0,0,,88.36,88,first_team,
tbg-tm-00240414,240414,,Alex Meret,Alex Meret,SSC Napoli,IT1,Goalkeeper,GK,29,8000000,40000000,14000000,0,0,26000000,,88.26,88,0.1,0,0,0.1,+0.1: goalkeeper longevity stability,88.36,88,first_team,
tbg-tm-00463665,463665,,Oumar Solet,Oumar Solet,Udinese Calcio,IT1,Centre-Back,DEF,26,23000000,23000000,20000000,0,0,6500000,,88.35,88,0,0,0,0,,88.35,88,first_team,
tbg-tm-00258878,258878,,Tosin Adarabioyo,Tosin Adarabioyo,Chelsea FC,GB1,Centre-Back,DEF,28,16000000,20000000,18000000,0,0,1650000,88,88.35,88,0,0,0,0,,88.35,88,first_team,0
tbg-tm-01138758,1138758,,Geovany Quenda,Geovany Quenda,Chelsea FC,GB1,Right Winger,ATT,19,42000000,45000000,42000000,0,0,50000000,,87.9,88,0,0,0.45,0.45,+0.45: teenage elite-trajectory adjustment,88.35,88,first_team,
tbg-tm-00073794,73794,,Duván Zapata,Duván Zapata,Torino FC,IT1,Centre-Forward,ATT,35,2500000,45000000,3000000,0,0,62160000,,88.64,89,-0.3,0,0,-0.3,-0.15: late-career low-market ability caution | -0.15: large fall from peak current-ability caution,88.34,88,first_team,
tbg-tm-00112515,112515,,Marcos Alonso,Marcos Alonso,Celta de Vigo,ES1,Centre-Back,DEF,35,1200000,45000000,1400000,0,0,25400000,,88.64,89,-0.3,0,0,-0.3,-0.15: late-career low-market ability caution | -0.15: large fall from peak current-ability caution,88.34,88,first_team,
tbg-tm-00876631,876631,,Habib Diarra,Habib Diarra,Sunderland AFC,GB1,Central Midfield,MID,22,35000000,35000000,32000000,24,6,31500000,,88.34,88,0,0,0,0,,88.34,88,first_team,
tbg-tm-00844637,844637,,Marc Pubill,Marc Pubill,Atlético de Madrid,ES1,Centre-Back,DEF,23,35000000,35000000,28000000,3,0,23750000,,88.34,88,0,0,0,0,,88.34,88,first_team,
tbg-tm-00085370,85370,,Sergi Roberto,Sergi Roberto,Without Club,,Central Midfield,MID,34,1400000,60000000,1500000,0,0,0,,88.62,89,-0.3,0,0,-0.3,-0.15: late-career low-market ability caution | -0.15: large fall from peak current-ability caution,88.32,88,first_team,
tbg-tm-00667287,667287,,Yasin Ayari,Yasin Ayari,Brighton & Hove Albion,GB1,Central Midfield,MID,22,35000000,35000000,30000000,25,5,4000000,88,88.32,88,0,0,0,0,,88.32,88,first_team,0
tbg-tm-00148153,148153,,Lewis Dunk,Lewis Dunk,Brighton & Hove Albion,GB1,Centre-Back,DEF,34,3500000,27000000,4000000,0,0,0,89,88.46,88,-0.15,0,0,-0.15,-0.15: late-career low-market ability caution,88.31,88,first_team,-1
tbg-tm-00654539,654539,,Adrien Truffert,Adrien Truffert,AFC Bournemouth,GB1,Left-Back,DEF,24,30000000,30000000,25000000,0,0,13500000,,88.31,88,0,0,0,0,,88.31,88,first_team,
tbg-tm-00668951,668951,,Matías Soulé,Matías Soulé,AS Roma,IT1,Right Winger,ATT,23,35000000,35000000,35000000,0,0,28600000,,88.31,88,0,0,0,0,,88.31,88,first_team,
tbg-tm-00410708,410708,,Pascal Struijk,Pascal Struijk,Brighton & Hove Albion,GB1,Centre-Back,DEF,26,22000000,22000000,22000000,0,0,23200000,,88.31,88,0,0,0,0,,88.31,88,first_team,
tbg-tm-00608172,608172,,Ardon Jashari,Ardon Jashari,AC Milan,IT1,Defensive Midfield,DEF,23,25000000,32000000,30000000,9,0,42000000,,88.3,88,0,0,0,0,,88.3,88,first_team,
tbg-tm-00183288,183288,,Luke Shaw,Luke Shaw,Manchester United,GB1,Left-Back,DEF,30,8000000,42000000,10000000,0,0,37500000,90,88.3,88,0,0,0,0,,88.3,88,first_team,-2
tbg-tm-00921655,921655,,Ismaël Koné,Ismaël Koné,US Sassuolo,IT1,Central Midfield,MID,24,25000000,25000000,20000000,42,4,33500000,,88.2,88,0,0.1,0,0.1,+0.1: established international experience,88.3,88,first_team,
tbg-tm-00318508,318508,,Olivier Boscagli,Olivier Boscagli,Brighton & Hove Albion,GB1,Centre-Back,DEF,28,15000000,27000000,15000000,0,0,2000000,89,88.29,88,0,0,0,0,,88.29,88,first_team,-1
tbg-tm-00538977,538977,,Georginio Rutter,Georginio Rutter,Brighton & Hove Albion,GB1,Centre-Forward,ATT,24,30000000,32000000,30000000,0,0,87950000,88,88.14,88,0,0.15,0,0.15,+0.15: major lifetime transfer-fee signal,88.29,88,first_team,0
tbg-tm-00387626,387626,,Leon Bailey,Leon Bailey,Aston Villa,GB1,Right Winger,ATT,28,14000000,45000000,16000000,0,0,53100000,,88.28,88,0,0,0,0,,88.28,88,first_team,
tbg-tm-00823486,823486,,Michael Kayode,Michael Kayode,Brentford FC,GB1,Right-Back,DEF,21,40000000,40000000,35000000,0,0,18000000,88,88.28,88,0,0,0,0,,88.28,88,first_team,0
tbg-tm-00082873,82873,,Pascal Gross,Pascal Groß,Brighton & Hove Albion,GB1,Central Midfield,MID,35,2500000,12000000,3500000,19,1,12000000,90,88.42,88,-0.15,0,0,-0.15,-0.15: late-career low-market ability caution,88.27,88,first_team,-2
tbg-tm-00061812,61812,,Yuri Berchiche,Yuri Berchiche,Athletic Bilbao,ES1,Left-Back,DEF,36,1000000,20000000,1200000,0,0,40750000,,88.41,88,-0.15,0,0,-0.15,-0.15: late-career low-market ability caution,88.26,88,first_team,
tbg-tm-00523318,523318,,Anastasios Douvikas,Anastasios Douvikas,Como 1907,IT1,Centre-Forward,ATT,26,25000000,25000000,18000000,22,2,27800000,,88.26,88,0,0,0,0,,88.26,88,first_team,
tbg-tm-00346890,346890,,Noah Okafor,Noah Okafor,Leeds United,GB1,Left Winger,ATT,26,25000000,25000000,18000000,26,2,47600000,,88.26,88,0,0,0,0,,88.26,88,first_team,
tbg-tm-00346707,346707,,Sean Longstaff,Sean Longstaff,Leeds United,GB1,Central Midfield,MID,28,15000000,25000000,16000000,0,0,13800000,88,88.26,88,0,0,0,0,,88.26,88,first_team,0
tbg-tm-00392765,392765,,Emile Smith Rowe,Emile Smith Rowe,Fulham FC,GB1,Attacking Midfield,MID,25,20000000,40000000,22000000,0,0,32800000,88,88.25,88,0,0,0,0,,88.25,88,first_team,0
tbg-tm-00670858,670858,,Lewis Hall,Lewis Hall,Newcastle United,GB1,Left-Back,DEF,21,40000000,40000000,35000000,0,0,33000000,,88.25,88,0,0,0,0,,88.25,88,first_team,
tbg-tm-00127048,127048,,Cédric Bakambu,Cédric Bakambu,Without Club,,Centre-Forward,ATT,35,1200000,25000000,1400000,72,21,55000000,,88.2,88,-0.15,0.2,0,0.05,-0.15: late-career low-market ability caution | +0.2: major international experience,88.25,88,first_team,
tbg-tm-00646991,646991,,Robin Roefs,Robin Roefs,Sunderland AFC,GB1,Goalkeeper,GK,23,28000000,28000000,25000000,1,0,10500000,89,88.15,88,0.1,0,0,0.1,+0.1: goalkeeper longevity stability,88.25,88,first_team,-1
tbg-tm-00410425,410425,,Yves Bissouma,Yves Bissouma,Without Club,,Defensive Midfield,DEF,29,10000000,35000000,12000000,0,0,46000000,88,88.24,88,0,0,0,0,,88.24,88,first_team,0
tbg-tm-00401320,401320,,Dara O'Shea,Dara O'Shea,Ipswich Town,GB1,Centre-Back,DEF,27,16000000,16000000,15000000,45,0,22000000,,88.13,88,0,0.1,0,0.1,+0.1: established international experience,88.23,88,first_team,
tbg-tm-00135343,135343,,Fabian Schär,Fabian Schär,Newcastle United,GB1,Centre-Back,DEF,34,4000000,16000000,6000000,0,0,11000000,90,88.37,88,-0.15,0,0,-0.15,-0.15: late-career low-market ability caution,88.22,88,first_team,-2
tbg-tm-00197747,197747,,Alessio Romagnoli,Alessio Romagnoli,SS Lazio,IT1,Centre-Back,DEF,31,6000000,50000000,7000000,0,0,26250000,,88.36,88,-0.15,0,0,-0.15,-0.15: large fall from peak current-ability caution,88.21,88,first_team,
tbg-tm-00509022,509022,,Federico Gatti,Federico Gatti,Juventus FC,IT1,Centre-Back,DEF,28,14000000,25000000,16000000,0,0,9150000,,88.21,88,0,0,0,0,,88.21,88,first_team,
tbg-tm-00566799,566799,,James Trafford,James Trafford,Manchester City,GB1,Goalkeeper,GK,23,25000000,30000000,25000000,2,0,48500000,,88.11,88,0.1,0,0,0.1,+0.1: goalkeeper longevity stability,88.21,88,first_team,
tbg-tm-00293200,293200,,Nikola Vlašić,Nikola Vlašić,Torino FC,IT1,Attacking Midfield,MID,28,10000000,30000000,9000000,66,11,74400000,,88.01,88,0,0.2,0,0.2,+0.2: major international experience,88.21,88,first_team,
tbg-tm-00405885,405885,,Giacomo Raspadori,Giacomo Raspadori,Atalanta BC,IT1,Second Striker,ATT,26,22000000,35000000,22000000,0,0,77000000,,88.2,88,0,0,0,0,,88.2,88,first_team,
tbg-tm-00610849,610849,,Liam Delap,Liam Delap,Chelsea FC,GB1,Centre-Forward,ATT,23,28000000,40000000,32000000,0,0,54650000,,88.19,88,0,0,0,0,,88.19,88,first_team,
tbg-tm-00709372,709372,,Carlos Romero,Carlos Romero,Villarreal CF,ES1,Left-Back,DEF,24,25000000,25000000,25000000,0,0,0,,88.18,88,0,0,0,0,,88.18,88,first_team,
tbg-tm-00711374,711374,,Jon Gorrotxategi,Jon Gorrotxategi,Real Sociedad,ES1,Defensive Midfield,DEF,24,25000000,25000000,25000000,0,0,0,,88.18,88,0,0,0,0,,88.18,88,first_team,
tbg-tm-00596446,596446,,Leif Davis,Leif Davis,Ipswich Town,GB1,Left-Back,DEF,26,20000000,25000000,20000000,0,0,1200000,,88.18,88,0,0,0,0,,88.18,88,first_team,
tbg-tm-00281769,281769,,Mario Hermoso,Mario Hermoso,AS Roma,IT1,Centre-Back,DEF,31,7000000,35000000,7000000,0,0,37500000,,88.18,88,0,0,0,0,,88.18,88,first_team,
tbg-tm-00701057,701057,,Rico Lewis,Rico Lewis,Manchester City,GB1,Right-Back,DEF,21,28000000,40000000,32000000,13,2,0,,88.18,88,0,0,0,0,,88.18,88,first_team,
tbg-tm-00277033,277033,,David Brooks,David Brooks,AFC Bournemouth,GB1,Right Winger,ATT,28,12000000,30000000,14000000,45,7,11300000,,88.08,88,0,0.1,0,0.1,+0.1: established international experience,88.18,88,first_team,
tbg-tm-00473169,473169,,Brian Brobbey,Brian Brobbey,Sunderland AFC,GB1,Centre-Forward,ATT,24,30000000,35000000,25000000,16,4,36350000,,88.17,88,0,0,0,0,,88.17,88,first_team,
tbg-tm-00429915,429915,,Maxim De Cuyper,Maxim De Cuyper,Brighton & Hove Albion,GB1,Left-Back,DEF,25,22000000,22000000,22000000,23,4,20000000,,88.17,88,0,0,0,0,,88.17,88,first_team,
tbg-tm-00339556,339556,,Rico Henry,Rico Henry,Brentford FC,GB1,Left-Back,DEF,28,13000000,28000000,15000000,0,0,1800000,,88.16,88,0,0,0,0,,88.16,88,first_team,
tbg-tm-01067904,1067904,,Bazoumana Touré,Bazoumana Touré,Newcastle United,GB1,Left Winger,ATT,20,40000000,40000000,35000000,9,2,57445000,,87.71,88,0,0,0.45,0.45,+0.45: teenage elite-trajectory adjustment,88.16,88,first_team,
tbg-tm-00283735,283735,,Mattia Zaccagni,Mattia Zaccagni,SS Lazio,IT1,Left Winger,ATT,31,7500000,30000000,12000000,0,0,7310000,,88.15,88,0,0,0,0,,88.15,88,first_team,
tbg-tm-00901019,901019,,Neil El Aynaoui,Neil El Aynaoui,AS Roma,IT1,Central Midfield,MID,25,23000000,23000000,20000000,21,2,24100000,,88.15,88,0,0,0,0,,88.15,88,first_team,
tbg-tm-00331505,331505,,Óscar Mingueza,Óscar Mingueza,Without Club,,Right-Back,DEF,27,18000000,20000000,18000000,0,0,0,,88.15,88,0,0,0,0,,88.15,88,first_team,
tbg-tm-00487474,487474,,Francisco Conceição,Francisco Conceição,Juventus FC,IT1,Right Winger,ATT,23,30000000,36000000,30000000,20,4,56802500,,88.14,88,0,0,0,0,,88.14,88,first_team,
tbg-tm-00580451,580451,,Martin Baturina,Martin Baturina,Como 1907,IT1,Attacking Midfield,MID,23,30000000,30000000,24000000,23,2,18000000,,88.14,88,0,0,0,0,,88.14,88,first_team,
tbg-tm-00202886,202886,,Ruben Loftus-Cheek,Ruben Loftus-Cheek,AC Milan,IT1,Central Midfield,MID,30,8500000,30000000,10000000,0,0,18900000,,88.14,88,0,0,0,0,,88.14,88,first_team,
tbg-tm-00134270,134270,,Dan Burn,Dan Burn,Newcastle United,GB1,Centre-Back,DEF,34,4000000,12000000,5000000,8,0,18550000,89,88.28,88,-0.15,0,0,-0.15,-0.15: late-career low-market ability caution,88.13,88,first_team,-1
tbg-tm-00064793,64793,,Leonardo Pavoletti,Leonardo Pavoletti,Without Club,,Centre-Forward,ATT,37,600000,13000000,700000,0,0,31300000,,88.27,88,-0.15,0,0,-0.15,-0.15: late-career low-market ability caution,88.12,88,first_team,
tbg-tm-00435648,435648,,Joshua Zirkzee,Joshua Zirkzee,Manchester United,GB1,Centre-Forward,ATT,25,20000000,50000000,22000000,0,0,70150000,89,88.12,88,0,0,0,0,,88.12,88,first_team,-1
tbg-tm-00392085,392085,,Nicolò Zaniolo,Nicolò Zaniolo,Udinese Calcio,IT1,Second Striker,ATT,27,15000000,55000000,13000000,0,0,42450000,,88.12,88,0,0,0,0,,88.12,88,first_team,
tbg-tm-00515544,515544,,Trai Hume,Trai Hume,Sunderland AFC,GB1,Right-Back,DEF,24,22000000,22000000,22000000,31,1,240000,88,88.02,88,0,0.1,0,0.1,+0.1: established international experience,88.12,88,first_team,0
tbg-tm-00296802,296802,,Walter Benítez,Walter Benítez,Crystal Palace,GB1,Goalkeeper,GK,33,4000000,14000000,5000000,0,0,0,,88.02,88,0.1,0,0,0.1,+0.1: goalkeeper longevity stability,88.12,88,first_team,
tbg-tm-00827734,827734,,Ange-Yoan Bonny,Ange-Yoan Bonny,Inter Milan,IT1,Centre-Forward,ATT,22,35000000,35000000,35000000,5,0,23000000,,88.1,88,0,0,0,0,,88.1,88,first_team,
tbg-tm-00727089,727089,,Noah Sadiki,Noah Sadiki,Sunderland AFC,GB1,Central Midfield,MID,21,35000000,35000000,30000000,24,0,17900000,,88.09,88,0,0,0,0,,88.09,88,first_team,
tbg-tm-00067063,67063,,Danny Welbeck,Danny Welbeck,Brighton & Hove Albion,GB1,Centre-Forward,ATT,35,3000000,18000000,4000000,0,0,20000000,89,88.23,88,-0.15,0,0,-0.15,-0.15: late-career low-market ability caution,88.08,88,first_team,-1
tbg-tm-00080894,80894,,Lukasz Skorupski,Lukasz Skorupski,Bologna FC 1909,IT1,Goalkeeper,GK,35,2000000,7000000,2500000,0,0,9890000,,88.13,88,-0.05,0,0,-0.05,-0.15: late-career low-market ability caution | +0.1: goalkeeper longevity stability,88.08,88,first_team,
tbg-tm-00996897,996897,,Diego Gómez,Diego Gómez,Brighton & Hove Albion,GB1,Central Midfield,MID,23,25000000,25000000,25000000,28,3,15700000,88,88.08,88,0,0,0,0,,88.08,88,first_team,0
tbg-tm-00124419,124419,,Odysseas Vlachodimos,Odysseas Vlachodimos,Sevilla FC,ES1,Goalkeeper,GK,32,3000000,18000000,4000000,53,0,30900000,,87.88,88,0.1,0.1,0,0.2,+0.1: goalkeeper longevity stability | +0.1: established international experience,88.08,88,first_team,
tbg-tm-00497291,497291,,Nicolás Domínguez,Nicolás Domínguez,Nottingham Forest,GB1,Central Midfield,MID,28,15000000,18000000,16000000,0,0,17625000,88,88.07,88,0,0,0,0,,88.07,88,first_team,0
tbg-tm-00717411,717411,,Yehor Yarmolyuk,Yegor Yarmolyuk,Brentford FC,GB1,Central Midfield,MID,22,32000000,32000000,30000000,0,0,1500000,88,88.07,88,0,0,0,0,,88.07,88,first_team,0
tbg-tm-00290537,290537,,Jean Butez,Jean Butez,Como 1907,IT1,Goalkeeper,GK,31,8000000,8000000,8000000,0,0,3300000,,87.97,88,0.1,0,0,0.1,+0.1: goalkeeper longevity stability,88.07,88,first_team,
tbg-tm-00319301,319301,,Daniel James,Daniel James,Leeds United,GB1,Right Winger,ATT,28,10000000,28000000,12000000,65,10,46900000,,87.87,88,0,0.2,0,0.2,+0.2: major international experience,88.07,88,first_team,
tbg-tm-00096254,96254,,Pietro Terracciano,Pietro Terracciano,AC Milan,IT1,Goalkeeper,GK,36,900000,2500000,1000000,0,0,800000,,88.11,88,-0.05,0,0,-0.05,-0.15: late-career low-market ability caution | +0.1: goalkeeper longevity stability,88.06,88,first_team,
tbg-tm-00503686,503686,,Dan Ballard,Dan Ballard,Sunderland AFC,GB1,Centre-Back,DEF,26,20000000,20000000,20000000,0,0,2300000,88,88.06,88,0,0,0,0,,88.06,88,first_team,0
tbg-tm-00401529,401529,,Domilson Cordeiro dos Santos,Domilson Cordeiro dos Santos,ACF Fiorentina,IT1,Right-Back,DEF,27,16000000,24000000,18000000,0,0,17400000,,88.06,88,0,0,0,0,,88.06,88,first_team,
tbg-tm-00249089,249089,,Lewis Cook,Lewis Cook,AFC Bournemouth,GB1,Central Midfield,MID,29,11000000,20000000,13000000,0,0,7000000,88,88.06,88,0,0,0,0,,88.06,88,first_team,0
tbg-tm-00127202,127202,,Matz Sels,Matz Sels,Nottingham Forest,GB1,Goalkeeper,GK,34,3500000,8000000,4000000,0,0,17910000,89,88.1,88,-0.05,0,0,-0.05,-0.15: late-career low-market ability caution | +0.1: goalkeeper longevity stability,88.05,88,first_team,-1
tbg-tm-00670882,670882,,Jamie Gittens,Jamie Gittens,Chelsea FC,GB1,Left Winger,ATT,21,30000000,50000000,35000000,0,0,56000000,88,88.05,88,0,0,0,0,,88.05,88,first_team,0
tbg-tm-00061814,61814,,David Button,David Button,Ipswich Town,GB1,Goalkeeper,GK,37,50000,2000000,50000,0,0,8530000,,88.09,88,-0.05,0,0,-0.05,-0.15: late-career low-market ability caution | +0.1: goalkeeper longevity stability,88.04,88,first_team,
tbg-tm-00305947,305947,,Albert Gudmundsson,Albert Gudmundsson,ACF Fiorentina,IT1,Second Striker,ATT,29,12000000,30000000,13000000,0,0,25950000,,88.04,88,0,0,0,0,,88.04,88,first_team,
tbg-tm-00467992,467992,,Samuele Ricci,Samuele Ricci,AC Milan,IT1,Defensive Midfield,DEF,24,22000000,30000000,25000000,0,0,34800000,,88.02,88,0,0,0,0,,88.02,88,first_team,
tbg-tm-00644771,644771,,Odilon Kossounou,Odilon Kossounou,Atalanta BC,IT1,Centre-Back,DEF,25,15000000,35000000,18000000,39,0,51650000,,87.92,88,0,0.1,0,0.1,+0.1: established international experience,88.02,88,first_team,
tbg-tm-00658536,658536,,Simon Adingra,Simon Adingra,Sunderland AFC,GB1,Left Winger,ATT,24,22000000,30000000,25000000,30,5,33400000,88,87.92,88,0,0.1,0,0.1,+0.1: established international experience,88.02,88,first_team,0
tbg-tm-00173859,173859,,Davide Zappacosta,Davide Zappacosta,Atalanta BC,IT1,Right Midfield,MID,34,3500000,20000000,3500000,0,0,39300000,,88.16,88,-0.15,0,0,-0.15,-0.15: late-career low-market ability caution,88.01,88,first_team,
tbg-tm-00309110,309110,,Brais Méndez,Brais Méndez,Real Sociedad,ES1,Attacking Midfield,MID,29,8000000,40000000,12000000,0,0,20000000,,88.01,88,0,0,0,0,,88.01,88,first_team,
tbg-tm-00124884,124884,,Marco Bizot,Marco Bizot,Aston Villa,GB1,Goalkeeper,GK,35,1500000,7000000,2500000,0,0,3125000,87,88.05,88,-0.05,0,0,-0.05,-0.15: late-career low-market ability caution | +0.1: goalkeeper longevity stability,88,88,first_team,1
tbg-tm-00741238,741238,,Omari Hutchinson,Omari Hutchinson,Nottingham Forest,GB1,Attacking Midfield,MID,22,30000000,35000000,30000000,0,0,67900000,,88,88,0,0,0,0,,88,88,first_team,
tbg-tm-00628451,628451,,Roméo Lavia,Roméo Lavia,Chelsea FC,GB1,Defensive Midfield,DEF,22,22000000,50000000,25000000,0,0,84360000,,87.85,88,0,0.15,0,0.15,+0.15: major lifetime transfer-fee signal,88,88,first_team,
tbg-tm-00200056,200056,,Elseid Hysaj,Elseid Hysaj,Without Club,,Right-Back,DEF,32,1200000,25000000,1500000,99,2,5050000,,87.8,88,0,0.2,0,0.2,+0.2: major international experience,88,88,first_team,
tbg-tm-00127181,127181,,Benjamin Lecomte,Benjamin Lecomte,Fulham FC,GB1,Goalkeeper,GK,35,800000,17000000,1200000,0,0,18500000,,88.04,88,-0.05,0,0,-0.05,-0.15: late-career low-market ability caution | +0.1: goalkeeper longevity stability,87.99,88,first_team,
tbg-tm-00624258,624258,,Conor Bradley,Conor Bradley,Liverpool FC,GB1,Right-Back,DEF,22,25000000,30000000,30000000,0,0,60000,88,87.99,88,0,0,0,0,,87.99,88,first_team,0
tbg-tm-00253677,253677,,Tyrone Mings,Tyrone Mings,Aston Villa,GB1,Centre-Back,DEF,33,3000000,32000000,4000000,0,0,33600000,,87.99,88,0,0,0,0,,87.99,88,first_team,
tbg-tm-00537598,537598,,Fábio Vieira,Fábio Vieira,Arsenal FC,GB1,Attacking Midfield,MID,26,18000000,30000000,18000000,0,0,35890000,,87.98,88,0,0,0,0,,87.98,88,first_team,
tbg-tm-00432164,432164,,Igor Jesus Maciel da Cruz,Igor Jesus Maciel da Cruz,Nottingham Forest,GB1,Centre-Forward,ATT,25,25000000,25000000,22000000,0,0,21000000,,87.98,88,0,0,0,0,,87.98,88,first_team,
tbg-tm-00525704,525704,,Nicolò Rovella,Nicolò Rovella,SS Lazio,IT1,Defensive Midfield,DEF,24,23000000,30000000,23000000,0,0,43490000,,87.98,88,0,0,0,0,,87.98,88,first_team,
tbg-tm-00085941,85941,,Stefan Ortega,Stefan Ortega,Without Club,,Goalkeeper,GK,33,4000000,9000000,5000000,0,0,580000,88,87.88,88,0.1,0,0,0.1,+0.1: goalkeeper longevity stability,87.98,88,first_team,0
tbg-tm-00470394,470394,,Kenneth Taylor,Kenneth Taylor,SS Lazio,IT1,Central Midfield,MID,24,25000000,28000000,20000000,0,0,16850000,,87.97,88,0,0,0,0,,87.97,88,first_team,
tbg-tm-00118534,118534,,Michael Keane,Michael Keane,Everton FC,GB1,Centre-Back,DEF,33,3000000,30000000,4000000,0,0,31060000,,87.95,88,0,0,0,0,,87.95,88,first_team,
tbg-tm-00532776,532776,,Amine Adli,Amine Adli,AFC Bournemouth,GB1,Left Winger,ATT,26,20000000,30000000,20000000,0,0,28500000,88,87.94,88,0,0,0,0,,87.94,88,first_team,0
tbg-tm-00700106,700106,,Brajan Gruda,Brajan Gruda,Brighton & Hove Albion,GB1,Attacking Midfield,MID,22,28000000,28000000,28000000,20,3,32500000,87,87.94,88,0,0,0,0,,87.94,88,first_team,1
tbg-tm-00177843,177843,,Domenico Berardi,Domenico Berardi,US Sassuolo,IT1,Right Winger,ATT,31,7000000,35000000,7500000,0,0,14500000,,87.94,88,0,0,0,0,,87.94,88,first_team,
tbg-tm-00428563,428563,,Lewis Ferguson,Lewis Ferguson,Bologna FC 1909,IT1,Central Midfield,MID,26,14000000,28000000,18000000,27,1,2265000,,87.94,88,0,0,0,0,,87.94,88,first_team,
tbg-tm-00290249,290249,,Mauro Arambarri,Mauro Arambarri,CA River Plate,ARGC,Central Midfield,MID,30,8000000,25000000,10000000,0,0,9150000,,87.94,88,0,0,0,0,,87.94,88,first_team,
tbg-tm-00199248,199248,,Bryan Cristante,Bryan Cristante,AS Roma,IT1,Defensive Midfield,DEF,31,7000000,25000000,7000000,0,0,45300000,,87.93,88,0,0,0,0,,87.93,88,first_team,
tbg-tm-00404839,404839,,Andriy Lunin,Andriy Lunin,Real Madrid,ES1,Goalkeeper,GK,27,12000000,25000000,15000000,0,0,8500000,,87.83,88,0.1,0,0,0.1,+0.1: goalkeeper longevity stability,87.93,88,first_team,
tbg-tm-00182904,182904,,Clément Lenglet,Clément Lenglet,SL Benfica,PO1,Centre-Back,DEF,31,4000000,60000000,5000000,0,0,44300000,,88.06,88,-0.15,0,0,-0.15,-0.15: large fall from peak current-ability caution,87.91,88,first_team,
tbg-tm-00490384,490384,,Koni De Winter,Koni De Winter,AC Milan,IT1,Centre-Back,DEF,24,23000000,23000000,23000000,8,0,31000000,,87.91,88,0,0,0,0,,87.91,88,first_team,
tbg-tm-00118689,118689,,Leonardo Spinazzola,Leonardo Spinazzola,SSC Napoli,IT1,Left-Back,DEF,33,3500000,26000000,3500000,0,0,33400000,,87.91,88,0,0,0,0,,87.91,88,first_team,
tbg-tm-00540664,540664,,Dilane Bakwa,Dilane Bakwa,Nottingham Forest,GB1,Right Winger,ATT,23,28000000,35000000,28000000,0,0,45000000,,87.9,88,0,0,0,0,,87.9,88,first_team,
tbg-tm-00935245,935245,,Raúl Asencio,Raúl Asencio,Real Madrid,ES1,Centre-Back,DEF,23,20000000,40000000,25000000,0,0,0,,87.9,88,0,0,0,0,,87.9,88,first_team,
tbg-tm-00585959,585959,,Arnaud Kalimuendo,Arnaud Kalimuendo,Nottingham Forest,GB1,Centre-Forward,ATT,24,25000000,30000000,25000000,0,0,51500000,88,87.89,88,0,0,0,0,,87.89,88,first_team,0
tbg-tm-00834764,834764,,Javi Guerra,Javi Guerra,Valencia CF,ES1,Central Midfield,MID,23,25000000,25000000,25000000,0,0,800000,,87.89,88,0,0,0,0,,87.89,88,first_team,
tbg-tm-00401922,401922,,Samuel Chukwueze,Samuel Chukwueze,AC Milan,IT1,Right Winger,ATT,27,18000000,30000000,15000000,0,0,21600000,,87.89,88,0,0,0,0,,87.89,88,first_team,
tbg-tm-00937941,937941,,Thierno Barry,Thierno Barry,Everton FC,GB1,Centre-Forward,ATT,23,30000000,30000000,30000000,0,0,53000000,88,87.89,88,0,0,0,0,,87.89,88,first_team,0
tbg-tm-00357885,357885,,Pablo Fornals,Pablo Fornals,Real Betis Balompié,ES1,Central Midfield,MID,30,8000000,30000000,8000000,0,0,48000000,,87.88,88,0,0,0,0,,87.88,88,first_team,
tbg-tm-00358166,358166,,Eldor Shomurodov,Eldor Shomurodov,Basaksehir FK,TR1,Centre-Forward,ATT,31,7000000,14000000,7000000,95,45,37710000,,87.68,88,0,0.2,0,0.2,+0.2: major international experience,87.88,88,first_team,
tbg-tm-00148367,148367,,Christian Norgaard,Christian Nørgaard,Arsenal FC,GB1,Defensive Midfield,DEF,32,5000000,20000000,7000000,0,0,19350000,88,87.87,88,0,0,0,0,,87.87,88,first_team,0
tbg-tm-00926952,926952,,Patrick Dorgu,Patrick Dorgu,Manchester United,GB1,Left Winger,ATT,21,35000000,35000000,35000000,14,4,30220000,,87.87,88,0,0,0,0,,87.87,88,first_team,
tbg-tm-00301238,301238,,Michele Di Gregorio,Michele Di Gregorio,Juventus FC,IT1,Goalkeeper,GK,28,10000000,18000000,14000000,0,0,25000000,,87.77,88,0.1,0,0,0.1,+0.1: goalkeeper longevity stability,87.87,88,first_team,
tbg-tm-00046413,46413,,Ante Budimir,Ante Budimir,CA Osasuna,ES1,Centre-Forward,ATT,34,2800000,15000000,3000000,41,7,16020000,,87.91,88,-0.15,0.1,0,-0.05,-0.15: late-career low-market ability caution | +0.1: established international experience,87.86,88,first_team,
tbg-tm-00579930,579930,,Armand Laurienté,Armand Laurienté,US Sassuolo,IT1,Left Winger,ATT,27,19000000,19000000,18000000,0,0,13100000,,87.86,88,0,0,0,0,,87.86,88,first_team,
tbg-tm-00226012,226012,,David Soria,David Soria,Getafe CF,ES1,Goalkeeper,GK,33,2800000,18000000,3000000,0,0,3000000,,87.76,88,0.1,0,0,0.1,+0.1: goalkeeper longevity stability,87.86,88,first_team,
tbg-tm-00099922,99922,,Marc Bartra,Marc Bartra,Real Betis Balompié,ES1,Centre-Back,DEF,35,900000,22000000,1000000,0,0,19750000,,88,88,-0.15,0,0,-0.15,-0.15: late-career low-market ability caution,87.85,88,first_team,
tbg-tm-00413220,413220,,James Justin,James Justin,Leeds United,GB1,Right-Back,DEF,28,12000000,25000000,12000000,0,0,16000000,,87.85,88,0,0,0,0,,87.85,88,first_team,
tbg-tm-00323167,323167,,Matteo Gabbia,Matteo Gabbia,AC Milan,IT1,Centre-Back,DEF,26,17000000,20000000,20000000,0,0,0,,87.85,88,0,0,0,0,,87.85,88,first_team,
tbg-tm-00165467,165467,,Stole Dimitrievski,Stole Dimitrievski,Valencia CF,ES1,Goalkeeper,GK,32,2000000,4000000,2000000,90,0,1500000,,87.55,88,0.1,0.2,0,0.3,+0.1: goalkeeper longevity stability | +0.2: major international experience,87.85,88,first_team,
tbg-tm-00177467,177467,,Gerard Moreno,Gerard Moreno,Villarreal CF,ES1,Centre-Forward,ATT,34,2500000,40000000,2800000,0,0,21500000,,88.14,88,-0.3,0,0,-0.3,-0.15: late-career low-market ability caution | -0.15: large fall from peak current-ability caution,87.84,88,first_team,
tbg-tm-00372246,372246,,Carlos Soler,Carlos Soler,Real Sociedad,ES1,Central Midfield,MID,29,7000000,50000000,8000000,0,0,24000000,,87.84,88,0,0,0,0,,87.84,88,first_team,
tbg-tm-00572265,572265,,Lorenzo Lucca,Lorenzo Lucca,SSC Napoli,IT1,Centre-Forward,ATT,25,20000000,30000000,25000000,0,0,49450000,,87.84,88,0,0,0,0,,87.84,88,first_team,
tbg-tm-00587335,587335,,Milan van Ewijk,Milan van Ewijk,Coventry City,GB1,Right-Back,DEF,25,22000000,22000000,18000000,0,0,5950000,,87.84,88,0,0,0,0,,87.84,88,first_team,
tbg-tm-00273132,273132,,Robin Gosens,Robin Gosens,ACF Fiorentina,IT1,Left-Back,DEF,32,4000000,35000000,4500000,0,0,49525000,,87.84,88,0,0,0,0,,87.84,88,first_team,
tbg-tm-00121985,121985,,Juan Guilherme Nunes Jesus,Juan Guilherme Nunes Jesus,Without Club,,Centre-Back,DEF,35,1500000,14000000,1500000,0,0,13800000,,87.98,88,-0.15,0,0,-0.15,-0.15: late-career low-market ability caution,87.83,88,first_team,
tbg-tm-00272622,272622,,Issa Diop,Issa Diop,Fulham FC,GB1,Centre-Back,DEF,29,8000000,35000000,10000000,8,1,42800000,,87.83,88,0,0,0,0,,87.83,88,first_team,
tbg-tm-00900195,900195,,Kevin Santos Lopes de Macedo,Kevin Santos Lopes de Macedo,Fulham FC,GB1,Left Winger,ATT,23,25000000,30000000,30000000,0,0,54925000,,87.83,88,0,0,0,0,,87.83,88,first_team,
tbg-tm-00661207,661207,,Oscar Bobb,Oscar Bobb,Fulham FC,GB1,Right Winger,ATT,22,28000000,30000000,30000000,24,2,31200000,,87.83,88,0,0,0,0,,87.83,88,first_team,
tbg-tm-00212723,212723,,Djibril Sow,Djibril Sow,Sevilla FC,ES1,Central Midfield,MID,29,7500000,22000000,7500000,54,0,27500000,,87.73,88,0,0.1,0,0.1,+0.1: established international experience,87.83,88,first_team,
tbg-tm-00227961,227961,,Jaime Mata,Jaime Mata,Without Club,,Centre-Forward,ATT,37,100000,10000000,100000,0,0,0,,87.97,88,-0.15,0,0,-0.15,-0.15: late-career low-market ability caution,87.82,88,first_team,
tbg-tm-00315291,315291,,Haji Wright,Haji Wright,Coventry City,GB1,Centre-Forward,ATT,28,16000000,16000000,14000000,21,7,12880000,,87.82,88,0,0,0,0,,87.82,88,first_team,
tbg-tm-00895937,895937,,Marco Palestra,Marco Palestra,Chelsea FC,GB1,Right-Back,DEF,21,35000000,35000000,30000000,0,0,58100000,88,87.82,88,0,0,0,0,,87.82,88,first_team,0
tbg-tm-00466810,466810,,Ansu Fati,Ansu Fati,AS Monaco,FR1,Left Winger,ATT,23,15000000,80000000,15000000,0,0,11000000,,87.64,88,0,0.18,0,0.18,+0.18: historic high-level market prestige,87.82,88,first_team,
tbg-tm-00459463,459463,,Cucho Hernández,Cucho Hernández,Real Betis Balompié,ES1,Centre-Forward,ATT,27,18000000,18000000,18000000,10,2,22545000,,87.81,88,0,0,0,0,,87.81,88,first_team,
tbg-tm-00679423,679423,,Tarik Muharemović,Tarik Muharemović,US Sassuolo,IT1,Centre-Back,DEF,23,25000000,25000000,20000000,17,1,2000000,,87.81,88,0,0,0,0,,87.81,88,first_team,
tbg-tm-00532937,532937,,Johan Vásquez,Johan Vásquez,Genoa CFC,IT1,Centre-Back,DEF,27,12000000,14000000,13000000,49,3,9800000,,87.71,88,0,0.1,0,0.1,+0.1: established international experience,87.81,88,first_team,
tbg-tm-00340329,340329,,Joe Willock,Joe Willock,Newcastle United,GB1,Central Midfield,MID,26,14000000,38000000,16000000,0,0,29400000,88,87.8,88,0,0,0,0,,87.8,88,first_team,0
tbg-tm-00691316,691316,,Luis Henrique Tomaz de Lima,Luis Henrique Tomaz de Lima,Inter Milan,IT1,Right Midfield,MID,24,22000000,25000000,23000000,0,0,30800000,,87.8,88,0,0,0,0,,87.8,88,first_team,
tbg-tm-00849520,849520,,Santiago Castro,Santiago Castro,Bologna FC 1909,IT1,Centre-Forward,ATT,21,32000000,35000000,35000000,0,0,13200000,,87.8,88,0,0,0,0,,87.8,88,first_team,
tbg-tm-00245056,245056,,Saša Lukić,Saša Lukić,Fulham FC,GB1,Central Midfield,MID,29,10000000,15000000,12000000,0,0,11500000,88,87.8,88,0,0,0,0,,87.8,88,first_team,0
tbg-tm-00735571,735571,,Rodrigo Muniz Carvalho,Rodrigo Muniz Carvalho,Fulham FC,GB1,Centre-Forward,ATT,25,20000000,25000000,25000000,0,0,8000000,,87.79,88,0,0,0,0,,87.79,88,first_team,
tbg-tm-00131978,131978,,Ross Barkley,Ross Barkley,Aston Villa,GB1,Central Midfield,MID,32,4000000,30000000,5000000,0,0,22700000,88,87.79,88,0,0,0,0,,87.79,88,first_team,0
tbg-tm-00146310,146310,,Wataru Endo,Wataru Endo,Liverpool FC,GB1,Defensive Midfield,DEF,33,4000000,13000000,5000000,0,0,22000000,88,87.79,88,0,0,0,0,,87.79,88,first_team,0
tbg-tm-00559328,559328,,Emanuel Emegha,Emmanuel Emegha,Chelsea FC,GB1,Centre-Forward,ATT,23,25000000,28000000,28000000,0,0,18240000,88,87.78,88,0,0,0,0,,87.78,88,first_team,0
tbg-tm-00352041,352041,,Lucas Perri,Lucas Perri,Leeds United,GB1,Goalkeeper,GK,28,10000000,16000000,13000000,0,0,22850000,87,87.68,88,0.1,0,0,0.1,+0.1: goalkeeper longevity stability,87.78,88,first_team,1
tbg-tm-00127108,127108,,Florian Lejeune,Florian Lejeune,Rayo Vallecano,ES1,Centre-Back,DEF,35,1800000,8000000,2000000,0,0,15300000,,87.92,88,-0.15,0,0,-0.15,-0.15: late-career low-market ability caution,87.77,88,first_team,
tbg-tm-00342385,342385,,Guido Rodríguez,Guido Rodríguez,Valencia CF,ES1,Defensive Midfield,DEF,32,4000000,28000000,5000000,0,0,12025000,,87.77,88,0,0,0,0,,87.77,88,first_team,
tbg-tm-00550108,550108,,Nicola Zalewski,Nicola Zalewski,Atalanta BC,IT1,Left Midfield,MID,24,20000000,20000000,20000000,36,4,26100000,,87.67,88,0,0.1,0,0.1,+0.1: established international experience,87.77,88,first_team,
tbg-tm-00161011,161011,,Filip Kostić,Filip Kostić,Without Club,,Left Midfield,MID,33,2000000,40000000,3500000,0,0,42850000,,87.91,88,-0.15,0,0,-0.15,-0.15: large fall from peak current-ability caution,87.76,88,first_team,
tbg-tm-00206746,206746,,Kenny Tete,Kenny Tete,Fulham FC,GB1,Right-Back,DEF,30,8000000,15000000,11000000,0,0,7200000,88,87.76,88,0,0,0,0,,87.76,88,first_team,0
tbg-tm-00165895,165895,,Matteo Politano,Matteo Politano,SSC Napoli,IT1,Right Winger,ATT,32,5000000,30000000,8000000,0,0,60000000,,87.76,88,0,0,0,0,,87.76,88,first_team,
tbg-tm-00221322,221322,,José Gayà,José Gayà,Valencia CF,ES1,Left-Back,DEF,31,4000000,50000000,5000000,0,0,0,,87.9,88,-0.15,0,0,-0.15,-0.15: large fall from peak current-ability caution,87.75,88,first_team,
tbg-tm-00319745,319745,,Dani Ceballos,Dani Ceballos,Without Club,,Central Midfield,MID,29,7000000,45000000,8000000,0,0,16500000,,87.74,88,0,0,0,0,,87.74,88,first_team,
tbg-tm-00495667,495667,,Lucas Da Cunha,Lucas Da Cunha,Como 1907,IT1,Central Midfield,MID,25,20000000,20000000,20000000,0,0,1750000,,87.73,88,0,0,0,0,,87.73,88,first_team,
tbg-tm-00616631,616631,,Matteo Ruggeri,Matteo Ruggeri,Atlético de Madrid,ES1,Left-Back,DEF,23,28000000,28000000,20000000,0,0,17000000,,87.73,88,0,0,0,0,,87.73,88,first_team,
tbg-tm-00291417,291417,,Ferland Mendy,Ferland Mendy,Real Madrid,ES1,Left-Back,DEF,31,4000000,50000000,6000000,0,0,53000000,,87.86,88,-0.15,0,0,-0.15,-0.15: large fall from peak current-ability caution,87.71,88,first_team,
tbg-tm-00463603,463603,,Benoît Badiashile,Benoît Badiashile,Chelsea FC,GB1,Centre-Back,DEF,25,15000000,40000000,18000000,0,0,38000000,88,87.71,88,0,0,0,0,,87.71,88,first_team,0
tbg-tm-00935230,935230,,Gonzalo García,Gonzalo García,Real Madrid,ES1,Centre-Forward,ATT,22,30000000,30000000,30000000,7,6,0,,87.71,88,0,0,0,0,,87.71,88,first_team,
tbg-tm-00240692,240692,,Reinildo Mandava,Reinildo Mandava,Sunderland AFC,GB1,Left-Back,DEF,32,4000000,25000000,5000000,0,0,6000000,,87.71,88,0,0,0,0,,87.71,88,first_team,
tbg-tm-00118997,118997,,Aitor Fernández,Aitor Fernández,CA Osasuna,ES1,Goalkeeper,GK,35,500000,10000000,600000,0,0,1200000,,87.75,88,-0.05,0,0,-0.05,-0.15: late-career low-market ability caution | +0.1: goalkeeper longevity stability,87.7,88,first_team,
tbg-tm-00246968,246968,,Ayoze Pérez,Ayoze Pérez,Villarreal CF,ES1,Centre-Forward,ATT,32,5000000,30000000,6000000,0,0,39400000,,87.7,88,0,0,0,0,,87.7,88,first_team,
tbg-tm-00423744,423744,,Billy Gilmour,Billy Gilmour,SSC Napoli,IT1,Defensive Midfield,DEF,25,20000000,20000000,20000000,0,0,24750000,,87.7,88,0,0,0,0,,87.7,88,first_team,
tbg-tm-00584769,584769,,Dwight Mcneil,Dwight McNeil,Everton FC,GB1,Left Winger,ATT,26,18000000,25000000,20000000,0,0,17000000,88,87.7,88,0,0,0,0,,87.7,88,first_team,0
tbg-tm-00805714,805714,,Renato Veiga,Renato Veiga,Villarreal CF,ES1,Centre-Back,DEF,22,25000000,25000000,25000000,17,1,47350000,,87.7,88,0,0,0,0,,87.7,88,first_team,
tbg-tm-00432298,432298,,Zion Suzuki,Zion Suzuki,Parma Calcio 1913,IT1,Goalkeeper,GK,23,20000000,20000000,20000000,28,0,12200000,,87.58,88,0.1,0,0,0.1,+0.1: goalkeeper longevity stability,87.68,88,first_team,
tbg-tm-00075411,75411,,Carlo Pinsoglio,Carlo Pinsoglio,Juventus FC,IT1,Goalkeeper,GK,36,200000,1000000,200000,0,0,2300000,,87.72,88,-0.05,0,0,-0.05,-0.15: late-career low-market ability caution | +0.1: goalkeeper longevity stability,87.67,88,first_team,
tbg-tm-00303657,303657,,Ionuț Radu,Ionuț Radu,Celta de Vigo,ES1,Goalkeeper,GK,29,9000000,15000000,8000000,0,0,18500000,,87.57,88,0.1,0,0,0.1,+0.1: goalkeeper longevity stability,87.67,88,first_team,
tbg-tm-00203043,203043,,Pedro Bigas,Pedro Bigas,Elche CF,ES1,Centre-Back,DEF,36,300000,5000000,400000,0,0,3000000,,87.81,88,-0.15,0,0,-0.15,-0.15: late-career low-market ability caution,87.66,88,first_team,
tbg-tm-00249730,249730,,Guillermo Maripán,Guillermo Maripán,Without Club,,Centre-Back,DEF,32,2000000,15000000,3000000,62,2,25100000,,87.46,87,0,0.2,0,0.2,+0.2: major international experience,87.66,88,first_team,
tbg-tm-00123275,123275,,Tom Cairney,Tom Cairney,Fulham FC,GB1,Central Midfield,MID,35,500000,18000000,750000,0,0,4200000,,87.8,88,-0.15,0,0,-0.15,-0.15: late-career low-market ability caution,87.65,88,first_team,
tbg-tm-00648046,648046,,Evan Ferguson,Evan Ferguson,Brighton & Hove Albion,GB1,Centre-Forward,ATT,21,20000000,65000000,25000000,0,0,3000000,88,87.64,88,0,0,0,0,,87.64,88,first_team,0
tbg-tm-00455181,455181,,Jorge de Frutos,Jorge de Frutos,Rayo Vallecano,ES1,Right Winger,ATT,29,12000000,15000000,12000000,0,0,14100000,,87.64,88,0,0,0,0,,87.64,88,first_team,
tbg-tm-00362842,362842,,Arthur Henrique Ramos de Oliveira Melo,Arthur Henrique Ramos de Oliveira Melo,Juventus FC,IT1,Central Midfield,MID,29,4000000,70000000,4000000,0,0,118800000,,87.31,87,0,0.33,0,0.33,+0.18: historic high-level market prestige | +0.15: major lifetime transfer-fee signal,87.64,88,first_team,
tbg-tm-00442248,442248,,Ethan Pinnock,Ethan Pinnock,Brentford FC,GB1,Centre-Back,DEF,33,3000000,15000000,4000000,0,0,3920000,,87.63,88,0,0,0,0,,87.63,88,first_team,
tbg-tm-00662476,662476,,Jack Rudoni,Jack Rudoni,Coventry City,GB1,Attacking Midfield,MID,25,20000000,20000000,18000000,0,0,7840000,,87.63,88,0,0,0,0,,87.63,88,first_team,
tbg-tm-00357992,357992,,Raoul Bellanova,Raoul Bellanova,Atalanta BC,IT1,Right Midfield,MID,26,15000000,24000000,18000000,0,0,35890000,,87.63,88,0,0,0,0,,87.63,88,first_team,
tbg-tm-00338070,338070,,Kostas Tsimikas,Konstantinos Tsimikas,Liverpool FC,GB1,Left-Back,DEF,30,4500000,22000000,8000000,51,2,13035000,88,87.53,88,0,0.1,0,0.1,+0.1: established international experience,87.63,88,first_team,0
tbg-tm-00085177,85177,,Nathaniel Clyne,Nathaniel Clyne,Crystal Palace,GB1,Right-Back,DEF,35,300000,21000000,500000,0,0,20900000,,87.77,88,-0.15,0,0,-0.15,-0.15: late-career low-market ability caution,87.62,88,first_team,
tbg-tm-00565822,565822,,Harvey Elliott,Harvey Elliott,Liverpool FC,GB1,Attacking Midfield,MID,23,20000000,35000000,22000000,0,0,1700000,88,87.61,88,0,0,0,0,,87.61,88,first_team,0
tbg-tm-00380350,380350,,Igor Julio dos Santos de Paulo,Igor Julio dos Santos de Paulo,Brighton & Hove Albion,GB1,Centre-Back,DEF,28,10000000,22000000,12000000,0,0,28550000,,87.61,88,0,0,0,0,,87.61,88,first_team,
tbg-tm-00689505,689505,,Johnny Cardoso,Johnny Cardoso,Atlético de Madrid,ES1,Central Midfield,MID,24,20000000,25000000,22000000,0,0,30000000,,87.61,88,0,0,0,0,,87.61,88,first_team,
tbg-tm-00110923,110923,,Mattia Perin,Mattia Perin,Juventus FC,IT1,Goalkeeper,GK,33,2000000,18000000,2000000,0,0,17321000,,87.51,88,0.1,0,0,0.1,+0.1: goalkeeper longevity stability,87.61,88,first_team,
tbg-tm-00464469,464469,,Torbjørn Heggem,Torbjørn Heggem,Bologna FC 1909,IT1,Centre-Back,DEF,27,13000000,14000000,14000000,19,0,8100000,,87.6,88,0,0,0,0,,87.6,88,first_team,
tbg-tm-00248738,248738,,Sergio Herrera,Sergio Herrera,CA Osasuna,ES1,Goalkeeper,GK,33,2800000,8000000,3000000,0,0,300000,,87.5,88,0.1,0,0,0.1,+0.1: goalkeeper longevity stability,87.6,88,first_team,
tbg-tm-00711544,711544,,Jake O'Brien,Jake O'Brien,Everton FC,GB1,Right-Back,DEF,25,18000000,18000000,18000000,17,0,20500000,,87.59,88,0,0,0,0,,87.59,88,first_team,
tbg-tm-00406634,406634,,Matt O'Riley,Matt O'Riley,Brighton & Hove Albion,GB1,Central Midfield,MID,25,18000000,22000000,20000000,0,0,33300000,,87.59,88,0,0,0,0,,87.59,88,first_team,
tbg-tm-00432090,432090,,Nicolò Fagioli,Nicolò Fagioli,ACF Fiorentina,IT1,Central Midfield,MID,25,16000000,35000000,16000000,0,0,16650000,,87.59,88,0,0,0,0,,87.59,88,first_team,
tbg-tm-00496857,496857,,Edon Zhegrova,Edon Zhegrova,Juventus FC,IT1,Right Winger,ATT,27,10000000,25000000,14000000,46,5,25500000,,87.49,87,0,0.1,0,0.1,+0.1: established international experience,87.59,88,first_team,
tbg-tm-00128899,128899,,Jack Butland,Jack Butland,Hull City,GB1,Goalkeeper,GK,33,1500000,22000000,1500000,0,0,8400000,,87.49,87,0.1,0,0,0.1,+0.1: goalkeeper longevity stability,87.59,88,first_team,
tbg-tm-00636385,636385,,Yeremay Hernández,Yeremay Hernández,Deportivo A Coruña,ES1,Left Winger,ATT,23,25000000,25000000,25000000,0,0,0,,87.58,88,0,0,0,0,,87.58,88,first_team,
tbg-tm-00093935,93935,,Sergio Escudero,Sergio Escudero,Real Zaragoza,E3G2,Left-Back,DEF,36,100000,7500000,100000,0,0,7000000,,87.72,88,-0.15,0,0,-0.15,-0.15: late-career low-market ability caution,87.57,88,first_team,
tbg-tm-00102423,102423,,Leandro Cabrera,Leandro Cabrera,RCD Espanyol Barcelona,ES1,Centre-Back,DEF,35,900000,10000000,1000000,0,0,11100000,,87.71,88,-0.15,0,0,-0.15,-0.15: late-career low-market ability caution,87.56,88,first_team,
tbg-tm-00142310,142310,,Willy Boly,Willy Boly,Without Club,,Centre-Back,DEF,35,300000,18000000,500000,0,0,21100000,,87.71,88,-0.15,0,0,-0.15,-0.15: late-career low-market ability caution,87.56,88,first_team,
tbg-tm-00489359,489359,,Ao Tanaka,Ao Tanaka,Leeds United,GB1,Central Midfield,MID,27,13000000,13000000,10000000,41,8,5100000,,87.46,87,0,0.1,0,0.1,+0.1: established international experience,87.56,88,first_team,
tbg-tm-00948278,948278,,Jacobo Ramón,Jacobo Ramón,Como 1907,IT1,Centre-Back,DEF,21,30000000,30000000,25000000,0,0,2500000,,87.55,88,0,0,0,0,,87.55,88,first_team,
tbg-tm-00345886,345886,,Rubén Vargas,Rubén Vargas,Sevilla FC,ES1,Left Winger,ATT,27,12000000,13000000,12000000,65,13,6500000,,87.35,87,0,0.2,0,0.2,+0.2: major international experience,87.55,88,first_team,
tbg-tm-00638793,638793,,Tajon Buchanan,Tajon Buchanan,Villarreal CF,ES1,Right Winger,ATT,27,12000000,12000000,12000000,65,8,23727272,,87.35,87,0,0.2,0,0.2,+0.2: major international experience,87.55,88,first_team,
tbg-tm-00073564,73564,,Jason Steele,Jason Steele,Brighton & Hove Albion,GB1,Goalkeeper,GK,35,500000,4000000,750000,0,0,1685000,,87.59,88,-0.05,0,0,-0.05,-0.15: late-career low-market ability caution | +0.1: goalkeeper longevity stability,87.54,88,first_team,
tbg-tm-00278359,278359,,Borja Iglesias,Borja Iglesias,Celta de Vigo,ES1,Centre-Forward,ATT,33,2800000,28000000,3000000,8,0,41000000,,87.54,88,0,0,0,0,,87.54,88,first_team,
tbg-tm-00143812,143812,,Matías Vecino,Matías Vecino,Celta de Vigo,ES1,Central Midfield,MID,34,1000000,25000000,1500000,0,0,26627283,,87.68,88,-0.15,0,0,-0.15,-0.15: late-career low-market ability caution,87.53,88,first_team,
tbg-tm-00123536,123536,,Simon Moore,Simon Moore,Sunderland AFC,GB1,Goalkeeper,GK,36,75000,500000,100000,0,0,755000,,87.58,88,-0.05,0,0,-0.05,-0.15: late-career low-market ability caution | +0.1: goalkeeper longevity stability,87.53,88,first_team,
tbg-tm-00525299,525299,,Miguel Gutiérrez,Miguel Gutiérrez,SSC Napoli,IT1,Left-Back,DEF,24,22000000,25000000,17000000,0,0,29000000,,87.53,88,0,0,0,0,,87.53,88,first_team,
tbg-tm-00242359,242359,,Juan Musso,Juan Musso,Atlético de Madrid,ES1,Goalkeeper,GK,32,3000000,20000000,3000000,4,0,29000000,,87.43,87,0.1,0,0,0.1,+0.1: goalkeeper longevity stability,87.53,88,first_team,
tbg-tm-00351816,351816,,Ismaël Bennacer,Ismaël Bennacer,AC Milan,IT1,Defensive Midfield,DEF,28,8000000,40000000,9000000,0,0,19450000,,87.52,88,0,0,0,0,,87.52,88,first_team,
tbg-tm-00611793,611793,,James Hill,James Hill,AFC Bournemouth,GB1,Centre-Back,DEF,24,23000000,23000000,15000000,0,0,1200000,,87.5,88,0,0,0,0,,87.5,88,first_team,
tbg-tm-00564785,564785,,Kristian Thorstvedt,Kristian Thorstvedt,US Sassuolo,IT1,Central Midfield,MID,27,12000000,12000000,10000000,39,4,11660000,,87.39,87,0,0.1,0,0.1,+0.1: established international experience,87.49,87,first_team,
tbg-tm-00081512,81512,,Christian Kabasele,Christian Kabasele,Udinese Calcio,IT1,Centre-Back,DEF,35,750000,9000000,800000,0,0,13450000,,87.63,88,-0.15,0,0,-0.15,-0.15: late-career low-market ability caution,87.48,87,first_team,
tbg-tm-01005575,1005575,,Vitor Reis,Vitor Reis,Manchester City,GB1,Centre-Back,DEF,20,30000000,30000000,30000000,0,0,37000000,,87.48,87,0,0,0,0,,87.48,87,first_team,
tbg-tm-00197300,197300,,Federico Bernardeschi,Federico Bernardeschi,Bologna FC 1909,IT1,Right Winger,ATT,32,3500000,45000000,3500000,0,0,40000000,,87.62,88,-0.15,0,0,-0.15,-0.15: large fall from peak current-ability caution,87.47,87,first_team,
tbg-tm-00315145,315145,,Azor Matusiwa,Azor Matusiwa,Ipswich Town,GB1,Defensive Midfield,DEF,28,12000000,13000000,11000000,0,0,31700000,,87.47,87,0,0,0,0,,87.47,87,first_team,
tbg-tm-00451747,451747,,Brandon Thomas-Asante,Brandon Thomas-Asante,Coventry City,GB1,Centre-Forward,ATT,27,16000000,16000000,14000000,10,1,3295000,,87.47,87,0,0,0,0,,87.47,87,first_team,
tbg-tm-00484988,484988,,Logan Costa,Logan Costa,Villarreal CF,ES1,Centre-Back,DEF,25,15000000,18000000,18000000,28,0,18500000,,87.47,87,0,0,0,0,,87.47,87,first_team,
tbg-tm-00308279,308279,,Rolando Mandragora,Rolando Mandragora,ACF Fiorentina,IT1,Defensive Midfield,DEF,29,9000000,15000000,10000000,0,0,53350000,,87.45,87,0,0,0,0,,87.45,87,first_team,
tbg-tm-00289446,289446,,Yerry Mina,Yerry Mina,Cagliari Calcio,IT1,Centre-Back,DEF,31,2500000,30000000,3000000,54,8,46350000,,87.35,87,0,0.1,0,0.1,+0.1: established international experience,87.45,87,first_team,
tbg-tm-00282388,282388,,Giovanni Simeone,Giovanni Simeone,Torino FC,IT1,Centre-Forward,ATT,31,7000000,25000000,5000000,0,0,73720000,,87.44,87,0,0,0,0,,87.44,87,first_team,
tbg-tm-00867688,867688,,Jack Hinshelwood,Jack Hinshelwood,Brighton & Hove Albion,GB1,Defensive Midfield,DEF,21,28000000,28000000,22000000,11,0,0,88,87.44,87,0,0,0,0,,87.44,87,first_team,-1
tbg-tm-00093936,93936,,Kike García,Kike García,RCD Espanyol Barcelona,ES1,Centre-Forward,ATT,36,700000,3000000,800000,0,0,4250000,,87.58,88,-0.15,0,0,-0.15,-0.15: late-career low-market ability caution,87.43,87,first_team,
tbg-tm-00184767,184767,,Ximo Navarro,Ximo Navarro,Deportivo A Coruña,ES1,Right-Back,DEF,36,100000,3000000,100000,0,0,1500000,,87.58,88,-0.15,0,0,-0.15,-0.15: late-career low-market ability caution,87.43,87,first_team,
tbg-tm-00466801,466801,,Sergi Altimira,Sergi Altimira,Sporting CP,PO1,Central Midfield,MID,24,20000000,20000000,20000000,0,0,20000000,,87.41,87,0,0,0,0,,87.41,87,first_team,
tbg-tm-00591949,591949,,Aaron Hickey,Aaron Hickey,Brentford FC,GB1,Right-Back,DEF,24,16000000,30000000,16000000,22,0,15950000,,87.4,87,0,0,0,0,,87.4,87,first_team,
tbg-tm-00345590,345590,,Jens Odgaard,Jens Odgaard,Bologna FC 1909,IT1,Attacking Midfield,MID,27,12000000,15000000,15000000,0,0,16260000,,87.4,87,0,0,0,0,,87.4,87,first_team,
tbg-tm-00388516,388516,,Josep Martínez,Josep Martínez,Inter Milan,IT1,Goalkeeper,GK,28,10000000,12000000,7500000,0,0,20000000,,87.3,87,0.1,0,0,0.1,+0.1: goalkeeper longevity stability,87.4,87,first_team,
tbg-tm-00076467,76467,,Kiko Femenía,Kiko Femenía,Getafe CF,ES1,Right-Back,DEF,35,700000,6000000,800000,0,0,2980000,,87.54,88,-0.15,0,0,-0.15,-0.15: late-career low-market ability caution,87.39,87,first_team,
tbg-tm-00094308,94308,,Marko Dmitrovic,Marko Dmitrovic,RCD Espanyol Barcelona,ES1,Goalkeeper,GK,34,700000,12000000,800000,0,0,1000000,,87.44,87,-0.05,0,0,-0.05,-0.15: late-career low-market ability caution | +0.1: goalkeeper longevity stability,87.39,87,first_team,
tbg-tm-00855308,855308,,Arthur Atta,Arthur Atta,Udinese Calcio,IT1,Central Midfield,MID,23,25000000,25000000,15000000,0,0,8000000,,87.39,87,0,0,0,0,,87.39,87,first_team,
tbg-tm-00395237,395237,,Maxence Caqueret,Maxence Caqueret,Como 1907,IT1,Central Midfield,MID,26,13000000,25000000,15000000,0,0,15000000,,87.39,87,0,0,0,0,,87.39,87,first_team,
tbg-tm-00197929,197929,,Ivan Provedel,Ivan Provedel,SS Lazio,IT1,Goalkeeper,GK,32,3000000,14000000,3000000,0,0,3750000,,87.29,87,0.1,0,0,0.1,+0.1: goalkeeper longevity stability,87.39,87,first_team,
tbg-tm-00111195,111195,,Joël Veltman,Joël Veltman,Without Club,,Right-Back,DEF,34,1500000,10000000,2500000,0,0,1000000,87,87.53,88,-0.15,0,0,-0.15,-0.15: late-career low-market ability caution,87.38,87,first_team,0
tbg-tm-00199976,199976,,Marco Sportiello,Marco Sportiello,Atalanta BC,IT1,Goalkeeper,GK,34,800000,10000000,1000000,0,0,1430000,,87.43,87,-0.05,0,0,-0.05,-0.15: late-career low-market ability caution | +0.1: goalkeeper longevity stability,87.38,87,first_team,
tbg-tm-00672381,672381,,Jonathan Rowe,Jonathan Rowe,Bologna FC 1909,IT1,Left Winger,ATT,23,28000000,28000000,20000000,0,0,33500000,,87.38,87,0,0,0,0,,87.38,87,first_team,
tbg-tm-00205562,205562,,Thomas Lemar,Thomas Lemar,Atlético de Madrid,ES1,Attacking Midfield,MID,30,1800000,70000000,2000000,0,0,76000000,,87.2,87,0,0.18,0,0.18,+0.18: historic high-level market prestige,87.38,87,first_team,
tbg-tm-00074294,74294,,Nemanja Gudelj,Nemanja Gudelj,Without Club,,Defensive Midfield,DEF,34,2000000,7000000,2500000,0,0,21800000,,87.51,88,-0.15,0,0,-0.15,-0.15: late-career low-market ability caution,87.36,87,first_team,
tbg-tm-00780136,780136,,Aleksandar Stanković,Aleksandar Stanković,Inter Milan,IT1,Defensive Midfield,DEF,20,32000000,32000000,25000000,8,1,37300000,,87.36,87,0,0,0,0,,87.36,87,first_team,
tbg-tm-00315865,315865,,Andrea Pinamonti,Andrea Pinamonti,US Sassuolo,IT1,Centre-Forward,ATT,27,15000000,20000000,15000000,0,0,63000000,,87.36,87,0,0,0,0,,87.36,87,first_team,
tbg-tm-00340324,340324,,Eddie Nketiah,Eddie Nketiah,Crystal Palace,GB1,Centre-Forward,ATT,27,10000000,35000000,14000000,0,0,29700000,,87.36,87,0,0,0,0,,87.36,87,first_team,
tbg-tm-00207014,207014,,Will Hughes,Will Hughes,Crystal Palace,GB1,Central Midfield,MID,31,5000000,18000000,6000000,0,0,16100000,,87.36,87,0,0,0,0,,87.36,87,first_team,
tbg-tm-00061841,61841,,Adam Smith,Adam Smith,AFC Bournemouth,GB1,Right-Back,DEF,35,300000,9000000,500000,0,0,0,,87.5,87,-0.15,0,0,-0.15,-0.15: late-career low-market ability caution,87.35,87,first_team,
tbg-tm-01018920,1018920,,Marc Bernal,Marc Bernal,FC Barcelona,ES1,Defensive Midfield,DEF,19,30000000,30000000,30000000,2,0,0,,87.35,87,0,0,0,0,,87.35,87,first_team,
tbg-tm-00341227,341227,,Juan Miranda,Juan Miranda,Bologna FC 1909,IT1,Left-Back,DEF,26,15000000,15000000,15000000,0,0,0,,87.34,87,0,0,0,0,,87.34,87,first_team,
tbg-tm-00239802,239802,,Adam Marusic,Adam Marusic,SS Lazio,IT1,Right-Back,DEF,33,2500000,10000000,3000000,0,0,7950000,,87.33,87,0,0,0,0,,87.33,87,first_team,
tbg-tm-00707844,707844,,Mandela Keita,Mandela Keita,Parma Calcio 1913,IT1,Defensive Midfield,DEF,24,20000000,20000000,18000000,0,0,19900000,,87.33,87,0,0,0,0,,87.33,87,first_team,
tbg-tm-00801734,801734,,Mathys Tel,Mathys Tel,Tottenham Hotspur,GB1,Centre-Forward,ATT,21,22000000,50000000,25000000,0,0,65000000,,87.33,87,0,0,0,0,,87.33,87,first_team,
tbg-tm-00543387,543387,,Cheick Doucouré,Cheick Doucouré,Crystal Palace,GB1,Defensive Midfield,DEF,26,10000000,35000000,13000000,0,0,22600000,87,87.32,87,0,0,0,0,,87.32,87,first_team,0
tbg-tm-00813137,813137,,Niccolò Pisilli,Niccolò Pisilli,AS Roma,IT1,Central Midfield,MID,21,30000000,30000000,20000000,4,0,0,,87.32,87,0,0,0,0,,87.32,87,first_team,
tbg-tm-00225122,225122,,Gonçalo Guedes,Gonçalo Guedes,Real Sociedad,ES1,Left Winger,ATT,29,6000000,40000000,6000000,34,8,106600000,,87.07,87,0,0.25,0,0.25,+0.1: established international experience | +0.15: major lifetime transfer-fee signal,87.32,87,first_team,
tbg-tm-00367284,367284,,Leo Østigård,Leo Østigård,Genoa CFC,IT1,Centre-Back,DEF,26,13000000,13000000,10000000,41,2,15480000,,87.21,87,0,0.1,0,0.1,+0.1: established international experience,87.31,87,first_team,
tbg-tm-00355628,355628,,Igor Zubeldia,Igor Zubeldia,Real Sociedad,ES1,Centre-Back,DEF,29,6000000,30000000,9000000,0,0,0,,87.29,87,0,0,0,0,,87.29,87,first_team,
tbg-tm-00559794,559794,,Jack Clarke,Jack Clarke,Ipswich Town,GB1,Left Winger,ATT,25,20000000,20000000,18000000,0,0,28700000,,87.29,87,0,0,0,0,,87.29,87,first_team,
tbg-tm-00503871,503871,,Morten Frendrup,Morten Frendrup,Genoa CFC,IT1,Defensive Midfield,DEF,25,15000000,20000000,18000000,0,0,4400000,,87.29,87,0,0,0,0,,87.29,87,first_team,
tbg-tm-00830365,830365,,Alisson Santos,Alisson Santos,SSC Napoli,IT1,Left Winger,ATT,23,28000000,28000000,13000000,0,0,22100000,,87.04,87,0,0,0.25,0.25,+0.25: strong recent market rise,87.29,87,first_team,
tbg-tm-00625047,625047,,Beñat Prados,Beñat Prados,Athletic Bilbao,ES1,Central Midfield,MID,25,15000000,20000000,18000000,0,0,0,,87.28,87,0,0,0,0,,87.28,87,first_team,
tbg-tm-01061282,1061282,,Assane Diao,Assane Diao,Como 1907,IT1,Left Winger,ATT,20,30000000,30000000,30000000,6,0,12000000,,87.27,87,0,0,0,0,,87.27,87,first_team,
tbg-tm-00181380,181380,,Arthur Masuaku,Arthur Masuaku,Sunderland AFC,GB1,Left-Back,DEF,32,2000000,10000000,2500000,48,4,9400000,,87.16,87,0,0.1,0,0.1,+0.1: established international experience,87.26,87,first_team,
tbg-tm-00207917,207917,,Alberto Moreno,Alberto Moreno,Without Club,,Left-Back,DEF,34,1000000,15000000,1000000,0,0,18000000,,87.4,87,-0.15,0,0,-0.15,-0.15: late-career low-market ability caution,87.25,87,first_team,
tbg-tm-00246291,246291,,Diego Llorente,Diego Llorente,Real Betis Balompié,ES1,Centre-Back,DEF,32,2500000,25000000,3000000,0,0,34750000,,87.25,87,0,0,0,0,,87.25,87,first_team,
tbg-tm-00596122,596122,,Pep Chavarría,Pep Chavarría,Rayo Vallecano,ES1,Left-Back,DEF,28,10000000,10000000,10000000,0,0,1800000,,87.25,87,0,0,0,0,,87.25,87,first_team,
tbg-tm-00576028,576028,,Thiago Almada,Thiago Almada,Atlético de Madrid,ES1,Left Winger,ATT,25,15000000,27000000,20000000,20,5,59650000,,87.25,87,0,0,0,0,,87.25,87,first_team,
tbg-tm-00834397,834397,,Mike Penders,Mike Penders,Chelsea FC,GB1,Goalkeeper,GK,20,25000000,25000000,22000000,0,0,20000000,87,87.15,87,0.1,0,0,0.1,+0.1: goalkeeper longevity stability,87.25,87,first_team,0
tbg-tm-00535955,535955,,Nuno Tavares,Nuno Tavares,SS Lazio,IT1,Left-Back,DEF,26,12000000,25000000,13000000,0,0,14725000,,87.24,87,0,0,0,0,,87.24,87,first_team,
tbg-tm-00223974,223974,,Stefan Posch,Stefan Posch,Como 1907,IT1,Centre-Back,DEF,29,6000000,14000000,5500000,56,5,12750000,,87.14,87,0,0.1,0,0.1,+0.1: established international experience,87.24,87,first_team,
tbg-tm-00378293,378293,,Yangel Herrera,Yangel Herrera,Real Sociedad,ES1,Central Midfield,MID,28,6000000,25000000,9000000,44,3,17000000,,87.14,87,0,0.1,0,0.1,+0.1: established international experience,87.24,87,first_team,
tbg-tm-00568559,568559,,Radu Drăgușin,Radu Drăgușin,Tottenham Hotspur,GB1,Centre-Back,DEF,24,16000000,25000000,20000000,0,0,37960000,87,87.23,87,0,0,0,0,,87.23,87,first_team,0
tbg-tm-00336125,336125,,Mërgim Vojvoda,Mërgim Vojvoda,Como 1907,IT1,Right-Back,DEF,31,2500000,5500000,3000000,75,3,8400000,,87.03,87,0,0.2,0,0.2,+0.2: major international experience,87.23,87,first_team,
tbg-tm-01004708,1004708,,Josh Acheampong,Josh Acheampong,Chelsea FC,GB1,Right-Back,DEF,20,25000000,25000000,25000000,6,0,0,,87.22,87,0,0,0,0,,87.22,87,first_team,
tbg-tm-00480763,480763,,Juan Foyth,Juan Foyth,Villarreal CF,ES1,Centre-Back,DEF,28,8000000,25000000,10000000,0,0,25500000,,87.21,87,0,0,0,0,,87.21,87,first_team,
tbg-tm-00449151,449151,,Junior Messias,Junior Messias,Genoa CFC,IT1,Right Winger,ATT,35,1100000,6500000,1200000,0,0,11720000,,87.35,87,-0.15,0,0,-0.15,-0.15: late-career low-market ability caution,87.2,87,first_team,
tbg-tm-00452483,452483,,David Affengruber,David Affengruber,Elche CF,ES1,Centre-Back,DEF,25,20000000,20000000,9000000,1,0,400000,,87.19,87,0,0,0,0,,87.19,87,first_team,
tbg-tm-01190411,1190411,,Jesús Rodríguez,Jesús Rodríguez,Como 1907,IT1,Left Winger,ATT,20,30000000,30000000,30000000,0,0,22500000,,87.19,87,0,0,0,0,,87.19,87,first_team,
tbg-tm-00609556,609556,,William Osula,William Osula,Newcastle United,GB1,Centre-Forward,ATT,22,28000000,28000000,15000000,2,0,11600000,,86.93,87,0,0,0.25,0.25,+0.25: strong recent market rise,87.18,87,first_team,
tbg-tm-00371021,371021,,Arijanet Murić,Arijanet Murić,US Sassuolo,IT1,Goalkeeper,GK,27,7500000,12000000,7500000,51,0,19550000,,86.96,87,0.1,0.1,0,0.2,+0.1: goalkeeper longevity stability | +0.1: established international experience,87.16,87,first_team,
tbg-tm-00466637,466637,,Ephron Mason-Clark,Ephron Mason-Clark,Coventry City,GB1,Left Midfield,MID,26,16000000,16000000,10000000,0,0,5971000,,87.15,87,0,0,0,0,,87.15,87,first_team,
tbg-tm-00922769,922769,,Lewis Miley,Lewis Miley,Newcastle United,GB1,Central Midfield,MID,20,25000000,25000000,25000000,0,0,0,,87.15,87,0,0,0,0,,87.15,87,first_team,
tbg-tm-00494237,494237,,Wilson Isidor,Wilson Isidor,Sunderland AFC,GB1,Centre-Forward,ATT,25,18000000,18000000,18000000,7,3,15600000,,87.15,87,0,0,0,0,,87.15,87,first_team,
tbg-tm-00275218,275218,,Augusto Batalla,Augusto Batalla,Rayo Vallecano,ES1,Goalkeeper,GK,30,6000000,6000000,6000000,0,0,1709000,,87.04,87,0.1,0,0,0.1,+0.1: goalkeeper longevity stability,87.14,87,first_team,
tbg-tm-00421637,421637,,Frank Onyeka,Frank Onyeka,Coventry City,GB1,Central Midfield,MID,28,8000000,10000000,7000000,45,3,17000000,,87.04,87,0,0.1,0,0.1,+0.1: established international experience,87.14,87,first_team,
tbg-tm-00646353,646353,,Carl Rushworth,Carl Rushworth,Brighton & Hove Albion,GB1,Goalkeeper,GK,25,16000000,16000000,10000000,0,0,0,,87.03,87,0.1,0,0,0.1,+0.1: goalkeeper longevity stability,87.13,87,first_team,
tbg-tm-00746695,746695,,Kamaldeen Sulemana,Kamaldeen Sulemana,Atalanta BC,IT1,Left Winger,ATT,24,17000000,22000000,18000000,30,1,59500000,,87.03,87,0,0.1,0,0.1,+0.1: established international experience,87.13,87,first_team,
tbg-tm-00743384,743384,,Chemsdine Talbi,Chemsdine Talbi,Sunderland AFC,GB1,Right Winger,ATT,21,25000000,25000000,25000000,9,0,20000000,,87.12,87,0,0,0,0,,87.12,87,first_team,
tbg-tm-00351749,351749,,Kalvin Phillips,Kalvin Phillips,Manchester City,GB1,Defensive Midfield,DEF,30,2500000,50000000,5000000,0,0,56000000,,87.12,87,0,0,0,0,,87.12,87,first_team,
tbg-tm-00935231,935231,,Víctor Muñoz,Víctor Muñoz,Liverpool FC,GB1,Left Winger,ATT,22,30000000,30000000,20000000,2,1,65000000,,87.12,87,0,0,0,0,,87.12,87,first_team,
tbg-tm-00391065,391065,,Hamed Traoré,Hamed Traoré,Olympique Marseille,FR1,Left Winger,ATT,26,15000000,22000000,15000000,0,0,49320000,,87.11,87,0,0,0,0,,87.11,87,first_team,
tbg-tm-00583199,583199,,James McAtee,James McAtee,Nottingham Forest,GB1,Attacking Midfield,MID,23,18000000,25000000,20000000,0,0,25500000,,87.1,87,0,0,0,0,,87.1,87,first_team,
tbg-tm-00585323,585323,,Filip Jorgensen,Filip Jørgensen,Chelsea FC,GB1,Goalkeeper,GK,24,15000000,20000000,15000000,2,0,24500000,87,87,87,0.1,0,0,0.1,+0.1: goalkeeper longevity stability,87.1,87,first_team,0
tbg-tm-00258987,258987,,Carl Starfelt,Carl Starfelt,Celta de Vigo,ES1,Centre-Back,DEF,31,4500000,6500000,5000000,19,0,11500000,,87.09,87,0,0,0,0,,87.09,87,first_team,
tbg-tm-00541555,541555,,Enzo Boyomo,Enzo Boyomo,CA Osasuna,ES1,Centre-Back,DEF,24,15000000,20000000,20000000,0,0,7600000,,87.09,87,0,0,0,0,,87.09,87,first_team,
tbg-tm-00366930,366930,,Sergio Gómez,Sergio Gómez,Real Sociedad,ES1,Left-Back,DEF,25,15000000,20000000,15000000,0,0,30200000,,87.09,87,0,0,0,0,,87.09,87,first_team,
tbg-tm-00212847,212847,,Adam Webster,Adam Webster,Without Club,,Centre-Back,DEF,31,3000000,25000000,5000000,0,0,27172000,,87.08,87,0,0,0,0,,87.08,87,first_team,
tbg-tm-00788283,788283,,Bobby Thomas,Bobby Thomas,Coventry City,GB1,Centre-Back,DEF,25,16000000,16000000,14000000,0,0,2300000,,87.08,87,0,0,0,0,,87.08,87,first_team,
tbg-tm-00216569,216569,,Jérémie Boga,Jérémie Boga,Juventus FC,IT1,Left Winger,ATT,29,8000000,25000000,8000000,0,0,54300000,,87.08,87,0,0,0,0,,87.08,87,first_team,
tbg-tm-00534701,534701,,Liam Kitching,Liam Kitching,Coventry City,GB1,Centre-Back,DEF,26,14000000,14000000,12000000,0,0,4600000,,87.08,87,0,0,0,0,,87.08,87,first_team,
tbg-tm-00403692,403692,,Victor Torp,Victor Torp,Coventry City,GB1,Central Midfield,MID,26,14000000,14000000,12000000,0,0,2900000,,87.07,87,0,0,0,0,,87.07,87,first_team,
tbg-tm-00191217,191217,,Héctor Bellerín,Héctor Bellerín,Real Betis Balompié,ES1,Right-Back,DEF,31,2400000,40000000,2500000,0,0,1500000,,87.21,87,-0.15,0,0,-0.15,-0.15: large fall from peak current-ability caution,87.06,87,first_team,
tbg-tm-00277179,277179,,José Ángel Esmoris Tasende,José Ángel Esmoris Tasende,AS Roma,IT1,Left-Back,DEF,29,4500000,35000000,10000000,0,0,48900000,,87.06,87,0,0,0,0,,87.06,87,first_team,
tbg-tm-00331401,331401,,Manuel Lazzari,Manuel Lazzari,SS Lazio,IT1,Right-Back,DEF,32,2000000,23000000,2000000,0,0,15000000,,87.06,87,0,0,0,0,,87.06,87,first_team,
tbg-tm-00380598,380598,,Santi Comesaña,Santi Comesaña,Villarreal CF,ES1,Central Midfield,MID,29,8000000,8000000,8000000,0,0,0,,87.06,87,0,0,0,0,,87.06,87,first_team,
tbg-tm-00136111,136111,,Nicola Leali,Nicola Leali,Without Club,,Goalkeeper,GK,33,1000000,6000000,1500000,0,0,6645000,,86.96,87,0.1,0,0,0.1,+0.1: goalkeeper longevity stability,87.06,87,first_team,
tbg-tm-00432914,432914,,John Victor Maciel Furtado,John Victor Maciel Furtado,Nottingham Forest,GB1,Goalkeeper,GK,30,5000000,8000000,7000000,0,0,9350000,,86.95,87,0.1,0,0,0.1,+0.1: goalkeeper longevity stability,87.05,87,first_team,
tbg-tm-00175446,175446,,Jonny Otto,Jonny Otto,Deportivo Alavés,ES1,Right-Back,DEF,32,2200000,20000000,2500000,0,0,28000000,,87.04,87,0,0,0,0,,87.04,87,first_team,
tbg-tm-00340353,340353,,Maduka Okoye,Maduka Okoye,Udinese Calcio,IT1,Goalkeeper,GK,26,10000000,10000000,10000000,21,0,11750000,,86.93,87,0.1,0,0,0.1,+0.1: goalkeeper longevity stability,87.03,87,first_team,
tbg-tm-00286415,286415,,Pau López,Pau López,Real Betis Balompié,ES1,Goalkeeper,GK,31,2500000,24000000,2500000,0,0,42120000,,86.93,87,0.1,0,0,0.1,+0.1: goalkeeper longevity stability,87.03,87,first_team,
tbg-tm-00311044,311044,,Alfonso Espino,Alfonso Espino,Racing Club,ARGC,Left-Back,DEF,34,900000,6000000,1000000,0,0,0,,87.17,87,-0.15,0,0,-0.15,-0.15: late-career low-market ability caution,87.02,87,first_team,
tbg-tm-00277533,277533,,José Antonio Ferrández Pomares,José Antonio Ferrández Pomares,Elche CF,ES1,Right Winger,ATT,36,100000,1000000,100000,0,0,0,,87.17,87,-0.15,0,0,-0.15,-0.15: late-career low-market ability caution,87.02,87,first_team,
tbg-tm-00126634,126634,,Francesco Rossi,Francesco Rossi,Atalanta BC,IT1,Goalkeeper,GK,35,100000,175000,100000,0,0,0,,87.07,87,-0.05,0,0,-0.05,-0.15: late-career low-market ability caution | +0.1: goalkeeper longevity stability,87.02,87,first_team,
tbg-tm-00116648,116648,,Marcus Bettinelli,Marcus Bettinelli,Manchester City,GB1,Goalkeeper,GK,34,300000,4000000,500000,0,0,2400000,,87.06,87,-0.05,0,0,-0.05,-0.15: late-career low-market ability caution | +0.1: goalkeeper longevity stability,87.01,87,first_team,
tbg-tm-00466802,466802,,Adrián Bernabé,Adrián Bernabé,Parma Calcio 1913,IT1,Central Midfield,MID,25,15000000,15000000,15000000,0,0,0,,87.01,87,0,0,0,0,,87.01,87,first_team,
tbg-tm-00947411,947411,,Chris Rigg,Chris Rigg,Sunderland AFC,GB1,Attacking Midfield,MID,19,25000000,25000000,25000000,15,4,0,,87.01,87,0,0,0,0,,87.01,87,first_team,
tbg-tm-00636695,636695,,Marc Casadó,Marc Casadó,FC Barcelona,ES1,Defensive Midfield,DEF,22,18000000,30000000,20000000,0,0,0,,87.01,87,0,0,0,0,,87.01,87,first_team,
tbg-tm-00711976,711976,,Andy Diouf,Andy Diouf,Inter Milan,IT1,Central Midfield,MID,23,20000000,20000000,18000000,0,0,39500000,,87,87,0,0,0,0,,87,87,first_team,
tbg-tm-00530813,530813,,Anis Mehmeti,Anis Mehmeti,Ipswich Town,GB1,Attacking Midfield,MID,25,15000000,15000000,14000000,5,0,3000000,,87,87,0,0,0,0,,87,87,first_team,
tbg-tm-00693095,693095,,Jacob Greaves,Jacob Greaves,Ipswich Town,GB1,Centre-Back,DEF,25,14000000,20000000,14000000,0,0,21500000,,87,87,0,0,0,0,,87,87,first_team,
tbg-tm-00512385,512385,,Luis Sinisterra,Luis Sinisterra,Cruzeiro Esporte Clube,BRA1,Left Winger,ATT,27,11000000,25000000,11000000,0,0,56600000,,87,87,0,0,0,0,,87,87,first_team,
tbg-tm-00126729,126729,,Patricio Gabarrón Gil,Patricio Gabarrón Gil,SS Lazio,IT1,Centre-Back,DEF,33,1500000,9000000,1500000,0,0,500000,,87,87,0,0,0,0,,87,87,first_team,
tbg-tm-00085295,85295,,Iván Balliu,Iván Balliu,Rayo Vallecano,ES1,Right-Back,DEF,34,1000000,4000000,1200000,0,0,0,,87.14,87,-0.15,0,0,-0.15,-0.15: late-career low-market ability caution,86.99,87,first_team,
tbg-tm-00121324,121324,,John Egan,John Egan,Hull City,GB1,Centre-Back,DEF,33,1000000,13000000,1200000,0,0,4500000,,86.98,87,0,0,0,0,,86.98,87,first_team,
tbg-tm-00184894,184894,,Alfred Duncan,Alfred Duncan,Venezia FC,IT1,Central Midfield,MID,33,750000,18000000,1000000,0,0,27900000,,86.97,87,0,0,0,0,,86.97,87,first_team,
tbg-tm-00665390,665390,,Jaden Philogene,Jaden Philogene,Ipswich Town,GB1,Left Winger,ATT,24,20000000,20000000,18000000,0,0,45500000,,86.97,87,0,0,0,0,,86.97,87,first_team,
tbg-tm-00546926,546926,,Jay Idzes,Jay Idzes,US Sassuolo,IT1,Centre-Back,DEF,26,14000000,14000000,10000000,0,0,8100000,,86.97,87,0,0,0,0,,86.97,87,first_team,
tbg-tm-00528833,528833,,Lazar Samardžić,Lazar Samardžić,Atalanta BC,IT1,Attacking Midfield,MID,24,16000000,20000000,17000000,0,0,25100000,,86.97,87,0,0,0,0,,86.97,87,first_team,
tbg-tm-00910905,910905,,Mamadou Sarr,Mamadou Sarr,Chelsea FC,GB1,Centre-Back,DEF,20,22000000,25000000,25000000,8,0,24000000,87,86.97,87,0,0,0,0,,86.97,87,first_team,0
tbg-tm-00421873,421873,,Elia Caprile,Elia Caprile,Cagliari Calcio,IT1,Goalkeeper,GK,24,15000000,15000000,15000000,0,0,12650000,,86.87,87,0.1,0,0,0.1,+0.1: goalkeeper longevity stability,86.97,87,first_team,
tbg-tm-01018938,1018938,,Jon Martín,Jon Martín,Real Sociedad,ES1,Centre-Back,DEF,20,25000000,25000000,20000000,4,0,0,,86.96,87,0,0,0,0,,86.96,87,first_team,
tbg-tm-00295313,295313,,Taiwo Awoniyi,Taiwo Awoniyi,Nottingham Forest,GB1,Centre-Forward,ATT,28,8000000,30000000,9000000,0,0,30650000,,86.95,87,0,0,0,0,,86.95,87,first_team,
tbg-tm-00124555,124555,,Cristiano Biraghi,Cristiano Biraghi,Torino FC,IT1,Left-Back,DEF,33,900000,12000000,1400000,0,0,9860000,,86.94,87,0,0,0,0,,86.94,87,first_team,
tbg-tm-00417346,417346,,Jack Harrison,Jack Harrison,Leeds United,GB1,Left Winger,ATT,29,6500000,28000000,8000000,0,0,17800000,87,86.94,87,0,0,0,0,,86.94,87,first_team,0
tbg-tm-00222855,222855,,Jesper Karlström,Jesper Karlström,Udinese Calcio,IT1,Defensive Midfield,DEF,31,4000000,4000000,4000000,27,0,2800000,,86.94,87,0,0,0,0,,86.94,87,first_team,
tbg-tm-00715558,715558,,Marcelino Núñez,Marcelino Núñez,Ipswich Town,GB1,Central Midfield,MID,26,14000000,14000000,10000000,0,0,12550000,,86.94,87,0,0,0,0,,86.94,87,first_team,
tbg-tm-00607034,607034,,Akor Adams,Akor Adams,Sevilla FC,ES1,Centre-Forward,ATT,26,15000000,15000000,12000000,15,6,10000000,,86.93,87,0,0,0,0,,86.93,87,first_team,
tbg-tm-00525578,525578,,Pathé Ciss,Pathé Ciss,Rayo Vallecano,ES1,Central Midfield,MID,32,1800000,4000000,2000000,34,0,1000000,,86.83,87,0,0.1,0,0.1,+0.1: established international experience,86.93,87,first_team,
tbg-tm-00741257,741257,,Álex Jiménez,Álex Jiménez,AFC Bournemouth,GB1,Right-Back,DEF,21,22000000,22000000,22000000,3,0,34750000,,86.92,87,0,0,0,0,,86.92,87,first_team,
tbg-tm-00251106,251106,,Enes Ünal,Enes Ünal,AFC Bournemouth,GB1,Centre-Forward,ATT,29,7000000,25000000,8000000,0,0,43900000,,86.92,87,0,0,0,0,,86.92,87,first_team,
tbg-tm-00953901,953901,,Santiago Mouriño,Santiago Mouriño,Villarreal CF,ES1,Right-Back,DEF,24,20000000,20000000,10000000,0,0,19240000,,86.92,87,0,0,0,0,,86.92,87,first_team,
tbg-tm-00346779,346779,,Ché Adams,Ché Adams,Torino FC,IT1,Centre-Forward,ATT,29,5000000,22000000,8500000,50,13,18900000,,86.82,87,0,0.1,0,0.1,+0.1: established international experience,86.92,87,first_team,
tbg-tm-00616369,616369,,Ander Barrenetxea,Ander Barrenetxea,Real Sociedad,ES1,Left Winger,ATT,24,18000000,20000000,18000000,0,0,0,,86.91,87,0,0,0,0,,86.91,87,first_team,
tbg-tm-00462823,462823,,Gustav Isaksen,Gustav Isaksen,SS Lazio,IT1,Right Winger,ATT,25,15000000,20000000,17000000,0,0,14400000,,86.91,87,0,0,0,0,,86.91,87,first_team,
tbg-tm-00290017,290017,,Hassane Kamara,Hassane Kamara,Udinese Calcio,IT1,Left-Back,DEF,32,3000000,8000000,3000000,0,0,27000000,,86.91,87,0,0,0,0,,86.91,87,first_team,
tbg-tm-00229804,229804,,Aritz Elustondo,Aritz Elustondo,PAOK Thessaloniki,GR1,Centre-Back,DEF,32,1500000,20000000,1800000,0,0,0,,86.9,87,0,0,0,0,,86.9,87,first_team,
tbg-tm-00258915,258915,,Jay Dasilva,Jay Dasilva,Coventry City,GB1,Left-Back,DEF,28,9000000,9000000,6000000,10,0,2400000,,86.89,87,0,0,0,0,,86.89,87,first_team,
tbg-tm-00412660,412660,,Keinan Davis,Keinan Davis,Udinese Calcio,IT1,Centre-Forward,ATT,28,10000000,10000000,9000000,0,0,2300000,,86.89,87,0,0,0,0,,86.89,87,first_team,
tbg-tm-00673492,673492,,Felipe Morato,Felipe Rodrigues da Silva,Nottingham Forest,GB1,Centre-Back,DEF,25,14000000,15000000,14000000,0,0,18600000,87,86.88,87,0,0,0,0,,86.88,87,first_team,0
tbg-tm-00341264,341264,,Fran García,Fran García,Real Madrid,ES1,Left-Back,DEF,26,10000000,18000000,12000000,0,0,7000000,,86.88,87,0,0,0,0,,86.88,87,first_team,
tbg-tm-01077175,1077175,,Honest Ahanor,Honest Ahanor,Atalanta BC,IT1,Centre-Back,DEF,18,30000000,30000000,25000000,2,0,16000000,,86.88,87,0,0,0,0,,86.88,87,first_team,
tbg-tm-00381753,381753,,Ilia Gruev,Ilia Gruev,Leeds United,GB1,Defensive Midfield,DEF,26,12000000,12000000,12000000,0,0,6500000,,86.88,87,0,0,0,0,,86.88,87,first_team,
tbg-tm-00228444,228444,,Ridgeciano Haps,Ridgeciano Haps,Venezia FC,IT1,Left-Back,DEF,33,700000,6000000,700000,28,2,6800000,,86.88,87,0,0,0,0,,86.88,87,first_team,
tbg-tm-00543771,543771,,Kristjan Asllani,Kristjan Asllani,Inter Milan,IT1,Defensive Midfield,DEF,24,12000000,18000000,13000000,42,5,17200000,,86.78,87,0,0.1,0,0.1,+0.1: established international experience,86.88,87,first_team,
tbg-tm-01078163,1078163,,Ayden Heaven,Ayden Heaven,Manchester United,GB1,Centre-Back,DEF,19,30000000,30000000,20000000,3,1,1800000,,86.87,87,0,0,0,0,,86.87,87,first_team,
tbg-tm-00249513,249513,,Diego Rico,Diego Rico,Without Club,,Left-Back,DEF,33,1000000,10000000,1200000,0,0,18000000,,86.87,87,0,0,0,0,,86.87,87,first_team,
tbg-tm-01086619,1086619,,Giovanni Leoni,Giovanni Leoni,Liverpool FC,GB1,Centre-Back,DEF,19,25000000,25000000,25000000,0,0,38650000,,86.87,87,0,0,0,0,,86.87,87,first_team,
tbg-tm-00608832,608832,,Merlin Röhl,Merlin Röhl,Everton FC,GB1,Attacking Midfield,MID,24,16000000,18000000,16000000,0,0,29900000,,86.87,87,0,0,0,0,,86.87,87,first_team,
tbg-tm-00251912,251912,,Semi Ajayi,Semi Ajayi,Hull City,GB1,Centre-Back,DEF,32,700000,6000000,900000,56,2,2150000,,86.77,87,0,0.1,0,0.1,+0.1: established international experience,86.87,87,first_team,
tbg-tm-00167727,167727,,Andrea Belotti,Andrea Belotti,Without Club,,Centre-Forward,ATT,32,1500000,40000000,1500000,0,0,19250000,,87.01,87,-0.15,0,0,-0.15,-0.15: large fall from peak current-ability caution,86.86,87,first_team,
tbg-tm-00465717,465717,,Jayden Bogle,Jayden Bogle,Leeds United,GB1,Right-Back,DEF,25,15000000,15000000,12000000,0,0,9800000,,86.86,87,0,0,0,0,,86.86,87,first_team,
tbg-tm-00300168,300168,,Mikel Vesga,Mikel Vesga,Athletic Bilbao,ES1,Defensive Midfield,DEF,33,1200000,6000000,1500000,0,0,0,,86.86,87,0,0,0,0,,86.86,87,first_team,
tbg-tm-00163048,163048,,Alberto Paleari,Alberto Paleari,Torino FC,IT1,Goalkeeper,GK,33,1200000,1200000,1000000,0,0,3450000,,86.76,87,0.1,0,0,0.1,+0.1: goalkeeper longevity stability,86.86,87,first_team,
tbg-tm-00417913,417913,,Álvaro Valles,Álvaro Valles,Real Betis Balompié,ES1,Goalkeeper,GK,28,7000000,15000000,6000000,0,0,0,,86.76,87,0.1,0,0,0.1,+0.1: goalkeeper longevity stability,86.86,87,first_team,
tbg-tm-00238537,238537,,Wladimiro Falcone,Wladimiro Falcone,US Lecce,IT1,Goalkeeper,GK,31,3500000,5000000,3500000,0,0,5257000,,86.76,87,0.1,0,0,0.1,+0.1: goalkeeper longevity stability,86.86,87,first_team,
tbg-tm-00261503,261503,,Álvaro Fidalgo,Álvaro Fidalgo,Real Betis Balompié,ES1,Central Midfield,MID,29,6000000,10000000,10000000,6,1,5000000,,86.85,87,0,0,0,0,,86.85,87,first_team,
tbg-tm-00268642,268642,,Renzo Saravia,Renzo Saravia,Without Club,,Right-Back,DEF,33,1400000,5000000,1500000,0,0,6770000,,86.85,87,0,0,0,0,,86.85,87,first_team,
tbg-tm-00712107,712107,,Luiz Lúcio Reis Júnior,Luiz Lúcio Reis Júnior,Villarreal CF,ES1,Goalkeeper,GK,25,12000000,12000000,12000000,0,0,12000000,,86.73,87,0.1,0,0,0.1,+0.1: goalkeeper longevity stability,86.83,87,first_team,
tbg-tm-00887638,887638,,Davide Bartesaghi,Davide Bartesaghi,AC Milan,IT1,Left-Back,DEF,20,22000000,23000000,23000000,2,0,0,,86.82,87,0,0,0,0,,86.82,87,first_team,
tbg-tm-00142389,142389,,Mark Gillespie,Mark Gillespie,Newcastle United,GB1,Goalkeeper,GK,34,100000,500000,150000,0,0,0,,86.72,87,0.1,0,0,0.1,+0.1: goalkeeper longevity stability,86.82,87,first_team,
tbg-tm-01006411,1006411,,Jaydee Canvot,Jaydee Canvot,Crystal Palace,GB1,Centre-Back,DEF,19,28000000,28000000,20000000,6,0,23000000,,86.81,87,0,0,0,0,,86.81,87,first_team,
tbg-tm-00746712,746712,,Pietro Comuzzo,Pietro Comuzzo,ACF Fiorentina,IT1,Centre-Back,DEF,21,18000000,25000000,23000000,2,0,100000,,86.81,87,0,0,0,0,,86.81,87,first_team,
tbg-tm-00496745,496745,,Emil Holm,Emil Holm,Bologna FC 1909,IT1,Right-Back,DEF,26,10000000,13000000,13000000,0,0,13182400,,86.8,87,0,0,0,0,,86.8,87,first_team,
tbg-tm-00314288,314288,,Lukas Nmecha,Lukas Nmecha,Leeds United,GB1,Centre-Forward,ATT,27,10000000,18000000,10000000,0,0,8000000,,86.8,87,0,0,0,0,,86.8,87,first_team,
tbg-tm-00191891,191891,,Arkadiusz Milik,Arkadiusz Milik,Juventus FC,IT1,Centre-Forward,ATT,32,1500000,40000000,1500000,0,0,59308460,,86.93,87,-0.15,0,0,-0.15,-0.15: large fall from peak current-ability caution,86.78,87,first_team,
tbg-tm-00328480,328480,,José Luis García Vayá,José Luis García Vayá,Valencia CF,ES1,Defensive Midfield,DEF,27,8000000,22000000,9000000,0,0,5000000,,86.78,87,0,0,0,0,,86.78,87,first_team,
tbg-tm-00504581,504581,,Ryan Giles,Ryan Giles,Hull City,GB1,Left-Back,DEF,26,12000000,12000000,10000000,0,0,11150000,,86.77,87,0,0,0,0,,86.77,87,first_team,
tbg-tm-00298197,298197,,Antonio Sivera,Antonio Sivera,Deportivo Alavés,ES1,Goalkeeper,GK,29,6000000,6000000,6000000,0,0,2000000,,86.67,87,0.1,0,0,0.1,+0.1: goalkeeper longevity stability,86.77,87,first_team,
tbg-tm-00542586,542586,,Illan Meslier,Illan Meslier,Without Club,,Goalkeeper,GK,26,8000000,22000000,10000000,0,0,6500000,,86.67,87,0.1,0,0,0.1,+0.1: goalkeeper longevity stability,86.77,87,first_team,
tbg-tm-00237617,237617,,Cristian Herrera,Cristian Herrera,Without Club,,Centre-Forward,ATT,35,100000,1500000,100000,0,0,0,,86.75,87,0,0,0,0,,86.75,87,first_team,
tbg-tm-00199733,199733,,Danilo Cataldi,Danilo Cataldi,SS Lazio,IT1,Defensive Midfield,DEF,31,3500000,10000000,3500000,0,0,2000000,,86.75,87,0,0,0,0,,86.75,87,first_team,
tbg-tm-00671915,671915,,Enzo Barrenechea,Enzo Barrenechea,SL Benfica,PO1,Defensive Midfield,DEF,25,12000000,15000000,15000000,0,0,31300000,,86.75,87,0,0,0,0,,86.75,87,first_team,
tbg-tm-01076815,1076815,,Javi Rodríguez,Javi Rodríguez,Celta de Vigo,ES1,Centre-Back,DEF,23,18000000,18000000,15000000,0,0,0,,86.75,87,0,0,0,0,,86.75,87,first_team,
tbg-tm-00432092,432092,,Roberto Piccoli,Roberto Piccoli,ACF Fiorentina,IT1,Centre-Forward,ATT,25,14000000,20000000,16000000,0,0,40600000,,86.75,87,0,0,0,0,,86.75,87,first_team,
tbg-tm-00385105,385105,,Gabriel Suazo,Gabriel Suazo,Sevilla FC,ES1,Left-Back,DEF,28,6000000,7000000,7000000,44,0,0,,86.65,87,0,0.1,0,0.1,+0.1: established international experience,86.75,87,first_team,
tbg-tm-00459151,459151,,Nicolò Cambiaghi,Nicolò Cambiaghi,Bologna FC 1909,IT1,Left Winger,ATT,25,14000000,18000000,16000000,0,0,11500000,,86.74,87,0,0,0,0,,86.74,87,first_team,
tbg-tm-00251878,251878,,Aarón Martín,Aarón Martín,Genoa CFC,IT1,Left-Back,DEF,29,5000000,20000000,7000000,0,0,11000000,,86.73,87,0,0,0,0,,86.73,87,first_team,
tbg-tm-00338425,338425,,Álex Berenguer,Álex Berenguer,Athletic Bilbao,ES1,Left Winger,ATT,31,4000000,15000000,5000000,0,0,18125000,,86.73,87,0,0,0,0,,86.73,87,first_team,
tbg-tm-00625014,625014,,Julen Agirrezabala,Julen Agirrezabala,Athletic Bilbao,ES1,Goalkeeper,GK,25,9000000,15000000,15000000,0,0,1000000,,86.63,87,0.1,0,0,0.1,+0.1: goalkeeper longevity stability,86.73,87,first_team,
tbg-tm-00701819,701819,,Daniele Ghilardi,Daniele Ghilardi,AS Roma,IT1,Centre-Back,DEF,23,18000000,18000000,15000000,0,0,16130000,,86.72,87,0,0,0,0,,86.72,87,first_team,
tbg-tm-01011131,1011131,,Josh King,Josh King,Fulham FC,GB1,Attacking Midfield,MID,19,25000000,25000000,20000000,6,1,0,,86.72,87,0,0,0,0,,86.72,87,first_team,
tbg-tm-00696589,696589,,Tim Iroegbunam,Tim Iroegbunam,Everton FC,GB1,Central Midfield,MID,23,18000000,18000000,15000000,0,0,10700000,,86.72,87,0,0,0,0,,86.72,87,first_team,
tbg-tm-00167491,167491,,Stefano Sabelli,Stefano Sabelli,Genoa CFC,IT1,Right-Back,DEF,33,1300000,2000000,1400000,0,0,1700000,,86.71,87,0,0,0,0,,86.71,87,first_team,
tbg-tm-00503991,503991,,Yunus Musah,Yunus Musah,AC Milan,IT1,Central Midfield,MID,23,14000000,25000000,18000000,0,0,25200000,,86.71,87,0,0,0,0,,86.71,87,first_team,
tbg-tm-00160938,160938,,Marc Oliver Kempf,Marc Oliver Kempf,Como 1907,IT1,Centre-Back,DEF,31,3500000,8000000,3500000,0,0,3800000,,86.7,87,0,0,0,0,,86.7,87,first_team,
tbg-tm-00573775,573775,,Hugo Duro,Hugo Duro,Valencia CF,ES1,Centre-Forward,ATT,26,12000000,16000000,12000000,0,0,4000000,,86.68,87,0,0,0,0,,86.68,87,first_team,
tbg-tm-00126737,126737,,Juan Miguel Jiménez López,Juan Miguel Jiménez López,Getafe CF,ES1,Left Winger,ATT,33,1000000,15000000,1200000,0,0,22200000,,86.68,87,0,0,0,0,,86.68,87,first_team,
tbg-tm-00708635,708635,,Lorenzo Bernasconi,Lorenzo Bernasconi,Atalanta BC,IT1,Left Midfield,MID,22,20000000,20000000,15000000,0,0,1150000,,86.67,87,0,0,0,0,,86.67,87,first_team,
tbg-tm-00591916,591916,,Aitor Paredes,Aitor Paredes,Athletic Bilbao,ES1,Centre-Back,DEF,26,7500000,22000000,15000000,0,0,0,,86.66,87,0,0,0,0,,86.66,87,first_team,
tbg-tm-00198008,198008,,André Silva,André Silva,FC Porto,PO1,Centre-Forward,ATT,30,3000000,45000000,3000000,0,0,68800000,,86.66,87,0,0,0,0,,86.66,87,first_team,
tbg-tm-00162959,162959,,Daniele Rugani,Daniele Rugani,Juventus FC,IT1,Centre-Back,DEF,31,2000000,22000000,2000000,0,0,6513000,,86.66,87,0,0,0,0,,86.66,87,first_team,
tbg-tm-00170472,170472,,Dimitri Foulquier,Dimitri Foulquier,Valencia CF,ES1,Right-Back,DEF,33,900000,4000000,1000000,0,0,9000000,,86.66,87,0,0,0,0,,86.66,87,first_team,
tbg-tm-00708072,708072,,Nicolò Savona,Nicolò Savona,Nottingham Forest,GB1,Right-Back,DEF,23,15000000,18000000,18000000,0,0,13000000,,86.66,87,0,0,0,0,,86.66,87,first_team,
tbg-tm-00336077,336077,,Altay Bayındır,Altay Bayındır,Manchester United,GB1,Goalkeeper,GK,28,5000000,16000000,7000000,12,0,6500000,,86.56,87,0.1,0,0,0.1,+0.1: goalkeeper longevity stability,86.66,87,first_team,
tbg-tm-00631927,631927,,Saud Abdulhamid,Saud Abdulhamid,RC Lens,FR1,Right-Back,DEF,26,9000000,9000000,5000000,55,1,6500000,,86.56,87,0,0.1,0,0.1,+0.1: established international experience,86.66,87,first_team,
tbg-tm-00169497,169497,,Juan Cruz,Juan Cruz,Without Club,,Left-Back,DEF,33,1000000,2500000,1200000,0,0,3000000,,86.65,87,0,0,0,0,,86.65,87,first_team,
tbg-tm-00265471,265471,,Matt Grimes,Matt Grimes,Coventry City,GB1,Defensive Midfield,DEF,30,5000000,7000000,5000000,0,0,6240000,,86.65,87,0,0,0,0,,86.65,87,first_team,
tbg-tm-00425902,425902,,Ryan Yates,Ryan Yates,Nottingham Forest,GB1,Central Midfield,MID,28,7000000,13000000,8000000,0,0,0,87,86.65,87,0,0,0,0,,86.65,87,first_team,0
tbg-tm-00285323,285323,,Baptiste Santamaria,Baptiste Santamaria,Valencia CF,ES1,Defensive Midfield,DEF,31,2500000,16000000,3000000,0,0,26500000,,86.64,87,0,0,0,0,,86.64,87,first_team,
tbg-tm-00661145,661145,,Jon Aramburu,Jon Aramburu,Real Sociedad,ES1,Right-Back,DEF,23,15000000,15000000,15000000,22,1,0,,86.64,87,0,0,0,0,,86.64,87,first_team,
tbg-tm-00237658,237658,,Michel Aebischer,Michel Aebischer,Pisa Sporting Club,IT2,Central Midfield,MID,29,4000000,11000000,4500000,44,2,7500000,,86.54,87,0,0.1,0,0.1,+0.1: established international experience,86.64,87,first_team,
tbg-tm-00165007,165007,,Denis Suárez,Denis Suárez,Deportivo Alavés,ES1,Attacking Midfield,MID,32,1000000,18000000,1200000,0,0,25350000,,86.63,87,0,0,0,0,,86.63,87,first_team,
tbg-tm-00126751,126751,,Iñigo Ruiz de Galarreta,Iñigo Ruiz de Galarreta,Athletic Bilbao,ES1,Central Midfield,MID,32,2000000,5000000,2500000,0,0,1200000,,86.63,87,0,0,0,0,,86.63,87,first_team,
tbg-tm-00961297,961297,,Rodrigo Mendoza,Rodrigo Mendoza,Atlético de Madrid,ES1,Central Midfield,MID,21,20000000,20000000,20000000,0,0,16000000,,86.63,87,0,0,0,0,,86.63,87,first_team,
tbg-tm-00369962,369962,,Joël Piroe,Joël Piroe,Leeds United,GB1,Centre-Forward,ATT,26,10000000,18000000,13000000,1,0,15165000,,86.62,87,0,0,0,0,,86.62,87,first_team,
tbg-tm-00197131,197131,,Marco Sangalli,Marco Sangalli,Without Club,,Right-Back,DEF,34,150000,700000,200000,0,0,0,,86.62,87,0,0,0,0,,86.62,87,first_team,
tbg-tm-00282144,282144,,Marin Pongracic,Marin Pongracic,ACF Fiorentina,IT1,Centre-Back,DEF,28,6500000,10000000,7500000,23,0,26600000,,86.62,87,0,0,0,0,,86.62,87,first_team,
tbg-tm-00175449,175449,,Moi Gómez,Moi Gómez,CA Osasuna,ES1,Attacking Midfield,MID,32,1500000,10000000,1800000,0,0,3100000,,86.62,87,0,0,0,0,,86.62,87,first_team,
tbg-tm-00257062,257062,,Álvaro García,Álvaro García,Rayo Vallecano,ES1,Left Winger,ATT,33,1500000,6000000,1800000,0,0,4500000,,86.61,87,0,0,0,0,,86.61,87,first_team,
tbg-tm-00226973,226973,,Harrison Reed,Harrison Reed,Fulham FC,GB1,Central Midfield,MID,31,2000000,18000000,3000000,0,0,6500000,,86.61,87,0,0,0,0,,86.61,87,first_team,
tbg-tm-00263727,263727,,Joan Jordán,Joan Jordán,Sevilla FC,ES1,Central Midfield,MID,31,1000000,30000000,2000000,0,0,17800000,,86.61,87,0,0,0,0,,86.61,87,first_team,
tbg-tm-01060087,1060087,,Charalampos Kostoulas,Charalampos Kostoulas,Brighton & Hove Albion,GB1,Centre-Forward,ATT,19,25000000,25000000,25000000,4,0,36000000,,86.6,87,0,0,0,0,,86.6,87,first_team,
tbg-tm-00281989,281989,,Luis Milla,Luis Milla,Como 1907,IT1,Central Midfield,MID,31,3500000,6000000,3500000,0,0,16500000,,86.59,87,0,0,0,0,,86.59,87,first_team,
tbg-tm-00336869,336869,,Marc Roca,Marc Roca,Real Betis Balompié,ES1,Defensive Midfield,DEF,29,4000000,30000000,4000000,0,0,25500000,,86.59,87,0,0,0,0,,86.59,87,first_team,
tbg-tm-00725912,725912,,Antonín Kinský,Antonín Kinský,Tottenham Hotspur,GB1,Goalkeeper,GK,23,15000000,15000000,13000000,0,0,16660000,,86.49,86,0.1,0,0,0.1,+0.1: goalkeeper longevity stability,86.59,87,first_team,
tbg-tm-00217144,217144,,Aleix Febas,Aleix Febas,Celta de Vigo,ES1,Central Midfield,MID,30,5000000,5000000,5000000,0,0,0,,86.58,87,0,0,0,0,,86.58,87,first_team,
tbg-tm-00420808,420808,,George Hirst,George Hirst,Ipswich Town,GB1,Centre-Forward,ATT,27,10000000,10000000,8000000,10,1,1750000,,86.58,87,0,0,0,0,,86.58,87,first_team,
tbg-tm-00187673,187673,,José Ángel Jurado,José Ángel Jurado,Deportivo A Coruña,ES1,Central Midfield,MID,34,150000,500000,200000,0,0,150000,,86.58,87,0,0,0,0,,86.58,87,first_team,
tbg-tm-00121352,121352,,Ben Wilson,Ben Wilson,Coventry City,GB1,Goalkeeper,GK,33,300000,900000,500000,0,0,0,,86.48,86,0.1,0,0,0.1,+0.1: goalkeeper longevity stability,86.58,87,first_team,
tbg-tm-00552425,552425,,Jon Moncayola,Jon Moncayola,CA Osasuna,ES1,Central Midfield,MID,28,7000000,12000000,7000000,0,0,0,,86.57,87,0,0,0,0,,86.57,87,first_team,
tbg-tm-00242940,242940,,Edoardo Goldaniga,Edoardo Goldaniga,Como 1907,IT1,Centre-Back,DEF,32,2000000,3000000,2500000,0,0,9650000,,86.56,87,0,0,0,0,,86.56,87,first_team,
tbg-tm-00569384,569384,,Lucien Agoumé,Lucien Agoumé,Sevilla FC,ES1,Defensive Midfield,DEF,24,15000000,15000000,12000000,0,0,12500000,,86.56,87,0,0,0,0,,86.56,87,first_team,
tbg-tm-00276896,276896,,Samuel Gigot,Samuel Gigot,SS Lazio,IT1,Centre-Back,DEF,32,1200000,11000000,1500000,0,0,14600000,,86.56,87,0,0,0,0,,86.56,87,first_team,
tbg-tm-00255488,255488,,Yeray Álvarez,Yeray Álvarez,Athletic Bilbao,ES1,Centre-Back,DEF,31,900000,30000000,1000000,0,0,0,,86.55,87,0,0,0,0,,86.55,87,first_team,
tbg-tm-00334222,334222,,Lucas Boyé,Lucas Boyé,Deportivo Alavés,ES1,Centre-Forward,ATT,30,5000000,15000000,5000000,0,0,17990000,,86.54,87,0,0,0,0,,86.54,87,first_team,
tbg-tm-00316934,316934,,Nikola Moro,Nikola Moro,Bologna FC 1909,IT1,Defensive Midfield,DEF,28,7000000,9000000,6500000,10,0,12500000,,86.54,87,0,0,0,0,,86.54,87,first_team,
tbg-tm-00396638,396638,,Manor Solomon,Manor Solomon,Tottenham Hotspur,GB1,Left Winger,ATT,26,8000000,20000000,9000000,49,8,6500000,,86.44,86,0,0.1,0,0.1,+0.1: established international experience,86.54,87,first_team,
tbg-tm-00903611,903611,,Nilson Angulo,Nilson Angulo,Sunderland AFC,GB1,Left Winger,ATT,23,17000000,17000000,17000000,18,3,19240000,,86.53,87,0,0,0,0,,86.53,87,first_team,
tbg-tm-00599231,599231,,Ferran Jutglà,Ferran Jutglà,Celta de Vigo,ES1,Right Winger,ATT,27,10000000,14000000,7000000,0,0,10000000,,86.52,87,0,0,0,0,,86.52,87,first_team,
tbg-tm-00645686,645686,,Lamare Bogarde,Lamare Bogarde,Aston Villa,GB1,Defensive Midfield,DEF,22,18000000,18000000,15000000,4,0,600000,,86.52,87,0,0,0,0,,86.52,87,first_team,
tbg-tm-00121250,121250,,Jake Bidwell,Jake Bidwell,Coventry City,GB1,Left-Back,DEF,33,600000,2000000,800000,0,0,1600000,,86.51,87,0,0,0,0,,86.51,87,first_team,
tbg-tm-00336012,336012,,Nicolas Kühn,Nicolas Kühn,Como 1907,IT1,Right Winger,ATT,26,10000000,17000000,12000000,0,0,26600000,,86.51,87,0,0,0,0,,86.51,87,first_team,
tbg-tm-00355861,355861,,Arnaut Danjuma,Arnaut Danjuma,Valencia CF,ES1,Left Winger,ATT,29,3000000,50000000,4000000,0,0,48760905,,86.5,87,0,0,0,0,,86.5,87,first_team,
tbg-tm-00298976,298976,,Borja Mayoral,Borja Mayoral,Getafe CF,ES1,Centre-Forward,ATT,29,6000000,15000000,7500000,0,0,20000000,,86.5,86,0,0,0,0,,86.5,86,senior_squad,
tbg-tm-00449796,449796,,Alejandro Catena,Alejandro Catena,CA Osasuna,ES1,Centre-Back,DEF,31,2600000,8000000,2800000,0,0,0,,86.49,86,0,0,0,0,,86.49,86,senior_squad,
tbg-tm-00626913,626913,,Boulaye Dia,Boulaye Dia,SS Lazio,IT1,Centre-Forward,ATT,29,5000000,25000000,7000000,0,0,38700000,,86.49,86,0,0,0,0,,86.49,86,senior_squad,
tbg-tm-00663244,663244,,João Pedro Ferreira da Silva,João Pedro Ferreira da Silva,Nottingham Forest,GB1,Left Winger,ATT,26,10000000,15000000,12000000,0,0,9690000,,86.49,86,0,0,0,0,,86.49,86,senior_squad,
tbg-tm-00292139,292139,,Sammie Szmodics,Sammie Szmodics,Ipswich Town,GB1,Attacking Midfield,MID,30,3500000,12000000,5500000,0,0,15500000,,86.49,86,0,0,0,0,,86.49,86,senior_squad,
tbg-tm-00338629,338629,,Sebastiaan Bornauw,Sebastiaan Bornauw,Leeds United,GB1,Centre-Back,DEF,27,8000000,14000000,8000000,0,0,28350000,,86.49,86,0,0,0,0,,86.49,86,senior_squad,
tbg-tm-00298477,298477,,Oli McBurnie,Oli McBurnie,Hull City,GB1,Centre-Forward,ATT,30,5000000,15000000,4000000,0,0,19450000,,86.48,86,0,0,0,0,,86.48,86,senior_squad,
tbg-tm-00588426,588426,,Saúl Coco,Saúl Coco,Torino FC,IT1,Centre-Back,DEF,27,7500000,14000000,9000000,0,0,8230000,,86.48,86,0,0,0,0,,86.48,86,senior_squad,
tbg-tm-00625651,625651,,Urko González de Zárate,Urko González de Zárate,RCD Espanyol Barcelona,ES1,Defensive Midfield,DEF,25,12000000,12000000,10000000,0,0,5000000,,86.48,86,0,0,0,0,,86.48,86,senior_squad,
tbg-tm-00475946,475946,,Anthony Patterson,Anthony Patterson,Sunderland AFC,GB1,Goalkeeper,GK,26,8000000,14000000,8000000,0,0,0,,86.38,86,0.1,0,0,0.1,+0.1: goalkeeper longevity stability,86.48,86,senior_squad,
tbg-tm-00155025,155025,,Fábio Cardoso,Fábio Cardoso,Sevilla FC,ES1,Centre-Back,DEF,32,1500000,4000000,2000000,0,0,4700000,,86.47,86,0,0,0,0,,86.47,86,senior_squad,
tbg-tm-00126746,126746,,Germán Parreño,Germán Parreño,Deportivo A Coruña,ES1,Goalkeeper,GK,33,250000,300000,300000,0,0,0,,86.36,86,0.1,0,0,0.1,+0.1: goalkeeper longevity stability,86.46,86,senior_squad,
tbg-tm-00213670,213670,,Lucas Torró,Lucas Torró,CA Osasuna,ES1,Defensive Midfield,DEF,31,2500000,8000000,2800000,0,0,7350000,,86.45,86,0,0,0,0,,86.45,86,senior_squad,
tbg-tm-00703245,703245,,Antonio Vergara,Antonio Vergara,SSC Napoli,IT1,Attacking Midfield,MID,23,15000000,15000000,15000000,0,0,0,,86.44,86,0,0,0,0,,86.44,86,senior_squad,
tbg-tm-00131996,131996,,Bertrand Traoré,Bertrand Traoré,Without Club,,Right Winger,ATT,30,4000000,20000000,5000000,0,0,33300000,,86.44,86,0,0,0,0,,86.44,86,senior_squad,
tbg-tm-00892932,892932,,Miguel Román,Miguel Román,Celta de Vigo,ES1,Central Midfield,MID,23,15000000,15000000,15000000,0,0,0,,86.44,86,0,0,0,0,,86.44,86,senior_squad,
tbg-tm-00146509,146509,,Conor Townsend,Conor Townsend,Without Club,,Left-Back,DEF,33,350000,2500000,500000,0,0,1430000,,86.43,86,0,0,0,0,,86.43,86,senior_squad,
tbg-tm-00856530,856530,,Mateo Pellegrino,Mateo Pellegrino,Parma Calcio 1913,IT1,Centre-Forward,ATT,24,15000000,15000000,15000000,0,0,1640000,,86.43,86,0,0,0,0,,86.43,86,senior_squad,
tbg-tm-00244192,244192,,Pierluigi Gollini,Pierluigi Gollini,AS Roma,IT1,Goalkeeper,GK,31,800000,17000000,800000,0,0,11090000,,86.33,86,0.1,0,0,0.1,+0.1: goalkeeper longevity stability,86.43,86,senior_squad,
tbg-tm-00356197,356197,,Alfonso Pedraza,Alfonso Pedraza,SS Lazio,IT1,Left-Back,DEF,30,2500000,22000000,2500000,0,0,0,,86.42,86,0,0,0,0,,86.42,86,senior_squad,
tbg-tm-00374139,374139,,Junior Firpo,Junior Firpo,Real Betis Balompié,ES1,Left-Back,DEF,29,3500000,25000000,5000000,0,0,35000000,,86.41,86,0,0,0,0,,86.41,86,senior_squad,
tbg-tm-00250478,250478,,Matt Targett,Matt Targett,Without Club,,Left-Back,DEF,30,3000000,17000000,3500000,0,0,33000000,,86.4,86,0,0,0,0,,86.4,86,senior_squad,
tbg-tm-00728733,728733,,Brooke Norton-Cuffy,Brooke Norton-Cuffy,Genoa CFC,IT1,Right-Back,DEF,22,15000000,16000000,16000000,14,0,2000000,,86.39,86,0,0,0,0,,86.39,86,senior_squad,
tbg-tm-00617074,617074,,Ilaix Moriba,Ilaix Moriba,Celta de Vigo,ES1,Central Midfield,MID,23,15000000,25000000,10000000,0,0,22600000,,86.39,86,0,0,0,0,,86.39,86,senior_squad,
tbg-tm-00361068,361068,,Jurgen Ekkelenkamp,Jurgen Ekkelenkamp,Udinese Calcio,IT1,Central Midfield,MID,26,10000000,10000000,7000000,0,0,13350000,,86.39,86,0,0,0,0,,86.39,86,senior_squad,
tbg-tm-00302371,302371,,Toni Martínez,Toni Martínez,Deportivo Alavés,ES1,Centre-Forward,ATT,29,7500000,7500000,4000000,0,0,8200000,,86.39,86,0,0,0,0,,86.39,86,senior_squad,
tbg-tm-00485584,485584,,Anass Salah-Eddine,Anass Salah-Eddine,AS Roma,IT1,Left-Back,DEF,24,12000000,12000000,12000000,12,0,9292000,,86.38,86,0,0,0,0,,86.38,86,senior_squad,
tbg-tm-00424015,424015,,Nathan Patterson,Nathan Patterson,Everton FC,GB1,Right-Back,DEF,24,10000000,16000000,10000000,29,1,14000000,,86.38,86,0,0,0,0,,86.38,86,senior_squad,
tbg-tm-00545647,545647,,Sergio Carreira,Sergio Carreira,Celta de Vigo,ES1,Right-Back,DEF,25,12000000,12000000,8000000,0,0,0,,86.37,86,0,0,0,0,,86.37,86,senior_squad,
tbg-tm-00255495,255495,,Unai Elgezabal,Unai Elgezabal,Levante UD,ES1,Centre-Back,DEF,33,500000,700000,600000,0,0,0,,86.37,86,0,0,0,0,,86.37,86,senior_squad,
tbg-tm-00343475,343475,,Ben Godfrey,Ben Godfrey,Rangers FC,SC1,Centre-Back,DEF,28,5000000,25000000,5500000,0,0,43060000,,86.36,86,0,0,0,0,,86.36,86,senior_squad,
tbg-tm-00225593,225593,,Pere Milla,Pere Milla,RCD Espanyol Barcelona,ES1,Left Winger,ATT,33,1000000,3000000,1200000,0,0,3000000,,86.36,86,0,0,0,0,,86.36,86,senior_squad,
tbg-tm-00764859,764859,,Williot Swedberg,Williot Swedberg,Celta de Vigo,ES1,Left Winger,ATT,22,20000000,20000000,15000000,0,0,5500000,,86.36,86,0,0,0,0,,86.36,86,senior_squad,
tbg-tm-00748319,748319,,Carlos Alcaraz,Carlos Alcaraz,Everton FC,GB1,Central Midfield,MID,23,15000000,15000000,15000000,0,0,50550000,,86.35,86,0,0,0,0,,86.35,86,senior_squad,
tbg-tm-00622380,622380,,Cesare Casadei,Cesare Casadei,Torino FC,IT1,Central Midfield,MID,23,15000000,15000000,14000000,0,0,27860000,,86.35,86,0,0,0,0,,86.35,86,senior_squad,
tbg-tm-00448628,448628,,Javi Galán,Javi Galán,Celta de Vigo,ES1,Left-Back,DEF,31,1800000,12000000,2000000,0,0,10500000,,86.35,86,0,0,0,0,,86.35,86,senior_squad,
tbg-tm-00678406,678406,,Sergi Cardona,Sergi Cardona,Villarreal CF,ES1,Left-Back,DEF,26,9000000,10000000,9000000,0,0,0,,86.35,86,0,0,0,0,,86.35,86,senior_squad,
tbg-tm-00866655,866655,,Tyler Dibling,Tyler Dibling,Everton FC,GB1,Right Winger,ATT,20,17000000,35000000,22000000,8,0,42200000,,86.35,86,0,0,0,0,,86.35,86,senior_squad,
tbg-tm-00186368,186368,,Valentino Lazaro,Valentino Lazaro,Without Club,,Right Midfield,MID,30,2500000,19000000,4000000,0,0,39506000,,86.35,86,0,0,0,0,,86.35,86,senior_squad,
tbg-tm-00689637,689637,,Chadi Riad,Chadi Riad,Crystal Palace,GB1,Centre-Back,DEF,23,15000000,15000000,12000000,10,1,24000000,,86.34,86,0,0,0,0,,86.34,86,senior_squad,
tbg-tm-00213260,213260,,Rubén García,Rubén García,CA Osasuna,ES1,Right Winger,ATT,32,1600000,10000000,1800000,0,0,3500000,,86.34,86,0,0,0,0,,86.34,86,senior_squad,
tbg-tm-00392538,392538,,Tommaso Pobega,Tommaso Pobega,Bologna FC 1909,IT1,Central Midfield,MID,26,8000000,18000000,9000000,0,0,8000000,,86.34,86,0,0,0,0,,86.34,86,senior_squad,
tbg-tm-00649016,649016,,El Bilal Touré,El Bilal Touré,Atalanta BC,IT1,Left Winger,ATT,24,13000000,20000000,15000000,0,0,42530000,,86.33,86,0,0,0,0,,86.33,86,senior_squad,
tbg-tm-00408471,408471,,Javi Puado,Javi Puado,RCD Espanyol Barcelona,ES1,Left Winger,ATT,28,7500000,10000000,7500000,0,0,0,,86.33,86,0,0,0,0,,86.33,86,senior_squad,
tbg-tm-00136514,136514,,Charalampos Lykogiannis,Charalampos Lykogiannis,Without Club,,Left-Back,DEF,32,1200000,2500000,1500000,0,0,800000,,86.32,86,0,0,0,0,,86.32,86,senior_squad,
tbg-tm-00362086,362086,,Isi Palazón,Isi Palazón,Rayo Vallecano,ES1,Second Striker,ATT,31,2800000,12000000,3000000,0,0,600000,,86.32,86,0,0,0,0,,86.32,86,senior_squad,
tbg-tm-00155038,155038,,Matteo Grandi,Matteo Grandi,Venezia FC,IT1,Goalkeeper,GK,33,50000,400000,75000,0,0,0,,86.21,86,0.1,0,0,0.1,+0.1: goalkeeper longevity stability,86.31,86,senior_squad,
tbg-tm-00907559,907559,,Nelson Deossa,Nelson Deossa,Real Betis Balompié,ES1,Central Midfield,MID,26,9000000,10000000,9000000,0,0,18860000,,86.3,86,0,0,0,0,,86.3,86,senior_squad,
tbg-tm-00936874,936874,,Tyrique George,Tyrique George,Chelsea FC,GB1,Left Winger,ATT,20,20000000,22000000,22000000,6,2,0,,86.3,86,0,0,0,0,,86.3,86,senior_squad,
tbg-tm-00340205,340205,,Gorka Guruzeta,Gorka Guruzeta,Athletic Bilbao,ES1,Centre-Forward,ATT,29,5000000,18000000,5000000,0,0,0,,86.29,86,0,0,0,0,,86.29,86,senior_squad,
tbg-tm-00711625,711625,,José Ángel Carmona,José Ángel Carmona,Sevilla FC,ES1,Right-Back,DEF,24,12000000,12000000,12000000,0,0,0,,86.29,86,0,0,0,0,,86.29,86,senior_squad,
tbg-tm-00698259,698259,,Thomas Kristensen,Thomas Kristensen,Udinese Calcio,IT1,Centre-Back,DEF,24,12000000,12000000,12000000,0,0,5000000,,86.29,86,0,0,0,0,,86.29,86,senior_squad,
tbg-tm-00495621,495621,,Antonio Blanco,Antonio Blanco,Deportivo Alavés,ES1,Defensive Midfield,DEF,25,10000000,10000000,10000000,0,0,4000000,,86.27,86,0,0,0,0,,86.27,86,senior_squad,
tbg-tm-00537602,537602,,João Mário Neto Lopes,João Mário Neto Lopes,Juventus FC,IT1,Right-Back,DEF,26,8000000,16000000,8500000,0,0,12000000,,86.27,86,0,0,0,0,,86.27,86,senior_squad,
tbg-tm-00766583,766583,,Kike Salas,Kike Salas,Sevilla FC,ES1,Centre-Back,DEF,24,14000000,14000000,8000000,0,0,0,,86.27,86,0,0,0,0,,86.27,86,senior_squad,
tbg-tm-00662261,662261,,Rafa Marín,Rafa Marín,SSC Napoli,IT1,Centre-Back,DEF,24,12000000,12000000,12000000,0,0,13000000,,86.27,86,0,0,0,0,,86.27,86,senior_squad,
tbg-tm-00538918,538918,,Sebastiano Esposito,Sebastiano Esposito,Cagliari Calcio,IT1,Second Striker,ATT,24,15000000,15000000,12000000,0,0,4000000,,86.27,86,0,0,0,0,,86.27,86,senior_squad,
tbg-tm-00194386,194386,,Alex Cairns,Alex Cairns,Leeds United,GB1,Goalkeeper,GK,33,50000,250000,75000,0,0,0,,86.17,86,0.1,0,0,0.1,+0.1: goalkeeper longevity stability,86.27,86,senior_squad,
tbg-tm-00070580,70580,,Raffaele Di Gennaro,Raffaele Di Gennaro,Inter Milan,IT1,Goalkeeper,GK,32,300000,3500000,300000,0,0,0,,86.17,86,0.1,0,0,0.1,+0.1: goalkeeper longevity stability,86.27,86,senior_squad,
tbg-tm-00435228,435228,,Ardian Ismajli,Ardian Ismajli,Torino FC,IT1,Centre-Back,DEF,29,5000000,6000000,5000000,0,0,4200000,,86.26,86,0,0,0,0,,86.26,86,senior_squad,
tbg-tm-00459128,459128,,Marco Brescianini,Marco Brescianini,ACF Fiorentina,IT1,Central Midfield,MID,26,9000000,9000000,9000000,0,0,29200000,,86.26,86,0,0,0,0,,86.26,86,senior_squad,
tbg-tm-00627626,627626,,Wilfried Gnonto,Wilfried Gnonto,Leeds United,GB1,Right Winger,ATT,22,16000000,22000000,18000000,0,0,4500000,,86.26,86,0,0,0,0,,86.26,86,senior_squad,
tbg-tm-00683620,683620,,Antoni Milambo,Antoni Milambo,Brentford FC,GB1,Attacking Midfield,MID,21,15000000,20000000,20000000,0,0,20000000,,86.25,86,0,0,0,0,,86.25,86,senior_squad,
tbg-tm-00571607,571607,,Fabio Miretti,Fabio Miretti,Juventus FC,IT1,Central Midfield,MID,22,15000000,16000000,16000000,0,0,500000,,86.25,86,0,0,0,0,,86.25,86,senior_squad,
tbg-tm-00338285,338285,,Unai Núñez,Unai Núñez,Celta de Vigo,ES1,Centre-Back,DEF,29,3500000,20000000,3500000,0,0,7000000,,86.25,86,0,0,0,0,,86.25,86,senior_squad,
tbg-tm-00256339,256339,,Emil Audero,Emil Audero,Como 1907,IT1,Goalkeeper,GK,29,2800000,15000000,3200000,6,0,27000000,,86.15,86,0.1,0,0,0.1,+0.1: goalkeeper longevity stability,86.25,86,senior_squad,
tbg-tm-00272261,272261,,Antonín Barák,Antonín Barák,ACF Fiorentina,IT1,Attacking Midfield,MID,31,800000,20000000,1000000,0,0,19220000,,86.24,86,0,0,0,0,,86.24,86,senior_squad,
tbg-tm-00634431,634431,,Beñat Turrientes,Beñat Turrientes,Real Sociedad,ES1,Central Midfield,MID,24,10000000,20000000,10000000,0,0,0,,86.24,86,0,0,0,0,,86.24,86,senior_squad,
tbg-tm-00506248,506248,,Edu Expósito,Edu Expósito,RCD Espanyol Barcelona,ES1,Central Midfield,MID,29,5000000,6000000,5000000,0,0,8500000,,86.24,86,0,0,0,0,,86.24,86,senior_squad,
tbg-tm-00129674,129674,,Jeremy Toljan,Jeremy Toljan,Levante UD,ES1,Right-Back,DEF,31,2000000,6000000,2200000,0,0,13250000,,86.24,86,0,0,0,0,,86.24,86,senior_squad,
tbg-tm-00924349,924349,,Issa Doumbia,Issa Doumbia,Sporting CP,PO1,Central Midfield,MID,22,20000000,20000000,8000000,0,0,21526316,,86.23,86,0,0,0,0,,86.23,86,senior_squad,
tbg-tm-00188888,188888,,Sheraldo Becker,Sheraldo Becker,1.FSV Mainz 05,L1,Left Winger,ATT,31,1500000,17000000,1500000,23,5,3700000,,86.23,86,0,0,0,0,,86.23,86,senior_squad,
tbg-tm-00341110,341110,,Franco Cervi,Franco Cervi,Without Club,,Left Winger,ATT,32,600000,18000000,700000,0,0,10700000,,86.22,86,0,0,0,0,,86.22,86,senior_squad,
tbg-tm-00278837,278837,,Luis Rioja,Luis Rioja,Valencia CF,ES1,Right Winger,ATT,32,1800000,4000000,2000000,0,0,3350000,,86.22,86,0,0,0,0,,86.22,86,senior_squad,
tbg-tm-01108466,1108466,,Rio Ngumoha,Rio Ngumoha,Liverpool FC,GB1,Left Winger,ATT,17,30000000,30000000,20000000,11,1,3200000,,86.22,86,0,0,0,0,,86.22,86,senior_squad,
tbg-tm-00660860,660860,,Diego Coppola,Diego Coppola,Brighton & Hove Albion,GB1,Centre-Back,DEF,22,18000000,18000000,10000000,0,0,11000000,,86.21,86,0,0,0,0,,86.21,86,senior_squad,
tbg-tm-00439022,439022,,Marcos do Nascimento Teixeira,Marcos do Nascimento Teixeira,Sevilla FC,ES1,Centre-Back,DEF,30,2500000,15000000,2500000,0,0,17900000,,86.21,86,0,0,0,0,,86.21,86,senior_squad,
tbg-tm-00517753,517753,,Óscar Valentín,Óscar Valentín,Rayo Vallecano,ES1,Central Midfield,MID,31,2000000,5000000,2200000,0,0,0,,86.21,86,0,0,0,0,,86.21,86,senior_squad,
tbg-tm-00618903,618903,,Josh Eccles,Josh Eccles,Coventry City,GB1,Central Midfield,MID,26,9000000,9000000,7000000,0,0,0,,86.2,86,0,0,0,0,,86.2,86,senior_squad,
tbg-tm-00879217,879217,,Kaiki Bruno da Silva,Kaiki Bruno da Silva,Como 1907,IT1,Left-Back,DEF,23,14000000,14000000,12000000,0,0,0,,86.2,86,0,0,0,0,,86.2,86,senior_squad,
tbg-tm-00340325,340325,,Reiss Nelson,Reiss Nelson,Arsenal FC,GB1,Left Winger,ATT,26,8000000,18000000,12000000,0,0,500000,,86.2,86,0,0,0,0,,86.2,86,senior_squad,
tbg-tm-00989112,989112,,Veljko Milosavljevic,Veljko Milosavljevic,AFC Bournemouth,GB1,Centre-Back,DEF,19,20000000,20000000,20000000,0,0,15000000,,86.2,86,0,0,0,0,,86.2,86,senior_squad,
tbg-tm-00201574,201574,,Angus Gunn,Angus Gunn,Without Club,,Goalkeeper,GK,30,1000000,10000000,1500000,25,0,17450000,,86.1,86,0.1,0,0,0.1,+0.1: goalkeeper longevity stability,86.2,86,senior_squad,
tbg-tm-01038950,1038950,,Karl Etta Eyong,Karl Etta Eyong,Levante UD,ES1,Centre-Forward,ATT,22,15000000,20000000,18000000,8,2,4550000,,86.19,86,0,0,0,0,,86.19,86,senior_squad,
tbg-tm-00822331,822331,,Omar El Hilali,Omar El Hilali,RCD Espanyol Barcelona,ES1,Right-Back,DEF,22,15000000,15000000,15000000,0,0,0,,86.19,86,0,0,0,0,,86.19,86,senior_squad,
tbg-tm-00743498,743498,,Wilson Odobert,Wilson Odobert,Tottenham Hotspur,GB1,Left Winger,ATT,21,18000000,22000000,20000000,0,0,41300000,,86.19,86,0,0,0,0,,86.19,86,senior_squad,
tbg-tm-00167268,167268,,Paddy McNair,Paddy McNair,Hull City,GB1,Centre-Back,DEF,31,1500000,6000000,2800000,0,0,10950000,,86.18,86,0,0,0,0,,86.18,86,senior_squad,
tbg-tm-00668179,668179,,Carlos Álvarez,Carlos Álvarez,Levante UD,ES1,Attacking Midfield,MID,22,15000000,15000000,15000000,0,0,1000000,,86.17,86,0,0,0,0,,86.17,86,senior_squad,
tbg-tm-00225020,225020,,Mariano Díaz,Mariano Díaz,Deportivo Alavés,ES1,Centre-Forward,ATT,32,300000,22000000,400000,4,3,29540000,,86.17,86,0,0,0,0,,86.17,86,senior_squad,
tbg-tm-00315121,315121,,Justin Bijlow,Justin Bijlow,Genoa CFC,IT1,Goalkeeper,GK,28,4000000,15000000,4000000,0,0,200000,,86.07,86,0.1,0,0,0.1,+0.1: goalkeeper longevity stability,86.17,86,senior_squad,
tbg-tm-00277697,277697,,Alan Browne,Alan Browne,Sunderland AFC,GB1,Central Midfield,MID,31,2000000,4000000,2000000,0,0,0,,86.16,86,0,0,0,0,,86.16,86,senior_squad,
tbg-tm-00651005,651005,,Cher Ndour,Cher Ndour,ACF Fiorentina,IT1,Central Midfield,MID,21,20000000,20000000,10000000,2,0,5000000,,86.16,86,0,0,0,0,,86.16,86,senior_squad,
tbg-tm-00511550,511550,,Ellis Simms,Ellis Simms,Coventry City,GB1,Centre-Forward,ATT,25,12000000,12000000,10000000,0,0,7000000,,86.16,86,0,0,0,0,,86.16,86,senior_squad,
tbg-tm-00289257,289257,,Jon Guridi,Jon Guridi,Sevilla FC,ES1,Central Midfield,MID,31,1800000,5000000,2000000,0,0,0,,86.16,86,0,0,0,0,,86.16,86,senior_squad,
tbg-tm-00644408,644408,,Oliver Provstgaard,Oliver Provstgaard,SS Lazio,IT1,Centre-Back,DEF,23,16000000,16000000,7500000,2,0,4500000,,86.16,86,0,0,0,0,,86.16,86,senior_squad,
tbg-tm-00392591,392591,,Chiedozie Ogbene,Chiedozie Ogbene,Ipswich Town,GB1,Right Winger,ATT,29,4000000,8000000,5000000,35,5,9500000,,86.06,86,0,0.1,0,0.1,+0.1: established international experience,86.16,86,senior_squad,
tbg-tm-00268429,268429,,Sandi Lovrić,Sandi Lovrić,Udinese Calcio,IT1,Central Midfield,MID,28,3500000,10000000,4500000,46,5,0,,86.06,86,0,0.1,0,0.1,+0.1: established international experience,86.16,86,senior_squad,
tbg-tm-00197642,197642,,Chuba Akpom,Chuba Akpom,Ipswich Town,GB1,Centre-Forward,ATT,30,3500000,12000000,5000000,0,0,28120000,,86.15,86,0,0,0,0,,86.15,86,senior_squad,
tbg-tm-00209212,209212,,Solly March,Solly March,Without Club,,Right Winger,ATT,31,1000000,22000000,2000000,0,0,5000,,86.15,86,0,0,0,0,,86.15,86,senior_squad,
tbg-tm-00192009,192009,,Unai López,Unai López,Rayo Vallecano,ES1,Central Midfield,MID,30,2500000,12000000,2500000,0,0,0,,86.15,86,0,0,0,0,,86.15,86,senior_squad,
tbg-tm-00129478,129478,,Alfonso Herrero,Alfonso Herrero,Málaga CF,ES1,Goalkeeper,GK,32,400000,600000,400000,0,0,0,,86.05,86,0.1,0,0,0.1,+0.1: goalkeeper longevity stability,86.15,86,senior_squad,
tbg-tm-00199953,199953,,Caleb Ekuban,Caleb Ekuban,Without Club,,Centre-Forward,ATT,32,1200000,7000000,1300000,0,0,4360000,,86.14,86,0,0,0,0,,86.14,86,senior_squad,
tbg-tm-00272812,272812,,Kingsley Ehizibue,Kingsley Ehizibue,Without Club,,Right-Back,DEF,31,2000000,3000000,2000000,0,0,3500000,,86.14,86,0,0,0,0,,86.14,86,senior_squad,
tbg-tm-00226049,226049,,Freddie Woodman,Freddie Woodman,Liverpool FC,GB1,Goalkeeper,GK,29,3000000,10000000,3000000,0,0,100000,,86.04,86,0.1,0,0,0.1,+0.1: goalkeeper longevity stability,86.14,86,senior_squad,
tbg-tm-00502722,502722,,Luka Sucic,Luka Sucic,Real Sociedad,ES1,Central Midfield,MID,23,10000000,20000000,10000000,22,1,10000000,,86.13,86,0,0,0,0,,86.13,86,senior_squad,
tbg-tm-00670717,670717,,Dário Essugo,Dário Essugo,Chelsea FC,GB1,Defensive Midfield,DEF,21,15000000,20000000,17000000,0,0,22272275,,86.12,86,0,0,0,0,,86.12,86,senior_squad,
tbg-tm-00392966,392966,,Nadir Zortea,Nadir Zortea,Bologna FC 1909,IT1,Right-Back,DEF,27,7000000,7500000,7500000,0,0,13302000,,86.12,86,0,0,0,0,,86.12,86,senior_squad,
tbg-tm-00236953,236953,,Sam Byram,Sam Byram,Leeds United,GB1,Left-Back,DEF,32,400000,4500000,600000,0,0,5630000,,86.11,86,0,0,0,0,,86.11,86,senior_squad,
tbg-tm-00747720,747720,,Jayden Addai,Jayden Addai,Como 1907,IT1,Right Winger,ATT,20,20000000,20000000,20000000,0,0,14000000,,86.1,86,0,0,0,0,,86.1,86,senior_squad,
tbg-tm-00533568,533568,,Nahuel Tenaglia,Nahuel Tenaglia,Deportivo Alavés,ES1,Right-Back,DEF,30,3000000,5200000,3000000,0,0,1450000,,86.1,86,0,0,0,0,,86.1,86,senior_squad,
tbg-tm-00389837,389837,,Nicolò Casale,Nicolò Casale,Bologna FC 1909,IT1,Centre-Back,DEF,28,3800000,22000000,5000000,0,0,16000000,,86.08,86,0,0,0,0,,86.08,86,senior_squad,
tbg-tm-00335216,335216,,Iñigo Vicente,Iñigo Vicente,Racing Santander,ES1,Left Winger,ATT,28,7000000,7000000,6000000,0,0,0,,86.07,86,0,0,0,0,,86.07,86,senior_squad,
tbg-tm-00503980,503980,,Joe Gelhardt,Joe Gelhardt,Leeds United,GB1,Centre-Forward,ATT,24,14000000,14000000,10000000,0,0,1000000,,86.07,86,0,0,0,0,,86.07,86,senior_squad,
tbg-tm-00257376,257376,,Domingos Duarte,Domingos Duarte,Without Club,,Centre-Back,DEF,31,800000,12000000,800000,0,0,4462500,,86.06,86,0,0,0,0,,86.06,86,senior_squad,
tbg-tm-00169416,169416,,Matt Crooks,Matt Crooks,Hull City,GB1,Central Midfield,MID,32,700000,1500000,700000,0,0,2415000,,86.06,86,0,0,0,0,,86.06,86,senior_squad,
tbg-tm-01375227,1375227,,Thiago Pitarch,Thiago Pitarch,Real Madrid,ES1,Central Midfield,MID,18,20000000,20000000,20000000,7,0,0,,86.06,86,0,0,0,0,,86.06,86,senior_squad,
tbg-tm-00538964,538964,,Thijs Dallinga,Thijs Dallinga,Bologna FC 1909,IT1,Centre-Forward,ATT,25,9000000,18000000,12000000,0,0,18800000,,86.06,86,0,0,0,0,,86.06,86,senior_squad,
tbg-tm-00196722,196722,,Remi Matthews,Remi Matthews,Crystal Palace,GB1,Goalkeeper,GK,32,200000,500000,300000,0,0,0,,85.96,86,0.1,0,0,0.1,+0.1: goalkeeper longevity stability,86.06,86,senior_squad,
tbg-tm-00280730,280730,,Álvaro Odriozola,Álvaro Odriozola,Real Sociedad,ES1,Right-Back,DEF,30,800000,30000000,800000,0,0,35000000,,86.05,86,0,0,0,0,,86.05,86,senior_squad,
tbg-tm-00346561,346561,,Luca Ranieri,Luca Ranieri,ACF Fiorentina,IT1,Centre-Back,DEF,27,6000000,12000000,7000000,0,0,25000,,86.05,86,0,0,0,0,,86.05,86,senior_squad,
tbg-tm-00652054,652054,,Martin Vitík,Martin Vitík,Bologna FC 1909,IT1,Centre-Back,DEF,23,13000000,15000000,10000000,0,0,11000000,,86.05,86,0,0,0,0,,86.05,86,senior_squad,
tbg-tm-00378139,378139,,Aitor Ruibal,Aitor Ruibal,Real Betis Balompié,ES1,Right Winger,ATT,30,4000000,5000000,4000000,0,0,20000,,86.04,86,0,0,0,0,,86.04,86,senior_squad,
tbg-tm-00707274,707274,,César Tárrega,César Tárrega,Valencia CF,ES1,Centre-Back,DEF,24,9000000,15000000,12000000,0,0,0,,86.04,86,0,0,0,0,,86.04,86,senior_squad,
tbg-tm-00494880,494880,,Jorge Cuenca,Jorge Cuenca,Fulham FC,GB1,Centre-Back,DEF,26,8000000,8000000,8000000,0,0,10940000,,86.04,86,0,0,0,0,,86.04,86,senior_squad,
tbg-tm-01187629,1187629,,Max Dowman,Max Dowman,Arsenal FC,GB1,Right Winger,ATT,16,30000000,30000000,20000000,10,2,0,,86.04,86,0,0,0,0,,86.04,86,senior_squad,
tbg-tm-00255731,255731,,Wes Burns,Wes Burns,Ipswich Town,GB1,Right Midfield,MID,31,1500000,4000000,1800000,0,0,0,,86.04,86,0,0,0,0,,86.04,86,senior_squad,
tbg-tm-00197901,197901,,Stefano Minelli,Stefano Minelli,Without Club,,Goalkeeper,GK,32,100000,1000000,200000,0,0,0,,85.94,86,0.1,0,0,0.1,+0.1: goalkeeper longevity stability,86.04,86,senior_squad,
tbg-tm-00284854,284854,,Carles Aleñá,Carles Aleñá,Deportivo Alavés,ES1,Central Midfield,MID,28,3000000,30000000,3500000,0,0,6000000,,86.03,86,0,0,0,0,,86.03,86,senior_squad,
tbg-tm-00377042,377042,,Michael Folorunsho,Michael Folorunsho,SSC Napoli,IT1,Central Midfield,MID,28,5000000,8500000,6000000,0,0,2700000,,86.03,86,0,0,0,0,,86.03,86,senior_squad,
tbg-tm-00586853,586853,,Vítor Manuel Carvalho Oliveira,Vítor Manuel Carvalho Oliveira,Genoa CFC,IT1,Centre-Forward,ATT,26,8000000,22000000,8000000,0,0,43300000,,86.02,86,0,0,0,0,,86.02,86,senior_squad,
tbg-tm-01112449,1112449,,Tiago Gabriel Coelho Oliveira,Tiago Gabriel Coelho Oliveira,US Lecce,IT1,Centre-Back,DEF,21,15000000,15000000,15000000,7,0,1250000,,86.01,86,0,0,0,0,,86.01,86,senior_squad,
tbg-tm-00621193,621193,,Kasey McAteer,Kasey McAteer,Ipswich Town,GB1,Right Midfield,MID,24,10000000,12000000,10000000,0,0,13900000,,86,86,0,0,0,0,,86,86,senior_squad,
tbg-tm-00985383,985383,,Valentín Gómez,Valentín Gómez,Real Betis Balompié,ES1,Centre-Back,DEF,23,12000000,12000000,12000000,0,0,5300000,,86,86,0,0,0,0,,86,86,senior_squad,
tbg-tm-00351755,351755,,Darnell Furlong,Darnell Furlong,Ipswich Town,GB1,Right-Back,DEF,30,2500000,5000000,3000000,0,0,5700000,,85.99,86,0,0,0,0,,85.99,86,senior_squad,
tbg-tm-00346289,346289,,Mouctar Diakhaby,Mouctar Diakhaby,Valencia CF,ES1,Centre-Back,DEF,29,1500000,30000000,2000000,0,0,15000000,,85.99,86,0,0,0,0,,85.99,86,senior_squad,
tbg-tm-00208379,208379,,Christian Walton,Christian Walton,Ipswich Town,GB1,Goalkeeper,GK,30,2500000,2500000,1200000,0,0,0,,85.89,86,0.1,0,0,0.1,+0.1: goalkeeper longevity stability,85.99,86,senior_squad,
tbg-tm-00660438,660438,,Orri Óskarsson,Orri Óskarsson,Real Sociedad,ES1,Centre-Forward,ATT,21,20000000,20000000,12000000,18,9,20000000,,85.98,86,0,0,0,0,,85.98,86,senior_squad,
tbg-tm-00357884,357884,,Fernando Calero,Fernando Calero,Without Club,,Centre-Back,DEF,30,2000000,10000000,2000000,0,0,8000000,,85.97,86,0,0,0,0,,85.97,86,senior_squad,
tbg-tm-00337715,337715,,Umar Sadiq,Umar Sadiq,Valencia CF,ES1,Centre-Forward,ATT,29,4000000,18000000,4000000,0,0,41350000,,85.96,86,0,0,0,0,,85.96,86,senior_squad,
tbg-tm-00457931,457931,,Luiz Felipe Ramos Marchi,Luiz Felipe Ramos Marchi,Without Club,,Centre-Back,DEF,29,2000000,22000000,3000000,0,0,22750000,,85.95,86,0,0,0,0,,85.95,86,senior_squad,
tbg-tm-00361254,361254,,Rafa Mir,Rafa Mir,Sevilla FC,ES1,Centre-Forward,ATT,29,4000000,16000000,4000000,0,0,18000000,,85.95,86,0,0,0,0,,85.95,86,senior_squad,
tbg-tm-00950091,950091,,Stefanos Tzimas,Stefanos Tzimas,Brighton & Hove Albion,GB1,Centre-Forward,ATT,20,18000000,22000000,20000000,0,0,44500000,,85.95,86,0,0,0,0,,85.95,86,senior_squad,
tbg-tm-00967346,967346,,Eliezer Mayenda,Eliezer Mayenda,Sunderland AFC,GB1,Centre-Forward,ATT,21,16000000,18000000,18000000,9,2,22800000,,85.94,86,0,0,0,0,,85.94,86,senior_squad,
tbg-tm-00385394,385394,,Alberto Dossena,Alberto Dossena,Como 1907,IT1,Centre-Back,DEF,27,6000000,8000000,7000000,0,0,9610000,,85.93,86,0,0,0,0,,85.93,86,senior_squad,
tbg-tm-00818448,818448,,Alessandro Marcandalli,Alessandro Marcandalli,Genoa CFC,IT1,Centre-Back,DEF,23,14000000,14000000,7000000,0,0,250000,,85.93,86,0,0,0,0,,85.93,86,senior_squad,
tbg-tm-00289255,289255,,Andoni Gorosabel,Andoni Gorosabel,Athletic Bilbao,ES1,Right-Back,DEF,29,3000000,10000000,4000000,0,0,1500000,,85.93,86,0,0,0,0,,85.93,86,senior_squad,
tbg-tm-00375382,375382,,André Almeida,André Almeida,Valencia CF,ES1,Attacking Midfield,MID,26,6000000,20000000,7500000,0,0,8000000,,85.93,86,0,0,0,0,,85.93,86,senior_squad,
tbg-tm-01124005,1124005,,Christantus Uche,Christantus Uche,Getafe CF,ES1,Centre-Forward,ATT,23,12000000,15000000,15000000,0,0,500800,,85.93,86,0,0,0,0,,85.93,86,senior_squad,
tbg-tm-00468066,468066,,Jens Cajuste,Jens Cajuste,SSC Napoli,IT1,Defensive Midfield,DEF,26,7000000,12000000,8000000,0,0,24400000,,85.93,86,0,0,0,0,,85.93,86,senior_squad,
tbg-tm-00354814,354814,,M'Bala Nzola,M'Bala Nzola,ACF Fiorentina,IT1,Centre-Forward,ATT,29,4000000,10000000,4500000,15,3,15950000,,85.93,86,0,0,0,0,,85.93,86,senior_squad,
tbg-tm-00282421,282421,,Javi Muñoz,Javi Muñoz,Getafe CF,ES1,Central Midfield,MID,31,1200000,3000000,1500000,0,0,0,,85.92,86,0,0,0,0,,85.92,86,senior_squad,
tbg-tm-00265078,265078,,Patrick Cutrone,Patrick Cutrone,AC Monza,IT1,Centre-Forward,ATT,28,4000000,30000000,4000000,0,0,27000000,,85.92,86,0,0,0,0,,85.92,86,senior_squad,
tbg-tm-00983989,983989,,Facundo Buonanotte,Facundo Buonanotte,Brighton & Hove Albion,GB1,Attacking Midfield,MID,21,12000000,22000000,16000000,0,0,8300000,,85.91,86,0,0,0,0,,85.91,86,senior_squad,
tbg-tm-00177847,177847,,Adnan Januzaj,Adnan Januzaj,Without Club,,Right Winger,ATT,31,1000000,15000000,1200000,0,0,8875000,,85.9,86,0,0,0,0,,85.9,86,senior_squad,
tbg-tm-00293194,293194,,Borna Sosa,Borna Sosa,Crystal Palace,GB1,Left-Back,DEF,28,3000000,23000000,4000000,0,0,16300000,,85.89,86,0,0,0,0,,85.89,86,senior_squad,
tbg-tm-00498237,498237,,David Carmo,David Carmo,Olympiacos Piraeus,GR1,Centre-Back,DEF,26,5000000,20000000,8000000,17,0,32478947,,85.89,86,0,0,0,0,,85.89,86,senior_squad,
tbg-tm-00488626,488626,,Jesús Areso,Jesús Areso,Athletic Bilbao,ES1,Right-Back,DEF,27,5000000,12000000,8000000,0,0,12450000,,85.89,86,0,0,0,0,,85.89,86,senior_squad,
tbg-tm-00390688,390688,,Juan Iglesias,Juan Iglesias,Sevilla FC,ES1,Right-Back,DEF,28,5000000,5000000,5000000,0,0,100000,,85.89,86,0,0,0,0,,85.89,86,senior_squad,
tbg-tm-00481675,481675,,Christos Mandas,Christos Mandas,SS Lazio,IT1,Goalkeeper,GK,24,8000000,10000000,10000000,3,0,3800000,,85.79,86,0.1,0,0,0.1,+0.1: goalkeeper longevity stability,85.89,86,senior_squad,
tbg-tm-00470794,470794,,Ivan Ilić,Ivan Ilić,Torino FC,IT1,Central Midfield,MID,25,7000000,19000000,10000000,0,0,26500000,,85.88,86,0,0,0,0,,85.88,86,senior_squad,
tbg-tm-00184528,184528,,Emil Krafth,Emil Krafth,Without Club,,Right-Back,DEF,31,750000,5000000,1000000,0,0,7900000,,85.86,86,0,0,0,0,,85.86,86,senior_squad,
tbg-tm-00836441,836441,,Kialonda Gaspar,Kialonda Gaspar,US Lecce,IT1,Centre-Back,DEF,28,3000000,3500000,3500000,46,1,2000000,,85.76,86,0,0.1,0,0.1,+0.1: established international experience,85.86,86,senior_squad,
tbg-tm-00251046,251046,,Einar Galilea,Einar Galilea,Málaga CF,ES1,Centre-Back,DEF,32,350000,400000,400000,0,0,0,,85.85,86,0,0,0,0,,85.85,86,senior_squad,
tbg-tm-00747009,747009,,Justin Devenny,Justin Devenny,Crystal Palace,GB1,Attacking Midfield,MID,22,12000000,12000000,12000000,14,1,0,,85.85,86,0,0,0,0,,85.85,86,senior_squad,
tbg-tm-00377243,377243,,Jakub Piotrowski,Jakub Piotrowski,Udinese Calcio,IT1,Central Midfield,MID,28,4500000,5000000,4500000,14,2,6800000,,85.84,86,0,0,0,0,,85.84,86,senior_squad,
tbg-tm-00162038,162038,,Raúl de Tomás,Raúl de Tomás,Rayo Vallecano,ES1,Centre-Forward,ATT,31,400000,25000000,500000,0,0,54500000,,85.84,86,0,0,0,0,,85.84,86,senior_squad,
tbg-tm-00394236,394236,,Filip Ugrinic,Filip Ugrinic,Valencia CF,ES1,Central Midfield,MID,27,6000000,7000000,6000000,0,0,6000000,,85.83,86,0,0,0,0,,85.83,86,senior_squad,
tbg-tm-00676042,676042,,Juanlu Sánchez,Juanlu Sánchez,Sevilla FC,ES1,Right-Back,DEF,22,10000000,15000000,15000000,0,0,0,,85.83,86,0,0,0,0,,85.83,86,senior_squad,
tbg-tm-00281588,281588,,Víctor García,Víctor García,Without Club,,Left-Back,DEF,32,250000,550000,300000,0,0,0,,85.82,86,0,0,0,0,,85.82,86,senior_squad,
tbg-tm-00990637,990637,,Zachary Athekame,Zachary Athekame,AC Milan,IT1,Right-Back,DEF,21,15000000,15000000,10000000,17,0,11500000,,85.82,86,0,0,0,0,,85.82,86,senior_squad,
tbg-tm-00334835,334835,,Toma Bašić,Toma Bašić,Venezia FC,IT1,Central Midfield,MID,29,3000000,10000000,2500000,0,0,10900000,,85.81,86,0,0,0,0,,85.81,86,senior_squad,
tbg-tm-00867137,867137,,Alessandro Circati,Alessandro Circati,Parma Calcio 1913,IT1,Centre-Back,DEF,22,12000000,12000000,10000000,17,1,0,,85.8,86,0,0,0,0,,85.8,86,senior_squad,
tbg-tm-00441170,441170,,Valentin Rosier,Valentin Rosier,CA Osasuna,ES1,Right-Back,DEF,29,3000000,8000000,3000000,0,0,10300000,,85.8,86,0,0,0,0,,85.8,86,senior_squad,
tbg-tm-00633668,633668,,Giovanni Fabbian,Giovanni Fabbian,ACF Fiorentina,IT1,Attacking Midfield,MID,23,10000000,14000000,10000000,0,0,18560000,,85.78,86,0,0,0,0,,85.78,86,senior_squad,
tbg-tm-00972465,972465,,Tani Oluwaseyi,Tani Oluwaseyi,Villarreal CF,ES1,Centre-Forward,ATT,26,7000000,8000000,8000000,29,2,8000000,,85.78,86,0,0,0,0,,85.78,86,senior_squad,
tbg-tm-00617408,617408,,Tatsuhiro Sakamoto,Tatsuhiro Sakamoto,Coventry City,GB1,Right Winger,ATT,29,4500000,4500000,4500000,0,0,2250000,,85.77,86,0,0,0,0,,85.77,86,senior_squad,
tbg-tm-00379548,379548,,Jokin Ezkieta,Jokin Ezkieta,Cádiz CF,ES2,Goalkeeper,GK,29,2500000,2500000,2500000,0,0,0,,85.67,86,0.1,0,0,0.1,+0.1: goalkeeper longevity stability,85.77,86,senior_squad,
tbg-tm-00984096,984096,,Jair Cunha,Jair Cunha,Nottingham Forest,GB1,Centre-Back,DEF,21,15000000,15000000,12000000,0,0,24000000,,85.76,86,0,0,0,0,,85.76,86,senior_squad,
tbg-tm-00283170,283170,,Iñaki Peña,Iñaki Peña,Panathinaikos,GR1,Goalkeeper,GK,27,4000000,10000000,5000000,0,0,3000000,,85.66,86,0.1,0,0,0.1,+0.1: goalkeeper longevity stability,85.76,86,senior_squad,
tbg-tm-00539134,539134,,Daniel Maldini,Daniel Maldini,Atalanta BC,IT1,Attacking Midfield,MID,24,9000000,10000000,10000000,0,0,20500000,,85.75,86,0,0,0,0,,85.75,86,senior_squad,
tbg-tm-00507486,507486,,Simon Sohm,Simon Sohm,ACF Fiorentina,IT1,Central Midfield,MID,25,8000000,10000000,8000000,0,0,21400000,,85.75,86,0,0,0,0,,85.75,86,senior_squad,
tbg-tm-00135747,135747,,Luca Lezzerini,Luca Lezzerini,ACF Fiorentina,IT1,Goalkeeper,GK,31,350000,800000,350000,0,0,1850000,,85.65,86,0.1,0,0,0.1,+0.1: goalkeeper longevity stability,85.75,86,senior_squad,
tbg-tm-00468002,468002,,Ben Johnson,Ben Johnson,Ipswich Town,GB1,Right-Back,DEF,26,6000000,12000000,7000000,0,0,0,,85.73,86,0,0,0,0,,85.73,86,senior_squad,
tbg-tm-00994536,994536,,Claudio Echeverri,Claudio Echeverri,Manchester City,GB1,Attacking Midfield,MID,20,15000000,18000000,15000000,0,0,18498200,,85.73,86,0,0,0,0,,85.73,86,senior_squad,
tbg-tm-00282939,282939,,Luke O'Nien,Luke O'Nien,Sunderland AFC,GB1,Centre-Back,DEF,31,700000,1800000,1000000,0,0,0,,85.73,86,0,0,0,0,,85.73,86,senior_squad,
tbg-tm-00457736,457736,,Tijjani Noslin,Tijjani Noslin,SS Lazio,IT1,Right Winger,ATT,26,8000000,12000000,6500000,0,0,19800000,,85.73,86,0,0,0,0,,85.73,86,senior_squad,
tbg-tm-00617081,617081,,Diego López,Diego López,Valencia CF,ES1,Right Winger,ATT,24,9000000,15000000,12000000,0,0,0,,85.72,86,0,0,0,0,,85.72,86,senior_squad,
tbg-tm-00640109,640109,,Martín Satriano,Martín Satriano,Getafe CF,ES1,Centre-Forward,ATT,25,10000000,10000000,6000000,0,0,20650000,,85.71,86,0,0,0,0,,85.71,86,senior_squad,
tbg-tm-00250153,250153,,Pasquale Mazzocchi,Pasquale Mazzocchi,SSC Napoli,IT1,Right-Back,DEF,30,1500000,5000000,1700000,0,0,4580000,,85.7,86,0,0,0,0,,85.7,86,senior_squad,
tbg-tm-00308431,308431,,Dillon Phillips,Dillon Phillips,Hull City,GB1,Goalkeeper,GK,31,200000,1000000,250000,0,0,0,,85.6,86,0.1,0,0,0.1,+0.1: goalkeeper longevity stability,85.7,86,senior_squad,
tbg-tm-00709957,709957,,Álex Valle,Álex Valle,Como 1907,IT1,Left-Back,DEF,22,12000000,12000000,10000000,6,0,6000000,,85.69,86,0,0,0,0,,85.69,86,senior_squad,
tbg-tm-00555143,555143,,Arsen Zakharyan,Arsen Zakharyan,Real Sociedad,ES1,Attacking Midfield,MID,23,9000000,18000000,10000000,0,0,13000000,,85.69,86,0,0,0,0,,85.69,86,senior_squad,
tbg-tm-00539252,539252,,João Pedro Loureiro da Costa,João Pedro Loureiro da Costa,Brighton & Hove Albion,GB1,Right-Back,DEF,26,7000000,7000000,6000000,0,0,15200000,,85.69,86,0,0,0,0,,85.69,86,senior_squad,
tbg-tm-01061336,1061336,,Pau Navarro,Pau Navarro,Villarreal CF,ES1,Centre-Back,DEF,21,15000000,15000000,10000000,0,0,0,,85.69,86,0,0,0,0,,85.69,86,senior_squad,
tbg-tm-00531277,531277,,Andrés Martín,Andrés Martín,Racing Santander,ES1,Right Winger,ATT,26,8000000,8000000,7000000,0,0,4500000,,85.68,86,0,0,0,0,,85.68,86,senior_squad,
tbg-tm-00267160,267160,,Adam Buksa,Adam Buksa,Udinese Calcio,IT1,Centre-Forward,ATT,29,3500000,9000000,4000000,0,0,19630000,,85.67,86,0,0,0,0,,85.67,86,senior_squad,
tbg-tm-00420196,420196,,Justin de Haas,Justin de Haas,Valencia CF,ES1,Centre-Back,DEF,26,7000000,7000000,5000000,0,0,0,,85.67,86,0,0,0,0,,85.67,86,senior_squad,
tbg-tm-00487843,487843,,Lorenzo Colombo,Lorenzo Colombo,Genoa CFC,IT1,Centre-Forward,ATT,24,10000000,10000000,10000000,0,0,8500000,,85.67,86,0,0,0,0,,85.67,86,senior_squad,
tbg-tm-00720518,720518,,Roberto Fernández,Roberto Fernández,RCD Espanyol Barcelona,ES1,Centre-Forward,ATT,24,10000000,10000000,10000000,0,0,9120000,,85.67,86,0,0,0,0,,85.67,86,senior_squad,
tbg-tm-00647435,647435,,Tyrhys Dolan,Tyrhys Dolan,RCD Espanyol Barcelona,ES1,Right Winger,ATT,24,10000000,10000000,10000000,0,0,0,,85.67,86,0,0,0,0,,85.67,86,senior_squad,
tbg-tm-00520530,520530,,Fali Candé,Fali Candé,US Sassuolo,IT1,Centre-Back,DEF,28,3000000,3000000,3000000,32,1,8900000,,85.57,86,0,0.1,0,0.1,+0.1: established international experience,85.67,86,senior_squad,
tbg-tm-00552223,552223,,Filip Stanković,Filip Stanković,Venezia FC,IT1,Goalkeeper,GK,24,8000000,8000000,7000000,2,0,1500000,,85.57,86,0.1,0,0,0.1,+0.1: goalkeeper longevity stability,85.67,86,senior_squad,
tbg-tm-00406151,406151,,José Pedro da Silva Figueiredo Freitas,José Pedro da Silva Figueiredo Freitas,Cagliari Calcio,IT1,Centre-Back,DEF,29,3000000,4000000,2500000,0,0,2250000,,85.66,86,0,0,0,0,,85.66,86,senior_squad,
tbg-tm-00923504,923504,,Sindre Walle Egeli,Sindre Walle Egeli,Ipswich Town,GB1,Right Winger,ATT,20,15000000,20000000,18000000,12,7,20200000,,85.66,86,0,0,0,0,,85.66,86,senior_squad,
tbg-tm-00628366,628366,,Lucas Beltrán,Lucas Beltrán,CA River Plate,ARGC,Centre-Forward,ATT,25,8000000,18000000,8000000,0,0,21100000,,85.65,86,0,0,0,0,,85.65,86,senior_squad,
tbg-tm-00719673,719673,,Ben Gannon-Doak,Ben Gannon-Doak,AFC Bournemouth,GB1,Right Winger,ATT,20,15000000,18000000,16000000,17,1,23910000,,85.62,86,0,0,0,0,,85.62,86,senior_squad,
tbg-tm-00358032,358032,,Cyril Ngonge,Cyril Ngonge,SSC Napoli,IT1,Right Winger,ATT,26,7000000,12000000,8000000,0,0,22250000,,85.62,86,0,0,0,0,,85.62,86,senior_squad,
tbg-tm-00358250,358250,,Joseph Aidoo,Joseph Aidoo,Without Club,,Centre-Back,DEF,30,1000000,8000000,1000000,0,0,9250000,,85.61,86,0,0,0,0,,85.61,86,senior_squad,
tbg-tm-00686965,686965,,Juan Cabal,Juan Cabal,Juventus FC,IT1,Left-Back,DEF,25,7000000,9000000,9000000,0,0,16300000,,85.61,86,0,0,0,0,,85.61,86,senior_squad,
tbg-tm-00552472,552472,,Nahuel Estévez,Nahuel Estévez,Palermo FC,IT2,Defensive Midfield,DEF,30,1400000,3500000,1500000,0,0,3245000,,85.61,86,0,0,0,0,,85.61,86,senior_squad,
tbg-tm-00555820,555820,,Martín Payero,Martín Payero,Udinese Calcio,IT1,Central Midfield,MID,27,5000000,6000000,6000000,0,0,10750000,,85.6,86,0,0,0,0,,85.6,86,senior_squad,
tbg-tm-00257727,257727,,Jamie Allen,Jamie Allen,Without Club,,Central Midfield,MID,31,500000,1200000,600000,0,0,450000,,85.59,86,0,0,0,0,,85.59,86,senior_squad,
tbg-tm-00634131,634131,,Aimar Oroz,Aimar Oroz,CA Osasuna,ES1,Attacking Midfield,MID,24,7500000,15000000,9000000,0,0,0,,85.58,86,0,0,0,0,,85.58,86,senior_squad,
tbg-tm-00513970,513970,,Julián Araujo,Julián Araujo,AFC Bournemouth,GB1,Right-Back,DEF,24,8000000,10000000,10000000,0,0,15000000,,85.58,86,0,0,0,0,,85.58,86,senior_squad,
tbg-tm-00346567,346567,,Luca Pellegrini,Luca Pellegrini,SS Lazio,IT1,Left-Back,DEF,27,4500000,15000000,3500000,0,0,27708000,,85.58,86,0,0,0,0,,85.58,86,senior_squad,
tbg-tm-01131161,1131161,,Robinio Vaz,Robinio Vaz,AS Roma,IT1,Centre-Forward,ATT,19,18000000,18000000,18000000,0,0,22200000,,85.58,86,0,0,0,0,,85.58,86,senior_squad,
tbg-tm-00235931,235931,,Alessandro Deiola,Alessandro Deiola,Cagliari Calcio,IT1,Central Midfield,MID,30,1500000,2000000,1600000,0,0,0,,85.57,86,0,0,0,0,,85.57,86,senior_squad,
tbg-tm-00483453,483453,,Josué Dorrio,Josué Dorrio,Without Club,,Right Winger,ATT,32,300000,800000,400000,0,0,0,,85.57,86,0,0,0,0,,85.57,86,senior_squad,
tbg-tm-01159864,1159864,,Mariano Troilo,Mariano Troilo,Parma Calcio 1913,IT1,Centre-Back,DEF,23,10000000,10000000,7500000,0,0,7975000,,85.57,86,0,0,0,0,,85.57,86,senior_squad,
tbg-tm-00430280,430280,,Hans Nicolussi Caviglia,Hans Nicolussi Caviglia,Parma Calcio 1913,IT1,Defensive Midfield,DEF,26,6000000,8500000,6000000,0,0,11180000,,85.56,86,0,0,0,0,,85.56,86,senior_squad,
tbg-tm-00527698,527698,,Kike Pérez,Kike Pérez,Venezia FC,IT1,Central Midfield,MID,29,2500000,4500000,2400000,0,0,1000000,,85.56,86,0,0,0,0,,85.56,86,senior_squad,
tbg-tm-00226025,226025,,Luca Mazzitelli,Luca Mazzitelli,Como 1907,IT1,Central Midfield,MID,30,1200000,4000000,1400000,0,0,7085000,,85.56,86,0,0,0,0,,85.56,86,senior_squad,
tbg-tm-00263361,263361,,Maximilian Wöber,Maximilian Wöber,Leeds United,GB1,Centre-Back,DEF,28,3000000,14000000,3000000,0,0,41000000,,85.56,86,0,0,0,0,,85.56,86,senior_squad,
tbg-tm-00397676,397676,,Dani Cárdenas,Dani Cárdenas,Rayo Vallecano,ES1,Goalkeeper,GK,29,1800000,2000000,1800000,0,0,1300000,,85.45,85,0.1,0,0,0.1,+0.1: goalkeeper longevity stability,85.55,86,senior_squad,
tbg-tm-00358008,358008,,Gianluca Gaetano,Gianluca Gaetano,Cagliari Calcio,IT1,Defensive Midfield,DEF,26,6500000,6500000,5000000,0,0,6400000,,85.54,86,0,0,0,0,,85.54,86,senior_squad,
tbg-tm-00215810,215810,,Tom King,Tom King,Everton FC,GB1,Goalkeeper,GK,31,100000,200000,150000,1,0,0,,85.44,85,0.1,0,0,0.1,+0.1: goalkeeper longevity stability,85.54,86,senior_squad,
tbg-tm-00258482,258482,,Boris Radunović,Boris Radunović,Cagliari Calcio,IT1,Goalkeeper,GK,30,500000,1500000,800000,0,0,1585000,,85.42,85,0.1,0,0,0.1,+0.1: goalkeeper longevity stability,85.52,86,senior_squad,
tbg-tm-00768380,768380,,Arouna Sangante,Arouna Sangante,Sevilla FC,ES1,Centre-Back,DEF,24,8000000,10000000,8000000,0,0,0,,85.51,86,0,0,0,0,,85.51,86,senior_squad,
tbg-tm-00392956,392956,,Enrico Delprato,Enrico Delprato,Parma Calcio 1913,IT1,Right-Back,DEF,26,6000000,6500000,6000000,0,0,2750000,,85.51,86,0,0,0,0,,85.51,86,senior_squad,
tbg-tm-00559263,559263,,Fábio Carvalho,Fábio Carvalho,Brentford FC,GB1,Attacking Midfield,MID,23,8000000,20000000,10000000,0,0,32800000,,85.51,86,0,0,0,0,,85.51,86,senior_squad,
tbg-tm-00709969,709969,,Ilias Akhomach,Ilias Akhomach,Villarreal CF,ES1,Right Winger,ATT,22,12000000,15000000,12000000,0,0,0,,85.51,86,0,0,0,0,,85.51,86,senior_squad,
tbg-tm-00467563,467563,,Armel Bella-Kotchap,Armel Bella-Kotchap,Venezia FC,IT1,Centre-Back,DEF,24,7000000,20000000,7500000,0,0,26500000,,85.5,86,0,0,0,0,,85.5,86,senior_squad,
tbg-tm-01046867,1046867,,Jan Ziolkowski,Jan Ziolkowski,AS Roma,IT1,Centre-Back,DEF,21,12000000,12000000,12000000,0,0,6600000,,85.5,85,0,0,0,0,,85.5,85,senior_squad,
tbg-tm-00469669,469669,,Yvan Neyou,Yvan Neyou,Getafe CF,ES1,Defensive Midfield,DEF,29,2000000,5000000,2500000,0,0,1000000,,85.5,85,0,0,0,0,,85.5,85,senior_squad,
tbg-tm-00341713,341713,,Diego Conde,Diego Conde,Villarreal CF,ES1,Goalkeeper,GK,27,3000000,10000000,4000000,0,0,4000000,,85.4,85,0.1,0,0,0.1,+0.1: goalkeeper longevity stability,85.5,86,senior_squad,
tbg-tm-00441515,441515,,Daniel Boloca,Daniel Boloca,US Sassuolo,IT1,Defensive Midfield,DEF,27,4000000,10000000,5000000,0,0,6500000,,85.49,85,0,0,0,0,,85.49,85,senior_squad,
tbg-tm-00412045,412045,,Pol Lozano,Pol Lozano,RCD Espanyol Barcelona,ES1,Central Midfield,MID,26,6000000,6000000,6000000,0,0,0,,85.49,85,0,0,0,0,,85.49,85,senior_squad,
tbg-tm-00451801,451801,,Abdul Mumin,Abdul Mumin,Without Club,,Centre-Back,DEF,28,3000000,5000000,4000000,5,0,2075000,,85.48,85,0,0,0,0,,85.48,85,senior_squad,
tbg-tm-00501418,501418,,Adrià Pedrosa,Adrià Pedrosa,Sevilla FC,ES1,Left-Back,DEF,28,2800000,10000000,3000000,0,0,0,,85.48,85,0,0,0,0,,85.48,85,senior_squad,
tbg-tm-00413402,413402,,Lewie Coyle,Lewie Coyle,Hull City,GB1,Right-Back,DEF,30,1200000,1800000,1300000,0,0,390000,,85.48,85,0,0,0,0,,85.48,85,senior_squad,
tbg-tm-00948273,948273,,Mario Martín,Mario Martín,Getafe CF,ES1,Defensive Midfield,DEF,22,10000000,10000000,10000000,4,0,3500000,,85.48,85,0,0,0,0,,85.48,85,senior_squad,
tbg-tm-00518644,518644,,Largie Ramazani,Largie Ramazani,Leeds United,GB1,Left Winger,ATT,25,8000000,10000000,8000000,0,0,7700000,,85.47,85,0,0,0,0,,85.47,85,senior_squad,
tbg-tm-00641537,641537,,Tommaso Baldanzi,Tommaso Baldanzi,Genoa CFC,IT1,Attacking Midfield,MID,23,8500000,15000000,9000000,0,0,11500000,,85.47,85,0,0,0,0,,85.47,85,senior_squad,
tbg-tm-00746891,746891,,Cristian Volpato,Cristian Volpato,US Sassuolo,IT1,Attacking Midfield,MID,22,10000000,10000000,10000000,4,0,7616000,,85.46,85,0,0,0,0,,85.46,85,senior_squad,
tbg-tm-00633530,633530,,Jordan Zemura,Jordan Zemura,Udinese Calcio,IT1,Left-Back,DEF,26,5000000,6000000,5000000,23,0,0,,85.46,85,0,0,0,0,,85.46,85,senior_squad,
tbg-tm-00339340,339340,,Tyrell Malacia,Tyrell Malacia,Without Club,,Left-Back,DEF,26,4000000,22000000,5000000,0,0,15000000,,85.45,85,0,0,0,0,,85.45,85,senior_squad,
tbg-tm-01005165,1005165,,Giovane Santana do Nascimento,Giovane Santana do Nascimento,SSC Napoli,IT1,Centre-Forward,ATT,22,12000000,12000000,12000000,0,0,2550000,,85.44,85,0,0,0,0,,85.44,85,senior_squad,
tbg-tm-00562742,562742,,Leo Román,Leo Román,Deportivo A Coruña,ES1,Goalkeeper,GK,25,6000000,6000000,6000000,0,0,9000000,,85.34,85,0.1,0,0,0.1,+0.1: goalkeeper longevity stability,85.44,85,senior_squad,
tbg-tm-00287700,287700,,Mohamed Fares,Mohamed Fares,SS Lazio,IT1,Left-Back,DEF,30,500000,7000000,600000,0,0,11500000,,85.43,85,0,0,0,0,,85.43,85,senior_squad,
tbg-tm-01178758,1178758,,Malick Yalcouyé,Malick Yalcouyé,Brighton & Hove Albion,GB1,Central Midfield,MID,20,12000000,17000000,12000000,6,0,7000000,,85.42,85,0,0,0,0,,85.42,85,senior_squad,
tbg-tm-00393238,393238,,Zakaria Aboukhlal,Zakaria Aboukhlal,Torino FC,IT1,Right Winger,ATT,26,6000000,12000000,7500000,0,0,11500000,,85.42,85,0,0,0,0,,85.42,85,senior_squad,
tbg-tm-00500067,500067,,Chidera Ejuke,Chidera Ejuke,Sevilla FC,ES1,Left Winger,ATT,28,4000000,9000000,4000000,0,0,13500000,,85.41,85,0,0,0,0,,85.41,85,senior_squad,
tbg-tm-00298583,298583,,Eray Cömert,Eray Cömert,Without Club,,Centre-Back,DEF,28,2500000,4000000,2500000,22,0,800000,,85.41,85,0,0,0,0,,85.41,85,senior_squad,
tbg-tm-00530742,530742,,Fisayo Dele-Bashiru,Fisayo Dele-Bashiru,SS Lazio,IT1,Central Midfield,MID,25,6000000,8000000,6500000,19,2,5430000,,85.41,85,0,0,0,0,,85.41,85,senior_squad,
tbg-tm-00271455,271455,,Mihailo Ristic,Mihailo Ristic,Without Club,,Left-Back,DEF,30,800000,3500000,800000,0,0,4100000,,85.41,85,0,0,0,0,,85.41,85,senior_squad,
tbg-tm-00911736,911736,,Sverre Nypan,Sverre Nypan,Manchester City,GB1,Central Midfield,MID,19,13000000,15000000,15000000,13,1,15000000,,85.41,85,0,0,0,0,,85.41,85,senior_squad,
tbg-tm-00526050,526050,,Kervin Arriaga,Kervin Arriaga,Levante UD,ES1,Defensive Midfield,DEF,28,2000000,2000000,1500000,45,4,1000000,,85.31,85,0,0.1,0,0.1,+0.1: established international experience,85.41,85,senior_squad,
tbg-tm-00517842,517842,,Aihen Muñoz,Aihen Muñoz,Real Sociedad,ES1,Left-Back,DEF,28,2500000,8000000,3500000,0,0,0,,85.4,85,0,0,0,0,,85.4,85,senior_squad,
tbg-tm-00216464,216464,,Carlos Fernández,Carlos Fernández,Real Sociedad,ES1,Centre-Forward,ATT,30,1200000,10000000,1000000,0,0,10000000,,85.4,85,0,0,0,0,,85.4,85,senior_squad,
tbg-tm-00628886,628886,,Iván Romero,Iván Romero,Levante UD,ES1,Centre-Forward,ATT,25,8000000,8000000,7500000,0,0,100000,,85.4,85,0,0,0,0,,85.4,85,senior_squad,
tbg-tm-00564305,564305,,Michel Adopo,Michel Adopo,Cagliari Calcio,IT1,Central Midfield,MID,25,7000000,7000000,6000000,0,0,3800000,,85.4,85,0,0,0,0,,85.4,85,senior_squad,
tbg-tm-00557407,557407,,Devyne Rensch,Devyne Rensch,AS Roma,IT1,Right-Back,DEF,23,8500000,12000000,8500000,0,0,6000000,,85.39,85,0,0,0,0,,85.39,85,senior_squad,
tbg-tm-00792331,792331,,Roony Bardghji,Roony Bardghji,FC Barcelona,ES1,Right Winger,ATT,20,15000000,15000000,15000000,0,0,2500000,,85.39,85,0,0,0,0,,85.39,85,senior_squad,
tbg-tm-00405670,405670,,Yannik Engelhardt,Yannik Engelhardt,Como 1907,IT1,Defensive Midfield,DEF,25,7000000,7000000,6000000,0,0,12700000,,85.39,85,0,0,0,0,,85.39,85,senior_squad,
tbg-tm-00250683,250683,,Nikita Contini,Nikita Contini,SSC Napoli,IT1,Goalkeeper,GK,30,400000,800000,400000,0,0,75000,,85.29,85,0.1,0,0,0.1,+0.1: goalkeeper longevity stability,85.39,85,senior_squad,
tbg-tm-00364827,364827,,Cédric Kipré,Cédric Kipré,Ipswich Town,GB1,Centre-Back,DEF,29,2000000,3000000,2000000,0,0,6700000,,85.38,85,0,0,0,0,,85.38,85,senior_squad,
tbg-tm-00357658,357658,,Mark Travers,Mark Travers,Everton FC,GB1,Goalkeeper,GK,27,3000000,4000000,4000000,6,0,4600000,,85.27,85,0.1,0,0,0.1,+0.1: goalkeeper longevity stability,85.37,85,senior_squad,
tbg-tm-00504209,504209,,Gianluca Busio,Gianluca Busio,Venezia FC,IT1,Central Midfield,MID,24,8000000,10000000,6000000,0,0,6000000,,85.36,85,0,0,0,0,,85.36,85,senior_squad,
tbg-tm-00998101,998101,,Alex Tóth,Alex Tóth,AFC Bournemouth,GB1,Central Midfield,MID,20,12000000,12000000,12000000,13,0,12000000,,85.35,85,0,0,0,0,,85.35,85,senior_squad,
tbg-tm-00934878,934878,,Jeff Ekhator,Jeff Ekhator,Juventus FC,IT1,Centre-Forward,ATT,19,18000000,18000000,13000000,1,0,16400000,,85.35,85,0,0,0,0,,85.35,85,senior_squad,
tbg-tm-00465967,465967,,Ander Guevara,Ander Guevara,Deportivo Alavés,ES1,Central Midfield,MID,28,2500000,7500000,3000000,0,0,1800000,,85.34,85,0,0,0,0,,85.34,85,senior_squad,
tbg-tm-00746357,746357,,Charlie Hughes,Charlie Hughes,Hull City,GB1,Centre-Back,DEF,22,10000000,10000000,8000000,0,0,4700000,,85.34,85,0,0,0,0,,85.34,85,senior_squad,
tbg-tm-00349503,349503,,Conor Chaplin,Conor Chaplin,Without Club,,Second Striker,ATT,29,2200000,8000000,3000000,0,0,1425000,,85.34,85,0,0,0,0,,85.34,85,senior_squad,
tbg-tm-00691482,691482,,Jacopo Fazzini,Jacopo Fazzini,ACF Fiorentina,IT1,Central Midfield,MID,23,8500000,10000000,9000000,0,0,9300000,,85.34,85,0,0,0,0,,85.34,85,senior_squad,
tbg-tm-01145504,1145504,,Aarón Anselmino,Aarón Anselmino,Chelsea FC,GB1,Centre-Back,DEF,21,10000000,12000000,12000000,0,0,16500000,,85.33,85,0,0,0,0,,85.33,85,senior_squad,
tbg-tm-00375877,375877,,Vakoun Bayo,Vakoun Bayo,Udinese Calcio,IT1,Centre-Forward,ATT,29,2500000,5000000,3500000,0,0,11320000,,85.33,85,0,0,0,0,,85.33,85,senior_squad,
tbg-tm-00413262,413262,,Dani Raba,Dani Raba,Valencia CF,ES1,Second Striker,ATT,30,1200000,5000000,1500000,0,0,0,,85.32,85,0,0,0,0,,85.32,85,senior_squad,
tbg-tm-00590687,590687,,Diego Villares,Diego Villares,Deportivo A Coruña,ES1,Central Midfield,MID,30,1000000,1000000,800000,0,0,0,,85.32,85,0,0,0,0,,85.32,85,senior_squad,
tbg-tm-01011147,1011147,,Mikey Moore,Mikey Moore,Tottenham Hotspur,GB1,Left Winger,ATT,18,18000000,18000000,16000000,0,0,0,,85.32,85,0,0,0,0,,85.32,85,senior_squad,
tbg-tm-00371371,371371,,Marash Kumbulla,Marash Kumbulla,AS Roma,IT1,Centre-Back,DEF,26,3000000,27000000,4000000,0,0,29500000,,85.31,85,0,0,0,0,,85.31,85,senior_squad,
tbg-tm-00258475,258475,,Nikola Maras,Nikola Maras,Deportivo Alavés,ES1,Centre-Back,DEF,30,600000,2000000,800000,0,0,3200000,,85.31,85,0,0,0,0,,85.31,85,senior_squad,
tbg-tm-00345458,345458,,Sebastian Walukiewicz,Sebastian Walukiewicz,US Sassuolo,IT1,Right-Back,DEF,26,5000000,10000000,4500000,0,0,18715000,,85.31,85,0,0,0,0,,85.31,85,senior_squad,
tbg-tm-00453704,453704,,Álvaro Ferllo,Álvaro Ferllo,Deportivo A Coruña,ES1,Goalkeeper,GK,28,2000000,4000000,1800000,0,0,1775000,,85.21,85,0.1,0,0,0.1,+0.1: goalkeeper longevity stability,85.31,85,senior_squad,
tbg-tm-00618809,618809,,Manu Sánchez,Manu Sánchez,Celta de Vigo,ES1,Left-Back,DEF,25,6000000,10000000,6000000,0,0,200000,,85.3,85,0,0,0,0,,85.3,85,senior_squad,
tbg-tm-00473080,473080,,Regan Slater,Regan Slater,Hull City,GB1,Defensive Midfield,DEF,26,5500000,5500000,4500000,0,0,65000,,85.3,85,0,0,0,0,,85.3,85,senior_squad,
tbg-tm-00547985,547985,,Fabiano Parisi,Fabiano Parisi,ACF Fiorentina,IT1,Left-Back,DEF,25,6000000,10000000,6000000,0,0,10450000,,85.29,85,0,0,0,0,,85.29,85,senior_squad,
tbg-tm-00398163,398163,,Gonzalo Villar,Gonzalo Villar,Elche CF,ES1,Central Midfield,MID,28,1800000,15000000,1800000,0,0,14975000,,85.29,85,0,0,0,0,,85.29,85,senior_squad,
tbg-tm-00458178,458178,,Jack Taylor,Jack Taylor,Ipswich Town,GB1,Central Midfield,MID,28,3000000,3000000,3000000,0,0,2320000,,85.29,85,0,0,0,0,,85.29,85,senior_squad,
tbg-tm-00559979,559979,,Abdel Abqar,Abdel Abqar,Getafe CF,ES1,Centre-Back,DEF,27,3500000,7500000,4000000,0,0,0,,85.28,85,0,0,0,0,,85.28,85,senior_squad,
tbg-tm-00363057,363057,,Pedro Díaz,Pedro Díaz,Rayo Vallecano,ES1,Central Midfield,MID,28,3000000,3000000,3000000,0,0,2200000,,85.28,85,0,0,0,0,,85.28,85,senior_squad,
tbg-tm-00461617,461617,,Rodrigo Riquelme,Rodrigo Riquelme,Real Betis Balompié,ES1,Left Winger,ATT,26,4000000,25000000,6000000,0,0,8000000,,85.28,85,0,0,0,0,,85.28,85,senior_squad,
tbg-tm-00687609,687609,,Isaac Romero,Isaac Romero,Sevilla FC,ES1,Centre-Forward,ATT,26,5000000,18000000,5000000,0,0,0,,85.27,85,0,0,0,0,,85.27,85,senior_squad,
tbg-tm-00245625,245625,,Alex Palmer,Alex Palmer,Ipswich Town,GB1,Goalkeeper,GK,29,1000000,1200000,1000000,0,0,2400000,,85.17,85,0.1,0,0,0.1,+0.1: goalkeeper longevity stability,85.27,85,senior_squad,
tbg-tm-00580560,580560,,Jon Pacheco,Jon Pacheco,Real Sociedad,ES1,Centre-Back,DEF,25,5000000,15000000,6000000,0,0,0,,85.25,85,0,0,0,0,,85.25,85,senior_squad,
tbg-tm-00258914,258914,,Brad Collins,Brad Collins,Without Club,,Goalkeeper,GK,29,900000,1200000,1000000,0,0,580000,,85.15,85,0.1,0,0,0.1,+0.1: goalkeeper longevity stability,85.25,85,senior_squad,
tbg-tm-00371013,371013,,Ivor Pandur,Ivor Pandur,Rangers FC,SC1,Goalkeeper,GK,26,4500000,4500000,3500000,0,0,12490000,,85.15,85,0.1,0,0,0.1,+0.1: goalkeeper longevity stability,85.25,85,senior_squad,
tbg-tm-00513245,513245,,Jesper Lindstrøm,Jesper Lindstrøm,SSC Napoli,IT1,Right Winger,ATT,26,4000000,28000000,5000000,0,0,40940000,,85.24,85,0,0,0,0,,85.24,85,senior_squad,
tbg-tm-01086258,1086258,,João Victor de Souza Menezes,João Victor de Souza Menezes,Tottenham Hotspur,GB1,Left-Back,DEF,20,12000000,12000000,12000000,0,0,15000000,,85.24,85,0,0,0,0,,85.24,85,senior_squad,
tbg-tm-00785353,785353,,Pablo Ibáñez,Pablo Ibáñez,Deportivo Alavés,ES1,Central Midfield,MID,27,4000000,4000000,4000000,0,0,0,,85.24,85,0,0,0,0,,85.24,85,senior_squad,
tbg-tm-00525438,525438,,Horațiu Moldovan,Horațiu Moldovan,Atlético de Madrid,ES1,Goalkeeper,GK,28,1800000,2600000,2000000,0,0,1050000,,85.14,85,0.1,0,0,0.1,+0.1: goalkeeper longevity stability,85.24,85,senior_squad,
tbg-tm-00311333,311333,,Alessandro Gabrielloni,Alessandro Gabrielloni,Como 1907,IT1,Centre-Forward,ATT,31,400000,1000000,500000,0,0,0,,85.23,85,0,0,0,0,,85.23,85,senior_squad,
tbg-tm-00566615,566615,,Mikael Egill Ellertsson,Mikael Egill Ellertsson,Genoa CFC,IT1,Central Midfield,MID,24,6000000,6000000,6000000,31,2,6000000,,85.13,85,0,0.1,0,0.1,+0.1: established international experience,85.23,85,senior_squad,
tbg-tm-00439914,439914,,John Yeboah,John Yeboah,Venezia FC,IT1,Second Striker,ATT,26,5500000,5500000,5000000,27,3,4000000,,85.22,85,0,0,0,0,,85.22,85,senior_squad,
tbg-tm-00520840,520840,,José Copete,José Copete,Valencia CF,ES1,Centre-Back,DEF,26,5000000,5000000,5000000,0,0,3600000,,85.22,85,0,0,0,0,,85.22,85,senior_squad,
tbg-tm-00182517,182517,,Anthony Partipilo,Anthony Partipilo,Parma Calcio 1913,IT1,Right Winger,ATT,31,250000,1500000,400000,0,0,1900000,,85.21,85,0,0,0,0,,85.21,85,senior_squad,
tbg-tm-00568835,568835,,Pablo Martínez,Pablo Martínez,Without Club,,Central Midfield,MID,28,3000000,3000000,2000000,0,0,0,,85.21,85,0,0,0,0,,85.21,85,senior_squad,
tbg-tm-00560417,560417,,Alexandre Zurawski,Alexandre Zurawski,Rayo Vallecano,ES1,Centre-Forward,ATT,28,4000000,4000000,3000000,0,0,7500000,,85.2,85,0,0,0,0,,85.2,85,senior_squad,
tbg-tm-00936981,936981,,Gustavo Puerta,Gustavo Puerta,Racing Santander,ES1,Central Midfield,MID,22,10000000,10000000,5000000,10,1,5500000,,85.2,85,0,0,0,0,,85.2,85,senior_squad,
tbg-tm-00495722,495722,,Devis Vásquez,Devis Vásquez,AS Roma,IT1,Goalkeeper,GK,28,1500000,4000000,1500000,0,0,1000000,,85.1,85,0.1,0,0,0.1,+0.1: goalkeeper longevity stability,85.2,85,senior_squad,
tbg-tm-00341263,341263,,Adrián Dela,Adrián Dela,Levante UD,ES1,Centre-Back,DEF,27,4000000,4000000,3000000,0,0,0,,85.19,85,0,0,0,0,,85.19,85,senior_squad,
tbg-tm-00707222,707222,,Enzo Bardeli,Enzo Bardeli,Levante UD,ES1,Central Midfield,MID,25,6000000,6000000,6000000,0,0,0,,85.18,85,0,0,0,0,,85.18,85,senior_squad,
tbg-tm-00412829,412829,,Léo Pétrot,Léo Pétrot,RSC Anderlecht,BE1,Centre-Back,DEF,29,1500000,1500000,1500000,0,0,500000,,85.18,85,0,0,0,0,,85.18,85,senior_squad,
tbg-tm-00555015,555015,,Ruan Tressoldi Netto,Ruan Tressoldi Netto,Clube Atlético Mineiro,BRA1,Centre-Back,DEF,27,4000000,5000000,2500000,0,0,8900000,,85.17,85,0,0,0,0,,85.17,85,senior_squad,
tbg-tm-00367466,367466,,Thierry Correia,Thierry Correia,Venezia FC,IT1,Right-Back,DEF,27,2500000,14000000,3000000,0,0,12000000,,85.17,85,0,0,0,0,,85.17,85,senior_squad,
tbg-tm-00353775,353775,,David Akintola,David Akintola,Hull City,GB1,Right Winger,ATT,30,1000000,2600000,1200000,0,0,1000000,,85.16,85,0,0,0,0,,85.16,85,senior_squad,
tbg-tm-00915418,915418,,Jannik Schuster,Jannik Schuster,Brentford FC,GB1,Centre-Back,DEF,20,18000000,18000000,3500000,0,0,18000000,,85.16,85,0,0,0,0,,85.16,85,senior_squad,
tbg-tm-01032280,1032280,,Joaquín Martínez Gauna,Joaquín Martínez Gauna,Sevilla FC,ES1,Left-Back,DEF,22,10000000,10000000,5000000,0,0,0,,85.16,85,0,0,0,0,,85.16,85,senior_squad,
tbg-tm-00256678,256678,,Filippo Romagna,Filippo Romagna,Without Club,,Centre-Back,DEF,29,800000,7000000,800000,0,0,11400000,,85.15,85,0,0,0,0,,85.15,85,senior_squad,
tbg-tm-00208172,208172,,Mateusz Wieteska,Mateusz Wieteska,Cagliari Calcio,IT1,Centre-Back,DEF,29,1000000,4000000,1200000,0,0,6870000,,85.15,85,0,0,0,0,,85.15,85,senior_squad,
tbg-tm-00424881,424881,,Omar Richards,Omar Richards,Nottingham Forest,GB1,Left-Back,DEF,28,2000000,7000000,2000000,0,0,8500000,,85.15,85,0,0,0,0,,85.15,85,senior_squad,
tbg-tm-01056966,1056966,,Peio Canales,Peio Canales,Athletic Bilbao,ES1,Attacking Midfield,MID,21,10000000,10000000,8000000,6,0,0,,85.13,85,0,0,0,0,,85.13,85,senior_squad,
tbg-tm-00367992,367992,,Jesper Karlsson,Jesper Karlsson,Bologna FC 1909,IT1,Left Winger,ATT,27,3000000,18000000,4000000,0,0,13750000,,85.12,85,0,0,0,0,,85.12,85,senior_squad,
tbg-tm-00471690,471690,,Max Aarons,Max Aarons,AFC Bournemouth,GB1,Right-Back,DEF,26,2500000,22000000,4000000,0,0,8100000,,85.12,85,0,0,0,0,,85.12,85,senior_squad,
tbg-tm-00524285,524285,,Luca Netz,Luca Netz,Nottingham Forest,GB1,Left-Back,DEF,23,8000000,10000000,6000000,0,0,4500000,,85.11,85,0,0,0,0,,85.11,85,senior_squad,
tbg-tm-00438961,438961,,Michael Svoboda,Michael Svoboda,Brighton & Hove Albion,GB1,Centre-Back,DEF,27,3500000,3500000,3000000,4,0,5000000,,85.11,85,0,0,0,0,,85.11,85,senior_squad,
tbg-tm-00514888,514888,,Oliver Sørensen,Oliver Sørensen,Parma Calcio 1913,IT1,Central Midfield,MID,24,6500000,8000000,7500000,0,0,8100000,,85.11,85,0,0,0,0,,85.11,85,senior_squad,
tbg-tm-00340394,340394,,Abdelhamid Sabiri,Abdelhamid Sabiri,Without Club,,Attacking Midfield,MID,29,850000,4000000,1000000,0,0,5570000,,85.09,85,0,0,0,0,,85.09,85,senior_squad,
tbg-tm-01107733,1107733,,Harrison Armstrong,Harrison Armstrong,Everton FC,GB1,Central Midfield,MID,19,12000000,12000000,12000000,8,2,0,,85.09,85,0,0,0,0,,85.09,85,senior_squad,
tbg-tm-00961022,961022,,Benja Domínguez,Benja Domínguez,Bologna FC 1909,IT1,Left Winger,ATT,22,9000000,15000000,10000000,0,0,5220000,,85.07,85,0,0,0,0,,85.07,85,senior_squad,
tbg-tm-00568006,568006,,Dennis Cirkin,Dennis Cirkin,Without Club,,Left-Back,DEF,24,6000000,8000000,8000000,0,0,0,,85.07,85,0,0,0,0,,85.07,85,senior_squad,
tbg-tm-00568333,568333,,Adam Obert,Adam Obert,Cagliari Calcio,IT1,Left-Back,DEF,23,7000000,7000000,6500000,21,1,50000,,85.05,85,0,0,0,0,,85.05,85,senior_squad,
tbg-tm-00937955,937955,,Héctor Fort,Héctor Fort,FC Barcelona,ES1,Right-Back,DEF,19,12000000,12000000,12000000,0,0,0,,85.05,85,0,0,0,0,,85.05,85,senior_squad,
tbg-tm-00258216,258216,,Kasey Palmer,Kasey Palmer,Luton Town,GB3,Attacking Midfield,MID,29,900000,3000000,900000,0,0,4030000,,85.05,85,0,0,0,0,,85.05,85,senior_squad,
tbg-tm-00400104,400104,,Miguel Loureiro,Miguel Loureiro,Deportivo A Coruña,ES1,Right-Back,DEF,29,1200000,1200000,1000000,0,0,800000,,85.04,85,0,0,0,0,,85.04,85,senior_squad,
tbg-tm-00557057,557057,,Roger Brugué,Roger Brugué,Levante UD,ES1,Left Winger,ATT,29,2000000,2000000,2000000,0,0,0,,85.03,85,0,0,0,0,,85.03,85,senior_squad,
tbg-tm-00339816,339816,,José Antonio Morente Oliva,José Antonio Morente Oliva,Elche CF,ES1,Left Winger,ATT,29,1800000,3000000,1800000,0,0,500000,,85.02,85,0,0,0,0,,85.02,85,senior_squad,
tbg-tm-01121298,1121298,,Juma Bah,Juma Bah,Manchester City,GB1,Centre-Back,DEF,20,10000000,10000000,10000000,7,1,6125000,,85.02,85,0,0,0,0,,85.02,85,senior_squad,
tbg-tm-00412823,412823,,Joel Latibeaudiere,Joel Latibeaudiere,Coventry City,GB1,Centre-Back,DEF,26,3000000,3000000,3000000,31,0,0,,84.92,85,0,0.1,0,0.1,+0.1: established international experience,85.02,85,senior_squad,
tbg-tm-00342048,342048,,Grady Diangana,Grady Diangana,Elche CF,ES1,Right Winger,ATT,28,2000000,12000000,2500000,0,0,13500000,,85.01,85,0,0,0,0,,85.01,85,senior_squad,
tbg-tm-00923757,923757,,Ewen Jaouen,Ewen Jaouen,Newcastle United,GB1,Goalkeeper,GK,20,12000000,12000000,4000000,2,0,21500000,,84.91,85,0.1,0,0,0.1,+0.1: goalkeeper longevity stability,85.01,85,senior_squad,
tbg-tm-01058368,1058368,,Francesco Camarda,Francesco Camarda,AC Milan,IT1,Centre-Forward,ATT,18,15000000,15000000,15000000,2,0,1350000,,85,85,0,0,0,0,,85,85,senior_squad,
tbg-tm-00455066,455066,,Juanpe Jiménez,Juanpe Jiménez,Málaga CF,ES1,Central Midfield,MID,30,300000,300000,300000,0,0,0,,85,85,0,0,0,0,,85,85,senior_squad,
tbg-tm-00251845,251845,,Sergi Canós,Sergi Canós,Valencia CF,ES1,Left Winger,ATT,29,600000,14000000,800000,0,0,6150000,,85,85,0,0,0,0,,85,85,senior_squad,
tbg-tm-00318520,318520,,Clément Michelin,Clément Michelin,Real Valladolid CF,ES2,Right-Back,DEF,29,600000,2500000,1000000,0,0,2000000,,84.99,85,0,0,0,0,,84.99,85,senior_squad,
tbg-tm-00583404,583404,,Marcus Pedersen,Marcus Pedersen,Torino FC,IT1,Right-Back,DEF,25,3500000,7000000,3500000,35,1,7840000,,84.89,85,0,0.1,0,0.1,+0.1: established international experience,84.99,85,senior_squad,
tbg-tm-00445126,445126,,Emanuele Valeri,Emanuele Valeri,Parma Calcio 1913,IT1,Left-Back,DEF,27,3000000,3500000,3000000,0,0,100000,,84.98,85,0,0,0,0,,84.98,85,senior_squad,
tbg-tm-00340321,340321,,Josh Dasilva,Josh Dasilva,Brentford FC,GB1,Central Midfield,MID,27,1500000,16000000,2000000,0,0,0,,84.97,85,0,0,0,0,,84.97,85,senior_squad,
tbg-tm-01228231,1228231,,Juan Rodríguez,Juan Rodríguez,Cagliari Calcio,IT1,Centre-Back,DEF,21,10000000,10000000,5000000,9,1,4000000,,84.97,85,0,0,0,0,,84.97,85,senior_squad,
tbg-tm-00298575,298575,,Kike Barja,Kike Barja,CA Osasuna,ES1,Right Winger,ATT,29,1500000,4000000,1500000,0,0,0,,84.97,85,0,0,0,0,,84.97,85,senior_squad,
tbg-tm-00984964,984964,,Niccolò Fortini,Niccolò Fortini,ACF Fiorentina,IT1,Left-Back,DEF,20,10000000,10000000,10000000,0,0,0,,84.97,85,0,0,0,0,,84.97,85,senior_squad,
tbg-tm-00907813,907813,,Pablo Marín,Pablo Marín,Real Sociedad,ES1,Attacking Midfield,MID,23,7000000,8000000,8000000,0,0,0,,84.97,85,0,0,0,0,,84.97,85,senior_squad,
tbg-tm-00673514,673514,,Abdoulaye Ndiaye,Abdoulaye Ndiaye,Parma Calcio 1913,IT1,Centre-Back,DEF,24,6000000,7000000,6500000,1,0,10850000,,84.96,85,0,0,0,0,,84.96,85,senior_squad,
tbg-tm-00938158,938158,,Marc Guiu,Marc Guiu,Chelsea FC,GB1,Centre-Forward,ATT,20,12000000,12000000,12000000,0,0,6000000,,84.95,85,0,0,0,0,,84.95,85,senior_squad,
tbg-tm-00297194,297194,,Iván Villar,Iván Villar,Celta de Vigo,ES1,Goalkeeper,GK,28,900000,2500000,900000,0,0,0,,84.85,85,0.1,0,0,0.1,+0.1: goalkeeper longevity stability,84.95,85,senior_squad,
tbg-tm-00271495,271495,,Abdülkadir Ömür,Abdülkadir Ömür,Hull City,GB1,Right Midfield,MID,27,1500000,15000000,2200000,0,0,5000000,,84.94,85,0,0,0,0,,84.94,85,senior_squad,
tbg-tm-00671649,671649,,Álvaro Djaló,Álvaro Djaló,Athletic Bilbao,ES1,Left Winger,ATT,26,4000000,15000000,4500000,1,0,18000000,,84.94,85,0,0,0,0,,84.94,85,senior_squad,
tbg-tm-00560705,560705,,Álex Sancris,Álex Sancris,Getafe CF,ES1,Right Winger,ATT,29,1500000,2000000,2000000,0,0,0,,84.93,85,0,0,0,0,,84.93,85,senior_squad,
tbg-tm-00293388,293388,,Oriol Rey,Oriol Rey,Levante UD,ES1,Defensive Midfield,DEF,28,1800000,2000000,1800000,0,0,0,,84.93,85,0,0,0,0,,84.93,85,senior_squad,
tbg-tm-00967319,967319,,Romain Esse,Romain Esse,Crystal Palace,GB1,Right Winger,ATT,21,10000000,12000000,10000000,3,1,14200000,,84.93,85,0,0,0,0,,84.93,85,senior_squad,
tbg-tm-00492319,492319,,Franco Israel,Franco Israel,Torino FC,IT1,Goalkeeper,GK,26,2500000,7000000,3000000,0,0,9200000,,84.83,85,0.1,0,0,0.1,+0.1: goalkeeper longevity stability,84.93,85,senior_squad,
tbg-tm-00211628,211628,,Mohamed Bouldini,Mohamed Bouldini,Deportivo A Coruña,ES1,Centre-Forward,ATT,30,400000,2500000,400000,0,0,1715000,,84.92,85,0,0,0,0,,84.92,85,senior_squad,
tbg-tm-00889435,889435,,Obed Vargas,Obed Vargas,Atlético de Madrid,ES1,Central Midfield,MID,20,10000000,10000000,8000000,9,0,3000000,,84.92,85,0,0,0,0,,84.92,85,senior_squad,
tbg-tm-00846254,846254,,Petar Ratkov,Petar Ratkov,SS Lazio,IT1,Centre-Forward,ATT,22,9000000,10000000,10000000,0,0,19950000,,84.92,85,0,0,0,0,,84.92,85,senior_squad,
tbg-tm-00466783,466783,,Arnau Tenas,Arnau Tenas,Villarreal CF,ES1,Goalkeeper,GK,25,4000000,5000000,4000000,0,0,2500000,,84.82,85,0.1,0,0,0.1,+0.1: goalkeeper longevity stability,84.92,85,senior_squad,
tbg-tm-00339079,339079,,Jiri Letacek,Jiri Letacek,Getafe CF,ES1,Goalkeeper,GK,27,2000000,2000000,2000000,0,0,2000000,,84.82,85,0.1,0,0,0.1,+0.1: goalkeeper longevity stability,84.92,85,senior_squad,
tbg-tm-00486604,486604,,Vitezslav Jaros,Vitezslav Jaros,Liverpool FC,GB1,Goalkeeper,GK,24,5000000,6000000,5000000,0,0,0,,84.82,85,0.1,0,0,0.1,+0.1: goalkeeper longevity stability,84.92,85,senior_squad,
tbg-tm-00633111,633111,,Álex Calatrava,Álex Calatrava,RCD Espanyol Barcelona,ES1,Attacking Midfield,MID,26,4000000,4000000,4000000,0,0,5000000,,84.91,85,0,0,0,0,,84.91,85,senior_squad,
tbg-tm-00892929,892929,,Hugo Álvarez,Hugo Álvarez,Celta de Vigo,ES1,Left Winger,ATT,23,8000000,10000000,8000000,0,0,0,,84.91,85,0,0,0,0,,84.91,85,senior_squad,
tbg-tm-01171981,1171981,,Mathys Detourbet,Mathys Detourbet,AS Monaco,FR1,Left Winger,ATT,19,15000000,15000000,10000000,8,4,25000000,,84.9,85,0,0,0,0,,84.9,85,senior_squad,
tbg-tm-00583510,583510,,Miguel Rubio,Miguel Rubio,RCD Espanyol Barcelona,ES1,Centre-Back,DEF,28,1500000,2000000,2000000,0,0,0,,84.9,85,0,0,0,0,,84.9,85,senior_squad,
tbg-tm-00521407,521407,,Walid Cheddira,Walid Cheddira,SSC Napoli,IT1,Centre-Forward,ATT,28,2000000,8000000,2300000,0,0,7973000,,84.9,85,0,0,0,0,,84.9,85,senior_squad,
tbg-tm-00392516,392516,,Antonino Gallo,Antonino Gallo,US Lecce,IT1,Left-Back,DEF,26,3500000,5500000,4000000,0,0,0,,84.89,85,0,0,0,0,,84.89,85,senior_squad,
tbg-tm-00361065,361065,,Mitchel Bakker,Mitchel Bakker,Atalanta BC,IT1,Left Midfield,MID,26,2500000,14000000,4000000,0,0,16640000,,84.89,85,0,0,0,0,,84.89,85,senior_squad,
tbg-tm-00304144,304144,,Alen Sherri,Alen Sherri,Cagliari Calcio,IT1,Goalkeeper,GK,28,800000,1000000,1000000,3,0,360000,,84.79,85,0.1,0,0,0.1,+0.1: goalkeeper longevity stability,84.89,85,senior_squad,
tbg-tm-00560483,560483,,Randy Nteka,Randy Nteka,Rayo Vallecano,ES1,Attacking Midfield,MID,28,1000000,4000000,1200000,11,1,1500000,,84.88,85,0,0,0,0,,84.88,85,senior_squad,
tbg-tm-00386455,386455,,Riccardo Sottil,Riccardo Sottil,ACF Fiorentina,IT1,Left Winger,ATT,27,3000000,9000000,3500000,0,0,3985000,,84.87,85,0,0,0,0,,84.87,85,senior_squad,
tbg-tm-00307800,307800,,Lion Lauberbach,Lion Lauberbach,Venezia FC,IT1,Centre-Forward,ATT,28,2500000,2700000,2700000,0,0,3250000,,84.86,85,0,0,0,0,,84.86,85,senior_squad,
tbg-tm-00282810,282810,,Carles Pérez,Carles Pérez,Celta de Vigo,ES1,Right Winger,ATT,28,1800000,10000000,1800000,0,0,20200000,,84.85,85,0,0,0,0,,84.85,85,senior_squad,
tbg-tm-00632831,632831,,Nicolò Bertola,Nicolò Bertola,Udinese Calcio,IT1,Centre-Back,DEF,23,7000000,7000000,6000000,0,0,0,,84.85,85,0,0,0,0,,84.85,85,senior_squad,
tbg-tm-00397225,397225,,Alessandro Zanoli,Alessandro Zanoli,Udinese Calcio,IT1,Right-Back,DEF,25,4500000,6000000,5000000,0,0,7100000,,84.84,85,0,0,0,0,,84.84,85,senior_squad,
tbg-tm-00342877,342877,,Enzo Ebosse,Enzo Ebosse,Udinese Calcio,IT1,Centre-Back,DEF,27,2800000,4500000,1500000,0,0,4500000,,84.84,85,0,0,0,0,,84.84,85,senior_squad,
tbg-tm-00495625,495625,,Víctor Chust,Víctor Chust,Elche CF,ES1,Centre-Back,DEF,26,3500000,4000000,4000000,0,0,2000000,,84.84,85,0,0,0,0,,84.84,85,senior_squad,
tbg-tm-00471936,471936,,Oliver Christensen,Oliver Christensen,ACF Fiorentina,IT1,Goalkeeper,GK,27,1400000,4500000,1500000,0,0,6970000,,84.74,85,0.1,0,0,0.1,+0.1: goalkeeper longevity stability,84.84,85,senior_squad,
tbg-tm-00330208,330208,,Alessandro Vogliacco,Alessandro Vogliacco,Genoa CFC,IT1,Centre-Back,DEF,27,2500000,2800000,2500000,0,0,2630000,,84.82,85,0,0,0,0,,84.82,85,senior_squad,
tbg-tm-00527838,527838,,Álex Petxarroman,Álex Petxarroman,Deportivo A Coruña,ES1,Right-Back,DEF,29,500000,1000000,500000,0,0,500000,,84.82,85,0,0,0,0,,84.82,85,senior_squad,
tbg-tm-01063338,1063338,,Carlos Espí,Carlos Espí,Levante UD,ES1,Centre-Forward,ATT,20,20000000,20000000,2500000,0,0,0,,84.82,85,0,0,0,0,,84.82,85,senior_squad,
tbg-tm-00493513,493513,,Karl Hein,Karl Hein,SV Werder Bremen,L1,Goalkeeper,GK,24,3000000,3000000,3000000,47,0,3000000,,84.62,85,0.1,0.1,0,0.2,+0.1: goalkeeper longevity stability | +0.1: established international experience,84.82,85,senior_squad,
tbg-tm-00282169,282169,,Marin Šverko,Marin Šverko,Venezia FC,IT1,Centre-Back,DEF,28,1500000,1500000,1300000,0,0,710000,,84.81,85,0,0,0,0,,84.81,85,senior_squad,
tbg-tm-00487417,487417,,Liam Millar,Liam Millar,Hull City,GB1,Left Winger,ATT,26,3000000,3500000,2800000,44,1,5000000,,84.71,85,0,0.1,0,0.1,+0.1: established international experience,84.81,85,senior_squad,
tbg-tm-00626953,626953,,Álvaro Núñez,Álvaro Núñez,Celta de Vigo,ES1,Right-Back,DEF,25,4000000,6000000,6000000,0,0,1000000,,84.8,85,0,0,0,0,,84.8,85,senior_squad,
tbg-tm-00392569,392569,,Gabriele Zappa,Gabriele Zappa,Cagliari Calcio,IT1,Right-Back,DEF,26,3000000,7000000,3500000,0,0,6200000,,84.8,85,0,0,0,0,,84.8,85,senior_squad,
tbg-tm-00649452,649452,,Issa Kaboré,Issa Kaboré,Manchester City,GB1,Right-Back,DEF,25,4000000,10000000,4000000,0,0,4500000,,84.8,85,0,0,0,0,,84.8,85,senior_squad,
tbg-tm-00596899,596899,,Riki Rodríguez,Riki Rodríguez,Deportivo A Coruña,ES1,Central Midfield,MID,28,1500000,1500000,1400000,0,0,500000,,84.8,85,0,0,0,0,,84.8,85,senior_squad,
tbg-tm-00932187,932187,,Sascha Britschgi,Sascha Britschgi,Parma Calcio 1913,IT1,Right-Back,DEF,19,10000000,10000000,10000000,6,0,3140000,,84.8,85,0,0,0,0,,84.8,85,senior_squad,
tbg-tm-00531404,531404,,Marc Aguado,Marc Aguado,Elche CF,ES1,Defensive Midfield,DEF,26,3500000,3500000,3500000,0,0,0,,84.79,85,0,0,0,0,,84.79,85,senior_squad,
tbg-tm-00251897,251897,,Asier Villalibre,Asier Villalibre,Racing Santander,ES1,Centre-Forward,ATT,28,2000000,4500000,2000000,0,0,2000000,,84.78,85,0,0,0,0,,84.78,85,senior_squad,
tbg-tm-00459665,459665,,Patrizio Masini,Patrizio Masini,Genoa CFC,IT1,Central Midfield,MID,25,4200000,6000000,5000000,0,0,0,,84.78,85,0,0,0,0,,84.78,85,senior_squad,
tbg-tm-00652331,652331,,Javi Rueda,Javi Rueda,Celta de Vigo,ES1,Right-Back,DEF,24,6000000,6000000,4000000,0,0,0,,84.77,85,0,0,0,0,,84.77,85,senior_squad,
tbg-tm-00590690,590690,,Víctor García,Víctor García,Levante UD,ES1,Right-Back,DEF,28,1500000,1500000,1000000,0,0,0,,84.76,85,0,0,0,0,,84.76,85,senior_squad,
tbg-tm-00924857,924857,,Lennon Miller,Lennon Miller,Udinese Calcio,IT1,Central Midfield,MID,19,10000000,10000000,10000000,5,2,5500000,,84.75,85,0,0,0,0,,84.75,85,senior_squad,
tbg-tm-00668950,668950,,Luca Kjerrumgaard,Luca Kjerrumgaard,Udinese Calcio,IT1,Centre-Forward,ATT,23,8000000,8000000,6000000,0,0,5000000,,84.75,85,0,0,0,0,,84.75,85,senior_squad,
tbg-tm-00550106,550106,,Matteo Cancellieri,Matteo Cancellieri,SS Lazio,IT1,Right Winger,ATT,24,7000000,7000000,5500000,0,0,15200000,,84.75,85,0,0,0,0,,84.75,85,senior_squad,
tbg-tm-00433584,433584,,Alessio Zerbin,Alessio Zerbin,SSC Napoli,IT1,Right Midfield,MID,27,2000000,4000000,2200000,0,0,1290000,,84.74,85,0,0,0,0,,84.74,85,senior_squad,
tbg-tm-00982855,982855,,Reda Belahyane,Reda Belahyane,SS Lazio,IT1,Defensive Midfield,DEF,22,6800000,10000000,8500000,0,0,10800000,,84.74,85,0,0,0,0,,84.74,85,senior_squad,
tbg-tm-00364206,364206,,Andrea Adorante,Andrea Adorante,Venezia FC,IT1,Centre-Forward,ATT,26,4500000,4500000,4000000,0,0,7375000,,84.73,85,0,0,0,0,,84.73,85,senior_squad,
tbg-tm-00707450,707450,,Lorenzo Amatucci,Lorenzo Amatucci,ACF Fiorentina,IT1,Defensive Midfield,DEF,22,8000000,8000000,5000000,0,0,0,,84.73,85,0,0,0,0,,84.73,85,senior_squad,
tbg-tm-00357628,357628,,Alfon González,Alfon González,Sevilla FC,ES1,Left Winger,ATT,27,3000000,5000000,3000000,0,0,250000,,84.72,85,0,0,0,0,,84.72,85,senior_squad,
tbg-tm-00581672,581672,,Samuel Iling-Junior,Samuel Iling-Junior,Aston Villa,GB1,Left Midfield,MID,22,6500000,13000000,8000000,0,0,15880000,,84.72,85,0,0,0,0,,84.72,85,senior_squad,
tbg-tm-01129198,1129198,,Eivind Helland,Eivind Helland,Bologna FC 1909,IT1,Centre-Back,DEF,21,8000000,8000000,7000000,13,1,7000000,,84.71,85,0,0,0,0,,84.71,85,senior_squad,
tbg-tm-00625202,625202,,Lautaro Valenti,Lautaro Valenti,Parma Calcio 1913,IT1,Centre-Back,DEF,27,2000000,5000000,1500000,0,0,10500000,,84.71,85,0,0,0,0,,84.71,85,senior_squad,
tbg-tm-01063329,1063329,,Andrés García,Andrés García,Aston Villa,GB1,Right-Back,DEF,23,6000000,7000000,7000000,0,0,7000000,,84.7,85,0,0,0,0,,84.7,85,senior_squad,
tbg-tm-00431190,431190,,Carlos Protesoni,Carlos Protesoni,Deportivo Alavés,ES1,Defensive Midfield,DEF,28,1000000,2000000,1000000,0,0,2150000,,84.7,85,0,0,0,0,,84.7,85,senior_squad,
tbg-tm-00581330,581330,,Eiran Cashin,Eiran Cashin,Brighton & Hove Albion,GB1,Centre-Back,DEF,24,5000000,8000000,5000000,0,0,10750000,,84.7,85,0,0,0,0,,84.7,85,senior_squad,
tbg-tm-00568158,568158,,Javi López,Javi López,Real Sociedad,ES1,Left-Back,DEF,24,5000000,7500000,5000000,0,0,6500000,,84.69,85,0,0,0,0,,84.69,85,senior_squad,
tbg-tm-00780817,780817,,Carlos Ruiz Rubio,Carlos Ruiz Rubio,Málaga CF,ES1,Centre-Forward,ATT,21,10000000,10000000,6000000,0,0,0,,84.67,85,0,0,0,0,,84.67,85,senior_squad,
tbg-tm-00916430,916430,,Edoardo Motta,Edoardo Motta,SS Lazio,IT1,Goalkeeper,GK,21,8000000,8000000,4000000,0,0,1800000,,84.57,85,0.1,0,0,0.1,+0.1: goalkeeper longevity stability,84.67,85,senior_squad,
tbg-tm-00567129,567129,,Josh Doig,Josh Doig,US Sassuolo,IT1,Left-Back,DEF,24,4500000,10000000,5000000,0,0,10150000,,84.66,85,0,0,0,0,,84.66,85,senior_squad,
tbg-tm-00696181,696181,,Romaine Mundle,Romaine Mundle,Sunderland AFC,GB1,Left Winger,ATT,23,7000000,8000000,8000000,0,0,1800000,,84.66,85,0,0,0,0,,84.66,85,senior_squad,
tbg-tm-00527425,527425,,Luke Woolfenden,Luke Woolfenden,Coventry City,GB1,Centre-Back,DEF,27,2000000,2000000,2000000,0,0,4600000,,84.65,85,0,0,0,0,,84.65,85,senior_squad,
tbg-tm-01005583,1005583,,Alysson Edward Franco da Rocha,Alysson Edward Franco da Rocha,Aston Villa,GB1,Right Winger,ATT,20,10000000,10000000,10000000,0,0,10000000,,84.64,85,0,0,0,0,,84.64,85,senior_squad,
tbg-tm-00746833,746833,,Caleb Wiley,Caleb Wiley,Chelsea FC,GB1,Left-Back,DEF,21,8000000,8000000,8000000,0,0,10100000,,84.64,85,0,0,0,0,,84.64,85,senior_squad,
tbg-tm-01009658,1009658,,Julio Soler,Julio Soler,AFC Bournemouth,GB1,Left-Back,DEF,21,8000000,8000000,8000000,0,0,8000000,,84.64,85,0,0,0,0,,84.64,85,senior_squad,
tbg-tm-00982267,982267,,Ibrahim Sulemana,Ibrahim Sulemana,Atalanta BC,IT1,Defensive Midfield,DEF,23,6000000,7000000,6000000,0,0,11900000,,84.63,85,0,0,0,0,,84.63,85,senior_squad,
tbg-tm-00522730,522730,,Íñigo Sainz-Maza,Íñigo Sainz-Maza,Racing Santander,ES1,Central Midfield,MID,28,1000000,1000000,1000000,0,0,0,,84.63,85,0,0,0,0,,84.63,85,senior_squad,
tbg-tm-00396333,396333,,Javi Montero,Javi Montero,Without Club,,Centre-Back,DEF,27,1000000,10000000,1000000,0,0,1250000,,84.63,85,0,0,0,0,,84.63,85,senior_squad,
tbg-tm-00570336,570336,,Dan Neil,Dan Neil,Rangers FC,SC1,Central Midfield,MID,24,4500000,7500000,5500000,0,0,0,,84.62,85,0,0,0,0,,84.62,85,senior_squad,
tbg-tm-00555500,555500,,Jorge Herrando,Jorge Herrando,CA Osasuna,ES1,Centre-Back,DEF,25,3500000,6000000,4000000,0,0,0,,84.61,85,0,0,0,0,,84.61,85,senior_squad,
tbg-tm-00743597,743597,,Matheus França,Matheus França,Crystal Palace,GB1,Attacking Midfield,MID,22,6000000,15000000,7000000,0,0,20000000,,84.61,85,0,0,0,0,,84.61,85,senior_squad,
tbg-tm-00948275,948275,,Álvaro Rodríguez,Álvaro Rodríguez,Elche CF,ES1,Centre-Forward,ATT,21,10000000,10000000,5000000,0,0,2000000,,84.6,85,0,0,0,0,,84.6,85,senior_squad,
tbg-tm-00840149,840149,,Matija Frigan,Matija Frigan,Parma Calcio 1913,IT1,Centre-Forward,ATT,23,7000000,7500000,7500000,0,0,14950000,,84.6,85,0,0,0,0,,84.6,85,senior_squad,
tbg-tm-01231993,1231993,,Adrian Lahdo,Adrian Lahdo,Como 1907,IT1,Central Midfield,MID,18,10000000,10000000,10000000,10,1,11940000,,84.59,85,0,0,0,0,,84.59,85,senior_squad,
tbg-tm-00258916,258916,,Kieran Dowell,Kieran Dowell,Hull City,GB1,Attacking Midfield,MID,28,600000,3000000,600000,0,0,2600000,,84.59,85,0,0,0,0,,84.59,85,senior_squad,
tbg-tm-00524010,524010,,Oier Zarraga,Oier Zarraga,Udinese Calcio,IT1,Central Midfield,MID,27,1500000,3500000,1800000,0,0,0,,84.59,85,0,0,0,0,,84.59,85,senior_squad,
tbg-tm-00615350,615350,,Cenk Özkacar,Cenk Özkacar,Valencia CF,ES1,Centre-Back,DEF,25,4000000,5000000,3000000,0,0,7575000,,84.58,85,0,0,0,0,,84.58,85,senior_squad,
tbg-tm-00548188,548188,,Germán Valera,Germán Valera,Elche CF,ES1,Left Winger,ATT,24,6000000,6000000,6000000,0,0,125000,,84.58,85,0,0,0,0,,84.58,85,senior_squad,
tbg-tm-00563137,563137,,Robert Navarro,Robert Navarro,Athletic Bilbao,ES1,Right Winger,ATT,24,6000000,6000000,6000000,0,0,6850000,,84.58,85,0,0,0,0,,84.58,85,senior_squad,
tbg-tm-00435493,435493,,Bambo Diaby,Bambo Diaby,Elche CF,ES1,Centre-Back,DEF,28,800000,800000,800000,0,0,400000,,84.56,85,0,0,0,0,,84.56,85,senior_squad,
tbg-tm-00376589,376589,,Eneko Jauregi,Eneko Jauregi,Without Club,,Centre-Forward,ATT,29,700000,700000,700000,0,0,0,,84.56,85,0,0,0,0,,84.56,85,senior_squad,
tbg-tm-00390304,390304,,Federico Ravaglia,Federico Ravaglia,Bologna FC 1909,IT1,Goalkeeper,GK,26,1800000,2000000,2000000,0,0,0,,84.46,84,0.1,0,0,0.1,+0.1: goalkeeper longevity stability,84.56,85,senior_squad,
tbg-tm-00798929,798929,,Gvidas Gineitis,Gvidas Gineitis,Torino FC,IT1,Central Midfield,MID,22,5500000,6000000,5500000,32,5,0,,84.46,84,0,0.1,0,0.1,+0.1: established international experience,84.56,85,senior_squad,
tbg-tm-00381469,381469,,Steven Benda,Steven Benda,Without Club,,Goalkeeper,GK,27,1000000,1000000,1000000,0,0,870000,,84.46,84,0.1,0,0,0.1,+0.1: goalkeeper longevity stability,84.56,85,senior_squad,
tbg-tm-00658115,658115,,Abel Bretones,Abel Bretones,CA Osasuna,ES1,Left-Back,DEF,25,3500000,4500000,4000000,0,0,2800000,,84.55,85,0,0,0,0,,84.55,85,senior_squad,
tbg-tm-01082774,1082774,,Alexsandro Amorim de Freitas Filho,Alexsandro Amorim de Freitas Filho,Genoa CFC,IT1,Central Midfield,MID,21,8000000,8000000,6500000,0,0,7810000,,84.55,85,0,0,0,0,,84.55,85,senior_squad,
tbg-tm-00663258,663258,,Aritz Aldasoro,Aritz Aldasoro,Racing Santander,ES1,Central Midfield,MID,27,1500000,2000000,2000000,0,0,0,,84.54,85,0,0,0,0,,84.54,85,senior_squad,
tbg-tm-00724106,724106,,Luca Lipani,Luca Lipani,US Sassuolo,IT1,Defensive Midfield,DEF,21,7500000,7500000,7500000,2,0,4550000,,84.54,85,0,0,0,0,,84.54,85,senior_squad,
tbg-tm-00728734,728734,,Alfie Devine,Alfie Devine,Tottenham Hotspur,GB1,Attacking Midfield,MID,21,8000000,8000000,6000000,0,0,0,,84.53,85,0,0,0,0,,84.53,85,senior_squad,
tbg-tm-00357778,357778,,Sandro Kulenović,Sandro Kulenović,Torino FC,IT1,Centre-Forward,ATT,26,3500000,4000000,4000000,0,0,5170000,,84.53,85,0,0,0,0,,84.53,85,senior_squad,
tbg-tm-00461843,461843,,Juan Berrocal,Juan Berrocal,Getafe CF,ES1,Centre-Back,DEF,27,1500000,2200000,1500000,0,0,2200000,,84.52,85,0,0,0,0,,84.52,85,senior_squad,
tbg-tm-00659516,659516,,Warren Bondo,Warren Bondo,AC Milan,IT1,Central Midfield,MID,22,6000000,10000000,7500000,0,0,11000000,,84.52,85,0,0,0,0,,84.52,85,senior_squad,
tbg-tm-00893675,893675,,Amir Richardson,Amir Richardson,ACF Fiorentina,IT1,Central Midfield,MID,24,4000000,9000000,4500000,0,0,11000000,,84.5,84,0,0,0,0,,84.5,84,senior_squad,
tbg-tm-00604113,604113,,Jamil Siebert,Jamil Siebert,US Lecce,IT1,Centre-Back,DEF,24,4500000,4500000,4500000,0,0,5500000,,84.48,84,0,0,0,0,,84.48,84,senior_squad,
tbg-tm-00406806,406806,,Emil Bohinen,Emil Bohinen,Venezia FC,IT1,Defensive Midfield,DEF,27,1000000,4000000,1300000,0,0,8880000,,84.47,84,0,0,0,0,,84.47,84,senior_squad,
tbg-tm-00843595,843595,,Max Alleyne,Max Alleyne,Manchester City,GB1,Centre-Back,DEF,20,8000000,8000000,8000000,5,0,1800000,,84.47,84,0,0,0,0,,84.47,84,senior_squad,
tbg-tm-00860992,860992,,Nicolás Valentini,Nicolás Valentini,ACF Fiorentina,IT1,Centre-Back,DEF,25,3000000,6000000,3500000,0,0,200000,,84.47,84,0,0,0,0,,84.47,84,senior_squad,
tbg-tm-00660735,660735,,Federico Gattoni,Federico Gattoni,Sevilla FC,ES1,Centre-Back,DEF,27,800000,5500000,1000000,0,0,1400000,,84.46,84,0,0,0,0,,84.46,84,senior_squad,
tbg-tm-00396161,396161,,Manu Hernando,Manu Hernando,Racing Santander,ES1,Centre-Back,DEF,27,1400000,1600000,1400000,0,0,90000,,84.46,84,0,0,0,0,,84.46,84,senior_squad,
tbg-tm-00568148,568148,,Mario Soriano,Mario Soriano,Deportivo A Coruña,ES1,Attacking Midfield,MID,24,5000000,5000000,3000000,0,0,0,,84.46,84,0,0,0,0,,84.46,84,senior_squad,
tbg-tm-00670860,670860,,James Beadle,James Beadle,Brighton & Hove Albion,GB1,Goalkeeper,GK,21,6000000,6000000,5000000,16,0,0,,84.36,84,0.1,0,0,0.1,+0.1: goalkeeper longevity stability,84.46,84,senior_squad,
tbg-tm-00454386,454386,,Adrian Benedyczak,Adrian Benedyczak,Parma Calcio 1913,IT1,Centre-Forward,ATT,25,5000000,6000000,2500000,0,0,2400000,,84.45,84,0,0,0,0,,84.45,84,senior_squad,
tbg-tm-00857079,857079,,Mohamed Belloumi,Mohamed Belloumi,Hull City,GB1,Right Winger,ATT,24,6000000,6000000,4000000,0,0,5500000,,84.45,84,0,0,0,0,,84.45,84,senior_squad,
tbg-tm-00543666,543666,,Stefano Turati,Stefano Turati,US Sassuolo,IT1,Goalkeeper,GK,24,3000000,7500000,3000000,0,0,565000,,84.35,84,0.1,0,0,0.1,+0.1: goalkeeper longevity stability,84.45,84,senior_squad,
tbg-tm-00610083,610083,,Unai Vencedor,Unai Vencedor,Athletic Bilbao,ES1,Central Midfield,MID,25,1600000,20000000,1800000,0,0,0,,84.44,84,0,0,0,0,,84.44,84,senior_squad,
tbg-tm-00948272,948272,,César Palacios,César Palacios,Real Madrid Castilla,E3G2,Attacking Midfield,MID,21,7500000,7500000,6000000,0,0,0,,84.43,84,0,0,0,0,,84.43,84,senior_squad,
tbg-tm-01034853,1034853,,Nobel Mendy,Nobel Mendy,Rayo Vallecano,ES1,Centre-Back,DEF,21,7500000,7500000,6000000,0,0,4400000,,84.43,84,0,0,0,0,,84.43,84,senior_squad,
tbg-tm-00944570,944570,,Vasilije Adžić,Vasilije Adžić,Juventus FC,IT1,Attacking Midfield,MID,20,8000000,8000000,8000000,6,2,7200000,,84.43,84,0,0,0,0,,84.43,84,senior_squad,
tbg-tm-00613393,613393,,Gaetano Oristanio,Gaetano Oristanio,Venezia FC,IT1,Attacking Midfield,MID,23,5000000,6500000,6000000,0,0,4000000,,84.42,84,0,0,0,0,,84.42,84,senior_squad,
tbg-tm-00834752,834752,,Unai Gómez,Unai Gómez,Athletic Bilbao,ES1,Attacking Midfield,MID,23,5000000,8000000,5000000,0,0,0,,84.42,84,0,0,0,0,,84.42,84,senior_squad,
tbg-tm-00398131,398131,,Cristian Rivero,Cristian Rivero,Valencia CF,ES1,Goalkeeper,GK,28,100000,300000,100000,0,0,0,,84.32,84,0.1,0,0,0.1,+0.1: goalkeeper longevity stability,84.42,84,senior_squad,
tbg-tm-00814446,814446,,Luca Marianucci,Luca Marianucci,SSC Napoli,IT1,Centre-Back,DEF,21,7000000,7500000,7500000,0,0,10150000,,84.41,84,0,0,0,0,,84.41,84,senior_squad,
tbg-tm-00718034,718034,,Abde Rebbach,Abde Rebbach,Deportivo Alavés,ES1,Left Winger,ATT,27,2500000,2500000,1500000,0,0,0,,84.4,84,0,0,0,0,,84.4,84,senior_squad,
tbg-tm-00892221,892221,,Hugo Sotelo,Hugo Sotelo,Celta de Vigo,ES1,Central Midfield,MID,22,5000000,12000000,7500000,0,0,0,,84.4,84,0,0,0,0,,84.4,84,senior_squad,
tbg-tm-00571271,571271,,Ivan Smolcic,Ivan Smolcic,Como 1907,IT1,Right-Back,DEF,25,3500000,3500000,2500000,0,0,1600000,,84.4,84,0,0,0,0,,84.4,84,senior_squad,
tbg-tm-00631693,631693,,Jesús Owono,Jesús Owono,Deportivo Alavés,ES1,Goalkeeper,GK,25,900000,1000000,900000,44,0,0,,84.2,84,0.1,0.1,0,0.2,+0.1: goalkeeper longevity stability | +0.1: established international experience,84.4,84,senior_squad,
tbg-tm-00449597,449597,,Isaac Schmidt,Isaac Schmidt,Leeds United,GB1,Left-Back,DEF,26,2200000,2200000,2200000,0,0,2972000,,84.38,84,0,0,0,0,,84.38,84,senior_squad,
tbg-tm-00433181,433181,,Tino Anjorin,Tino Anjorin,Torino FC,IT1,Central Midfield,MID,24,4000000,6000000,4000000,0,0,4500000,,84.38,84,0,0,0,0,,84.38,84,senior_squad,
tbg-tm-00627248,627248,,Lewis Dobbin,Lewis Dobbin,Aston Villa,GB1,Left Winger,ATT,23,7000000,7000000,4000000,0,0,11800000,,84.37,84,0,0,0,0,,84.37,84,senior_squad,
tbg-tm-00876298,876298,,Matteo Prati,Matteo Prati,Cagliari Calcio,IT1,Defensive Midfield,DEF,22,5500000,10000000,6000000,0,0,6255000,,84.37,84,0,0,0,0,,84.37,84,senior_squad,
tbg-tm-00568005,568005,,Jeremy Sarmiento,Jeremy Sarmiento,Middlesbrough FC,GB2,Left Winger,ATT,24,5000000,7000000,5000000,0,0,4280000,,84.36,84,0,0,0,0,,84.36,84,senior_squad,
tbg-tm-01054934,1054934,,Maroan Sannadi,Maroan Sannadi,Athletic Bilbao,ES1,Centre-Forward,ATT,25,3000000,10000000,5000000,0,0,3000000,,84.36,84,0,0,0,0,,84.36,84,senior_squad,
tbg-tm-00591844,591844,,Joe Gauci,Joe Gauci,Aston Villa,GB1,Goalkeeper,GK,26,1200000,1500000,1400000,0,0,1500000,,84.26,84,0.1,0,0,0.1,+0.1: goalkeeper longevity stability,84.36,84,senior_squad,
tbg-tm-00969192,969192,,Ebenezer Akinsanmiro,Ebenezer Akinsanmiro,Inter Milan,IT1,Central Midfield,MID,21,7000000,7000000,6500000,0,0,656000,,84.35,84,0,0,0,0,,84.35,84,senior_squad,
tbg-tm-00743091,743091,,Emirhan İlkhan,Emirhan İlkhan,Torino FC,IT1,Central Midfield,MID,22,6000000,6000000,5000000,11,2,4900000,,84.35,84,0,0,0,0,,84.35,84,senior_squad,
tbg-tm-00617755,617755,,Jenson Seelt,Jenson Seelt,Sunderland AFC,GB1,Centre-Back,DEF,23,5000000,5000000,5000000,0,0,2000000,,84.35,84,0,0,0,0,,84.35,84,senior_squad,
tbg-tm-00783396,783396,,Ramón Terrats,Ramón Terrats,Villarreal CF,ES1,Central Midfield,MID,25,3000000,4000000,3000000,0,0,2500000,,84.35,84,0,0,0,0,,84.35,84,senior_squad,
tbg-tm-00428016,428016,,Brandon Austin,Brandon Austin,Tottenham Hotspur,GB1,Goalkeeper,GK,27,500000,600000,500000,0,0,0,,84.25,84,0.1,0,0,0.1,+0.1: goalkeeper longevity stability,84.35,84,senior_squad,
tbg-tm-00488935,488935,,Hákon Valdimarsson,Hákon Valdimarsson,Brentford FC,GB1,Goalkeeper,GK,24,2500000,2500000,2500000,22,0,3000000,,84.25,84,0.1,0,0,0.1,+0.1: goalkeeper longevity stability,84.35,84,senior_squad,
tbg-tm-00372720,372720,,Nicholas Pierini,Nicholas Pierini,US Sassuolo,IT1,Right Winger,ATT,27,1600000,3000000,2600000,0,0,2370000,,84.34,84,0,0,0,0,,84.34,84,senior_squad,
tbg-tm-00459988,459988,,Gennaro Borrelli,Gennaro Borrelli,Cagliari Calcio,IT1,Centre-Forward,ATT,26,3000000,3000000,3000000,0,0,3830000,,84.33,84,0,0,0,0,,84.33,84,senior_squad,
tbg-tm-01110406,1110406,,Ibrahim Osman,Ibrahim Osman,Brighton & Hove Albion,GB1,Left Winger,ATT,21,7000000,16000000,8000000,0,0,19500000,,84.33,84,0,0,0,0,,84.33,84,senior_squad,
tbg-tm-00647395,647395,,Kyle Joseph,Kyle Joseph,Hull City,GB1,Centre-Forward,ATT,24,6000000,6000000,2500000,0,0,580000,,84.33,84,0,0,0,0,,84.33,84,senior_squad,
tbg-tm-00528892,528892,,Harry Clarke,Harry Clarke,Ipswich Town,GB1,Right-Back,DEF,25,2500000,5000000,3000000,0,0,0,,84.31,84,0,0,0,0,,84.31,84,senior_squad,
tbg-tm-00586834,586834,,Jesurun Rak-Sakyi,Jesurun Rak-Sakyi,Crystal Palace,GB1,Right Winger,ATT,23,6000000,6000000,6000000,0,0,0,,84.31,84,0,0,0,0,,84.31,84,senior_squad,
tbg-tm-00707809,707809,,Joël Schingtienne,Joël Schingtienne,Venezia FC,IT1,Centre-Back,DEF,23,5000000,5000000,4500000,0,0,3000000,,84.31,84,0,0,0,0,,84.31,84,senior_squad,
tbg-tm-00905997,905997,,Pablo Durán,Pablo Durán,Celta de Vigo,ES1,Centre-Forward,ATT,25,4000000,4000000,4000000,0,0,0,,84.31,84,0,0,0,0,,84.31,84,senior_squad,
tbg-tm-00357991,357991,,Alessandro Plizzari,Alessandro Plizzari,Venezia FC,IT1,Goalkeeper,GK,26,900000,2500000,1000000,0,0,875000,,84.21,84,0.1,0,0,0.1,+0.1: goalkeeper longevity stability,84.31,84,senior_squad,
tbg-tm-00663237,663237,,Jacob Ondrejka,Jacob Ondrejka,Parma Calcio 1913,IT1,Left Winger,ATT,23,5500000,8000000,6500000,0,0,8300000,,84.29,84,0,0,0,0,,84.29,84,senior_squad,
tbg-tm-00859951,859951,,Ashley Phillips,Ashley Phillips,Tottenham Hotspur,GB1,Centre-Back,DEF,21,7000000,7000000,4500000,5,0,2300000,,84.28,84,0,0,0,0,,84.28,84,senior_squad,
tbg-tm-00458777,458777,,Giacomo Quagliata,Giacomo Quagliata,Deportivo A Coruña,ES1,Left-Back,DEF,26,2000000,2000000,1500000,0,0,2000000,,84.28,84,0,0,0,0,,84.28,84,senior_squad,
tbg-tm-00323255,323255,,Giacomo Satalino,Giacomo Satalino,Without Club,,Goalkeeper,GK,27,400000,400000,400000,0,0,0,,84.18,84,0.1,0,0,0.1,+0.1: goalkeeper longevity stability,84.28,84,senior_squad,
tbg-tm-00917375,917375,,Antoine Hainaut,Antoine Hainaut,Venezia FC,IT1,Right-Back,DEF,24,4000000,4000000,3000000,0,0,850000,,84.27,84,0,0,0,0,,84.27,84,senior_squad,
tbg-tm-01186235,1186235,,Jorge Cestero,Jorge Cestero,Real Madrid Castilla,E3G2,Central Midfield,MID,20,7500000,7500000,7500000,0,0,0,,84.27,84,0,0,0,0,,84.27,84,senior_squad,
tbg-tm-00412649,412649,,Tommaso Cassandro,Tommaso Cassandro,Palermo FC,IT2,Centre-Back,DEF,26,2000000,2000000,1400000,0,0,2100000,,84.27,84,0,0,0,0,,84.27,84,senior_squad,
tbg-tm-00336307,336307,,Christian Früchtl,Christian Früchtl,US Lecce,IT1,Goalkeeper,GK,26,1000000,1500000,1000000,0,0,1500000,,84.17,84,0.1,0,0,0.1,+0.1: goalkeeper longevity stability,84.27,84,senior_squad,
tbg-tm-00666547,666547,,Zito Luvumbo,Zito Luvumbo,Cagliari Calcio,IT1,Right Winger,ATT,24,3000000,7500000,3500000,31,1,1180000,,84.17,84,0,0.1,0,0.1,+0.1: established international experience,84.27,84,senior_squad,
tbg-tm-00354909,354909,,Giorgio Altare,Giorgio Altare,Venezia FC,IT1,Centre-Back,DEF,27,600000,2000000,800000,0,0,2500000,,84.26,84,0,0,0,0,,84.26,84,senior_squad,
tbg-tm-01086375,1086375,,Gustavo Nunes,Gustavo Nunes,Brentford FC,GB1,Left Winger,ATT,20,8000000,10000000,10000000,0,0,12000000,,84.25,84,0,0,0,0,,84.25,84,senior_squad,
tbg-tm-00635939,635939,,David Larrubia,David Larrubia,Málaga CF,ES1,Right Winger,ATT,24,5000000,5000000,4000000,0,0,0,,84.24,84,0,0,0,0,,84.24,84,senior_squad,
tbg-tm-01043646,1043646,,Christian Ordóñez,Christian Ordóñez,Parma Calcio 1913,IT1,Central Midfield,MID,21,6500000,7000000,6500000,0,0,9750000,,84.23,84,0,0,0,0,,84.23,84,senior_squad,
tbg-tm-01144700,1144700,,Matías Moreno,Matías Moreno,ACF Fiorentina,IT1,Centre-Back,DEF,22,6000000,6000000,4000000,0,0,5000000,,84.23,84,0,0,0,0,,84.23,84,senior_squad,
tbg-tm-00425713,425713,,Akin Famewo,Akin Famewo,Bolton Wanderers,GB2,Centre-Back,DEF,27,800000,800000,800000,0,0,60000,,84.22,84,0,0,0,0,,84.22,84,senior_squad,
tbg-tm-00834491,834491,,Alejandro Rego,Alejandro Rego,Athletic Bilbao,ES1,Central Midfield,MID,23,5000000,5000000,3000000,0,0,0,,84.2,84,0,0,0,0,,84.2,84,senior_squad,
tbg-tm-00719999,719999,,Andrés Castrín,Andrés Castrín,Sevilla FC,ES1,Centre-Back,DEF,23,6000000,6000000,1500000,0,0,200000,,84.2,84,0,0,0,0,,84.2,84,senior_squad,
tbg-tm-00370998,370998,,Bartol Franjic,Bartol Franjic,Venezia FC,IT1,Left-Back,DEF,26,1000000,6500000,1000000,0,0,8750000,,84.19,84,0,0,0,0,,84.19,84,senior_squad,
tbg-tm-00631007,631007,,Filippo Terracciano,Filippo Terracciano,AC Milan,IT1,Centre-Back,DEF,23,4500000,4500000,4500000,0,0,5000000,,84.19,84,0,0,0,0,,84.19,84,senior_squad,
tbg-tm-00805886,805886,,Gaby Jean,Gaby Jean,US Lecce,IT1,Centre-Back,DEF,26,1500000,2000000,1500000,0,0,1000000,,84.19,84,0,0,0,0,,84.19,84,senior_squad,
tbg-tm-00961087,961087,,Pablo García,Pablo García,Real Betis Balompié,ES1,Right Winger,ATT,20,8000000,10000000,8000000,5,2,0,,84.19,84,0,0,0,0,,84.19,84,senior_squad,
tbg-tm-00981674,981674,,Patrik Mercado,Patrik Mercado,Sevilla FC,ES1,Attacking Midfield,MID,22,5500000,5500000,5500000,0,0,6000000,,84.19,84,0,0,0,0,,84.19,84,senior_squad,
tbg-tm-01045123,1045123,,Trey Nyoni,Trey Nyoni,Liverpool FC,GB1,Central Midfield,MID,19,8000000,8000000,6000000,13,1,0,,84.19,84,0,0,0,0,,84.19,84,senior_squad,
tbg-tm-00591957,591957,,Victor Parada,Victor Parada,Deportivo Alavés,ES1,Left-Back,DEF,24,4000000,4000000,2000000,0,0,0,,84.17,84,0,0,0,0,,84.17,84,senior_squad,
tbg-tm-00749552,749552,,Alieu Fadera,Alieu Fadera,Como 1907,IT1,Left Winger,ATT,24,4500000,5000000,4500000,0,0,10800000,,84.16,84,0,0,0,0,,84.16,84,senior_squad,
tbg-tm-00625660,625660,,Jon Ander Olasagasti,Jon Ander Olasagasti,Levante UD,ES1,Central Midfield,MID,25,2500000,4000000,1800000,0,0,500000,,84.16,84,0,0,0,0,,84.16,84,senior_squad,
tbg-tm-00557147,557147,,José Gragera,José Gragera,RCD Espanyol Barcelona,ES1,Central Midfield,MID,26,1200000,3000000,1500000,0,0,2800000,,84.16,84,0,0,0,0,,84.16,84,senior_squad,
tbg-tm-00862606,862606,,Nesta Elphege,Nesta Elphege,Parma Calcio 1913,IT1,Centre-Forward,ATT,25,4000000,4000000,2000000,0,0,2000000,,84.16,84,0,0,0,0,,84.16,84,senior_squad,
tbg-tm-00915849,915849,,Yanis Massolin,Yanis Massolin,Inter Milan,IT1,Attacking Midfield,MID,23,4500000,4500000,4000000,0,0,4200000,,84.16,84,0,0,0,0,,84.16,84,senior_squad,
tbg-tm-00505674,505674,,Sergio Camello,Sergio Camello,Rayo Vallecano,ES1,Centre-Forward,ATT,25,3000000,10000000,2000000,0,0,5000000,,84.15,84,0,0,0,0,,84.15,84,senior_squad,
tbg-tm-00636093,636093,,Carlos Domínguez,Carlos Domínguez,Celta de Vigo,ES1,Centre-Back,DEF,25,2000000,3000000,3000000,0,0,0,,84.14,84,0,0,0,0,,84.14,84,senior_squad,
tbg-tm-00549027,549027,,Martim Neto,Martim Neto,Elche CF,ES1,Central Midfield,MID,23,4000000,5000000,5000000,0,0,1500000,,84.14,84,0,0,0,0,,84.14,84,senior_squad,
tbg-tm-00519651,519651,,Zakaria Eddahchouri,Zakaria Eddahchouri,Deportivo A Coruña,ES1,Centre-Forward,ATT,26,2500000,2500000,2000000,0,0,300000,,84.14,84,0,0,0,0,,84.14,84,senior_squad,
tbg-tm-00568617,568617,,Răzvan Sava,Răzvan Sava,Universitatea Craiova,RO1,Goalkeeper,GK,24,2500000,2500000,2500000,0,0,5500000,,84.04,84,0.1,0,0,0.1,+0.1: goalkeeper longevity stability,84.14,84,senior_squad,
tbg-tm-00960571,960571,,Jones El-Abdellaoui,Jones El-Abdellaoui,Celta de Vigo,ES1,Right Winger,ATT,20,8000000,8000000,8000000,2,0,4200000,,84.13,84,0,0,0,0,,84.13,84,senior_squad,
tbg-tm-00819590,819590,,José Salinas,José Salinas,RCD Espanyol Barcelona,ES1,Left-Back,DEF,25,2000000,3000000,2800000,0,0,0,,84.12,84,0,0,0,0,,84.12,84,senior_squad,
tbg-tm-00528181,528181,,Edoardo Corvi,Edoardo Corvi,Parma Calcio 1913,IT1,Goalkeeper,GK,25,1500000,1500000,1500000,0,0,0,,84.02,84,0.1,0,0,0.1,+0.1: goalkeeper longevity stability,84.12,84,senior_squad,
tbg-tm-00396334,396334,,Joaquín Muñoz,Joaquín Muñoz,Málaga CF,ES1,Left Winger,ATT,27,1500000,1500000,1000000,0,0,1500000,,84.11,84,0,0,0,0,,84.11,84,senior_squad,
tbg-tm-00602124,602124,,Alessandro Bianco,Alessandro Bianco,ACF Fiorentina,IT1,Central Midfield,MID,23,4000000,5000000,4500000,0,0,40000,,84.1,84,0,0,0,0,,84.1,84,senior_squad,
tbg-tm-00490423,490423,,Ignace Van der Brempt,Ignace Van der Brempt,Como 1907,IT1,Right-Back,DEF,24,3000000,4000000,3500000,0,0,10300000,,84.1,84,0,0,0,0,,84.1,84,senior_squad,
tbg-tm-00623024,623024,,Jesús Vázquez,Jesús Vázquez,Valencia CF,ES1,Left-Back,DEF,23,4000000,5000000,4000000,0,0,0,,84.09,84,0,0,0,0,,84.09,84,senior_squad,
tbg-tm-00848682,848682,,Kosta Nedeljkovic,Kosta Nedeljkovic,Aston Villa,GB1,Right-Back,DEF,20,6000000,10000000,6000000,11,0,7600000,,84.08,84,0,0,0,0,,84.08,84,senior_squad,
tbg-tm-00654253,654253,,Toby Collyer,Toby Collyer,Manchester United,GB1,Defensive Midfield,DEF,22,5000000,5000000,5000000,0,0,0,,84.08,84,0,0,0,0,,84.08,84,senior_squad,
tbg-tm-01262996,1262996,,Jorge Salinas,Jorge Salinas,Racing Santander,ES1,Left-Back,DEF,19,8000000,8000000,5000000,7,2,0,,84.07,84,0,0,0,0,,84.07,84,senior_squad,
tbg-tm-00531957,531957,,Cody Drameh,Cody Drameh,Hull City,GB1,Right-Back,DEF,24,3000000,3500000,3000000,0,0,440000,,84.06,84,0,0,0,0,,84.06,84,senior_squad,
tbg-tm-00628498,628498,,Jofre Carreras,Jofre Carreras,RCD Espanyol Barcelona,ES1,Right Winger,ATT,25,3000000,4000000,3000000,0,0,0,,84.06,84,0,0,0,0,,84.06,84,senior_squad,
tbg-tm-00646824,646824,,Manuel Ángel Morán Ibáñez,Manuel Ángel Morán Ibáñez,Real Madrid Castilla,E3G2,Central Midfield,MID,22,5000000,5000000,5000000,0,0,0,,84.06,84,0,0,0,0,,84.06,84,senior_squad,
tbg-tm-00441611,441611,,Michael Venturi,Michael Venturi,Venezia FC,IT1,Centre-Back,DEF,27,350000,700000,400000,0,0,300000,,84.06,84,0,0,0,0,,84.06,84,senior_squad,
tbg-tm-00746740,746740,,Daniel Jebbison,Daniel Jebbison,AFC Bournemouth,GB1,Centre-Forward,ATT,22,6000000,6000000,6000000,0,0,0,,84.05,84,0,0,0,0,,84.05,84,senior_squad,
tbg-tm-00631002,631002,,Raúl García,Raúl García,CA Osasuna,ES1,Centre-Forward,ATT,25,3000000,4000000,3000000,0,0,7000000,,84.05,84,0,0,0,0,,84.05,84,senior_squad,
tbg-tm-00933018,933018,,Tom Watson,Tom Watson,Brighton & Hove Albion,GB1,Left Winger,ATT,20,7000000,10000000,10000000,1,2,12000000,,84.05,84,0,0,0,0,,84.05,84,senior_squad,
tbg-tm-00663900,663900,,Giovanni Bonfanti,Giovanni Bonfanti,Atalanta BC,IT1,Centre-Back,DEF,23,3800000,4500000,4000000,0,0,550000,,84.04,84,0,0,0,0,,84.04,84,senior_squad,
tbg-tm-00488996,488996,,Thórir Jóhann Helgason,Thórir Jóhann Helgason,Venezia FC,IT1,Central Midfield,MID,25,1800000,3000000,2300000,0,0,0,,84.04,84,0,0,0,0,,84.04,84,senior_squad,
tbg-tm-00406556,406556,,Tom McGill,Tom McGill,Brighton & Hove Albion,GB1,Goalkeeper,GK,26,500000,600000,500000,0,0,0,,83.93,84,0.1,0,0,0.1,+0.1: goalkeeper longevity stability,84.03,84,senior_squad,
tbg-tm-00636116,636116,,Álvaro Mantilla,Álvaro Mantilla,Racing Santander,ES1,Right-Back,DEF,26,1200000,1200000,900000,0,0,0,,84.02,84,0,0,0,0,,84.02,84,senior_squad,
tbg-tm-00787232,787232,,David Datro Fofana,David Datro Fofana,Chelsea FC,GB1,Centre-Forward,ATT,23,4000000,12000000,5000000,0,0,12000000,,84.02,84,0,0,0,0,,84.02,84,senior_squad,
tbg-tm-00711388,711388,,Jokin Gabilondo,Jokin Gabilondo,Real Zaragoza,E3G2,Right-Back,DEF,27,400000,400000,400000,0,0,0,,84.02,84,0,0,0,0,,84.02,84,senior_squad,
tbg-tm-00300532,300532,,Pontus Almqvist,Pontus Almqvist,Parma Calcio 1913,IT1,Right Winger,ATT,26,1800000,3000000,2000000,0,0,5750000,,84.02,84,0,0,0,0,,84.02,84,senior_squad,
tbg-tm-00671799,671799,,Rui Modesto,Rui Modesto,Udinese Calcio,IT1,Right Winger,ATT,26,1800000,2000000,1800000,7,0,2500000,,84.02,84,0,0,0,0,,84.02,84,senior_squad,
tbg-tm-00605426,605426,,Melker Ellborg,Melker Ellborg,Sunderland AFC,GB1,Goalkeeper,GK,23,3000000,3000000,3000000,0,0,3450000,,83.92,84,0.1,0,0,0.1,+0.1: goalkeeper longevity stability,84.02,84,senior_squad,
tbg-tm-00505493,505493,,Diego Pampín,Diego Pampín,Without Club,,Left-Back,DEF,26,1000000,1200000,1000000,0,0,0,,83.99,84,0,0,0,0,,83.99,84,senior_squad,
tbg-tm-00531065,531065,,Oussama El Azzouzi,Oussama El Azzouzi,Bologna FC 1909,IT1,Defensive Midfield,DEF,25,1800000,2500000,1800000,0,0,2390000,,83.99,84,0,0,0,0,,83.99,84,senior_squad,
tbg-tm-00730531,730531,,Noel Törnqvist,Noel Törnqvist,Como 1907,IT1,Goalkeeper,GK,24,2000000,2000000,2000000,0,0,2000000,,83.89,84,0.1,0,0,0.1,+0.1: goalkeeper longevity stability,83.99,84,senior_squad,
tbg-tm-00694509,694509,,Moussa Diarra,Moussa Diarra,Deportivo Alavés,ES1,Centre-Back,DEF,25,2000000,2000000,1500000,0,0,0,,83.98,84,0,0,0,0,,83.98,84,senior_squad,
tbg-tm-00656316,656316,,Gabriel Slonina,Gabriel Slonina,Chelsea FC,GB1,Goalkeeper,GK,22,3000000,9000000,3500000,1,0,9090000,,83.88,84,0.1,0,0,0.1,+0.1: goalkeeper longevity stability,83.98,84,senior_squad,
tbg-tm-00812625,812625,,Agustín Álvarez,Agustín Álvarez,US Sassuolo,IT1,Centre-Forward,ATT,25,2000000,8500000,2800000,0,0,12000000,,83.97,84,0,0,0,0,,83.97,84,senior_squad,
tbg-tm-01170286,1170286,,Darryl Bakola,Darryl Bakola,US Sassuolo,IT1,Attacking Midfield,MID,18,8000000,8000000,8000000,0,0,10000000,,83.97,84,0,0,0,0,,83.97,84,senior_squad,
tbg-tm-00433329,433329,,Corrie Ndaba,Corrie Ndaba,US Lecce,IT1,Left-Back,DEF,26,900000,900000,900000,2,0,930000,,83.96,84,0,0,0,0,,83.96,84,senior_squad,
tbg-tm-00633306,633306,,Iván Azón,Iván Azón,Como 1907,IT1,Centre-Forward,ATT,23,5000000,5000000,4000000,0,0,2000000,,83.96,84,0,0,0,0,,83.96,84,senior_squad,
tbg-tm-00740253,740253,,Javi Castro,Javi Castro,Racing Santander,ES1,Centre-Back,DEF,25,1800000,1800000,1800000,0,0,0,,83.96,84,0,0,0,0,,83.96,84,senior_squad,
tbg-tm-00456292,456292,,Ellery Balcombe,Ellery Balcombe,Brentford FC,GB1,Goalkeeper,GK,26,400000,400000,400000,0,0,0,,83.86,84,0.1,0,0,0.1,+0.1: goalkeeper longevity stability,83.96,84,senior_squad,
tbg-tm-00938146,938146,,Adam Aznou,Adam Aznou,Everton FC,GB1,Left-Back,DEF,20,6000000,7000000,7000000,2,1,9000000,,83.95,84,0,0,0,0,,83.95,84,senior_squad,
tbg-tm-00710671,710671,,Adama Boiro,Adama Boiro,Athletic Bilbao,ES1,Left-Back,DEF,24,2500000,3000000,3000000,0,0,2000000,,83.94,84,0,0,0,0,,83.94,84,senior_squad,
tbg-tm-00906160,906160,,Saba Goglichidze,Saba Goglichidze,Udinese Calcio,IT1,Centre-Back,DEF,22,3500000,8000000,4500000,10,0,4450000,,83.94,84,0,0,0,0,,83.94,84,senior_squad,
tbg-tm-00390163,390163,,Andrea Ghion,Andrea Ghion,US Sassuolo,IT1,Defensive Midfield,DEF,26,800000,1000000,1000000,0,0,240000,,83.93,84,0,0,0,0,,83.93,84,senior_squad,
tbg-tm-00705813,705813,,Rubén Sánchez,Rubén Sánchez,RCD Espanyol Barcelona,ES1,Right-Back,DEF,25,1800000,1800000,1500000,0,0,0,,83.93,84,0,0,0,0,,83.93,84,senior_squad,
tbg-tm-00466807,466807,,Adrià Altimira,Adrià Altimira,Deportivo A Coruña,ES1,Right-Back,DEF,25,1800000,2000000,1400000,0,0,0,,83.92,84,0,0,0,0,,83.92,84,senior_squad,
tbg-tm-01011936,1011936,,Kaye Furo,Kaye Furo,Brentford FC,GB1,Centre-Forward,ATT,19,8000000,8000000,8000000,13,7,10000000,,83.92,84,0,0,0,0,,83.92,84,senior_squad,
tbg-tm-00964087,964087,,Alphadjo Cissè,Alphadjo Cissè,AC Milan,IT1,Attacking Midfield,MID,19,7000000,7000000,7000000,0,0,8000000,,83.91,84,0,0,0,0,,83.91,84,senior_squad,
tbg-tm-00406632,406632,,Cas Odenthal,Cas Odenthal,US Sassuolo,IT1,Centre-Back,DEF,25,1200000,3000000,2000000,0,0,1200000,,83.91,84,0,0,0,0,,83.91,84,senior_squad,
tbg-tm-00834487,834487,,Hugo Rincón,Hugo Rincón,Athletic Bilbao,ES1,Right-Back,DEF,23,3500000,3500000,3500000,0,0,200000,,83.91,84,0,0,0,0,,83.91,84,senior_squad,
tbg-tm-00600041,600041,,Mattia Felici,Mattia Felici,Cagliari Calcio,IT1,Left Winger,ATT,25,2500000,3000000,2800000,0,0,2100000,,83.91,84,0,0,0,0,,83.91,84,senior_squad,
tbg-tm-00543727,543727,,Botond Balogh,Botond Balogh,Parma Calcio 1913,IT1,Centre-Back,DEF,24,2500000,2500000,2500000,0,0,150000,,83.89,84,0,0,0,0,,83.89,84,senior_squad,
tbg-tm-00692070,692070,,Clemens Riedel,Clemens Riedel,RCD Espanyol Barcelona,ES1,Centre-Back,DEF,22,4000000,5000000,5000000,0,0,2000000,,83.89,84,0,0,0,0,,83.89,84,senior_squad,
tbg-tm-00541621,541621,,Marc Vidal,Marc Vidal,Without Club,,Goalkeeper,GK,26,300000,300000,300000,0,0,0,,83.79,84,0.1,0,0,0.1,+0.1: goalkeeper longevity stability,83.89,84,senior_squad,
tbg-tm-00909758,909758,,Federico Redondo,Federico Redondo,Elche CF,ES1,Defensive Midfield,DEF,23,2500000,9000000,3500000,0,0,9600000,,83.88,84,0,0,0,0,,83.88,84,senior_squad,
tbg-tm-00638124,638124,,Manu Fernández,Manu Fernández,Celta de Vigo,ES1,Centre-Back,DEF,25,1500000,2000000,1500000,0,0,0,,83.88,84,0,0,0,0,,83.88,84,senior_squad,
tbg-tm-00950393,950393,,Viery Fernandes Santos Lopes,Viery Fernandes Santos Lopes,ACF Fiorentina,IT1,Centre-Back,DEF,21,6000000,6000000,3000000,0,0,15000000,,83.88,84,0,0,0,0,,83.88,84,senior_squad,
tbg-tm-00864799,864799,,Stefan Bajcetic,Stefan Bajcetic,Liverpool FC,GB1,Defensive Midfield,DEF,21,4000000,13000000,5000000,0,0,250000,,83.87,84,0,0,0,0,,83.87,84,senior_squad,
tbg-tm-00566613,566613,,Bjarki Bjarkason,Bjarki Bjarkason,Venezia FC,IT1,Left Midfield,MID,26,700000,800000,750000,0,0,0,,83.86,84,0,0,0,0,,83.86,84,senior_squad,
tbg-tm-00502682,502682,,Giorgi Guliashvili,Giorgi Guliashvili,Racing Santander,ES1,Centre-Forward,ATT,24,3500000,3500000,2500000,7,0,3120000,,83.86,84,0,0,0,0,,83.86,84,senior_squad,
tbg-tm-00610622,610622,,Urko Iruretagoiena Lertxundi,Urko Iruretagoiena Lertxundi,Athletic Bilbao,ES1,Centre-Forward,ATT,26,1400000,2000000,1500000,0,0,0,,83.86,84,0,0,0,0,,83.86,84,senior_squad,
tbg-tm-00388542,388542,,Arnau Comas,Arnau Comas,Deportivo A Coruña,ES1,Centre-Back,DEF,26,500000,1500000,500000,0,0,0,,83.85,84,0,0,0,0,,83.85,84,senior_squad,
tbg-tm-00386574,386574,,Fabrizio Caligara,Fabrizio Caligara,US Sassuolo,IT1,Central Midfield,MID,26,450000,1800000,700000,0,0,3662000,,83.85,84,0,0,0,0,,83.85,84,senior_squad,
tbg-tm-00626888,626888,,Kaine Kesler-Hayden,Kaine Kesler-Hayden,Coventry City,GB1,Right-Back,DEF,23,3000000,4000000,4000000,0,0,4000000,,83.85,84,0,0,0,0,,83.85,84,senior_squad,
tbg-tm-00567504,567504,,Guilherme Fernandes,Guilherme Fernandes,Real Betis Balompié,ES1,Goalkeeper,GK,25,800000,800000,800000,0,0,10000,,83.75,84,0.1,0,0,0.1,+0.1: goalkeeper longevity stability,83.85,84,senior_squad,
tbg-tm-01282860,1282860,,Modou Kéba Cissé,Modou Kéba Cissé,Aston Villa,GB1,Centre-Back,DEF,20,6000000,6000000,5500000,0,0,5500000,,83.84,84,0,0,0,0,,83.84,84,senior_squad,
tbg-tm-00457422,457422,,Samuele Mulattieri,Samuele Mulattieri,US Sassuolo,IT1,Centre-Forward,ATT,25,2000000,4500000,2500000,0,0,8000000,,83.84,84,0,0,0,0,,83.84,84,senior_squad,
tbg-tm-00671108,671108,,Kota Takai,Kota Takai,Tottenham Hotspur,GB1,Centre-Back,DEF,21,5000000,5000000,5000000,0,0,6000000,,83.83,84,0,0,0,0,,83.83,84,senior_squad,
tbg-tm-00535834,535834,,Eliot Matazo,Eliot Matazo,Hull City,GB1,Central Midfield,MID,24,1500000,8000000,2000000,0,0,2000000,,83.82,84,0,0,0,0,,83.82,84,senior_squad,
tbg-tm-01011738,1011738,,Harry Amass,Harry Amass,Manchester United,GB1,Left-Back,DEF,19,7000000,7000000,5000000,0,0,0,,83.82,84,0,0,0,0,,83.82,84,senior_squad,
tbg-tm-00724178,724178,,Luis Hasa,Luis Hasa,SSC Napoli,IT1,Central Midfield,MID,22,4500000,4500000,3000000,1,0,650000,,83.82,84,0,0,0,0,,83.82,84,senior_squad,
tbg-tm-00490573,490573,,Seid Korac,Seid Korac,Venezia FC,IT1,Centre-Back,DEF,24,1300000,3500000,1700000,23,2,1620000,,83.82,84,0,0,0,0,,83.82,84,senior_squad,
tbg-tm-00538996,538996,,Tanguy Nianzou,Tanguy Nianzou,Sevilla FC,ES1,Centre-Back,DEF,24,1200000,12000000,1400000,0,0,16000000,,83.82,84,0,0,0,0,,83.82,84,senior_squad,
tbg-tm-00617059,617059,,Pablo Campos,Pablo Campos,Levante UD,ES1,Goalkeeper,GK,24,1500000,1500000,1500000,0,0,0,,83.72,84,0.1,0,0,0.1,+0.1: goalkeeper longevity stability,83.82,84,senior_squad,
tbg-tm-01018395,1018395,,Adrian Przyborek,Adrian Przyborek,SS Lazio,IT1,Attacking Midfield,MID,19,6000000,7000000,7000000,9,0,4500000,,83.8,84,0,0,0,0,,83.8,84,senior_squad,
tbg-tm-00825199,825199,,Facundo González,Facundo González,Racing Santander,ES1,Centre-Back,DEF,23,3000000,4000000,3000000,0,0,4650000,,83.8,84,0,0,0,0,,83.8,84,senior_squad,
tbg-tm-00461631,461631,,Juan Carlos Arana,Juan Carlos Arana,Racing Santander,ES1,Centre-Forward,ATT,26,1000000,2500000,1500000,0,0,2400000,,83.8,84,0,0,0,0,,83.8,84,senior_squad,
tbg-tm-00623524,623524,,Carlos Dotor,Carlos Dotor,Celta de Vigo,ES1,Central Midfield,MID,25,1200000,3000000,1000000,0,0,3000000,,83.79,84,0,0,0,0,,83.79,84,senior_squad,
tbg-tm-00635930,635930,,Diego Murillo,Diego Murillo,Málaga CF,ES1,Centre-Back,DEF,25,1500000,1500000,1000000,0,0,0,,83.79,84,0,0,0,0,,83.79,84,senior_squad,
tbg-tm-00567454,567454,,Lorenzo Lucchesi,Lorenzo Lucchesi,AC Monza,IT1,Centre-Back,DEF,23,3300000,3300000,2500000,0,0,1250000,,83.79,84,0,0,0,0,,83.79,84,senior_squad,
tbg-tm-00834483,834483,,Álex Padilla,Álex Padilla,Athletic Bilbao,ES1,Goalkeeper,GK,22,3000000,3000000,3000000,3,0,350000,,83.69,84,0.1,0,0,0.1,+0.1: goalkeeper longevity stability,83.79,84,senior_squad,
tbg-tm-00522681,522681,,Ben Lhassine Kone,Ben Lhassine Kone,Frosinone Calcio,IT1,Central Midfield,MID,26,500000,900000,500000,0,0,3450000,,83.77,84,0,0,0,0,,83.77,84,senior_squad,
tbg-tm-00698560,698560,,Cheick Condé,Cheick Condé,Venezia FC,IT1,Defensive Midfield,DEF,25,700000,4000000,1200000,0,0,2565000,,83.77,84,0,0,0,0,,83.77,84,senior_squad,
tbg-tm-00745778,745778,,Gabriele Calvani,Gabriele Calvani,Genoa CFC,IT1,Centre-Back,DEF,22,4000000,4000000,3500000,2,1,0,,83.77,84,0,0,0,0,,83.77,84,senior_squad,
tbg-tm-00629511,629511,,Pablo Ramón,Pablo Ramón,RCD Espanyol Barcelona,ES1,Centre-Back,DEF,25,1400000,1400000,1000000,0,0,500000,,83.77,84,0,0,0,0,,83.77,84,senior_squad,
tbg-tm-00624942,624942,,Raúl Moro,Raúl Moro,CA Osasuna,ES1,Left Winger,ATT,23,3500000,7500000,5000000,0,0,24830000,,83.77,84,0,0,0,0,,83.77,84,senior_squad,
tbg-tm-00527329,527329,,Oliver Dovin,Oliver Dovin,Coventry City,GB1,Goalkeeper,GK,23,2000000,2500000,2500000,0,0,1900000,,83.67,84,0.1,0,0,0.1,+0.1: goalkeeper longevity stability,83.77,84,senior_squad,
tbg-tm-00934159,934159,,Tommaso Martinelli,Tommaso Martinelli,ACF Fiorentina,IT1,Goalkeeper,GK,20,5000000,5000000,3500000,1,0,0,,83.67,84,0.1,0,0,0.1,+0.1: goalkeeper longevity stability,83.77,84,senior_squad,
tbg-tm-00551752,551752,,Demba Seck,Demba Seck,FK Partizan Belgrade,SER1,Right Winger,ATT,25,2500000,3000000,1200000,0,0,5000000,,83.74,84,0,0,0,0,,83.74,84,senior_squad,
tbg-tm-00462699,462699,,Franz Stolz,Franz Stolz,Genoa CFC,IT1,Goalkeeper,GK,25,600000,600000,500000,0,0,250000,,83.64,84,0.1,0,0,0.1,+0.1: goalkeeper longevity stability,83.74,84,senior_squad,
tbg-tm-00677382,677382,,Jahnoah Markelo,Jahnoah Markelo,Coventry City,GB1,Right Winger,ATT,23,3500000,5000000,5000000,0,0,5000000,,83.73,84,0,0,0,0,,83.73,84,senior_squad,
tbg-tm-00600936,600936,,Luca Moro,Luca Moro,US Sassuolo,IT1,Centre-Forward,ATT,25,1800000,3500000,2000000,0,0,3970000,,83.73,84,0,0,0,0,,83.73,84,senior_squad,
tbg-tm-01127730,1127730,,Thiago Fernández,Thiago Fernández,Villarreal CF,ES1,Left Winger,ATT,22,4500000,7000000,4500000,0,0,0,,83.7,84,0,0,0,0,,83.7,84,senior_squad,
tbg-tm-00622951,622951,,Dani Sánchez,Dani Sánchez,Málaga CF,ES1,Left-Back,DEF,26,400000,400000,400000,0,0,0,,83.69,84,0,0,0,0,,83.69,84,senior_squad,
tbg-tm-00627290,627290,,John Donald,John Donald,Elche CF,ES1,Centre-Back,DEF,25,1000000,1200000,1000000,0,0,0,,83.69,84,0,0,0,0,,83.69,84,senior_squad,
tbg-tm-00503679,503679,,Rhys Williams,Rhys Williams,Without Club,,Centre-Back,DEF,25,500000,5000000,500000,0,0,0,,83.69,84,0,0,0,0,,83.69,84,senior_squad,
tbg-tm-00939374,939374,,Yoel Lago,Yoel Lago,Celta de Vigo,ES1,Centre-Back,DEF,22,4000000,4000000,2500000,0,0,0,,83.68,84,0,0,0,0,,83.68,84,senior_squad,
tbg-tm-00861981,861981,,Alan Matturro,Alan Matturro,Genoa CFC,IT1,Centre-Back,DEF,21,4000000,8000000,4000000,0,0,3500000,,83.67,84,0,0,0,0,,83.67,84,senior_squad,
tbg-tm-00576121,576121,,Josh Wilson-Esbrand,Josh Wilson-Esbrand,Manchester City,GB1,Left-Back,DEF,23,2500000,4000000,2500000,0,0,0,,83.67,84,0,0,0,0,,83.67,84,senior_squad,
tbg-tm-00876400,876400,,Simone Pafundi,Simone Pafundi,Udinese Calcio,IT1,Attacking Midfield,MID,20,4500000,10000000,5000000,5,0,0,,83.67,84,0,0,0,0,,83.67,84,senior_squad,
tbg-tm-00473402,473402,,Luis Chacón,Luis Chacón,Deportivo A Coruña,ES1,Left Winger,ATT,26,1000000,1000000,1000000,0,0,0,,83.66,84,0,0,0,0,,83.66,84,senior_squad,
tbg-tm-00581326,581326,,Ville Koski,Ville Koski,Deportivo Alavés,ES1,Centre-Back,DEF,24,1500000,1500000,1500000,11,0,3000000,,83.66,84,0,0,0,0,,83.66,84,senior_squad,
tbg-tm-00398056,398056,,Álex Pastor,Álex Pastor,Málaga CF,ES1,Centre-Back,DEF,26,300000,300000,300000,0,0,76000,,83.64,84,0,0,0,0,,83.64,84,senior_squad,
tbg-tm-00610461,610461,,Luismi Cruz,Luismi Cruz,Deportivo A Coruña,ES1,Right Winger,ATT,25,2000000,2000000,1400000,0,0,1600000,,83.64,84,0,0,0,0,,83.64,84,senior_squad,
tbg-tm-00607780,607780,,Miguel Ángel Morro,Miguel Ángel Morro,Without Club,,Goalkeeper,GK,25,300000,600000,300000,0,0,0,,83.54,84,0.1,0,0,0.1,+0.1: goalkeeper longevity stability,83.64,84,senior_squad,
tbg-tm-00502065,502065,,Aji Alese,Aji Alese,Sunderland AFC,GB1,Centre-Back,DEF,25,700000,1200000,1000000,0,0,590000,,83.63,84,0,0,0,0,,83.63,84,senior_squad,
tbg-tm-00897423,897423,,David Odogu,David Odogu,AC Milan,IT1,Centre-Back,DEF,20,5000000,5000000,5000000,4,0,7000000,,83.63,84,0,0,0,0,,83.63,84,senior_squad,
tbg-tm-01178488,1178488,,Idrissa Gueye,Idrissa Gueye,Udinese Calcio,IT1,Centre-Forward,ATT,19,8000000,8000000,4000000,0,0,10000000,,83.63,84,0,0,0,0,,83.63,84,senior_squad,
tbg-tm-00888493,888493,,Alejo Veliz,Alejo Veliz,Esporte Clube Bahia,BRA1,Centre-Forward,ATT,22,4000000,11000000,3500000,0,0,24000000,,83.62,84,0,0,0,0,,83.62,84,senior_squad,
tbg-tm-00744621,744621,,Matteo Dagasso,Matteo Dagasso,Venezia FC,IT1,Central Midfield,MID,22,3500000,3500000,3000000,2,0,2000000,,83.61,84,0,0,0,0,,83.61,84,senior_squad,
tbg-tm-00980575,980575,,Oumar Ngom,Oumar Ngom,US Lecce,IT1,Defensive Midfield,DEF,22,3000000,3000000,2500000,16,0,2300000,,83.61,84,0,0,0,0,,83.61,84,senior_squad,
tbg-tm-00708086,708086,,Romano Floriani Mussolini,Romano Floriani Mussolini,SS Lazio,IT1,Right-Back,DEF,23,2500000,2500000,2500000,0,0,0,,83.61,84,0,0,0,0,,83.61,84,senior_squad,
tbg-tm-00582078,582078,,Will Dennis,Will Dennis,AFC Bournemouth,GB1,Goalkeeper,GK,25,325000,350000,350000,0,0,0,,83.51,84,0.1,0,0,0.1,+0.1: goalkeeper longevity stability,83.61,84,senior_squad,
tbg-tm-00625654,625654,,Julen Lobete,Julen Lobete,Málaga CF,ES1,Left Winger,ATT,25,1200000,5000000,1200000,0,0,1000000,,83.6,84,0,0,0,0,,83.6,84,senior_squad,
tbg-tm-00999127,999127,,Benja Cremaschi,Benja Cremaschi,Parma Calcio 1913,IT1,Central Midfield,MID,21,4000000,5000000,4500000,0,0,4000000,,83.59,84,0,0,0,0,,83.59,84,senior_squad,
tbg-tm-00538998,538998,,Timothée Pembélé,Timothée Pembélé,Sunderland AFC,GB1,Right-Back,DEF,23,1800000,7000000,2000000,0,0,1000000,,83.59,84,0,0,0,0,,83.59,84,senior_squad,
tbg-tm-00728485,728485,,Danilo Veiga,Danilo Veiga,US Lecce,IT1,Right-Back,DEF,23,2500000,2500000,2000000,0,0,1000000,,83.57,84,0,0,0,0,,83.57,84,senior_squad,
tbg-tm-00700053,700053,,Edoardo Iannoni,Edoardo Iannoni,US Sassuolo,IT1,Central Midfield,MID,25,800000,800000,800000,0,0,1400000,,83.57,84,0,0,0,0,,83.57,84,senior_squad,
tbg-tm-00699980,699980,,Enis Destan,Enis Destan,Hull City,GB1,Centre-Forward,ATT,24,2000000,4800000,2500000,0,0,675000,,83.57,84,0,0,0,0,,83.57,84,senior_squad,
tbg-tm-00710677,710677,,Iker Muñoz,Iker Muñoz,CA Osasuna,ES1,Defensive Midfield,DEF,23,2000000,5000000,2000000,0,0,0,,83.57,84,0,0,0,0,,83.57,84,senior_squad,
tbg-tm-00845566,845566,,Mihajlo Ilić,Mihajlo Ilić,Bologna FC 1909,IT1,Centre-Back,DEF,23,2000000,4000000,2500000,0,0,4800000,,83.57,84,0,0,0,0,,83.57,84,senior_squad,
tbg-tm-00625657,625657,,Unai Marrero,Unai Marrero,Real Sociedad,ES1,Goalkeeper,GK,24,1000000,1000000,600000,0,0,0,,83.47,83,0.1,0,0,0.1,+0.1: goalkeeper longevity stability,83.57,84,senior_squad,
tbg-tm-00985806,985806,,Alex Freeman,Alex Freeman,Villarreal CF,ES1,Right-Back,DEF,21,3500000,3500000,3500000,21,3,3500000,,83.55,84,0,0,0,0,,83.55,84,senior_squad,
tbg-tm-00885226,885226,,Riyad Idrissi,Riyad Idrissi,Cagliari Calcio,IT1,Left-Back,DEF,21,4000000,4000000,4000000,0,0,100000,,83.55,84,0,0,0,0,,83.55,84,senior_squad,
tbg-tm-00617009,617009,,Alex Paulsen,Alex Paulsen,AFC Bournemouth,GB1,Goalkeeper,GK,24,500000,750000,750000,8,0,2270000,,83.45,83,0.1,0,0,0.1,+0.1: goalkeeper longevity stability,83.55,84,senior_squad,
tbg-tm-00933908,933908,,Ángel Ortiz,Ángel Ortiz,Real Betis Balompié,ES1,Right-Back,DEF,21,4000000,4000000,4000000,0,0,0,,83.54,84,0,0,0,0,,83.54,84,senior_squad,
tbg-tm-00537767,537767,,Antonio Casas,Antonio Casas,Venezia FC,IT1,Centre-Forward,ATT,26,650000,800000,700000,0,0,0,,83.54,84,0,0,0,0,,83.54,84,senior_squad,
tbg-tm-00559801,559801,,Niall Huggins,Niall Huggins,Without Club,,Right-Back,DEF,25,600000,800000,750000,0,0,0,,83.54,84,0,0,0,0,,83.54,84,senior_squad,
tbg-tm-00639733,639733,,Peque Fernández,Peque Fernández,Sevilla FC,ES1,Second Striker,ATT,23,3000000,5000000,3500000,0,0,4000000,,83.54,84,0,0,0,0,,83.54,84,senior_squad,
tbg-tm-01055220,1055220,,Fran González,Fran González,Real Madrid Castilla,E3G2,Goalkeeper,GK,21,3000000,3000000,3000000,3,0,0,,83.44,83,0.1,0,0,0.1,+0.1: goalkeeper longevity stability,83.54,84,senior_squad,
tbg-tm-00776703,776703,,Carlos Puga,Carlos Puga,Málaga CF,ES1,Right-Back,DEF,25,800000,800000,500000,0,0,100000,,83.53,84,0,0,0,0,,83.53,84,senior_squad,
tbg-tm-00653415,653415,,Leonardo Buta,Leonardo Buta,Udinese Calcio,IT1,Left-Back,DEF,24,1000000,3000000,1500000,0,0,2000000,,83.53,84,0,0,0,0,,83.53,84,senior_squad,
tbg-tm-00702324,702324,,Rachid Kouda,Rachid Kouda,Parma Calcio 1913,IT1,Central Midfield,MID,23,2200000,3500000,2000000,0,0,4450000,,83.53,84,0,0,0,0,,83.53,84,senior_squad,
tbg-tm-00741256,741256,,David Mella,David Mella,Deportivo A Coruña,ES1,Right Winger,ATT,21,5000000,5000000,5000000,0,0,0,,83.51,84,0,0,0,0,,83.51,84,senior_squad,
tbg-tm-00622988,622988,,Fran Pérez,Fran Pérez,Rayo Vallecano,ES1,Right Winger,ATT,23,2500000,8000000,3000000,0,0,1000000,,83.51,84,0,0,0,0,,83.51,84,senior_squad,
tbg-tm-01058354,1058354,,Matteo Palma,Matteo Palma,Udinese Calcio,IT1,Centre-Back,DEF,18,6500000,6500000,5000000,0,0,0,,83.51,84,0,0,0,0,,83.51,84,senior_squad,
tbg-tm-00459945,459945,,Nunzio Lella,Nunzio Lella,Venezia FC,IT1,Central Midfield,MID,25,600000,750000,650000,0,0,800000,,83.51,84,0,0,0,0,,83.51,84,senior_squad,
tbg-tm-00608382,608382,,Adrián Rodríguez,Adrián Rodríguez,Deportivo Alavés,ES1,Goalkeeper,GK,25,200000,200000,200000,0,0,0,,83.41,83,0.1,0,0,0.1,+0.1: goalkeeper longevity stability,83.51,84,senior_squad,
tbg-tm-00715628,715628,,Damián Rodríguez,Damián Rodríguez,Celta de Vigo,ES1,Defensive Midfield,DEF,23,2000000,3000000,2000000,0,0,0,,83.5,83,0,0,0,0,,83.5,83,development,
tbg-tm-00648032,648032,,James Abankwah,James Abankwah,Udinese Calcio,IT1,Centre-Back,DEF,22,3500000,3500000,1500000,4,0,400000,,83.5,83,0,0,0,0,,83.5,83,development,
tbg-tm-01111663,1111663,,Kingstone Mutandwa,Kingstone Mutandwa,Cagliari Calcio,IT1,Centre-Forward,ATT,23,3500000,3500000,2000000,3,0,318000,,83.5,84,0,0,0,0,,83.5,84,senior_squad,
tbg-tm-00610581,610581,,Ali Al-Hamadi,Ali Al-Hamadi,Ipswich Town,GB1,Centre-Forward,ATT,24,1500000,2500000,2000000,23,5,1173500,,83.49,83,0,0,0,0,,83.49,83,development,
tbg-tm-01172166,1172166,,Franz-Ethan Meichtry,Franz-Ethan Meichtry,Genoa CFC,IT1,Central Midfield,MID,20,5000000,5000000,3000000,7,1,4000000,,83.49,83,0,0,0,0,,83.49,83,development,
tbg-tm-00912392,912392,,Lucas Cepeda,Lucas Cepeda,Elche CF,ES1,Left Winger,ATT,23,2500000,3500000,3500000,16,4,3313000,,83.49,83,0,0,0,0,,83.49,83,development,
tbg-tm-01124136,1124136,,Ángel Pérez,Ángel Pérez,Deportivo Alavés,ES1,Right Winger,ATT,24,3000000,3000000,1000000,0,0,1000000,,83.48,83,0,0,0,0,,83.48,83,development,
tbg-tm-00559130,559130,,Harrison Ashby,Harrison Ashby,Newcastle United,GB1,Right-Back,DEF,24,1200000,1400000,1400000,0,0,3400000,,83.48,83,0,0,0,0,,83.48,83,development,
tbg-tm-00364133,364133,,Pietro Pellegri,Pietro Pellegri,Torino FC,IT1,Centre-Forward,ATT,25,500000,8000000,1000000,0,0,25593000,,83.48,83,0,0,0,0,,83.48,83,development,
tbg-tm-00818888,818888,,Antonio Raimondo,Antonio Raimondo,Bologna FC 1909,IT1,Centre-Forward,ATT,22,4000000,4500000,3500000,0,0,0,,83.47,83,0,0,0,0,,83.47,83,development,
tbg-tm-00691825,691825,,Edoardo Pieragnolo,Edoardo Pieragnolo,US Sassuolo,IT1,Left-Back,DEF,23,2000000,2400000,2000000,0,0,98000,,83.47,83,0,0,0,0,,83.47,83,development,
tbg-tm-00814473,814473,,Giovanni Daffara,Giovanni Daffara,Parma Calcio 1913,IT1,Goalkeeper,GK,21,3500000,3500000,1500000,0,0,6800000,,83.36,83,0.1,0,0,0.1,+0.1: goalkeeper longevity stability,83.46,83,development,
tbg-tm-00555074,555074,,Oliwier Zych,Oliwier Zych,Aston Villa,GB1,Goalkeeper,GK,22,2000000,2000000,2000000,1,0,0,,83.36,83,0.1,0,0,0.1,+0.1: goalkeeper longevity stability,83.46,83,development,
tbg-tm-00488052,488052,,Matthias Braunöder,Matthias Braunöder,Como 1907,IT1,Central Midfield,MID,24,750000,3500000,1200000,0,0,1650000,,83.45,83,0,0,0,0,,83.45,83,development,
tbg-tm-00709215,709215,,Mikel Goti,Mikel Goti,Real Sociedad,ES1,Attacking Midfield,MID,24,1000000,1500000,1500000,0,0,0,,83.45,83,0,0,0,0,,83.45,83,development,
tbg-tm-00458816,458816,,Kevin Cannavò,Kevin Cannavò,Venezia FC,IT1,Left Winger,ATT,26,450000,500000,450000,2,0,900000,,83.44,83,0,0,0,0,,83.44,83,development,
tbg-tm-00469690,469690,,Nik Prelec,Nik Prelec,Oxford United,GB3,Centre-Forward,ATT,25,1000000,1500000,1500000,0,0,2360000,,83.44,83,0,0,0,0,,83.44,83,development,
tbg-tm-01007720,1007720,,Tyler Bindon,Tyler Bindon,Nottingham Forest,GB1,Centre-Back,DEF,21,3500000,3500000,1500000,28,2,0,,83.44,83,0,0,0,0,,83.44,83,development,
tbg-tm-01018912,1018912,,Xavi Espart,Xavi Espart,FC Barcelona,ES1,Right-Back,DEF,19,5000000,5000000,5000000,8,1,0,,83.43,83,0,0,0,0,,83.43,83,development,
tbg-tm-00883349,883349,,Kevin Zeroli,Kevin Zeroli,AC Milan,IT1,Central Midfield,MID,21,3300000,4000000,3800000,2,0,0,,83.41,83,0,0,0,0,,83.41,83,development,
tbg-tm-00741289,741289,,Youssef Enríquez,Youssef Enríquez,Deportivo Alavés,ES1,Left-Back,DEF,20,4000000,5000000,5000000,2,0,3000000,,83.41,83,0,0,0,0,,83.41,83,development,
tbg-tm-00618813,618813,,Carlos Martín,Carlos Martín,Atlético de Madrid,ES1,Left Winger,ATT,24,1500000,4000000,2000000,0,0,0,,83.4,83,0,0,0,0,,83.4,83,development,
tbg-tm-00704825,704825,,Alessandro Dellavalle,Alessandro Dellavalle,Torino FC,IT1,Centre-Back,DEF,22,2500000,3000000,2700000,0,0,0,,83.39,83,0,0,0,0,,83.39,83,development,
tbg-tm-00729940,729940,,Matty Jacob,Matty Jacob,Hull City,GB1,Left-Back,DEF,25,400000,400000,400000,0,0,0,,83.39,83,0,0,0,0,,83.39,83,development,
tbg-tm-00924610,924610,,Álvaro Cortés,Álvaro Cortés,FC Barcelona,ES1,Centre-Back,DEF,21,4000000,4000000,2000000,0,0,0,,83.38,83,0,0,0,0,,83.38,83,development,
tbg-tm-00936229,936229,,Emanuele Rao,Emanuele Rao,SSC Napoli,IT1,Left Winger,ATT,20,6000000,6000000,3200000,1,0,0,,83.38,83,0,0,0,0,,83.38,83,development,
tbg-tm-00713649,713649,,Miguel Ángel Brau,Miguel Ángel Brau,Coventry City,GB1,Left-Back,DEF,24,1000000,1000000,1000000,0,0,0,,83.38,83,0,0,0,0,,83.38,83,development,
tbg-tm-00567222,567222,,Ramón Enríquez,Ramón Enríquez,Málaga CF,ES1,Central Midfield,MID,25,200000,1800000,200000,0,0,0,,83.38,83,0,0,0,0,,83.38,83,development,
tbg-tm-00691678,691678,,Tommaso Fumagalli,Tommaso Fumagalli,Como 1907,IT1,Centre-Forward,ATT,26,300000,500000,400000,0,0,380000,,83.38,83,0,0,0,0,,83.38,83,development,
tbg-tm-00878150,878150,,Amario Cozier-Duberry,Amario Cozier-Duberry,Brighton & Hove Albion,GB1,Right Winger,ATT,21,5000000,5000000,3000000,0,0,0,,83.37,83,0,0,0,0,,83.37,83,development,
tbg-tm-00628558,628558,,Riccardo Ciervo,Riccardo Ciervo,US Sassuolo,IT1,Left Winger,ATT,24,2000000,2000000,1500000,0,0,2000000,,83.37,83,0,0,0,0,,83.37,83,development,
tbg-tm-00780630,780630,,Willy Kambwala,Willy Kambwala,Villarreal CF,ES1,Centre-Back,DEF,21,3000000,5000000,4000000,0,0,14000000,,83.37,83,0,0,0,0,,83.37,83,development,
tbg-tm-01141628,1141628,,Yunus Konak,Yunus Konak,Brentford FC,GB1,Defensive Midfield,DEF,20,3500000,4500000,4000000,16,0,4500000,,83.37,83,0,0,0,0,,83.37,83,development,
tbg-tm-00890385,890385,,Sebastian Otoa,Sebastian Otoa,Genoa CFC,IT1,Centre-Back,DEF,22,2500000,2500000,2500000,0,0,2750000,,83.35,83,0,0,0,0,,83.35,83,development,
tbg-tm-00834742,834742,,Mateo Joseph,Mateo Joseph,Leeds United,GB1,Centre-Forward,ATT,22,3500000,3500000,3500000,0,0,0,,83.34,83,0,0,0,0,,83.34,83,development,
tbg-tm-00991773,991773,,Abiel Osorio,Abiel Osorio,Elche CF,ES1,Centre-Forward,ATT,24,1500000,2500000,1800000,0,0,0,,83.33,83,0,0,0,0,,83.33,83,development,
tbg-tm-01300966,1300966,,Branimir Mlacic,Branimir Mlacic,Udinese Calcio,IT1,Centre-Back,DEF,19,5000000,5000000,4000000,3,1,4500000,,83.33,83,0,0,0,0,,83.33,83,development,
tbg-tm-00933795,933795,,Maguette Gueye,Maguette Gueye,Racing Santander,ES1,Defensive Midfield,DEF,23,2000000,2000000,1000000,0,0,500000,,83.33,83,0,0,0,0,,83.33,83,development,
tbg-tm-00537509,537509,,Mattia Compagnon,Mattia Compagnon,Venezia FC,IT1,Right Midfield,MID,24,1000000,1000000,750000,0,0,4975000,,83.32,83,0,0,0,0,,83.32,83,development,
tbg-tm-00487836,487836,,Simone Panada,Simone Panada,Venezia FC,IT1,Defensive Midfield,DEF,24,800000,1000000,900000,0,0,0,,83.32,83,0,0,0,0,,83.32,83,development,
tbg-tm-00709380,709380,,Álex Forés,Álex Forés,Villarreal CF,ES1,Centre-Forward,ATT,25,700000,1500000,800000,0,0,0,,83.31,83,0,0,0,0,,83.31,83,development,
tbg-tm-00632741,632741,,Iker Losada,Iker Losada,Real Betis Balompié,ES1,Second Striker,ATT,24,1800000,1800000,1400000,0,0,1800000,,83.31,83,0,0,0,0,,83.31,83,development,
tbg-tm-00628487,628487,,Ángel Fortuño,Ángel Fortuño,RCD Espanyol Barcelona,ES1,Goalkeeper,GK,24,300000,400000,300000,0,0,0,,83.21,83,0.1,0,0,0.1,+0.1: goalkeeper longevity stability,83.31,83,development,
tbg-tm-01118347,1118347,,Juan Arizala,Juan Arizala,Udinese Calcio,IT1,Left Midfield,MID,20,3500000,3500000,3000000,22,1,3000000,,83.3,83,0,0,0,0,,83.3,83,development,
tbg-tm-00618801,618801,,Alejandro Iturbe,Alejandro Iturbe,Elche CF,ES1,Goalkeeper,GK,22,1400000,2000000,1500000,0,0,0,,83.19,83,0.1,0,0,0.1,+0.1: goalkeeper longevity stability,83.29,83,development,
tbg-tm-00938145,938145,,Áron Yaakobishvili,Áron Yaakobishvili,FC Barcelona,ES1,Goalkeeper,GK,20,3000000,3000000,3000000,1,0,0,,83.19,83,0.1,0,0,0.1,+0.1: goalkeeper longevity stability,83.29,83,development,
tbg-tm-00960562,960562,,Dani Lorenzo,Dani Lorenzo,Málaga CF,ES1,Attacking Midfield,MID,23,1500000,1500000,1500000,0,0,0,,83.27,83,0,0,0,0,,83.27,83,development,
tbg-tm-00895458,895458,,Adrián Pica,Adrián Pica,Deportivo Alavés,ES1,Centre-Back,DEF,24,500000,1500000,600000,0,0,0,,83.26,83,0,0,0,0,,83.26,83,development,
tbg-tm-00933017,933017,,Zach Abbott,Zach Abbott,Nottingham Forest,GB1,Centre-Back,DEF,20,4000000,4000000,3000000,2,0,0,,83.26,83,0,0,0,0,,83.26,83,development,
tbg-tm-01061820,1061820,,Lorenzo Venturino,Lorenzo Venturino,Genoa CFC,IT1,Right Winger,ATT,20,5000000,5000000,4500000,0,0,0,,83.25,83,0,0,0,0,,83.25,83,development,
tbg-tm-00911424,911424,,Tyler Fredricson,Tyler Fredricson,Manchester United,GB1,Centre-Back,DEF,21,3000000,3000000,3000000,0,0,0,,83.25,83,0,0,0,0,,83.25,83,development,
tbg-tm-00741236,741236,,Matthew Cox,Matthew Cox,Brentford FC,GB1,Goalkeeper,GK,23,700000,800000,800000,0,0,500000,,83.15,83,0.1,0,0,0.1,+0.1: goalkeeper longevity stability,83.25,83,development,
tbg-tm-00808477,808477,,Ahmed Sidibé,Ahmed Sidibé,Venezia FC,IT1,Centre-Back,DEF,24,600000,750000,650000,0,0,1000000,,83.23,83,0,0,0,0,,83.23,83,development,
tbg-tm-00704456,704456,,Nosa Edward Obaretin,Nosa Edward Obaretin,SSC Napoli,IT1,Centre-Back,DEF,23,1500000,1500000,1000000,0,0,0,,83.23,83,0,0,0,0,,83.23,83,development,
tbg-tm-01057563,1057563,,Christ-Owen Kouassi,Christ-Owen Kouassi,US Lecce,IT1,Right-Back,DEF,23,1200000,2000000,1200000,0,0,1000000,,83.22,83,0,0,0,0,,83.22,83,development,
tbg-tm-00981136,981136,,Fabio Rispoli,Fabio Rispoli,Como 1907,IT1,Central Midfield,MID,19,4500000,4500000,4500000,1,0,0,,83.22,83,0,0,0,0,,83.22,83,development,
tbg-tm-00711382,711382,,Jon Karrikaburu,Jon Karrikaburu,Real Sociedad,ES1,Centre-Forward,ATT,23,1800000,5000000,2000000,0,0,0,,83.22,83,0,0,0,0,,83.22,83,development,
tbg-tm-00862744,862744,,Junior Ligue,Junior Ligue,Venezia FC,IT1,Left-Back,DEF,21,2500000,4000000,3500000,0,0,2500000,,83.22,83,0,0,0,0,,83.22,83,development,
tbg-tm-00898352,898352,,Sebastián Boselli,Sebastián Boselli,Getafe CF,ES1,Centre-Back,DEF,22,1500000,4000000,2800000,0,0,4900000,,83.22,83,0,0,0,0,,83.22,83,development,
tbg-tm-00668276,668276,,Hugo Novoa,Hugo Novoa,Deportivo Alavés,ES1,Right-Back,DEF,23,800000,5000000,800000,0,0,1500000,,83.21,83,0,0,0,0,,83.21,83,development,
tbg-tm-00663264,663264,,Darko Gyabi,Darko Gyabi,Hull City,GB1,Central Midfield,MID,22,2000000,3000000,1800000,0,0,6150000,,83.2,83,0,0,0,0,,83.2,83,development,
tbg-tm-01126888,1126888,,Lamine Fanne,Lamine Fanne,Venezia FC,IT1,Central Midfield,MID,22,1600000,4000000,2500000,0,0,6500000,,83.2,83,0,0,0,0,,83.2,83,development,
tbg-tm-00712592,712592,,Harvey Cartwright,Harvey Cartwright,Hull City,GB1,Goalkeeper,GK,24,150000,200000,200000,0,0,0,,83.1,83,0.1,0,0,0.1,+0.1: goalkeeper longevity stability,83.2,83,development,
tbg-tm-00741090,741090,,Jonas Rouhi,Jonas Rouhi,Juventus FC,IT1,Left-Back,DEF,22,2000000,2000000,2000000,0,0,250000,,83.19,83,0,0,0,0,,83.19,83,development,
tbg-tm-00604207,604207,,Filippo Rinaldi,Filippo Rinaldi,Parma Calcio 1913,IT1,Goalkeeper,GK,23,600000,600000,600000,0,0,0,,83.09,83,0.1,0,0,0.1,+0.1: goalkeeper longevity stability,83.19,83,development,
tbg-tm-01058363,1058363,,Christian Comotto,Christian Comotto,AC Milan,IT1,Central Midfield,MID,18,5000000,5000000,4500000,7,1,0,,83.18,83,0,0,0,0,,83.18,83,development,
tbg-tm-00857949,857949,,Dani Barcia,Dani Barcia,Deportivo A Coruña,ES1,Centre-Back,DEF,23,1200000,1200000,1200000,0,0,0,,83.18,83,0,0,0,0,,83.18,83,development,
tbg-tm-00532495,532495,,Marlon Mustapha,Marlon Mustapha,Como 1907,IT1,Centre-Forward,ATT,25,400000,1000000,600000,0,0,900000,,83.18,83,0,0,0,0,,83.18,83,development,
tbg-tm-01028162,1028162,,Antoine Joujou,Antoine Joujou,Parma Calcio 1913,IT1,Left Winger,ATT,23,2000000,2500000,2000000,0,0,2700000,,83.16,83,0,0,0,0,,83.16,83,development,
tbg-tm-00650993,650993,,Filippo Missori,Filippo Missori,US Sassuolo,IT1,Right-Back,DEF,22,2000000,2000000,1700000,0,0,2500000,,83.16,83,0,0,0,0,,83.16,83,development,
tbg-tm-00834485,834485,,Unai Egiluz,Unai Egiluz,Athletic Bilbao,ES1,Centre-Back,DEF,24,400000,600000,600000,0,0,0,,83.16,83,0,0,0,0,,83.16,83,development,
tbg-tm-00535740,535740,,Giuseppe Ciocci,Giuseppe Ciocci,Cagliari Calcio,IT1,Goalkeeper,GK,24,100000,300000,100000,0,0,0,,83.06,83,0.1,0,0,0.1,+0.1: goalkeeper longevity stability,83.16,83,development,
tbg-tm-00654412,654412,,Abdoullah Ba,Abdoullah Ba,Sunderland AFC,GB1,Right Midfield,MID,22,1500000,4000000,2000000,0,0,1000000,,83.15,83,0,0,0,0,,83.15,83,development,
tbg-tm-00633652,633652,,Calvin Ramsay,Calvin Ramsay,Liverpool FC,GB1,Right-Back,DEF,22,1500000,5000000,1500000,0,0,4900000,,83.15,83,0,0,0,0,,83.15,83,development,
tbg-tm-01134304,1134304,,Joseph Liteta,Joseph Liteta,Cagliari Calcio,IT1,Central Midfield,MID,20,3500000,3500000,3500000,0,0,50000,,83.15,83,0,0,0,0,,83.15,83,development,
tbg-tm-00731466,731466,,Teddy Sharman-Lowe,Teddy Sharman-Lowe,Chelsea FC,GB1,Goalkeeper,GK,23,500000,550000,550000,0,0,0,,83.05,83,0.1,0,0,0.1,+0.1: goalkeeper longevity stability,83.15,83,development,
tbg-tm-00604239,604239,,Gabriele Artistico,Gabriele Artistico,SS Lazio,IT1,Centre-Forward,ATT,23,2000000,2000000,2000000,0,0,0,,83.14,83,0,0,0,0,,83.14,83,development,
tbg-tm-00696764,696764,,Abu Kamara,Abu Kamara,Hull City,GB1,Right Winger,ATT,22,2500000,4000000,3000000,0,0,5346000,,83.12,83,0,0,0,0,,83.12,83,development,
tbg-tm-01033005,1033005,,Coba da Costa,Coba da Costa,Getafe CF,ES1,Left Winger,ATT,23,1500000,3000000,2500000,0,0,0,,83.12,83,0,0,0,0,,83.12,83,development,
tbg-tm-00721227,721227,,Luigi Cherubini,Luigi Cherubini,AS Roma,IT1,Left Winger,ATT,22,3000000,3000000,2200000,0,0,0,,83.12,83,0,0,0,0,,83.12,83,development,
tbg-tm-00655877,655877,,Thimothée Lo-Tutala,Thimothée Lo-Tutala,Hull City,GB1,Goalkeeper,GK,23,400000,800000,375000,0,0,0,,83.02,83,0.1,0,0,0.1,+0.1: goalkeeper longevity stability,83.12,83,development,
tbg-tm-00655525,655525,,Yeferson Paz,Yeferson Paz,US Sassuolo,IT1,Right-Back,DEF,24,400000,500000,400000,0,0,250000,,83.11,83,0,0,0,0,,83.11,83,development,
tbg-tm-00874080,874080,,Mason Burstow,Mason Burstow,Hull City,GB1,Centre-Forward,ATT,22,2800000,2800000,2500000,0,0,4150000,,83.1,83,0,0,0,0,,83.1,83,development,
tbg-tm-00710004,710004,,Peter Federico González Carmona,Peter Federico González Carmona,Getafe CF,ES1,Right Winger,ATT,23,1500000,3000000,1500000,9,2,2000000,,83.1,83,0,0,0,0,,83.1,83,development,
tbg-tm-00661208,661208,,Leo Hjelde,Leo Hjelde,Sunderland AFC,GB1,Centre-Back,DEF,22,1500000,2000000,2000000,0,0,1750000,,83.09,83,0,0,0,0,,83.09,83,development,
tbg-tm-00709214,709214,,Beñat Gerenabarrena,Beñat Gerenabarrena,Athletic Bilbao,ES1,Central Midfield,MID,23,1000000,1000000,1000000,0,0,0,,83.08,83,0,0,0,0,,83.08,83,development,
tbg-tm-00666268,666268,,Daniel Fila,Daniel Fila,Venezia FC,IT1,Centre-Forward,ATT,23,1600000,3000000,1800000,0,0,5650000,,83.08,83,0,0,0,0,,83.08,83,development,
tbg-tm-00705097,705097,,Davide Veroli,Davide Veroli,Cagliari Calcio,IT1,Centre-Back,DEF,23,800000,1700000,800000,0,0,455000,,83.08,83,0,0,0,0,,83.08,83,development,
tbg-tm-01283997,1283997,,Diego León,Diego León,Manchester United,GB1,Left-Back,DEF,19,4000000,4000000,4000000,0,0,4000000,,83.08,83,0,0,0,0,,83.08,83,development,
tbg-tm-00535797,535797,,Lorenzo Sgarbi,Lorenzo Sgarbi,SSC Napoli,IT1,Second Striker,ATT,25,350000,550000,350000,0,0,780000,,83.08,83,0,0,0,0,,83.08,83,development,
tbg-tm-00834744,834744,,Antoniu Roca,Antoniu Roca,RCD Espanyol Barcelona,ES1,Right Winger,ATT,23,1800000,1800000,1800000,0,0,0,,83.07,83,0,0,0,0,,83.07,83,development,
tbg-tm-00581674,581674,,Charlie Patiño,Charlie Patiño,Deportivo A Coruña,ES1,Central Midfield,MID,22,600000,12000000,600000,0,0,1211000,,83.07,83,0,0,0,0,,83.07,83,development,
tbg-tm-00731491,731491,,Franco Carboni,Franco Carboni,Parma Calcio 1913,IT1,Left-Back,DEF,23,900000,1000000,900000,0,0,3400000,,83.07,83,0,0,0,0,,83.07,83,development,
tbg-tm-00741292,741292,,Iker Bravo,Iker Bravo,Udinese Calcio,IT1,Centre-Forward,ATT,21,3000000,5000000,4000000,0,0,900000,,83.07,83,0,0,0,0,,83.07,83,development,
tbg-tm-00655207,655207,,Laurs Skjellerup,Laurs Skjellerup,US Sassuolo,IT1,Centre-Forward,ATT,23,1300000,2800000,2000000,0,0,3683000,,83.04,83,0,0,0,0,,83.04,83,development,
tbg-tm-00655009,655009,,Richie Sagrado,Richie Sagrado,Venezia FC,IT1,Right-Back,DEF,22,1500000,2000000,1500000,0,0,2000000,,83.04,83,0,0,0,0,,83.04,83,development,
tbg-tm-00709955,709955,,Ander Astralaga,Ander Astralaga,Without Club,,Goalkeeper,GK,22,800000,1000000,800000,0,0,0,,82.93,83,0.1,0,0,0.1,+0.1: goalkeeper longevity stability,83.03,83,development,
tbg-tm-00621997,621997,,Cieran Slicker,Cieran Slicker,Ipswich Town,GB1,Goalkeeper,GK,23,350000,350000,300000,0,0,0,,82.93,83,0.1,0,0,0.1,+0.1: goalkeeper longevity stability,83.03,83,development,
tbg-tm-00900601,900601,,Alex Murphy,Alex Murphy,Newcastle United,GB1,Left-Back,DEF,22,1500000,1500000,1500000,0,0,100000,,83.02,83,0,0,0,0,,83.02,83,development,
tbg-tm-00765467,765467,,Jozhua Vertrouwd,Jozhua Vertrouwd,Rayo Vallecano,ES1,Centre-Back,DEF,21,2000000,3000000,2500000,0,0,1500000,,83.02,83,0,0,0,0,,83.02,83,development,
tbg-tm-00668183,668183,,Nico Serrano,Nico Serrano,Athletic Bilbao,ES1,Left Winger,ATT,23,1500000,2500000,1500000,0,0,300000,,83.02,83,0,0,0,0,,83.02,83,development,
tbg-tm-00818880,818880,,Tommaso Corazza,Tommaso Corazza,LR Vicenza,IT2,Left-Back,DEF,22,1500000,1500000,1500000,0,0,0,,83.02,83,0,0,0,0,,83.02,83,development,
tbg-tm-00605528,605528,,Pol Tristán,Pol Tristán,RCD Espanyol Barcelona,ES1,Goalkeeper,GK,24,50000,100000,50000,0,0,0,,82.92,83,0.1,0,0,0.1,+0.1: goalkeeper longevity stability,83.02,83,development,
tbg-tm-00881610,881610,,David Ankeye,David Ankeye,FK Zeleznicar Pancevo,SER1,Centre-Forward,ATT,24,600000,2000000,650000,0,0,3400000,,83,83,0,0,0,0,,83,83,development,
tbg-tm-00634105,634105,,Alberto Marí,Alberto Marí,Valencia CF,ES1,Centre-Forward,ATT,24,600000,1500000,800000,0,0,0,,82.99,83,0,0,0,0,,82.99,83,development,
tbg-tm-00679754,679754,,Niklas Pyyhtiä,Niklas Pyyhtiä,Bologna FC 1909,IT1,Central Midfield,MID,22,1300000,1700000,1500000,2,1,500000,,82.99,83,0,0,0,0,,82.99,83,development,
tbg-tm-00707295,707295,,Giuseppe Ambrosino,Giuseppe Ambrosino,SSC Napoli,IT1,Centre-Forward,ATT,22,2200000,2500000,2500000,0,0,0,,82.98,83,0,0,0,0,,82.98,83,development,
tbg-tm-00707568,707568,,Suleiman Camara,Suleiman Camara,Racing Santander,ES1,Right Winger,ATT,24,800000,800000,800000,0,0,400000,,82.98,83,0,0,0,0,,82.98,83,development,
tbg-tm-00820633,820633,,Coli Saco,Coli Saco,SSC Napoli,IT1,Central Midfield,MID,24,200000,300000,200000,0,0,0,,82.97,83,0,0,0,0,,82.97,83,development,
tbg-tm-00865993,865993,,David Ozoh,David Ozoh,Crystal Palace,GB1,Defensive Midfield,DEF,21,2200000,2200000,1800000,0,0,0,,82.97,83,0,0,0,0,,82.97,83,development,
tbg-tm-01088712,1088712,,Simon Eriksson,Simon Eriksson,Racing Santander,ES1,Goalkeeper,GK,20,2000000,2000000,2000000,0,0,2380000,,82.87,83,0.1,0,0,0.1,+0.1: goalkeeper longevity stability,82.97,83,development,
tbg-tm-00538974,538974,,Janis Antiste,Janis Antiste,US Sassuolo,IT1,Centre-Forward,ATT,23,1000000,4500000,1200000,2,1,10670000,,82.96,83,0,0,0,0,,82.96,83,development,
tbg-tm-00708186,708186,,Tjas Begic,Tjas Begic,UC Sampdoria,IT2,Left Winger,ATT,23,1500000,1500000,1200000,3,0,3600000,,82.96,83,0,0,0,0,,82.96,83,development,
tbg-tm-00710679,710679,,Iker Benito,Iker Benito,CA Osasuna,ES1,Right Winger,ATT,23,1400000,1500000,1500000,0,0,0,,82.95,83,0,0,0,0,,82.95,83,development,
tbg-tm-00709767,709767,,Ji-soo Kim,Ji-soo Kim,Brentford FC,GB1,Centre-Back,DEF,21,1800000,2000000,2000000,5,0,640000,,82.95,83,0,0,0,0,,82.95,83,development,
tbg-tm-00904712,904712,,Justin Smith,Justin Smith,RCD Espanyol Barcelona,ES1,Central Midfield,MID,23,800000,800000,500000,0,0,0,,82.95,83,0,0,0,0,,82.95,83,development,
tbg-tm-00946279,946279,,Javi Hernández,Javi Hernández,RCD Espanyol Barcelona,ES1,Attacking Midfield,MID,22,1500000,1500000,1000000,0,0,0,,82.94,83,0,0,0,0,,82.94,83,development,
tbg-tm-00663153,663153,,Marko Farji,Marko Farji,Venezia FC,IT1,Left Winger,ATT,22,1700000,2200000,1800000,14,0,1300000,,82.94,83,0,0,0,0,,82.94,83,development,
tbg-tm-00786130,786130,,Eric Puerto,Eric Puerto,Deportivo A Coruña,ES1,Goalkeeper,GK,23,200000,200000,200000,0,0,30000,,82.83,83,0.1,0,0,0.1,+0.1: goalkeeper longevity stability,82.93,83,development,
tbg-tm-00659415,659415,,Riccardo Pagano,Riccardo Pagano,AS Roma,IT1,Central Midfield,MID,21,1800000,2500000,2200000,0,0,0,,82.92,83,0,0,0,0,,82.92,83,development,
tbg-tm-00659648,659648,,Gioele Zacchi,Gioele Zacchi,US Sassuolo,IT1,Goalkeeper,GK,22,600000,600000,600000,0,0,0,,82.82,83,0.1,0,0,0.1,+0.1: goalkeeper longevity stability,82.92,83,development,
tbg-tm-00758030,758030,,Elkan Baggott,Elkan Baggott,Ipswich Town,GB1,Centre-Back,DEF,23,200000,250000,200000,27,2,0,,82.91,83,0,0,0,0,,82.91,83,development,
tbg-tm-00961948,961948,,Marcos Fernández,Marcos Fernández,RCD Espanyol Barcelona,ES1,Centre-Forward,ATT,23,1500000,1500000,1000000,0,0,0,,82.91,83,0,0,0,0,,82.91,83,development,
tbg-tm-00814848,814848,,Owen Goodman,Owen Goodman,Crystal Palace,GB1,Goalkeeper,GK,22,550000,600000,550000,0,0,0,,82.81,83,0.1,0,0,0.1,+0.1: goalkeeper longevity stability,82.91,83,development,
tbg-tm-00934527,934527,,Alieu Njie,Alieu Njie,Torino FC,IT1,Left Winger,ATT,21,3000000,3000000,2500000,0,0,0,,82.9,83,0,0,0,0,,82.9,83,development,
tbg-tm-01004344,1004344,,Ali Dembélé,Ali Dembélé,Torino FC,IT1,Right-Back,DEF,22,1300000,1300000,800000,0,0,0,,82.88,83,0,0,0,0,,82.88,83,development,
tbg-tm-01042886,1042886,,Chido Obi,Chido Obi,Manchester United,GB1,Centre-Forward,ATT,18,5000000,5000000,5000000,4,2,0,,82.88,83,0,0,0,0,,82.88,83,development,
tbg-tm-00743379,743379,,Lucas Noubi,Lucas Noubi,Deportivo A Coruña,ES1,Centre-Back,DEF,21,1500000,3000000,1500000,4,0,0,,82.88,83,0,0,0,0,,82.88,83,development,
tbg-tm-01060456,1060456,,Matia Barzic,Matia Barzic,Elche CF,ES1,Centre-Back,DEF,22,1000000,1000000,1000000,6,1,0,,82.88,83,0,0,0,0,,82.88,83,development,
tbg-tm-00692208,692208,,Pelayo Fernández,Pelayo Fernández,Rayo Vallecano,ES1,Centre-Back,DEF,23,500000,500000,500000,0,0,0,,82.88,83,0,0,0,0,,82.88,83,development,
tbg-tm-00667640,667640,,Alexandru Borbei,Alexandru Borbei,US Lecce,IT1,Goalkeeper,GK,23,150000,150000,150000,0,0,100000,,82.78,83,0.1,0,0,0.1,+0.1: goalkeeper longevity stability,82.88,83,development,
tbg-tm-00957822,957822,,Eddy Kouadio,Eddy Kouadio,ACF Fiorentina,IT1,Centre-Back,DEF,20,2500000,2500000,2500000,0,0,0,,82.87,83,0,0,0,0,,82.87,83,development,
tbg-tm-00706815,706815,,Harvey Davies,Harvey Davies,Liverpool FC,GB1,Goalkeeper,GK,22,500000,500000,500000,0,0,0,,82.77,83,0.1,0,0,0.1,+0.1: goalkeeper longevity stability,82.87,83,development,
tbg-tm-00731510,731510,,Giovanni Di Renzo,Giovanni Di Renzo,Venezia FC,IT1,Centre-Back,DEF,24,100000,125000,100000,0,0,100000,,82.85,83,0,0,0,0,,82.85,83,development,
tbg-tm-00718029,718029,,Unai Ropero,Unai Ropero,Deportivo Alavés,ES1,Right Winger,ATT,24,500000,500000,500000,0,0,0,,82.85,83,0,0,0,0,,82.85,83,development,
tbg-tm-00538079,538079,,Alessio Furlanetto,Alessio Furlanetto,SS Lazio,IT1,Goalkeeper,GK,24,350000,350000,50000,0,0,0,,82.74,83,0.1,0,0,0.1,+0.1: goalkeeper longevity stability,82.84,83,development,
tbg-tm-01322090,1322090,,Jocelin Ta Bi,Jocelin Ta Bi,Sunderland AFC,GB1,Right Winger,ATT,21,2500000,3000000,3000000,3,2,4000000,,82.83,83,0,0,0,0,,82.83,83,development,
tbg-tm-00997814,997814,,Gonzalo Petit,Gonzalo Petit,Real Betis Balompié,ES1,Centre-Forward,ATT,19,4000000,4000000,4000000,9,3,4500000,,82.82,83,0,0,0,0,,82.82,83,development,
tbg-tm-01061283,1061283,,Mateo Flores,Mateo Flores,FC Arouca,PO1,Central Midfield,MID,22,1000000,1000000,1000000,0,0,1400000,,82.82,83,0,0,0,0,,82.82,83,development,
tbg-tm-01057394,1057394,,Rafa Rodríguez,Rafa Rodríguez,Málaga CF,ES1,Attacking Midfield,MID,22,1000000,1000000,1000000,0,0,0,,82.82,83,0,0,0,0,,82.82,83,development,
tbg-tm-00945709,945709,,Dani Requena,Dani Requena,Villarreal CF,ES1,Central Midfield,MID,22,1000000,1000000,800000,2,0,0,,82.81,83,0,0,0,0,,82.81,83,development,
tbg-tm-01004723,1004723,,Fellipe Jack,Fellipe Jack,Como 1907,IT1,Centre-Back,DEF,20,2500000,2500000,1800000,0,0,2200000,,82.8,83,0,0,0,0,,82.8,83,development,
tbg-tm-01063333,1063333,,Jorge Cabello,Jorge Cabello,Levante UD,ES1,Centre-Back,DEF,22,900000,900000,900000,0,0,0,,82.8,83,0,0,0,0,,82.8,83,development,
tbg-tm-00701842,701842,,Nicolò Cavuoti,Nicolò Cavuoti,Cagliari Calcio,IT1,Attacking Midfield,MID,23,400000,400000,400000,0,0,157000,,82.8,83,0,0,0,0,,82.8,83,development,
tbg-tm-00938156,938156,,Tommy Marqués,Tommy Marqués,FC Barcelona,ES1,Defensive Midfield,DEF,19,3000000,3000000,3000000,0,0,0,,82.8,83,0,0,0,0,,82.8,83,development,
tbg-tm-00992569,992569,,Massimo Pessina,Massimo Pessina,Bologna FC 1909,IT1,Goalkeeper,GK,18,3500000,3500000,1000000,11,0,0,,82.7,83,0.1,0,0,0.1,+0.1: goalkeeper longevity stability,82.8,83,development,
tbg-tm-00889459,889459,,Mario García,Mario García,Racing Santander,ES1,Left-Back,DEF,22,900000,900000,900000,0,0,0,,82.79,83,0,0,0,0,,82.79,83,development,
tbg-tm-00663225,663225,,Tyler Onyango,Tyler Onyango,Without Club,,Central Midfield,MID,23,350000,500000,300000,0,0,0,,82.79,83,0,0,0,0,,82.79,83,development,
tbg-tm-00706947,706947,,Yago Santiago,Yago Santiago,Elche CF,ES1,Left Winger,ATT,23,1000000,1000000,1000000,0,0,0,,82.79,83,0,0,0,0,,82.79,83,development,
tbg-tm-00670883,670883,,Dane Scarlett,Dane Scarlett,Tottenham Hotspur,GB1,Centre-Forward,ATT,22,1500000,2000000,2000000,0,0,0,,82.78,83,0,0,0,0,,82.78,83,development,
tbg-tm-01188619,1188619,,Alessio Cacciamani,Alessio Cacciamani,Torino FC,IT1,Left Winger,ATT,19,4500000,4500000,2500000,0,0,0,,82.77,83,0,0,0,0,,82.77,83,development,
tbg-tm-00926849,926849,,Adrián Niño,Adrián Niño,Málaga CF,ES1,Centre-Forward,ATT,22,2000000,2000000,1000000,3,2,380000,,82.76,83,0,0,0,0,,82.76,83,development,
tbg-tm-00897521,897521,,Ángel Recio,Ángel Recio,Málaga CF,ES1,Centre-Back,DEF,23,300000,300000,300000,0,0,0,,82.76,83,0,0,0,0,,82.76,83,development,
tbg-tm-00766723,766723,,Manu Bueno,Manu Bueno,Sevilla FC,ES1,Central Midfield,MID,21,1500000,1500000,1500000,0,0,0,,82.76,83,0,0,0,0,,82.76,83,development,
tbg-tm-00923080,923080,,Moussa Diarra,Moussa Diarra,Málaga CF,ES1,Centre-Back,DEF,24,25000,100000,100000,0,0,0,,82.76,83,0,0,0,0,,82.76,83,development,
tbg-tm-01312698,1312698,,Selton Sánchez,Selton Sánchez,Athletic Bilbao,ES1,Central Midfield,MID,19,2800000,3000000,3000000,0,0,0,,82.75,83,0,0,0,0,,82.75,83,development,
tbg-tm-00715894,715894,,David Puczka,David Puczka,Genoa CFC,IT1,Left-Back,DEF,21,2500000,2500000,500000,9,2,6160000,,82.74,83,0,0,0,0,,82.74,83,development,
tbg-tm-00877672,877672,,Ali Jasim,Ali Jasim,Como 1907,IT1,Left Winger,ATT,22,500000,550000,550000,38,2,0,,82.63,83,0,0.1,0,0.1,+0.1: established international experience,82.73,83,development,
tbg-tm-01055860,1055860,,Iñaki Rupérez,Iñaki Rupérez,Real Sociedad,ES1,Right-Back,DEF,23,200000,300000,300000,0,0,0,,82.72,83,0,0,0,0,,82.72,83,development,
tbg-tm-00954104,954104,,Jayden Meghoma,Jayden Meghoma,Brentford FC,GB1,Left-Back,DEF,20,2000000,2000000,2000000,3,0,5900000,,82.72,83,0,0,0,0,,82.72,83,development,
tbg-tm-01004327,1004327,,Min-hyeok Yang,Min-hyeok Yang,Tottenham Hotspur,GB1,Right Winger,ATT,20,3000000,3500000,3000000,1,0,4000000,,82.72,83,0,0,0,0,,82.72,83,development,
tbg-tm-00939745,939745,,Lorenzo Torriani,Lorenzo Torriani,AC Milan,IT1,Goalkeeper,GK,21,800000,800000,500000,1,0,0,,82.62,83,0.1,0,0,0.1,+0.1: goalkeeper longevity stability,82.72,83,development,
tbg-tm-00874538,874538,,Ryan Trevitt,Ryan Trevitt,Without Club,,Central Midfield,MID,23,275000,275000,275000,0,0,0,,82.71,83,0,0,0,0,,82.71,83,development,
tbg-tm-00614811,614811,,Joe White,Joe White,Newcastle United,GB1,Attacking Midfield,MID,23,200000,300000,250000,0,0,0,,82.7,83,0,0,0,0,,82.7,83,development,
tbg-tm-00612059,612059,,Edoardo Piana,Edoardo Piana,Udinese Calcio,IT1,Goalkeeper,GK,22,225000,225000,225000,0,0,0,,82.6,83,0.1,0,0,0.1,+0.1: goalkeeper longevity stability,82.7,83,development,
tbg-tm-01078436,1078436,,Izan Merino,Izan Merino,Málaga CF,ES1,Central Midfield,MID,20,2000000,2000000,2000000,0,0,0,,82.69,83,0,0,0,0,,82.69,83,development,
tbg-tm-00718027,718027,,Hugo Pérez,Hugo Pérez,SC União Torreense,PO2,Centre-Back,DEF,23,200000,200000,200000,0,0,0,,82.68,83,0,0,0,0,,82.68,83,development,
tbg-tm-00956588,956588,,Alessandro Nunziante,Alessandro Nunziante,SS Arezzo,IT2,Goalkeeper,GK,19,1800000,1800000,1800000,0,0,1500000,,82.58,83,0.1,0,0,0.1,+0.1: goalkeeper longevity stability,82.68,83,development,
tbg-tm-01204163,1204163,,Andréa Le Borgne,Andréa Le Borgne,Como 1907,IT1,Defensive Midfield,DEF,19,2500000,2500000,2500000,6,3,0,,82.67,83,0,0,0,0,,82.67,83,development,
tbg-tm-00962125,962125,,Buba Sangaré,Buba Sangaré,Elche CF,ES1,Right-Back,DEF,18,4500000,4500000,1000000,8,0,6675000,,82.67,83,0,0,0,0,,82.67,83,development,
tbg-tm-00932740,932740,,Jonas Harder,Jonas Harder,ACF Fiorentina,IT1,Central Midfield,MID,20,2000000,2000000,1700000,0,0,0,,82.66,83,0,0,0,0,,82.66,83,development,
tbg-tm-00589456,589456,,Rafa Núñez,Rafa Núñez,Elche CF,ES1,Left Winger,ATT,24,200000,300000,200000,0,0,0,,82.66,83,0,0,0,0,,82.66,83,development,
tbg-tm-00669915,669915,,Filippo Distefano,Filippo Distefano,ACF Fiorentina,IT1,Second Striker,ATT,22,1200000,1800000,1300000,0,0,0,,82.64,83,0,0,0,0,,82.64,83,development,
tbg-tm-01371793,1371793,,Paul Mendy,Paul Mendy,Cagliari Calcio,IT1,Centre-Forward,ATT,19,7000000,7000000,800000,0,0,15000,,82.64,83,0,0,0,0,,82.64,83,development,
tbg-tm-00871335,871335,,Cameron Humphreys,Cameron Humphreys,Ipswich Town,GB1,Central Midfield,MID,22,600000,600000,500000,0,0,0,,82.63,83,0,0,0,0,,82.63,83,development,
tbg-tm-00667996,667996,,Haitam Abaida,Haitam Abaida,Málaga CF,ES1,Right Winger,ATT,24,200000,200000,200000,0,0,0,,82.63,83,0,0,0,0,,82.63,83,development,
tbg-tm-01178721,1178721,,Rafel Bauzà,Rafel Bauzà,RCD Espanyol Barcelona,ES1,Central Midfield,MID,21,1200000,1200000,1000000,0,0,0,,82.63,83,0,0,0,0,,82.63,83,development,
tbg-tm-01091562,1091562,,Romelle Donovan,Romelle Donovan,Brentford FC,GB1,Right Winger,ATT,19,3500000,3500000,3500000,1,0,3600000,,82.63,83,0,0,0,0,,82.63,83,development,
tbg-tm-00866247,866247,,Tommaso Rubino,Tommaso Rubino,ACF Fiorentina,IT1,Attacking Midfield,MID,19,2500000,2500000,2500000,0,0,0,,82.63,83,0,0,0,0,,82.63,83,development,
tbg-tm-00935232,935232,,Aitor Mañas,Aitor Mañas,Deportivo Alavés,ES1,Centre-Forward,ATT,23,600000,600000,600000,0,0,0,,82.62,83,0,0,0,0,,82.62,83,development,
tbg-tm-00980632,980632,,Sergiu Perciun,Sergiu Perciun,Torino FC,IT1,Attacking Midfield,MID,20,1500000,1500000,1500000,11,0,0,,82.62,83,0,0,0,0,,82.62,83,development,
tbg-tm-00848514,848514,,Yeray Cabanzón,Yeray Cabanzón,Racing Santander,ES1,Right Winger,ATT,23,600000,600000,600000,0,0,0,,82.61,83,0,0,0,0,,82.61,83,development,
tbg-tm-00938144,938144,,Diego Kochen,Diego Kochen,Lyngby Boldklub,DK1,Goalkeeper,GK,20,1500000,1500000,500000,1,0,0,,82.51,83,0.1,0,0,0.1,+0.1: goalkeeper longevity stability,82.61,83,development,
tbg-tm-00919669,919669,,Simone Cinquegrano,Simone Cinquegrano,US Sassuolo,IT1,Right Midfield,MID,22,500000,500000,500000,0,0,0,,82.6,83,0,0,0,0,,82.6,83,development,
tbg-tm-00867909,867909,,Harry Vaughan,Harry Vaughan,Bohemian Football Club,IR1,Attacking Midfield,MID,22,400000,400000,400000,6,0,0,,82.59,83,0,0,0,0,,82.59,83,development,
tbg-tm-01204959,1204959,,Roger Hinojo,Roger Hinojo,RCD Espanyol Barcelona,ES1,Left-Back,DEF,21,1000000,1000000,1000000,0,0,0,,82.59,83,0,0,0,0,,82.59,83,development,
tbg-tm-01104206,1104206,,Agustín Albarracín,Agustín Albarracín,Cagliari Calcio,IT1,Left Winger,ATT,20,2300000,2300000,2300000,12,1,2390000,,82.58,83,0,0,0,0,,82.58,83,development,
tbg-tm-00911224,911224,,Alessandro Romano,Alessandro Romano,Cagliari Calcio,IT1,Defensive Midfield,DEF,20,2000000,2000000,1000000,0,0,500000,,82.58,83,0,0,0,0,,82.58,83,development,
tbg-tm-01038512,1038512,,Asier Osambela,Asier Osambela,CA Osasuna,ES1,Central Midfield,MID,21,1000000,1000000,1000000,0,0,0,,82.58,83,0,0,0,0,,82.58,83,development,
tbg-tm-00747153,747153,,Dan Gore,Dan Gore,Manchester United,GB1,Central Midfield,MID,21,1000000,1000000,1000000,0,0,0,,82.57,83,0,0,0,0,,82.57,83,development,
tbg-tm-01069512,1069512,,Jonah Kusi-Asare,Jonah Kusi-Asare,Fulham FC,GB1,Centre-Forward,ATT,19,3000000,4000000,4000000,0,0,13500000,,82.57,83,0,0,0,0,,82.57,83,development,
tbg-tm-01012731,1012731,,Luis Balbo,Luis Balbo,ACF Fiorentina,IT1,Left-Back,DEF,20,3000000,3000000,500000,4,0,0,,82.55,83,0,0,0,0,,82.55,83,development,
tbg-tm-00817612,817612,,Luke Harris,Luke Harris,Fulham FC,GB1,Attacking Midfield,MID,21,900000,1000000,1000000,0,0,0,,82.55,83,0,0,0,0,,82.55,83,development,
tbg-tm-00808559,808559,,Justin Kumi,Justin Kumi,US Sassuolo,IT1,Central Midfield,MID,21,1200000,1200000,1200000,0,0,65000,,82.54,83,0,0,0,0,,82.54,83,development,
tbg-tm-00802997,802997,,Norman Bassette,Norman Bassette,Coventry City,GB1,Centre-Forward,ATT,21,1500000,2200000,1800000,10,6,2700000,,82.54,83,0,0,0,0,,82.54,83,development,
tbg-tm-01054931,1054931,,Selu Diallo,Selu Diallo,Deportivo Alavés,ES1,Central Midfield,MID,22,400000,400000,400000,0,0,0,,82.54,83,0,0,0,0,,82.54,83,development,
tbg-tm-01064717,1064717,,Rafita Garrido,Rafita Garrido,Málaga CF,ES1,Right-Back,DEF,21,1000000,1000000,700000,0,0,0,,82.53,83,0,0,0,0,,82.53,83,development,
tbg-tm-01110645,1110645,,Filipe Bordon,Filipe Bordon,SS Lazio,IT1,Centre-Back,DEF,21,750000,800000,800000,0,0,300000,,82.5,83,0,0,0,0,,82.5,83,development,
tbg-tm-01065442,1065442,,Iñigo Arguibide,Iñigo Arguibide,CA Osasuna,ES1,Right-Back,DEF,21,800000,800000,800000,0,0,0,,82.5,83,0,0,0,0,,82.5,83,development,
tbg-tm-00858677,858677,,Peter Amoran,Peter Amoran,Parma Calcio 1913,IT1,Centre-Back,DEF,22,300000,300000,300000,0,0,0,,82.5,82,0,0,0,0,,82.5,82,development,
tbg-tm-00712911,712911,,Jasper Samooja,Jasper Samooja,US Lecce,IT1,Goalkeeper,GK,22,75000,75000,75000,0,0,0,,82.4,82,0.1,0,0,0.1,+0.1: goalkeeper longevity stability,82.5,83,development,
tbg-tm-00891931,891931,,Jairo Noriega,Jairo Noriega,Deportivo A Coruña,ES1,Attacking Midfield,MID,22,300000,300000,300000,0,0,0,,82.48,82,0,0,0,0,,82.48,82,development,
tbg-tm-00816861,816861,,Alvin Okoro,Alvin Okoro,Venezia FC,IT1,Centre-Forward,ATT,21,2000000,2000000,800000,1,0,250000,,82.47,82,0,0,0,0,,82.47,82,development,
tbg-tm-00961902,961902,,Neco Celorio,Neco Celorio,Without Club,,Attacking Midfield,MID,22,300000,300000,300000,0,0,0,,82.47,82,0,0,0,0,,82.47,82,development,
tbg-tm-01393961,1393961,,Sergio Martínez,Sergio Martínez,Racing Santander,ES1,Central Midfield,MID,19,2000000,2000000,2000000,0,0,0,,82.47,82,0,0,0,0,,82.47,82,development,
tbg-tm-00866250,866250,,Seydou Fini,Seydou Fini,Genoa CFC,IT1,Right Winger,ATT,20,2500000,2500000,1500000,2,0,0,,82.47,82,0,0,0,0,,82.47,82,development,
tbg-tm-00915258,915258,,Kazunari Kita,Kazunari Kita,Real Sociedad,ES1,Centre-Back,DEF,20,2000000,2000000,600000,0,0,1500000,,82.46,82,0,0,0,0,,82.46,82,development,
tbg-tm-00707359,707359,,Etienne Eto'o,Etienne Eto'o,Rayo Vallecano,ES1,Centre-Forward,ATT,23,300000,300000,300000,0,0,0,,82.45,82,0,0,0,0,,82.45,82,development,
tbg-tm-00724108,724108,,Aaron Ciammaglichella,Aaron Ciammaglichella,Torino FC,IT1,Central Midfield,MID,21,500000,1000000,700000,1,0,0,,82.44,82,0,0,0,0,,82.44,82,development,
tbg-tm-00883058,883058,,Alessandro Milani,Alessandro Milani,SS Lazio,IT1,Left-Back,DEF,21,650000,650000,650000,0,0,70000,,82.44,82,0,0,0,0,,82.44,82,development,
tbg-tm-01299392,1299392,,Bil Nsongo,Bil Nsongo,Deportivo A Coruña,ES1,Centre-Forward,ATT,21,3000000,3000000,500000,0,0,0,,82.44,82,0,0,0,0,,82.44,82,development,
tbg-tm-00869458,869458,,Omar Sadik,Omar Sadik,RCD Espanyol Barcelona,ES1,Centre-Forward,ATT,22,800000,800000,800000,0,0,250000,,82.44,82,0,0,0,0,,82.44,82,development,
tbg-tm-00947115,947115,,Xavi Grande,Xavi Grande,Levante UD,ES1,Right-Back,DEF,21,800000,800000,500000,0,0,0,,82.44,82,0,0,0,0,,82.44,82,development,
tbg-tm-01044794,1044794,,Alessandro Debenedetti,Alessandro Debenedetti,Genoa CFC,IT1,Centre-Forward,ATT,22,700000,700000,650000,0,0,40000,,82.4,82,0,0,0,0,,82.4,82,development,
tbg-tm-00724068,724068,,Kevin Leone,Kevin Leone,US Sassuolo,IT1,Central Midfield,MID,21,600000,600000,600000,0,0,1000000,,82.4,82,0,0,0,0,,82.4,82,development,
tbg-tm-01295778,1295778,,Samuel Wiafe,Samuel Wiafe,Genoa CFC,IT1,Central Midfield,MID,18,2500000,2500000,2000000,2,0,2500000,,82.4,82,0,0,0,0,,82.4,82,development,
tbg-tm-01118086,1118086,,Sebastian Esposito,Sebastian Esposito,US Lecce,IT1,Centre-Back,DEF,21,600000,600000,500000,0,0,0,,82.4,82,0,0,0,0,,82.4,82,development,
tbg-tm-01453066,1453066,,Carlos Macià,Carlos Macià,Villarreal CF B,E3G2,Central Midfield,MID,17,3000000,3000000,3000000,0,0,0,,82.39,82,0,0,0,0,,82.39,82,development,
tbg-tm-00984544,984544,,Rodrigo Rêgo,Rodrigo Rêgo,Brighton & Hove Albion,GB1,Right Winger,ATT,21,1500000,1500000,900000,2,0,3500000,,82.39,82,0,0,0,0,,82.39,82,development,
tbg-tm-01066206,1066206,,Toni Fernández,Toni Fernández,FC Barcelona,ES1,Attacking Midfield,MID,17,3000000,3000000,3000000,0,0,0,,82.39,82,0,0,0,0,,82.39,82,development,
tbg-tm-01015619,1015619,,Ahmed Abdullahi,Ahmed Abdullahi,Sunderland AFC,GB1,Centre-Forward,ATT,22,800000,1000000,1000000,0,0,1500000,,82.37,82,0,0,0,0,,82.37,82,development,
tbg-tm-01175410,1175410,,Matías Pérez,Matías Pérez,US Lecce,IT1,Centre-Back,DEF,21,500000,500000,500000,0,0,525000,,82.37,82,0,0,0,0,,82.37,82,development,
tbg-tm-00646734,646734,,Tomás Mendes,Tomás Mendes,Deportivo Alavés,ES1,Defensive Midfield,DEF,21,500000,500000,500000,0,0,0,,82.37,82,0,0,0,0,,82.37,82,development,
tbg-tm-00997478,997478,,Othniël Raterink,Othniël Raterink,Cagliari Calcio,IT1,Right-Back,DEF,20,1000000,1000000,1000000,0,0,1100000,,82.36,82,0,0,0,0,,82.36,82,development,
tbg-tm-00738477,738477,,Teun Gijselhart,Teun Gijselhart,Deportivo A Coruña,ES1,Central Midfield,MID,21,650000,650000,400000,0,0,1000000,,82.36,82,0,0,0,0,,82.36,82,development,
tbg-tm-00996453,996453,,Maat Daniel Caprini,Maat Daniel Caprini,ACF Fiorentina,IT1,Left Winger,ATT,20,1800000,2000000,2000000,0,0,0,,82.35,82,0,0,0,0,,82.35,82,development,
tbg-tm-00879868,879868,,Marco Dalla Vecchia,Marco Dalla Vecchia,Torino FC,IT1,Central Midfield,MID,21,500000,500000,500000,0,0,0,,82.35,82,0,0,0,0,,82.35,82,development,
tbg-tm-01099924,1099924,,Yael Trepy,Yael Trepy,Cagliari Calcio,IT1,Centre-Forward,ATT,20,2000000,2000000,1500000,0,0,0,,82.35,82,0,0,0,0,,82.35,82,development,
tbg-tm-01015822,1015822,,Eman Košpo,Eman Košpo,ACF Fiorentina,IT1,Centre-Back,DEF,19,1500000,1500000,1500000,2,0,285000,,82.34,82,0,0,0,0,,82.34,82,development,
tbg-tm-00854721,854721,,Ben Winterburn,Ben Winterburn,AFC Bournemouth,GB1,Defensive Midfield,DEF,21,350000,500000,450000,0,0,0,,82.32,82,0,0,0,0,,82.32,82,development,
tbg-tm-01064391,1064391,,Egoitz Muñoz,Egoitz Muñoz,Córdoba CF,ES2,Right-Back,DEF,22,250000,250000,200000,0,0,0,,82.32,82,0,0,0,0,,82.32,82,development,
tbg-tm-00897481,897481,,Eric da Silva Moreira,Eric da Silva Moreira,Nottingham Forest,GB1,Right-Back,DEF,20,800000,1000000,1000000,0,0,1500000,,82.31,82,0,0,0,0,,82.31,82,development,
tbg-tm-00840687,840687,,Luís Semedo,Luís Semedo,Sunderland AFC,GB1,Centre-Forward,ATT,22,600000,600000,400000,0,0,500000,,82.31,82,0,0,0,0,,82.31,82,development,
tbg-tm-00899542,899542,,Lorenzo Romani,Lorenzo Romani,ACF Fiorentina,IT1,Centre-Back,DEF,21,400000,400000,300000,2,0,0,,82.3,82,0,0,0,0,,82.3,82,development,
tbg-tm-00885230,885230,,Nicola Pintus,Nicola Pintus,Cagliari Calcio,IT1,Centre-Back,DEF,21,350000,400000,400000,0,0,0,,82.3,82,0,0,0,0,,82.3,82,development,
tbg-tm-00806955,806955,,Dario Sits,Dario Sits,FC Dordrecht,NL2,Centre-Forward,ATT,22,300000,400000,300000,12,2,0,,82.29,82,0,0,0,0,,82.29,82,development,
tbg-tm-00942738,942738,,Milan Aleksic,Milan Aleksic,FK Partizan Belgrade,SER1,Attacking Midfield,MID,20,700000,700000,700000,11,1,3500000,,82.29,82,0,0,0,0,,82.29,82,development,
tbg-tm-01004298,1004298,,Carlos López,Carlos López,Málaga CF,ES1,Goalkeeper,GK,21,100000,100000,100000,0,0,0,,82.19,82,0.1,0,0,0.1,+0.1: goalkeeper longevity stability,82.29,82,development,
tbg-tm-01009633,1009633,,David Pejičić,David Pejičić,Udinese Calcio,IT1,Attacking Midfield,MID,19,1500000,1500000,1000000,4,1,0,,82.27,82,0,0,0,0,,82.27,82,development,
tbg-tm-01053217,1053217,,Filippo Reale,Filippo Reale,AS Roma,IT1,Centre-Back,DEF,20,750000,800000,800000,0,0,0,,82.27,82,0,0,0,0,,82.27,82,development,
tbg-tm-01063340,1063340,,Kareem Tunde,Kareem Tunde,Levante UD,ES1,Right Winger,ATT,20,2000000,2000000,1000000,0,0,0,,82.27,82,0,0,0,0,,82.27,82,development,
tbg-tm-00813961,813961,,Patrick Nuamah,Patrick Nuamah,US Sassuolo,IT1,Left Winger,ATT,20,1600000,1600000,1600000,1,0,0,,82.27,82,0,0,0,0,,82.27,82,development,
tbg-tm-01099061,1099061,,Dani Martín,Dani Martín,Levante UD,ES1,Goalkeeper,GK,20,300000,300000,300000,0,0,100000,,82.17,82,0.1,0,0,0.1,+0.1: goalkeeper longevity stability,82.27,82,development,
tbg-tm-01179146,1179146,,Dastan Satpaev,Dastan Satpaev,Kairat Almaty,KAS1,Centre-Forward,ATT,17,3500000,3500000,3000000,8,1,2400000,,82.26,82,0,0,0,0,,82.26,82,development,
tbg-tm-00883051,883051,,Kevin Bruno,Kevin Bruno,US Sassuolo,IT1,Attacking Midfield,MID,21,500000,600000,550000,0,0,0,,82.26,82,0,0,0,0,,82.26,82,development,
tbg-tm-00704398,704398,,Raphael Borges Rodrigues,Raphael Borges Rodrigues,Coventry City,GB1,Left Winger,ATT,22,450000,450000,400000,0,0,0,,82.26,82,0,0,0,0,,82.26,82,development,
tbg-tm-01049911,1049911,,Tyler Fletcher,Tyler Fletcher,Manchester United,GB1,Central Midfield,MID,19,1500000,1500000,0,2,0,728200,,82.26,82,0,0,0,0,,82.26,82,development,
tbg-tm-00921345,921345,,Tay Abed,Tay Abed,Levante UD,ES1,Right Winger,ATT,21,1000000,1000000,800000,1,0,200000,,82.25,82,0,0,0,0,,82.25,82,development,
tbg-tm-00927933,927933,,Velizar-Iliya Iliev,Velizar-Iliya Iliev,Cagliari Calcio,IT1,Goalkeeper,GK,20,300000,300000,250000,0,0,40000,,82.15,82,0.1,0,0,0.1,+0.1: goalkeeper longevity stability,82.25,82,development,
tbg-tm-01164331,1164331,,Ismael Bekhoucha,Ismael Bekhoucha,Getafe CF,ES1,Right-Back,DEF,21,300000,300000,300000,0,0,0,,82.24,82,0,0,0,0,,82.24,82,development,
tbg-tm-00988977,988977,,Tommaso Vannucchi,Tommaso Vannucchi,ACF Fiorentina,IT1,Goalkeeper,GK,19,500000,800000,500000,3,0,0,,82.14,82,0.1,0,0,0.1,+0.1: goalkeeper longevity stability,82.24,82,development,
tbg-tm-00906315,906315,,Hugo Cuenca,Hugo Cuenca,Genoa CFC,IT1,Attacking Midfield,MID,21,300000,300000,300000,0,0,400000,,82.23,82,0,0,0,0,,82.23,82,development,
tbg-tm-01028399,1028399,,Borna Knezovic,Borna Knezovic,US Sassuolo,IT1,Attacking Midfield,MID,20,600000,800000,700000,0,0,0,,82.21,82,0,0,0,0,,82.21,82,development,
tbg-tm-00725242,725242,,Luca D'Andrea,Luca D'Andrea,US Sassuolo,IT1,Right Winger,ATT,21,500000,2500000,500000,0,0,50000,,82.18,82,0,0,0,0,,82.18,82,development,
tbg-tm-01178393,1178393,,Antoñito Cordero,Antoñito Cordero,Newcastle United,GB1,Left Winger,ATT,19,2000000,2000000,2000000,0,0,0,,82.17,82,0,0,0,0,,82.17,82,development,
tbg-tm-00908788,908788,,Flavio Russo,Flavio Russo,US Sassuolo,IT1,Centre-Forward,ATT,21,700000,800000,750000,0,0,0,,82.17,82,0,0,0,0,,82.17,82,development,
tbg-tm-01057392,1057392,,Pablo Arriaza,Pablo Arriaza,Málaga CF,ES1,Centre-Back,DEF,22,50000,50000,50000,0,0,0,,82.17,82,0,0,0,0,,82.17,82,development,
tbg-tm-01059298,1059298,,Côme Bianay Balcot,Côme Bianay Balcot,Torino FC,IT1,Right-Back,DEF,21,200000,200000,175000,0,0,0,,82.15,82,0,0,0,0,,82.15,82,development,
tbg-tm-01017950,1017950,,Vernon Addo,Vernon Addo,US Lecce,IT1,Left-Back,DEF,21,175000,200000,175000,0,0,475000,,82.15,82,0,0,0,0,,82.15,82,development,
tbg-tm-01011140,1011140,,Jack Fletcher,Jack Fletcher,Manchester United,GB1,Attacking Midfield,MID,19,1500000,1500000,1000000,0,0,728200,,82.14,82,0,0,0,0,,82.14,82,development,
tbg-tm-00994604,994604,,Matai Akinmboni,Matai Akinmboni,AFC Bournemouth,GB1,Centre-Back,DEF,19,1000000,1000000,1000000,0,0,1500000,,82.14,82,0,0,0,0,,82.14,82,development,
tbg-tm-00803005,803005,,Mattia Mannini,Mattia Mannini,AS Roma,IT1,Right-Back,DEF,19,1000000,1000000,1000000,1,0,0,,82.14,82,0,0,0,0,,82.14,82,development,
tbg-tm-00834463,834463,,Iker Córdoba,Iker Córdoba,Valencia CF,ES1,Centre-Back,DEF,20,500000,500000,500000,0,0,0,,82.13,82,0,0,0,0,,82.13,82,development,
tbg-tm-00818878,818878,,Wisdom Amey,Wisdom Amey,Bologna FC 1909,IT1,Centre-Back,DEF,20,800000,800000,300000,1,0,0,,82.13,82,0,0,0,0,,82.13,82,development,
tbg-tm-00962111,962111,,Andrés Cuenca,Andrés Cuenca,Como 1907,IT1,Centre-Back,DEF,19,500000,500000,500000,23,0,500000,,82.12,82,0,0,0,0,,82.12,82,development,
tbg-tm-00887650,887650,,Francesco Gallea,Francesco Gallea,Cagliari Calcio,IT1,Centre-Back,DEF,21,200000,200000,125000,0,0,0,,82.12,82,0,0,0,0,,82.12,82,development,
tbg-tm-00745595,745595,,Marlon Ubani,Marlon Ubani,US Lecce,IT1,Right-Back,DEF,21,175000,175000,150000,0,0,0,,82.12,82,0,0,0,0,,82.12,82,development,
tbg-tm-00942103,942103,,Lapo Siviero,Lapo Siviero,Torino FC,IT1,Goalkeeper,GK,19,500000,500000,300000,0,0,0,,82.01,82,0.1,0,0,0.1,+0.1: goalkeeper longevity stability,82.11,82,development,
tbg-tm-00918957,918957,,Davide Renzetti,Davide Renzetti,SS Lazio,IT1,Goalkeeper,GK,20,150000,150000,100000,0,0,0,,82,82,0.1,0,0,0.1,+0.1: goalkeeper longevity stability,82.1,82,development,
tbg-tm-01063336,1063336,,Edgar Alcañiz,Edgar Alcañiz,Levante UD,ES1,Central Midfield,MID,21,150000,150000,150000,0,0,0,,82.09,82,0,0,0,0,,82.09,82,development,
tbg-tm-01109577,1109577,,Aarón Ochoa,Aarón Ochoa,Málaga CF,ES1,Attacking Midfield,MID,19,800000,800000,500000,11,1,0,,82.06,82,0,0,0,0,,82.06,82,development,
tbg-tm-01130743,1130743,,Lorenzo Berardi,Lorenzo Berardi,Venezia FC,IT1,Left Midfield,MID,20,400000,400000,400000,0,0,1000000,,82.06,82,0,0,0,0,,82.06,82,development,
tbg-tm-00941115,941115,,Rubén López,Rubén López,Deportivo A Coruña,ES1,Left Winger,ATT,21,500000,500000,500000,0,0,0,,82.05,82,0,0,0,0,,82.05,82,development,
tbg-tm-01421433,1421433,,Zadok Yohanna,Zadok Yohanna,Brighton & Hove Albion,GB1,Right Winger,ATT,19,18000000,18000000,500000,0,0,28750000,,82.05,82,0,0,0,0,,82.05,82,development,
tbg-tm-00874967,874967,,Ernestas Lysionok,Ernestas Lysionok,Genoa CFC,IT1,Goalkeeper,GK,19,600000,600000,200000,0,0,0,,81.95,82,0.1,0,0,0.1,+0.1: goalkeeper longevity stability,82.05,82,development,
tbg-tm-00936684,936684,,Saad El Haddad,Saad El Haddad,Venezia FC,IT1,Attacking Midfield,MID,20,300000,400000,400000,1,0,0,,82.04,82,0,0,0,0,,82.04,82,development,
tbg-tm-01047261,1047261,,Caleb Kporha,Caleb Kporha,Crystal Palace,GB1,Right-Back,DEF,19,1000000,1000000,1000000,0,0,0,,82.03,82,0,0,0,0,,82.03,82,development,
tbg-tm-01047257,1047257,,Rio Cardines,Rio Cardines,Crystal Palace,GB1,Left-Back,DEF,20,300000,300000,300000,0,0,0,,82,82,0,0,0,0,,82,82,development,
tbg-tm-01064139,1064139,,Kevin Sánchez,Kevin Sánchez,Deportivo A Coruña,ES1,Centre-Forward,ATT,21,400000,400000,400000,0,0,0,,81.99,82,0,0,0,0,,81.99,82,development,
tbg-tm-01384911,1384911,,Samu Becerra,Samu Becerra,Rayo Vallecano B,,Central Midfield,MID,20,300000,300000,300000,0,0,0,,81.99,82,0,0,0,0,,81.99,82,development,
tbg-tm-01074967,1074967,,Gustavo Albarracín,Gustavo Albarracín,Deportivo Alavés,ES1,Central Midfield,MID,20,250000,300000,300000,0,0,320000,,81.98,82,0,0,0,0,,81.98,82,development,
tbg-tm-01195798,1195798,,Mathias Ferrante,Mathias Ferrante,SSC Napoli,IT1,Goalkeeper,GK,19,200000,200000,200000,0,0,100000,,81.88,82,0.1,0,0,0.1,+0.1: goalkeeper longevity stability,81.98,82,development,
tbg-tm-01073023,1073023,,Radoslaw Zelezny,Radoslaw Zelezny,AS Roma,IT1,Goalkeeper,GK,19,200000,200000,200000,0,0,100000,,81.87,82,0.1,0,0,0.1,+0.1: goalkeeper longevity stability,81.97,82,development,
tbg-tm-01064506,1064506,,Adam Boayar,Adam Boayar,Elche CF,ES1,Second Striker,ATT,20,800000,800000,800000,0,0,0,,81.96,82,0,0,0,0,,81.96,82,development,
tbg-tm-00883539,883539,,Charlie Crew,Charlie Crew,Leeds United,GB1,Defensive Midfield,DEF,20,150000,150000,150000,9,0,0,,81.96,82,0,0,0,0,,81.96,82,development,
tbg-tm-01210116,1210116,,Abdoulaye Camara,Abdoulaye Camara,Udinese Calcio,IT1,Defensive Midfield,DEF,17,1500000,1500000,1500000,3,0,1200000,,81.95,82,0,0,0,0,,81.95,82,development,
tbg-tm-00885235,885235,,Luigi D'Avino,Luigi D'Avino,SSC Napoli,IT1,Centre-Back,DEF,20,250000,250000,175000,0,0,0,,81.94,82,0,0,0,0,,81.94,82,development,
tbg-tm-00934514,934514,,Riccardo Braschi,Riccardo Braschi,ACF Fiorentina,IT1,Centre-Forward,ATT,19,2000000,2000000,600000,0,0,0,,81.94,82,0,0,0,0,,81.94,82,development,
tbg-tm-01268764,1268764,,David Cordón Mancha,David Cordón Mancha,Getafe CF,ES1,Left-Back,DEF,18,1000000,1000000,1000000,0,0,600000,,81.93,82,0,0,0,0,,81.93,82,development,
tbg-tm-00932733,932733,,Leonardo Baroncelli,Leonardo Baroncelli,AS Gubbio 1910,IT3B,Centre-Back,DEF,20,175000,200000,200000,0,0,0,,81.92,82,0,0,0,0,,81.92,82,development,
tbg-tm-00965924,965924,,Kai Andrews,Kai Andrews,Coventry City,GB1,Central Midfield,MID,19,500000,500000,400000,3,0,0,,81.9,82,0,0,0,0,,81.9,82,development,
tbg-tm-01148082,1148082,,Kornel Lisman,Kornel Lisman,Venezia FC,IT1,Left Winger,ATT,20,600000,800000,600000,0,0,2500000,,81.89,82,0,0,0,0,,81.89,82,development,
tbg-tm-00815787,815787,,Luigi Caccavo,Luigi Caccavo,Bologna FC 1909,IT1,Centre-Forward,ATT,22,400000,400000,75000,0,0,300000,,81.89,82,0,0,0,0,,81.89,82,development,
tbg-tm-00941104,941104,,Diego Gómez,Diego Gómez,Deportivo A Coruña,ES1,Right Winger,ATT,21,200000,200000,200000,0,0,0,,81.84,82,0,0,0,0,,81.84,82,development,
tbg-tm-01331450,1331450,,Hugo López,Hugo López,Villarreal CF B,E3G2,Left Winger,ATT,19,1000000,1000000,1000000,9,6,0,,81.83,82,0,0,0,0,,81.83,82,development,
tbg-tm-01144158,1144158,,Benjamin Arthur,Benjamin Arthur,Brentford FC,GB1,Centre-Back,DEF,20,100000,100000,100000,0,0,1100000,,81.81,82,0,0,0,0,,81.81,82,development,
tbg-tm-01309177,1309177,,Noé Carrillo,Noé Carrillo,Deportivo A Coruña,ES1,Central Midfield,MID,19,1000000,1000000,300000,0,0,0,,81.8,82,0,0,0,0,,81.8,82,development,
tbg-tm-00885228,885228,,Alessandro Vinciguerra,Alessandro Vinciguerra,Cagliari Calcio,IT1,Left Winger,ATT,20,400000,400000,400000,0,0,0,,81.75,82,0,0,0,0,,81.75,82,development,
tbg-tm-01232057,1232057,,Paco Cortés,Paco Cortés,Levante UD,ES1,Left Winger,ATT,18,1500000,1500000,1000000,0,0,0,,81.74,82,0,0,0,0,,81.74,82,development,
tbg-tm-01015959,1015959,,Do-young Yoon,Do-young Yoon,Brighton & Hove Albion,GB1,Right Winger,ATT,19,700000,800000,700000,1,0,2000000,,81.71,82,0,0,0,0,,81.71,82,development,
tbg-tm-01064538,1064538,,Ali Houary,Ali Houary,Elche CF,ES1,Second Striker,ATT,20,300000,300000,300000,1,0,0,,81.7,82,0,0,0,0,,81.7,82,development,
tbg-tm-01119655,1119655,,Nicolas Trabucchi,Nicolas Trabucchi,Parma Calcio 1913,IT1,Centre-Back,DEF,18,400000,400000,400000,0,0,0,,81.65,82,0,0,0,0,,81.65,82,development,
tbg-tm-00888639,888639,,Ethan Wheatley,Ethan Wheatley,Manchester United,GB1,Centre-Forward,ATT,20,250000,250000,150000,0,0,0,,81.6,82,0,0,0,0,,81.6,82,development,
tbg-tm-01370789,1370789,,Edoardo Mariani,Edoardo Mariani,Venezia FC,IT1,Central Midfield,MID,18,500000,500000,200000,0,0,500000,,81.56,82,0,0,0,0,,81.56,82,development,
tbg-tm-01438038,1438038,,Marcelo Vaz,Marcelo Vaz,Genoa CFC,IT1,Left-Back,DEF,18,400000,400000,100000,0,0,300000,,81.4,81,0,0,0,0,,81.4,81,development,
tbg-tm-01371830,1371830,,Nacho Pérez,Nacho Pérez,Levante UD,ES1,Right-Back,DEF,17,300000,300000,0,0,0,0,,81.38,81,0,0,0,0,,81.38,81,development,
tbg-tm-00967814,967814,,Sebastiano Di Paolo,Sebastiano Di Paolo,Cagliari Calcio,IT1,Right Winger,ATT,19,400000,400000,75000,0,0,310000,,81.08,81,0,0,0,0,,81.08,81,development,
