player_name,club,position,age,nationality,market_value_eur,market_value,transfermarkt_url,source
Adam Smith,AFC Bournemouth,Right-Back,35,England,300000,EUR 300000,https://www.transfermarkt.com/adam-smith/profil/spieler/61841,apify-transfermarkt-global-player-scraper
Adrien Truffert,AFC Bournemouth,Left-Back,24,France; Belgium,30000000,EUR 30000000,https://www.transfermarkt.com/adrien-truffert/profil/spieler/654539,apify-transfermarkt-global-player-scraper
Álex Jiménez,AFC Bournemouth,Right-Back,21,Spain,22000000,EUR 22000000,https://www.transfermarkt.com/alex-jimenez/profil/spieler/741257,apify-transfermarkt-global-player-scraper
Alex Paulsen,AFC Bournemouth,Goalkeeper,24,New Zealand; South Africa,500000,EUR 500000,https://www.transfermarkt.com/alex-paulsen/profil/spieler/617009,apify-transfermarkt-global-player-scraper
Alex Scott,AFC Bournemouth,Central Midfield,22,England; Guernsey,50000000,EUR 50000000,https://www.transfermarkt.com/alex-scott/profil/spieler/855256,apify-transfermarkt-global-player-scraper
Alex Tóth,AFC Bournemouth,Central Midfield,20,Hungary,12000000,EUR 12000000,https://www.transfermarkt.com/alex-toth/profil/spieler/998101,apify-transfermarkt-global-player-scraper
Amine Adli,AFC Bournemouth,Left Winger,26,Morocco; France,20000000,EUR 20000000,https://www.transfermarkt.com/amine-adli/profil/spieler/532776,apify-transfermarkt-global-player-scraper
Bafodé Diakité,AFC Bournemouth,Centre-Back,25,France; Guinea,25000000,EUR 25000000,https://www.transfermarkt.com/bafode-diakite/profil/spieler/463605,apify-transfermarkt-global-player-scraper
Ben Gannon-Doak,AFC Bournemouth,Right Winger,20,Scotland,15000000,EUR 15000000,https://www.transfermarkt.com/ben-gannon-doak/profil/spieler/719673,apify-transfermarkt-global-player-scraper
Ben Winterburn,AFC Bournemouth,Defensive Midfield,21,England,350000,EUR 350000,https://www.transfermarkt.com/ben-winterburn/profil/spieler/854721,apify-transfermarkt-global-player-scraper
Daniel Jebbison,AFC Bournemouth,Centre-Forward,22,Canada; England,6000000,EUR 6000000,https://www.transfermarkt.com/daniel-jebbison/profil/spieler/746740,apify-transfermarkt-global-player-scraper
David Brooks,AFC Bournemouth,Right Winger,28,Wales; England,12000000,EUR 12000000,https://www.transfermarkt.com/david-brooks/profil/spieler/277033,apify-transfermarkt-global-player-scraper
Djordje Petrovic,AFC Bournemouth,Goalkeeper,26,Serbia,28000000,EUR 28000000,https://www.transfermarkt.com/djordje-petrovic/profil/spieler/465555,apify-transfermarkt-global-player-scraper
Enes Ünal,AFC Bournemouth,Centre-Forward,29,Türkiye,7000000,EUR 7000000,https://www.transfermarkt.com/enes-uenal/profil/spieler/251106,apify-transfermarkt-global-player-scraper
Francisco Evanilson de Lima Barbosa,AFC Bournemouth,Centre-Forward,26,Brazil,35000000,EUR 35000000,https://www.transfermarkt.com/evanilson/profil/spieler/711337,apify-transfermarkt-global-player-scraper
Fraser Forster,AFC Bournemouth,Goalkeeper,38,England,400000,EUR 400000,https://www.transfermarkt.com/fraser-forster/profil/spieler/52570,apify-transfermarkt-global-player-scraper
James Hill,AFC Bournemouth,Centre-Back,24,England,23000000,EUR 23000000,https://www.transfermarkt.com/james-hill/profil/spieler/611793,apify-transfermarkt-global-player-scraper
Julián Araujo,AFC Bournemouth,Right-Back,24,Mexico; United States,8000000,EUR 8000000,https://www.transfermarkt.com/julian-araujo/profil/spieler/513970,apify-transfermarkt-global-player-scraper
Julio Soler,AFC Bournemouth,Left-Back,21,Argentina; Paraguay,8000000,EUR 8000000,https://www.transfermarkt.com/julio-soler/profil/spieler/1009658,apify-transfermarkt-global-player-scraper
Junior Kroupi,AFC Bournemouth,Centre-Forward,20,France; Portugal,70000000,EUR 70000000,https://www.transfermarkt.com/junior-kroupi/profil/spieler/955357,apify-transfermarkt-global-player-scraper
Justin Kluivert,AFC Bournemouth,Attacking Midfield,27,Netherlands; Suriname,25000000,EUR 25000000,https://www.transfermarkt.com/justin-kluivert/profil/spieler/330659,apify-transfermarkt-global-player-scraper
Lewis Cook,AFC Bournemouth,Central Midfield,29,England,11000000,EUR 11000000,https://www.transfermarkt.com/lewis-cook/profil/spieler/249089,apify-transfermarkt-global-player-scraper
Marcus Tavernier,AFC Bournemouth,Attacking Midfield,27,England,25000000,EUR 25000000,https://www.transfermarkt.com/marcus-tavernier/profil/spieler/399434,apify-transfermarkt-global-player-scraper
Matai Akinmboni,AFC Bournemouth,Centre-Back,19,United States; Nigeria,1000000,EUR 1000000,https://www.transfermarkt.com/matai-akinmboni/profil/spieler/994604,apify-transfermarkt-global-player-scraper
Max Aarons,AFC Bournemouth,Right-Back,26,England; Jamaica,2500000,EUR 2500000,https://www.transfermarkt.com/max-aarons/profil/spieler/471690,apify-transfermarkt-global-player-scraper
Rayan Vitor Simplício Rocha,AFC Bournemouth,Right Winger,19,Brazil,60000000,EUR 60000000,https://www.transfermarkt.com/rayan/profil/spieler/1012564,apify-transfermarkt-global-player-scraper
Ryan Christie,AFC Bournemouth,Central Midfield,31,Scotland,8000000,EUR 8000000,https://www.transfermarkt.com/ryan-christie/profil/spieler/188077,apify-transfermarkt-global-player-scraper
Tyler Adams,AFC Bournemouth,Defensive Midfield,27,United States,25000000,EUR 25000000,https://www.transfermarkt.com/tyler-adams/profil/spieler/332705,apify-transfermarkt-global-player-scraper
Veljko Milosavljevic,AFC Bournemouth,Centre-Back,19,Serbia,20000000,EUR 20000000,https://www.transfermarkt.com/veljko-milosavljevic/profil/spieler/989112,apify-transfermarkt-global-player-scraper
Will Dennis,AFC Bournemouth,Goalkeeper,25,England,325000,EUR 325000,https://www.transfermarkt.com/will-dennis/profil/spieler/582078,apify-transfermarkt-global-player-scraper
Ben White,Arsenal FC,Right-Back,28,England,30000000,EUR 30000000,https://www.transfermarkt.com/ben-white/profil/spieler/335721,apify-transfermarkt-global-player-scraper
Bukayo Saka,Arsenal FC,Right Winger,24,England; Nigeria,110000000,EUR 110000000,https://www.transfermarkt.com/bukayo-saka/profil/spieler/433177,apify-transfermarkt-global-player-scraper
Christian Nørgaard,Arsenal FC,Defensive Midfield,32,Denmark,5000000,EUR 5000000,https://www.transfermarkt.com/christian-noergaard/profil/spieler/148367,apify-transfermarkt-global-player-scraper
Cristhian Mosquera,Arsenal FC,Centre-Back,22,Spain; Colombia,40000000,EUR 40000000,https://www.transfermarkt.com/cristhian-mosquera/profil/spieler/646750,apify-transfermarkt-global-player-scraper
David Raya,Arsenal FC,Goalkeeper,30,Spain,30000000,EUR 30000000,https://www.transfermarkt.com/david-raya/profil/spieler/262749,apify-transfermarkt-global-player-scraper
Declan Rice,Arsenal FC,Central Midfield,27,England; Ireland,120000000,EUR 120000000,https://www.transfermarkt.com/declan-rice/profil/spieler/357662,apify-transfermarkt-global-player-scraper
Eberechi Eze,Arsenal FC,Attacking Midfield,28,England; Nigeria,65000000,EUR 65000000,https://www.transfermarkt.com/eberechi-eze/profil/spieler/479999,apify-transfermarkt-global-player-scraper
Ethan Nwaneri,Arsenal FC,Attacking Midfield,19,England; Nigeria,35000000,EUR 35000000,https://www.transfermarkt.com/ethan-nwaneri/profil/spieler/890719,apify-transfermarkt-global-player-scraper
Fábio Vieira,Arsenal FC,Attacking Midfield,26,Portugal,18000000,EUR 18000000,https://www.transfermarkt.com/fabio-vieira/profil/spieler/537598,apify-transfermarkt-global-player-scraper
Gabriel Jesus,Arsenal FC,Centre-Forward,29,Brazil,17000000,EUR 17000000,https://www.transfermarkt.com/gabriel-jesus/profil/spieler/363205,apify-transfermarkt-global-player-scraper
Gabriel Magalhães,Arsenal FC,Centre-Back,28,Brazil,75000000,EUR 75000000,https://www.transfermarkt.com/gabriel/profil/spieler/435338,apify-transfermarkt-global-player-scraper
Gabriel Martinelli,Arsenal FC,Left Winger,25,Brazil; Italy,45000000,EUR 45000000,https://www.transfermarkt.com/gabriel-martinelli/profil/spieler/655488,apify-transfermarkt-global-player-scraper
Jurriën Timber,Arsenal FC,Right-Back,25,Netherlands; Curacao,70000000,EUR 70000000,https://www.transfermarkt.com/jurrien-timber/profil/spieler/420243,apify-transfermarkt-global-player-scraper
Kai Havertz,Arsenal FC,Centre-Forward,27,Germany,55000000,EUR 55000000,https://www.transfermarkt.com/kai-havertz/profil/spieler/309400,apify-transfermarkt-global-player-scraper
Kepa Arrizabalaga,Arsenal FC,Goalkeeper,31,Spain,5000000,EUR 5000000,https://www.transfermarkt.com/kepa-arrizabalaga/profil/spieler/192279,apify-transfermarkt-global-player-scraper
Leandro Trossard,Arsenal FC,Left Winger,31,Belgium,18000000,EUR 18000000,https://www.transfermarkt.com/leandro-trossard/profil/spieler/144028,apify-transfermarkt-global-player-scraper
Martin Ødegaard,Arsenal FC,Attacking Midfield,27,Norway,65000000,EUR 65000000,https://www.transfermarkt.com/martin-oedegaard/profil/spieler/316264,apify-transfermarkt-global-player-scraper
Martín Zubimendi,Arsenal FC,Defensive Midfield,27,Spain,75000000,EUR 75000000,https://www.transfermarkt.com/martin-zubimendi/profil/spieler/423440,apify-transfermarkt-global-player-scraper
Max Dowman,Arsenal FC,Right Winger,16,England,30000000,EUR 30000000,https://www.transfermarkt.com/max-dowman/profil/spieler/1187629,apify-transfermarkt-global-player-scraper
Mikel Merino,Arsenal FC,Central Midfield,30,Spain,25000000,EUR 25000000,https://www.transfermarkt.com/mikel-merino/profil/spieler/338424,apify-transfermarkt-global-player-scraper
Myles Lewis-Skelly,Arsenal FC,Central Midfield,19,England; Barbados,45000000,EUR 45000000,https://www.transfermarkt.com/myles-lewis-skelly/profil/spieler/890721,apify-transfermarkt-global-player-scraper
Noni Madueke,Arsenal FC,Right Winger,24,England; Nigeria,50000000,EUR 50000000,https://www.transfermarkt.com/noni-madueke/profil/spieler/503987,apify-transfermarkt-global-player-scraper
Piero Hincapié,Arsenal FC,Centre-Back,24,Ecuador,50000000,EUR 50000000,https://www.transfermarkt.com/piero-hincapie/profil/spieler/659813,apify-transfermarkt-global-player-scraper
Reiss Nelson,Arsenal FC,Left Winger,26,England; Jamaica,8000000,EUR 8000000,https://www.transfermarkt.com/reiss-nelson/profil/spieler/340325,apify-transfermarkt-global-player-scraper
Riccardo Calafiori,Arsenal FC,Left-Back,24,Italy,55000000,EUR 55000000,https://www.transfermarkt.com/riccardo-calafiori/profil/spieler/502821,apify-transfermarkt-global-player-scraper
Viktor Gyökeres,Arsenal FC,Centre-Forward,28,Sweden; Hungary,65000000,EUR 65000000,https://www.transfermarkt.com/viktor-gyoekeres/profil/spieler/325443,apify-transfermarkt-global-player-scraper
William Saliba,Arsenal FC,Centre-Back,25,France; Cameroon,100000000,EUR 100000000,https://www.transfermarkt.com/william-saliba/profil/spieler/495666,apify-transfermarkt-global-player-scraper
Mathys Detourbet,AS Monaco,Left Winger,19,France,15000000,EUR 15000000,https://www.transfermarkt.com/mathys-detourbet/profil/spieler/1171981,apify-transfermarkt-global-player-scraper
Donyell Malen,AS Roma,Centre-Forward,27,Netherlands; Suriname,45000000,EUR 45000000,https://www.transfermarkt.com/donyell-malen/profil/spieler/326029,apify-transfermarkt-global-player-scraper
Alysson Edward Franco da Rocha,Aston Villa,Right Winger,20,Brazil,10000000,EUR 10000000,https://www.transfermarkt.com/alysson/profil/spieler/1005583,apify-transfermarkt-global-player-scraper
Amadou Onana,Aston Villa,Defensive Midfield,24,Belgium; Senegal,45000000,EUR 45000000,https://www.transfermarkt.com/amadou-onana/profil/spieler/485706,apify-transfermarkt-global-player-scraper
Andrés García,Aston Villa,Right-Back,23,Spain,6000000,EUR 6000000,https://www.transfermarkt.com/andres-garcia/profil/spieler/1063329,apify-transfermarkt-global-player-scraper
Boubacar Kamara,Aston Villa,Defensive Midfield,26,France; Senegal,40000000,EUR 40000000,https://www.transfermarkt.com/boubacar-kamara/profil/spieler/394327,apify-transfermarkt-global-player-scraper
Emiliano Buendía,Aston Villa,Left Winger,29,Argentina; Spain,16000000,EUR 16000000,https://www.transfermarkt.com/emiliano-buendia/profil/spieler/321247,apify-transfermarkt-global-player-scraper
Emiliano Martínez,Aston Villa,Goalkeeper,33,Argentina; Spain,12000000,EUR 12000000,https://www.transfermarkt.com/emiliano-martinez/profil/spieler/111873,apify-transfermarkt-global-player-scraper
Evann Guessand,Aston Villa,Right Winger,25,Cote d'Ivoire; France,25000000,EUR 25000000,https://www.transfermarkt.com/evann-guessand/profil/spieler/500689,apify-transfermarkt-global-player-scraper
Ezri Konsa,Aston Villa,Centre-Back,28,England; DR Congo,40000000,EUR 40000000,https://www.transfermarkt.com/ezri-konsa/profil/spieler/413403,apify-transfermarkt-global-player-scraper
Ian Maatsen,Aston Villa,Left-Back,24,Netherlands; Suriname,30000000,EUR 30000000,https://www.transfermarkt.com/ian-maatsen/profil/spieler/485585,apify-transfermarkt-global-player-scraper
Joe Gauci,Aston Villa,Goalkeeper,26,Australia; New Zealand,1200000,EUR 1200000,https://www.transfermarkt.com/joe-gauci/profil/spieler/591844,apify-transfermarkt-global-player-scraper
John McGinn,Aston Villa,Central Midfield,31,Scotland,13000000,EUR 13000000,https://www.transfermarkt.com/john-mcginn/profil/spieler/193116,apify-transfermarkt-global-player-scraper
Kosta Nedeljkovic,Aston Villa,Right-Back,20,Serbia,6000000,EUR 6000000,https://www.transfermarkt.com/kosta-nedeljkovic/profil/spieler/848682,apify-transfermarkt-global-player-scraper
Lamare Bogarde,Aston Villa,Defensive Midfield,22,Netherlands; Suriname,18000000,EUR 18000000,https://www.transfermarkt.com/lamare-bogarde/profil/spieler/645686,apify-transfermarkt-global-player-scraper
Leon Bailey,Aston Villa,Right Winger,28,Jamaica,14000000,EUR 14000000,https://www.transfermarkt.com/leon-bailey/profil/spieler/387626,apify-transfermarkt-global-player-scraper
Lewis Dobbin,Aston Villa,Left Winger,23,England,7000000,EUR 7000000,https://www.transfermarkt.com/lewis-dobbin/profil/spieler/627248,apify-transfermarkt-global-player-scraper
Lucas Digne,Aston Villa,Left-Back,32,France,6000000,EUR 6000000,https://www.transfermarkt.com/lucas-digne/profil/spieler/126664,apify-transfermarkt-global-player-scraper
Marco Bizot,Aston Villa,Goalkeeper,35,Netherlands,1500000,EUR 1500000,https://www.transfermarkt.com/marco-bizot/profil/spieler/124884,apify-transfermarkt-global-player-scraper
Matty Cash,Aston Villa,Right-Back,28,Poland; England,22000000,EUR 22000000,https://www.transfermarkt.com/matty-cash/profil/spieler/425334,apify-transfermarkt-global-player-scraper
Modou Kéba Cissé,Aston Villa,Centre-Back,20,Senegal,6000000,EUR 6000000,https://www.transfermarkt.com/modou-keba-cisse/profil/spieler/1282860,apify-transfermarkt-global-player-scraper
Morgan Rogers,Aston Villa,Attacking Midfield,23,England,90000000,EUR 90000000,https://www.transfermarkt.com/morgan-rogers/profil/spieler/503743,apify-transfermarkt-global-player-scraper
Oliwier Zych,Aston Villa,Goalkeeper,22,Poland,2000000,EUR 2000000,https://www.transfermarkt.com/oliwier-zych/profil/spieler/555074,apify-transfermarkt-global-player-scraper
Ollie Watkins,Aston Villa,Centre-Forward,30,England,25000000,EUR 25000000,https://www.transfermarkt.com/ollie-watkins/profil/spieler/324358,apify-transfermarkt-global-player-scraper
Pau Torres,Aston Villa,Centre-Back,29,Spain,20000000,EUR 20000000,https://www.transfermarkt.com/pau-torres/profil/spieler/399776,apify-transfermarkt-global-player-scraper
Ross Barkley,Aston Villa,Central Midfield,32,England,4000000,EUR 4000000,https://www.transfermarkt.com/ross-barkley/profil/spieler/131978,apify-transfermarkt-global-player-scraper
Samuel Iling-Junior,Aston Villa,Left Midfield,22,England; DR Congo,6500000,EUR 6500000,https://www.transfermarkt.com/samuel-iling-junior/profil/spieler/581672,apify-transfermarkt-global-player-scraper
Tammy Abraham,Aston Villa,Centre-Forward,28,England; Nigeria,18000000,EUR 18000000,https://www.transfermarkt.com/tammy-abraham/profil/spieler/331726,apify-transfermarkt-global-player-scraper
Tyrone Mings,Aston Villa,Centre-Back,33,England,3000000,EUR 3000000,https://www.transfermarkt.com/tyrone-mings/profil/spieler/253677,apify-transfermarkt-global-player-scraper
Victor Lindelöf,Aston Villa,Centre-Back,31,Sweden,5000000,EUR 5000000,https://www.transfermarkt.com/victor-lindeloef/profil/spieler/184573,apify-transfermarkt-global-player-scraper
Youri Tielemans,Aston Villa,Central Midfield,29,Belgium; DR Congo,30000000,EUR 30000000,https://www.transfermarkt.com/youri-tielemans/profil/spieler/249565,apify-transfermarkt-global-player-scraper
Harry Vaughan,Bohemian Football Club,Attacking Midfield,22,Ireland; England,400000,EUR 400000,https://www.transfermarkt.com/harry-vaughan/profil/spieler/867909,apify-transfermarkt-global-player-scraper
Akin Famewo,Bolton Wanderers,Centre-Back,27,England; Nigeria,800000,EUR 800000,https://www.transfermarkt.com/akin-famewo/profil/spieler/425713,apify-transfermarkt-global-player-scraper
Aaron Hickey,Brentford FC,Right-Back,24,Scotland,16000000,EUR 16000000,https://www.transfermarkt.com/aaron-hickey/profil/spieler/591949,apify-transfermarkt-global-player-scraper
Antoni Milambo,Brentford FC,Attacking Midfield,21,Netherlands; DR Congo,15000000,EUR 15000000,https://www.transfermarkt.com/antoni-milambo/profil/spieler/683620,apify-transfermarkt-global-player-scraper
Benjamin Arthur,Brentford FC,Centre-Back,20,England,100000,EUR 100000,https://www.transfermarkt.com/benjamin-arthur/profil/spieler/1144158,apify-transfermarkt-global-player-scraper
Caoimhín Kelleher,Brentford FC,Goalkeeper,27,Ireland,28000000,EUR 28000000,https://www.transfermarkt.com/caoimhin-kelleher/profil/spieler/340918,apify-transfermarkt-global-player-scraper
Dango Ouattara,Brentford FC,Right Winger,24,Burkina Faso,35000000,EUR 35000000,https://www.transfermarkt.com/dango-ouattara/profil/spieler/823231,apify-transfermarkt-global-player-scraper
Ellery Balcombe,Brentford FC,Goalkeeper,26,England; St. Vincent & Grenadinen,400000,EUR 400000,https://www.transfermarkt.com/ellery-balcombe/profil/spieler/456292,apify-transfermarkt-global-player-scraper
Ethan Pinnock,Brentford FC,Centre-Back,33,Jamaica; England,3000000,EUR 3000000,https://www.transfermarkt.com/ethan-pinnock/profil/spieler/442248,apify-transfermarkt-global-player-scraper
Fábio Carvalho,Brentford FC,Attacking Midfield,23,Portugal,8000000,EUR 8000000,https://www.transfermarkt.com/fabio-carvalho/profil/spieler/559263,apify-transfermarkt-global-player-scraper
Gustavo Nunes,Brentford FC,Left Winger,20,Brazil,8000000,EUR 8000000,https://www.transfermarkt.com/gustavo-nunes/profil/spieler/1086375,apify-transfermarkt-global-player-scraper
Hákon Valdimarsson,Brentford FC,Goalkeeper,24,Iceland,2500000,EUR 2500000,https://www.transfermarkt.com/hakon-valdimarsson/profil/spieler/488935,apify-transfermarkt-global-player-scraper
Igor Thiago Nascimento Rodrigues,Brentford FC,Centre-Forward,25,Brazil; Bulgaria,65000000,EUR 65000000,https://www.transfermarkt.com/igor-thiago/profil/spieler/739443,apify-transfermarkt-global-player-scraper
Jannik Schuster,Brentford FC,Centre-Back,20,Austria,18000000,EUR 18000000,https://www.transfermarkt.com/jannik-schuster/profil/spieler/915418,apify-transfermarkt-global-player-scraper
Jayden Meghoma,Brentford FC,Left-Back,20,England; Nigeria,2000000,EUR 2000000,https://www.transfermarkt.com/jayden-meghoma/profil/spieler/954104,apify-transfermarkt-global-player-scraper
Ji-soo Kim,Brentford FC,Centre-Back,21,"Korea, South",1800000,EUR 1800000,https://www.transfermarkt.com/ji-soo-kim/profil/spieler/709767,apify-transfermarkt-global-player-scraper
Jordan Henderson,Brentford FC,Defensive Midfield,36,England,1200000,EUR 1200000,https://www.transfermarkt.com/jordan-henderson/profil/spieler/61651,apify-transfermarkt-global-player-scraper
Josh Dasilva,Brentford FC,Central Midfield,27,England; Angola,1500000,EUR 1500000,https://www.transfermarkt.com/josh-dasilva/profil/spieler/340321,apify-transfermarkt-global-player-scraper
Kaye Furo,Brentford FC,Centre-Forward,19,Belgium; Nigeria,8000000,EUR 8000000,https://www.transfermarkt.com/kaye-furo/profil/spieler/1011936,apify-transfermarkt-global-player-scraper
Keane Lewis-Potter,Brentford FC,Left Midfield,25,England,25000000,EUR 25000000,https://www.transfermarkt.com/keane-lewis-potter/profil/spieler/644401,apify-transfermarkt-global-player-scraper
Kevin Schade,Brentford FC,Left Winger,24,Germany; Nigeria,35000000,EUR 35000000,https://www.transfermarkt.com/kevin-schade/profil/spieler/473050,apify-transfermarkt-global-player-scraper
Kristoffer Ajer,Brentford FC,Centre-Back,28,Norway,18000000,EUR 18000000,https://www.transfermarkt.com/kristoffer-ajer/profil/spieler/328658,apify-transfermarkt-global-player-scraper
Mathias Jensen,Brentford FC,Central Midfield,30,Denmark,10000000,EUR 10000000,https://www.transfermarkt.com/mathias-jensen/profil/spieler/319859,apify-transfermarkt-global-player-scraper
Matthew Cox,Brentford FC,Goalkeeper,23,England,700000,EUR 700000,https://www.transfermarkt.com/matthew-cox/profil/spieler/741236,apify-transfermarkt-global-player-scraper
Michael Kayode,Brentford FC,Right-Back,21,Italy; Nigeria,40000000,EUR 40000000,https://www.transfermarkt.com/michael-kayode/profil/spieler/823486,apify-transfermarkt-global-player-scraper
Mikkel Damsgaard,Brentford FC,Attacking Midfield,26,Denmark,30000000,EUR 30000000,https://www.transfermarkt.com/mikkel-damsgaard/profil/spieler/540941,apify-transfermarkt-global-player-scraper
Nathan Collins,Brentford FC,Centre-Back,25,Ireland,30000000,EUR 30000000,https://www.transfermarkt.com/nathan-collins/profil/spieler/469050,apify-transfermarkt-global-player-scraper
Rico Henry,Brentford FC,Left-Back,28,Jamaica; England,13000000,EUR 13000000,https://www.transfermarkt.com/rico-henry/profil/spieler/339556,apify-transfermarkt-global-player-scraper
Romelle Donovan,Brentford FC,Right Winger,19,England; St. Kitts & Nevis,3500000,EUR 3500000,https://www.transfermarkt.com/romelle-donovan/profil/spieler/1091562,apify-transfermarkt-global-player-scraper
Sepp van den Berg,Brentford FC,Centre-Back,24,Netherlands,32000000,EUR 32000000,https://www.transfermarkt.com/sepp-van-den-berg/profil/spieler/541231,apify-transfermarkt-global-player-scraper
Vitaly Janelt,Brentford FC,Defensive Midfield,28,Germany; Bosnia-Herzegovina,16000000,EUR 16000000,https://www.transfermarkt.com/vitaly-janelt/profil/spieler/270171,apify-transfermarkt-global-player-scraper
Yegor Yarmolyuk,Brentford FC,Central Midfield,22,Ukraine,32000000,EUR 32000000,https://www.transfermarkt.com/yegor-yarmolyuk/profil/spieler/717411,apify-transfermarkt-global-player-scraper
Yunus Konak,Brentford FC,Defensive Midfield,20,Türkiye,3500000,EUR 3500000,https://www.transfermarkt.com/yunus-konak/profil/spieler/1141628,apify-transfermarkt-global-player-scraper
Amario Cozier-Duberry,Brighton & Hove Albion,Right Winger,21,England; Montserrat,5000000,EUR 5000000,https://www.transfermarkt.com/amario-cozier-duberry/profil/spieler/878150,apify-transfermarkt-global-player-scraper
Bart Verbruggen,Brighton & Hove Albion,Goalkeeper,23,Netherlands,40000000,EUR 40000000,https://www.transfermarkt.com/bart-verbruggen/profil/spieler/565093,apify-transfermarkt-global-player-scraper
Brajan Gruda,Brighton & Hove Albion,Attacking Midfield,22,Germany; Albania,28000000,EUR 28000000,https://www.transfermarkt.com/brajan-gruda/profil/spieler/700106,apify-transfermarkt-global-player-scraper
Carl Rushworth,Brighton & Hove Albion,Goalkeeper,25,England,16000000,EUR 16000000,https://www.transfermarkt.com/carl-rushworth/profil/spieler/646353,apify-transfermarkt-global-player-scraper
Carlos Baleba,Brighton & Hove Albion,Defensive Midfield,22,Cameroon,55000000,EUR 55000000,https://www.transfermarkt.com/carlos-baleba/profil/spieler/973085,apify-transfermarkt-global-player-scraper
Charalampos Kostoulas,Brighton & Hove Albion,Centre-Forward,19,Greece,25000000,EUR 25000000,https://www.transfermarkt.com/charalampos-kostoulas/profil/spieler/1060087,apify-transfermarkt-global-player-scraper
Danny Welbeck,Brighton & Hove Albion,Centre-Forward,35,England; Ghana,3000000,EUR 3000000,https://www.transfermarkt.com/danny-welbeck/profil/spieler/67063,apify-transfermarkt-global-player-scraper
Diego Coppola,Brighton & Hove Albion,Centre-Back,22,Italy; Netherlands,18000000,EUR 18000000,https://www.transfermarkt.com/diego-coppola/profil/spieler/660860,apify-transfermarkt-global-player-scraper
Diego Gómez,Brighton & Hove Albion,Central Midfield,23,Paraguay,25000000,EUR 25000000,https://www.transfermarkt.com/diego-gomez/profil/spieler/996897,apify-transfermarkt-global-player-scraper
Do-young Yoon,Brighton & Hove Albion,Right Winger,19,"Korea, South",700000,EUR 700000,https://www.transfermarkt.com/do-young-yoon/profil/spieler/1015959,apify-transfermarkt-global-player-scraper
Eiran Cashin,Brighton & Hove Albion,Centre-Back,24,Ireland; England,5000000,EUR 5000000,https://www.transfermarkt.com/eiran-cashin/profil/spieler/581330,apify-transfermarkt-global-player-scraper
Evan Ferguson,Brighton & Hove Albion,Centre-Forward,21,Ireland; England,20000000,EUR 20000000,https://www.transfermarkt.com/evan-ferguson/profil/spieler/648046,apify-transfermarkt-global-player-scraper
Facundo Buonanotte,Brighton & Hove Albion,Attacking Midfield,21,Argentina; Italy,12000000,EUR 12000000,https://www.transfermarkt.com/facundo-buonanotte/profil/spieler/983989,apify-transfermarkt-global-player-scraper
Ferdi Kadıoğlu,Brighton & Hove Albion,Left-Back,26,Türkiye; Netherlands,35000000,EUR 35000000,https://www.transfermarkt.com/ferdi-kadioglu/profil/spieler/369316,apify-transfermarkt-global-player-scraper
Georginio Rutter,Brighton & Hove Albion,Centre-Forward,24,France; Martinique,30000000,EUR 30000000,https://www.transfermarkt.com/georginio-rutter/profil/spieler/538977,apify-transfermarkt-global-player-scraper
Ibrahim Osman,Brighton & Hove Albion,Left Winger,21,Ghana,7000000,EUR 7000000,https://www.transfermarkt.com/ibrahim-osman/profil/spieler/1110406,apify-transfermarkt-global-player-scraper
Igor Julio dos Santos de Paulo,Brighton & Hove Albion,Centre-Back,28,Brazil,10000000,EUR 10000000,https://www.transfermarkt.com/igor-julio/profil/spieler/380350,apify-transfermarkt-global-player-scraper
Jack Hinshelwood,Brighton & Hove Albion,Defensive Midfield,21,England,28000000,EUR 28000000,https://www.transfermarkt.com/jack-hinshelwood/profil/spieler/867688,apify-transfermarkt-global-player-scraper
James Beadle,Brighton & Hove Albion,Goalkeeper,21,England,6000000,EUR 6000000,https://www.transfermarkt.com/james-beadle/profil/spieler/670860,apify-transfermarkt-global-player-scraper
Jason Steele,Brighton & Hove Albion,Goalkeeper,35,England; Scotland,500000,EUR 500000,https://www.transfermarkt.com/jason-steele/profil/spieler/73564,apify-transfermarkt-global-player-scraper
João Pedro Loureiro da Costa,Brighton & Hove Albion,Right-Back,26,Portugal,7000000,EUR 7000000,https://www.transfermarkt.com/costinha/profil/spieler/539252,apify-transfermarkt-global-player-scraper
Kaoru Mitoma,Brighton & Hove Albion,Left Winger,29,Japan,22000000,EUR 22000000,https://www.transfermarkt.com/kaoru-mitoma/profil/spieler/504849,apify-transfermarkt-global-player-scraper
Lewis Dunk,Brighton & Hove Albion,Centre-Back,34,England,3500000,EUR 3500000,https://www.transfermarkt.com/lewis-dunk/profil/spieler/148153,apify-transfermarkt-global-player-scraper
Malick Yalcouyé,Brighton & Hove Albion,Central Midfield,20,Cote d'Ivoire; Mali,12000000,EUR 12000000,https://www.transfermarkt.com/malick-yalcouye/profil/spieler/1178758,apify-transfermarkt-global-player-scraper
Mats Wieffer,Brighton & Hove Albion,Right-Back,26,Netherlands,25000000,EUR 25000000,https://www.transfermarkt.com/mats-wieffer/profil/spieler/415381,apify-transfermarkt-global-player-scraper
Matt O'Riley,Brighton & Hove Albion,Central Midfield,25,Denmark; England,18000000,EUR 18000000,https://www.transfermarkt.com/matt-o-riley/profil/spieler/406634,apify-transfermarkt-global-player-scraper
Maxim De Cuyper,Brighton & Hove Albion,Left-Back,25,Belgium,22000000,EUR 22000000,https://www.transfermarkt.com/maxim-de-cuyper/profil/spieler/429915,apify-transfermarkt-global-player-scraper
Michael Svoboda,Brighton & Hove Albion,Centre-Back,27,Austria,3500000,EUR 3500000,https://www.transfermarkt.com/michael-svoboda/profil/spieler/438961,apify-transfermarkt-global-player-scraper
Olivier Boscagli,Brighton & Hove Albion,Centre-Back,28,France; Monaco,15000000,EUR 15000000,https://www.transfermarkt.com/olivier-boscagli/profil/spieler/318508,apify-transfermarkt-global-player-scraper
Pascal Groß,Brighton & Hove Albion,Central Midfield,35,Germany,2500000,EUR 2500000,https://www.transfermarkt.com/pascal-gross/profil/spieler/82873,apify-transfermarkt-global-player-scraper
Pascal Struijk,Brighton & Hove Albion,Centre-Back,26,Netherlands; Belgium,22000000,EUR 22000000,https://www.transfermarkt.com/pascal-struijk/profil/spieler/410708,apify-transfermarkt-global-player-scraper
Rodrigo Rêgo,Brighton & Hove Albion,Right Winger,21,Portugal,1500000,EUR 1500000,https://www.transfermarkt.com/rodrigo-rego/profil/spieler/984544,apify-transfermarkt-global-player-scraper
Stefanos Tzimas,Brighton & Hove Albion,Centre-Forward,20,Greece,18000000,EUR 18000000,https://www.transfermarkt.com/stefanos-tzimas/profil/spieler/950091,apify-transfermarkt-global-player-scraper
Tom McGill,Brighton & Hove Albion,Goalkeeper,26,Canada; England,500000,EUR 500000,https://www.transfermarkt.com/tom-mcgill/profil/spieler/406556,apify-transfermarkt-global-player-scraper
Tom Watson,Brighton & Hove Albion,Left Winger,20,England,7000000,EUR 7000000,https://www.transfermarkt.com/tom-watson/profil/spieler/933018,apify-transfermarkt-global-player-scraper
Yankuba Minteh,Brighton & Hove Albion,Right Winger,21,The Gambia,45000000,EUR 45000000,https://www.transfermarkt.com/yankuba-minteh/profil/spieler/1012534,apify-transfermarkt-global-player-scraper
Yasin Ayari,Brighton & Hove Albion,Central Midfield,22,Sweden; Tunisia,35000000,EUR 35000000,https://www.transfermarkt.com/yasin-ayari/profil/spieler/667287,apify-transfermarkt-global-player-scraper
Zadok Yohanna,Brighton & Hove Albion,Right Winger,19,Nigeria,18000000,EUR 18000000,https://www.transfermarkt.com/zadok-yohanna/profil/spieler/1421433,apify-transfermarkt-global-player-scraper
Aarón Anselmino,Chelsea FC,Centre-Back,21,Argentina,10000000,EUR 10000000,https://www.transfermarkt.com/aaron-anselmino/profil/spieler/1145504,apify-transfermarkt-global-player-scraper
Alejandro Garnacho,Chelsea FC,Left Winger,22,Argentina; Spain,28000000,EUR 28000000,https://www.transfermarkt.com/alejandro-garnacho/profil/spieler/811779,apify-transfermarkt-global-player-scraper
Andrey Santos,Chelsea FC,Central Midfield,22,Brazil,40000000,EUR 40000000,https://www.transfermarkt.com/andrey-santos/profil/spieler/743600,apify-transfermarkt-global-player-scraper
Axel Disasi,Chelsea FC,Centre-Back,28,France; DR Congo,15000000,EUR 15000000,https://www.transfermarkt.com/axel-disasi/profil/spieler/386047,apify-transfermarkt-global-player-scraper
Benoît Badiashile,Chelsea FC,Centre-Back,25,France; DR Congo,15000000,EUR 15000000,https://www.transfermarkt.com/benoit-badiashile/profil/spieler/463603,apify-transfermarkt-global-player-scraper
Caleb Wiley,Chelsea FC,Left-Back,21,United States,8000000,EUR 8000000,https://www.transfermarkt.com/caleb-wiley/profil/spieler/746833,apify-transfermarkt-global-player-scraper
Cole Palmer,Chelsea FC,Attacking Midfield,24,England; St. Kitts & Nevis,100000000,EUR 100000000,https://www.transfermarkt.com/cole-palmer/profil/spieler/568177,apify-transfermarkt-global-player-scraper
Dário Essugo,Chelsea FC,Defensive Midfield,21,Portugal; Angola,15000000,EUR 15000000,https://www.transfermarkt.com/dario-essugo/profil/spieler/670717,apify-transfermarkt-global-player-scraper
David Datro Fofana,Chelsea FC,Centre-Forward,23,Cote d'Ivoire,4000000,EUR 4000000,https://www.transfermarkt.com/david-datro-fofana/profil/spieler/787232,apify-transfermarkt-global-player-scraper
Emmanuel Emegha,Chelsea FC,Centre-Forward,23,Netherlands; Nigeria,25000000,EUR 25000000,https://www.transfermarkt.com/emmanuel-emegha/profil/spieler/559328,apify-transfermarkt-global-player-scraper
Enzo Fernández,Chelsea FC,Central Midfield,25,Argentina,90000000,EUR 90000000,https://www.transfermarkt.com/enzo-fernandez/profil/spieler/648195,apify-transfermarkt-global-player-scraper
Estêvão Willian Almeida de Oliveira Gonçalves,Chelsea FC,Right Winger,19,Brazil,80000000,EUR 80000000,https://www.transfermarkt.com/estevao/profil/spieler/1056993,apify-transfermarkt-global-player-scraper
Filip Jørgensen,Chelsea FC,Goalkeeper,24,Denmark; Sweden,15000000,EUR 15000000,https://www.transfermarkt.com/filip-joergensen/profil/spieler/585323,apify-transfermarkt-global-player-scraper
Gabriel Slonina,Chelsea FC,Goalkeeper,22,United States; Poland,3000000,EUR 3000000,https://www.transfermarkt.com/gabriel-slonina/profil/spieler/656316,apify-transfermarkt-global-player-scraper
Geovany Quenda,Chelsea FC,Right Winger,19,Portugal; Guinea-Bissau,42000000,EUR 42000000,https://www.transfermarkt.com/geovany-quenda/profil/spieler/1138758,apify-transfermarkt-global-player-scraper
Jamie Gittens,Chelsea FC,Left Winger,21,England; Barbados,30000000,EUR 30000000,https://www.transfermarkt.com/jamie-gittens/profil/spieler/670882,apify-transfermarkt-global-player-scraper
João Pedro Junqueira de Jesus,Chelsea FC,Centre-Forward,24,Brazil,80000000,EUR 80000000,https://www.transfermarkt.com/joao-pedro/profil/spieler/626724,apify-transfermarkt-global-player-scraper
Jorrel Hato,Chelsea FC,Left-Back,20,Netherlands; Curacao,40000000,EUR 40000000,https://www.transfermarkt.com/jorrel-hato/profil/spieler/904802,apify-transfermarkt-global-player-scraper
Josh Acheampong,Chelsea FC,Right-Back,20,England; Ghana,25000000,EUR 25000000,https://www.transfermarkt.com/josh-acheampong/profil/spieler/1004708,apify-transfermarkt-global-player-scraper
Levi Colwill,Chelsea FC,Centre-Back,23,England,50000000,EUR 50000000,https://www.transfermarkt.com/levi-colwill/profil/spieler/614258,apify-transfermarkt-global-player-scraper
Liam Delap,Chelsea FC,Centre-Forward,23,England; Ireland,28000000,EUR 28000000,https://www.transfermarkt.com/liam-delap/profil/spieler/610849,apify-transfermarkt-global-player-scraper
Malo Gusto,Chelsea FC,Right-Back,23,France; Martinique,35000000,EUR 35000000,https://www.transfermarkt.com/malo-gusto/profil/spieler/620322,apify-transfermarkt-global-player-scraper
Mamadou Sarr,Chelsea FC,Centre-Back,20,Senegal; France,22000000,EUR 22000000,https://www.transfermarkt.com/mamadou-sarr/profil/spieler/910905,apify-transfermarkt-global-player-scraper
Marc Guiu,Chelsea FC,Centre-Forward,20,Spain,12000000,EUR 12000000,https://www.transfermarkt.com/marc-guiu/profil/spieler/938158,apify-transfermarkt-global-player-scraper
Marco Palestra,Chelsea FC,Right-Back,21,Italy,35000000,EUR 35000000,https://www.transfermarkt.com/marco-palestra/profil/spieler/895937,apify-transfermarkt-global-player-scraper
Mike Penders,Chelsea FC,Goalkeeper,20,Belgium,25000000,EUR 25000000,https://www.transfermarkt.com/mike-penders/profil/spieler/834397,apify-transfermarkt-global-player-scraper
Moisés Caicedo,Chelsea FC,Defensive Midfield,24,Ecuador,100000000,EUR 100000000,https://www.transfermarkt.com/moises-caicedo/profil/spieler/687626,apify-transfermarkt-global-player-scraper
Nicolas Jackson,Chelsea FC,Centre-Forward,25,Senegal; The Gambia,40000000,EUR 40000000,https://www.transfermarkt.com/nicolas-jackson/profil/spieler/776890,apify-transfermarkt-global-player-scraper
Pedro Neto,Chelsea FC,Right Winger,26,Portugal,60000000,EUR 60000000,https://www.transfermarkt.com/pedro-neto/profil/spieler/487465,apify-transfermarkt-global-player-scraper
Reece James,Chelsea FC,Right-Back,26,England,60000000,EUR 60000000,https://www.transfermarkt.com/reece-james/profil/spieler/472423,apify-transfermarkt-global-player-scraper
Robert Sánchez,Chelsea FC,Goalkeeper,28,Spain; England,22000000,EUR 22000000,https://www.transfermarkt.com/robert-sanchez/profil/spieler/403151,apify-transfermarkt-global-player-scraper
Roméo Lavia,Chelsea FC,Defensive Midfield,22,Belgium; Ghana,22000000,EUR 22000000,https://www.transfermarkt.com/romeo-lavia/profil/spieler/628451,apify-transfermarkt-global-player-scraper
Teddy Sharman-Lowe,Chelsea FC,Goalkeeper,23,England,500000,EUR 500000,https://www.transfermarkt.com/teddy-sharman-lowe/profil/spieler/731466,apify-transfermarkt-global-player-scraper
Tosin Adarabioyo,Chelsea FC,Centre-Back,28,England; Nigeria,16000000,EUR 16000000,https://www.transfermarkt.com/tosin-adarabioyo/profil/spieler/258878,apify-transfermarkt-global-player-scraper
Trevoh Chalobah,Chelsea FC,Centre-Back,26,England; Sierra Leone,40000000,EUR 40000000,https://www.transfermarkt.com/trevoh-chalobah/profil/spieler/346314,apify-transfermarkt-global-player-scraper
Tyrique George,Chelsea FC,Left Winger,20,England; Nigeria,20000000,EUR 20000000,https://www.transfermarkt.com/tyrique-george/profil/spieler/936874,apify-transfermarkt-global-player-scraper
Wesley Fofana,Chelsea FC,Centre-Back,25,France; Cote d'Ivoire,28000000,EUR 28000000,https://www.transfermarkt.com/wesley-fofana/profil/spieler/475411,apify-transfermarkt-global-player-scraper
Ben Wilson,Coventry City,Goalkeeper,33,England,300000,EUR 300000,https://www.transfermarkt.com/ben-wilson/profil/spieler/121352,apify-transfermarkt-global-player-scraper
Bobby Thomas,Coventry City,Centre-Back,25,England,16000000,EUR 16000000,https://www.transfermarkt.com/bobby-thomas/profil/spieler/788283,apify-transfermarkt-global-player-scraper
Brandon Thomas-Asante,Coventry City,Centre-Forward,27,Ghana; England,16000000,EUR 16000000,https://www.transfermarkt.com/brandon-thomas-asante/profil/spieler/451747,apify-transfermarkt-global-player-scraper
Ellis Simms,Coventry City,Centre-Forward,25,England; Poland,12000000,EUR 12000000,https://www.transfermarkt.com/ellis-simms/profil/spieler/511550,apify-transfermarkt-global-player-scraper
Ephron Mason-Clark,Coventry City,Left Midfield,26,Jamaica; England,16000000,EUR 16000000,https://www.transfermarkt.com/ephron-mason-clark/profil/spieler/466637,apify-transfermarkt-global-player-scraper
Frank Onyeka,Coventry City,Central Midfield,28,Nigeria,8000000,EUR 8000000,https://www.transfermarkt.com/frank-onyeka/profil/spieler/421637,apify-transfermarkt-global-player-scraper
Haji Wright,Coventry City,Centre-Forward,28,United States; Liberia,16000000,EUR 16000000,https://www.transfermarkt.com/haji-wright/profil/spieler/315291,apify-transfermarkt-global-player-scraper
Jack Rudoni,Coventry City,Attacking Midfield,25,England; United States,20000000,EUR 20000000,https://www.transfermarkt.com/jack-rudoni/profil/spieler/662476,apify-transfermarkt-global-player-scraper
Jahnoah Markelo,Coventry City,Right Winger,23,Suriname; Netherlands,3500000,EUR 3500000,https://www.transfermarkt.com/jahnoah-markelo/profil/spieler/677382,apify-transfermarkt-global-player-scraper
Jake Bidwell,Coventry City,Left-Back,33,England,600000,EUR 600000,https://www.transfermarkt.com/jake-bidwell/profil/spieler/121250,apify-transfermarkt-global-player-scraper
Jay Dasilva,Coventry City,Left-Back,28,Wales; England,9000000,EUR 9000000,https://www.transfermarkt.com/jay-dasilva/profil/spieler/258915,apify-transfermarkt-global-player-scraper
Joel Latibeaudiere,Coventry City,Centre-Back,26,Jamaica; England,3000000,EUR 3000000,https://www.transfermarkt.com/joel-latibeaudiere/profil/spieler/412823,apify-transfermarkt-global-player-scraper
Josh Eccles,Coventry City,Central Midfield,26,England,9000000,EUR 9000000,https://www.transfermarkt.com/josh-eccles/profil/spieler/618903,apify-transfermarkt-global-player-scraper
Kai Andrews,Coventry City,Central Midfield,19,Wales; England,500000,EUR 500000,https://www.transfermarkt.com/kai-andrews/profil/spieler/965924,apify-transfermarkt-global-player-scraper
Kaine Kesler-Hayden,Coventry City,Right-Back,23,England,3000000,EUR 3000000,https://www.transfermarkt.com/kaine-kesler-hayden/profil/spieler/626888,apify-transfermarkt-global-player-scraper
Liam Kitching,Coventry City,Centre-Back,26,England; Ireland,14000000,EUR 14000000,https://www.transfermarkt.com/liam-kitching/profil/spieler/534701,apify-transfermarkt-global-player-scraper
Luke Woolfenden,Coventry City,Centre-Back,27,England,2000000,EUR 2000000,https://www.transfermarkt.com/luke-woolfenden/profil/spieler/527425,apify-transfermarkt-global-player-scraper
Matt Grimes,Coventry City,Defensive Midfield,30,England,5000000,EUR 5000000,https://www.transfermarkt.com/matt-grimes/profil/spieler/265471,apify-transfermarkt-global-player-scraper
Miguel Ángel Brau,Coventry City,Left-Back,24,Spain,1000000,EUR 1000000,https://www.transfermarkt.com/miguel-angel-brau/profil/spieler/713649,apify-transfermarkt-global-player-scraper
Milan van Ewijk,Coventry City,Right-Back,25,Netherlands; Suriname,22000000,EUR 22000000,https://www.transfermarkt.com/milan-van-ewijk/profil/spieler/587335,apify-transfermarkt-global-player-scraper
Norman Bassette,Coventry City,Centre-Forward,21,Belgium,1500000,EUR 1500000,https://www.transfermarkt.com/norman-bassette/profil/spieler/802997,apify-transfermarkt-global-player-scraper
Oliver Dovin,Coventry City,Goalkeeper,23,Sweden; England,2000000,EUR 2000000,https://www.transfermarkt.com/oliver-dovin/profil/spieler/527329,apify-transfermarkt-global-player-scraper
Raphael Borges Rodrigues,Coventry City,Left Winger,22,Australia; Brazil,450000,EUR 450000,https://www.transfermarkt.com/raphael-borges-rodrigues/profil/spieler/704398,apify-transfermarkt-global-player-scraper
Tatsuhiro Sakamoto,Coventry City,Right Winger,29,Japan,4500000,EUR 4500000,https://www.transfermarkt.com/tatsuhiro-sakamoto/profil/spieler/617408,apify-transfermarkt-global-player-scraper
Victor Torp,Coventry City,Central Midfield,26,Denmark,14000000,EUR 14000000,https://www.transfermarkt.com/victor-torp/profil/spieler/403692,apify-transfermarkt-global-player-scraper
Luis Sinisterra,Cruzeiro Esporte Clube,Left Winger,27,Colombia,11000000,EUR 11000000,https://www.transfermarkt.com/luis-sinisterra/profil/spieler/512385,apify-transfermarkt-global-player-scraper
Adam Wharton,Crystal Palace,Defensive Midfield,22,England,70000000,EUR 70000000,https://www.transfermarkt.com/adam-wharton/profil/spieler/744149,apify-transfermarkt-global-player-scraper
Borna Sosa,Crystal Palace,Left-Back,28,Croatia; Germany,3000000,EUR 3000000,https://www.transfermarkt.com/borna-sosa/profil/spieler/293194,apify-transfermarkt-global-player-scraper
Brennan Johnson,Crystal Palace,Right Winger,25,Wales; England,30000000,EUR 30000000,https://www.transfermarkt.com/brennan-johnson/profil/spieler/470607,apify-transfermarkt-global-player-scraper
Caleb Kporha,Crystal Palace,Right-Back,19,England; Ghana,1000000,EUR 1000000,https://www.transfermarkt.com/caleb-kporha/profil/spieler/1047261,apify-transfermarkt-global-player-scraper
Chadi Riad,Crystal Palace,Centre-Back,23,Morocco; Spain,15000000,EUR 15000000,https://www.transfermarkt.com/chadi-riad/profil/spieler/689637,apify-transfermarkt-global-player-scraper
Cheick Doucouré,Crystal Palace,Defensive Midfield,26,Mali,10000000,EUR 10000000,https://www.transfermarkt.com/cheick-doucoure/profil/spieler/543387,apify-transfermarkt-global-player-scraper
Chris Richards,Crystal Palace,Centre-Back,26,United States,28000000,EUR 28000000,https://www.transfermarkt.com/chris-richards/profil/spieler/578539,apify-transfermarkt-global-player-scraper
Daniel Muñoz,Crystal Palace,Right-Back,30,Colombia,22000000,EUR 22000000,https://www.transfermarkt.com/daniel-munoz/profil/spieler/493003,apify-transfermarkt-global-player-scraper
David Ozoh,Crystal Palace,Defensive Midfield,21,England; Spain,2200000,EUR 2200000,https://www.transfermarkt.com/david-ozoh/profil/spieler/865993,apify-transfermarkt-global-player-scraper
Dean Henderson,Crystal Palace,Goalkeeper,29,England,28000000,EUR 28000000,https://www.transfermarkt.com/dean-henderson/profil/spieler/258919,apify-transfermarkt-global-player-scraper
Eddie Nketiah,Crystal Palace,Centre-Forward,27,England; Ghana,10000000,EUR 10000000,https://www.transfermarkt.com/eddie-nketiah/profil/spieler/340324,apify-transfermarkt-global-player-scraper
Ismaïla Sarr,Crystal Palace,Right Winger,28,Senegal,40000000,EUR 40000000,https://www.transfermarkt.com/ismaila-sarr/profil/spieler/410225,apify-transfermarkt-global-player-scraper
Jaydee Canvot,Crystal Palace,Centre-Back,19,France; Senegal,28000000,EUR 28000000,https://www.transfermarkt.com/jaydee-canvot/profil/spieler/1006411,apify-transfermarkt-global-player-scraper
Jean-Philippe Mateta,Crystal Palace,Centre-Forward,29,France; DR Congo,30000000,EUR 30000000,https://www.transfermarkt.com/jean-philippe-mateta/profil/spieler/420002,apify-transfermarkt-global-player-scraper
Jefferson Lerma,Crystal Palace,Defensive Midfield,31,Colombia,6000000,EUR 6000000,https://www.transfermarkt.com/jefferson-lerma/profil/spieler/262980,apify-transfermarkt-global-player-scraper
Jesurun Rak-Sakyi,Crystal Palace,Right Winger,23,Ghana; England,6000000,EUR 6000000,https://www.transfermarkt.com/jesurun-rak-sakyi/profil/spieler/586834,apify-transfermarkt-global-player-scraper
Jørgen Strand Larsen,Crystal Palace,Centre-Forward,26,Norway,40000000,EUR 40000000,https://www.transfermarkt.com/joergen-strand-larsen/profil/spieler/429983,apify-transfermarkt-global-player-scraper
Justin Devenny,Crystal Palace,Attacking Midfield,22,Northern Ireland; Scotland,12000000,EUR 12000000,https://www.transfermarkt.com/justin-devenny/profil/spieler/747009,apify-transfermarkt-global-player-scraper
Matheus França,Crystal Palace,Attacking Midfield,22,Brazil,6000000,EUR 6000000,https://www.transfermarkt.com/matheus-franca/profil/spieler/743597,apify-transfermarkt-global-player-scraper
Maxence Lacroix,Crystal Palace,Centre-Back,26,France; Guadeloupe,50000000,EUR 50000000,https://www.transfermarkt.com/maxence-lacroix/profil/spieler/434224,apify-transfermarkt-global-player-scraper
Nathaniel Clyne,Crystal Palace,Right-Back,35,England; Grenada,300000,EUR 300000,https://www.transfermarkt.com/nathaniel-clyne/profil/spieler/85177,apify-transfermarkt-global-player-scraper
Owen Goodman,Crystal Palace,Goalkeeper,22,Canada; England,550000,EUR 550000,https://www.transfermarkt.com/owen-goodman/profil/spieler/814848,apify-transfermarkt-global-player-scraper
Remi Matthews,Crystal Palace,Goalkeeper,32,England,200000,EUR 200000,https://www.transfermarkt.com/remi-matthews/profil/spieler/196722,apify-transfermarkt-global-player-scraper
Rio Cardines,Crystal Palace,Left-Back,20,Trinidad and Tobago; England,300000,EUR 300000,https://www.transfermarkt.com/rio-cardines/profil/spieler/1047257,apify-transfermarkt-global-player-scraper
Romain Esse,Crystal Palace,Right Winger,21,England; Cote d'Ivoire,10000000,EUR 10000000,https://www.transfermarkt.com/romain-esse/profil/spieler/967319,apify-transfermarkt-global-player-scraper
Tyrick Mitchell,Crystal Palace,Left-Back,26,England; Jamaica,25000000,EUR 25000000,https://www.transfermarkt.com/tyrick-mitchell/profil/spieler/730893,apify-transfermarkt-global-player-scraper
Walter Benítez,Crystal Palace,Goalkeeper,33,Argentina; France,4000000,EUR 4000000,https://www.transfermarkt.com/walter-benitez/profil/spieler/296802,apify-transfermarkt-global-player-scraper
Will Hughes,Crystal Palace,Central Midfield,31,England,5000000,EUR 5000000,https://www.transfermarkt.com/will-hughes/profil/spieler/207014,apify-transfermarkt-global-player-scraper
Yéremy Pino,Crystal Palace,Right Winger,23,Spain,30000000,EUR 30000000,https://www.transfermarkt.com/yeremy-pino/profil/spieler/568157,apify-transfermarkt-global-player-scraper
Alejo Veliz,Esporte Clube Bahia,Centre-Forward,22,Argentina,4000000,EUR 4000000,https://www.transfermarkt.com/alejo-veliz/profil/spieler/888493,apify-transfermarkt-global-player-scraper
Adam Aznou,Everton FC,Left-Back,20,Morocco; Spain,6000000,EUR 6000000,https://www.transfermarkt.com/adam-aznou/profil/spieler/938146,apify-transfermarkt-global-player-scraper
Carlos Alcaraz,Everton FC,Central Midfield,23,Argentina,15000000,EUR 15000000,https://www.transfermarkt.com/carlos-alcaraz/profil/spieler/748319,apify-transfermarkt-global-player-scraper
Dwight McNeil,Everton FC,Left Winger,26,England; Jamaica,18000000,EUR 18000000,https://www.transfermarkt.com/dwight-mcneil/profil/spieler/584769,apify-transfermarkt-global-player-scraper
Harrison Armstrong,Everton FC,Central Midfield,19,England,12000000,EUR 12000000,https://www.transfermarkt.com/harrison-armstrong/profil/spieler/1107733,apify-transfermarkt-global-player-scraper
Hayden Hackney,Everton FC,Defensive Midfield,24,England; Scotland,32000000,EUR 32000000,https://www.transfermarkt.com/hayden-hackney/profil/spieler/538216,apify-transfermarkt-global-player-scraper
Iliman Ndiaye,Everton FC,Right Winger,26,Senegal; France,55000000,EUR 55000000,https://www.transfermarkt.com/iliman-ndiaye/profil/spieler/623570,apify-transfermarkt-global-player-scraper
Jake O'Brien,Everton FC,Right-Back,25,Ireland,18000000,EUR 18000000,https://www.transfermarkt.com/jake-o-brien/profil/spieler/711544,apify-transfermarkt-global-player-scraper
James Garner,Everton FC,Defensive Midfield,25,England,45000000,EUR 45000000,https://www.transfermarkt.com/james-garner/profil/spieler/505219,apify-transfermarkt-global-player-scraper
James Tarkowski,Everton FC,Centre-Back,33,England; Poland,5000000,EUR 5000000,https://www.transfermarkt.com/james-tarkowski/profil/spieler/173504,apify-transfermarkt-global-player-scraper
Jarrad Branthwaite,Everton FC,Centre-Back,24,England,40000000,EUR 40000000,https://www.transfermarkt.com/jarrad-branthwaite/profil/spieler/661053,apify-transfermarkt-global-player-scraper
Jordan Pickford,Everton FC,Goalkeeper,32,England,13000000,EUR 13000000,https://www.transfermarkt.com/jordan-pickford/profil/spieler/130164,apify-transfermarkt-global-player-scraper
Kiernan Dewsbury-Hall,Everton FC,Central Midfield,27,England; Ireland,35000000,EUR 35000000,https://www.transfermarkt.com/kiernan-dewsbury-hall/profil/spieler/475188,apify-transfermarkt-global-player-scraper
Mark Travers,Everton FC,Goalkeeper,27,Ireland,3000000,EUR 3000000,https://www.transfermarkt.com/mark-travers/profil/spieler/357658,apify-transfermarkt-global-player-scraper
Merlin Röhl,Everton FC,Attacking Midfield,23,Germany,16000000,EUR 16000000,https://www.transfermarkt.com/merlin-roehl/profil/spieler/608832,apify-transfermarkt-global-player-scraper
Michael Keane,Everton FC,Centre-Back,33,England; Ireland,3000000,EUR 3000000,https://www.transfermarkt.com/michael-keane/profil/spieler/118534,apify-transfermarkt-global-player-scraper
Nathan Patterson,Everton FC,Right-Back,24,Scotland,10000000,EUR 10000000,https://www.transfermarkt.com/nathan-patterson/profil/spieler/424015,apify-transfermarkt-global-player-scraper
Norberto Bercique Gomes Betuncal,Everton FC,Centre-Forward,28,Guinea-Bissau; Portugal,18000000,EUR 18000000,https://www.transfermarkt.com/beto/profil/spieler/595809,apify-transfermarkt-global-player-scraper
Thierno Barry,Everton FC,Centre-Forward,23,France; Guinea,30000000,EUR 30000000,https://www.transfermarkt.com/thierno-barry/profil/spieler/937941,apify-transfermarkt-global-player-scraper
Tim Iroegbunam,Everton FC,Central Midfield,23,England; Nigeria,18000000,EUR 18000000,https://www.transfermarkt.com/tim-iroegbunam/profil/spieler/696589,apify-transfermarkt-global-player-scraper
Tom King,Everton FC,Goalkeeper,31,Wales; England,100000,EUR 100000,https://www.transfermarkt.com/tom-king/profil/spieler/215810,apify-transfermarkt-global-player-scraper
Tyler Dibling,Everton FC,Right Winger,20,England,17000000,EUR 17000000,https://www.transfermarkt.com/tyler-dibling/profil/spieler/866655,apify-transfermarkt-global-player-scraper
Vitaliy Mykolenko,Everton FC,Left-Back,27,Ukraine,25000000,EUR 25000000,https://www.transfermarkt.com/vitaliy-mykolenko/profil/spieler/404842,apify-transfermarkt-global-player-scraper
Anthony Gordon,FC Barcelona,Left Winger,25,England; Scotland,65000000,EUR 65000000,https://www.transfermarkt.com/anthony-gordon/profil/spieler/503733,apify-transfermarkt-global-player-scraper
Jakub Kiwior,FC Porto,Centre-Back,26,Poland,35000000,EUR 35000000,https://www.transfermarkt.com/jakub-kiwior/profil/spieler/425918,apify-transfermarkt-global-player-scraper
Nathan Aké,Fenerbahce,Centre-Back,31,Netherlands; Cote d'Ivoire,12000000,EUR 12000000,https://www.transfermarkt.com/nathan-ake/profil/spieler/177476,apify-transfermarkt-global-player-scraper
Milan Aleksic,FK Partizan Belgrade,Attacking Midfield,20,Serbia,700000,EUR 700000,https://www.transfermarkt.com/milan-aleksic/profil/spieler/942738,apify-transfermarkt-global-player-scraper
Alex Iwobi,Fulham FC,Left Winger,30,Nigeria; England,20000000,EUR 20000000,https://www.transfermarkt.com/alex-iwobi/profil/spieler/242631,apify-transfermarkt-global-player-scraper
Antonee Robinson,Fulham FC,Left-Back,28,United States; England,22000000,EUR 22000000,https://www.transfermarkt.com/antonee-robinson/profil/spieler/349701,apify-transfermarkt-global-player-scraper
Benjamin Lecomte,Fulham FC,Goalkeeper,35,France,800000,EUR 800000,https://www.transfermarkt.com/benjamin-lecomte/profil/spieler/127181,apify-transfermarkt-global-player-scraper
Bernd Leno,Fulham FC,Goalkeeper,34,Germany,6000000,EUR 6000000,https://www.transfermarkt.com/bernd-leno/profil/spieler/72476,apify-transfermarkt-global-player-scraper
Calvin Bassey,Fulham FC,Centre-Back,26,Nigeria; England,28000000,EUR 28000000,https://www.transfermarkt.com/calvin-bassey/profil/spieler/461883,apify-transfermarkt-global-player-scraper
Emile Smith Rowe,Fulham FC,Attacking Midfield,25,England,20000000,EUR 20000000,https://www.transfermarkt.com/emile-smith-rowe/profil/spieler/392765,apify-transfermarkt-global-player-scraper
Harrison Reed,Fulham FC,Central Midfield,31,England,2000000,EUR 2000000,https://www.transfermarkt.com/harrison-reed/profil/spieler/226973,apify-transfermarkt-global-player-scraper
Issa Diop,Fulham FC,Centre-Back,29,Morocco; France,8000000,EUR 8000000,https://www.transfermarkt.com/issa-diop/profil/spieler/272622,apify-transfermarkt-global-player-scraper
Joachim Andersen,Fulham FC,Centre-Back,30,Denmark,20000000,EUR 20000000,https://www.transfermarkt.com/joachim-andersen/profil/spieler/260827,apify-transfermarkt-global-player-scraper
Jonah Kusi-Asare,Fulham FC,Centre-Forward,19,Sweden; Ghana,3000000,EUR 3000000,https://www.transfermarkt.com/jonah-kusi-asare/profil/spieler/1069512,apify-transfermarkt-global-player-scraper
Jorge Cuenca,Fulham FC,Centre-Back,26,Spain,8000000,EUR 8000000,https://www.transfermarkt.com/jorge-cuenca/profil/spieler/494880,apify-transfermarkt-global-player-scraper
Josh King,Fulham FC,Attacking Midfield,19,England,25000000,EUR 25000000,https://www.transfermarkt.com/josh-king/profil/spieler/1011131,apify-transfermarkt-global-player-scraper
Kenny Tete,Fulham FC,Right-Back,30,Netherlands; Mozambique,8000000,EUR 8000000,https://www.transfermarkt.com/kenny-tete/profil/spieler/206746,apify-transfermarkt-global-player-scraper
Kevin Santos Lopes de Macedo,Fulham FC,Left Winger,23,Brazil,25000000,EUR 25000000,https://www.transfermarkt.com/kevin/profil/spieler/900195,apify-transfermarkt-global-player-scraper
Luke Harris,Fulham FC,Attacking Midfield,21,Wales; Jersey,900000,EUR 900000,https://www.transfermarkt.com/luke-harris/profil/spieler/817612,apify-transfermarkt-global-player-scraper
Oscar Bobb,Fulham FC,Right Winger,22,Norway; The Gambia,28000000,EUR 28000000,https://www.transfermarkt.com/oscar-bobb/profil/spieler/661207,apify-transfermarkt-global-player-scraper
Rodrigo Muniz Carvalho,Fulham FC,Centre-Forward,25,Brazil,20000000,EUR 20000000,https://www.transfermarkt.com/rodrigo-muniz/profil/spieler/735571,apify-transfermarkt-global-player-scraper
Ryan Sessegnon,Fulham FC,Left-Back,26,England,22000000,EUR 22000000,https://www.transfermarkt.com/ryan-sessegnon/profil/spieler/392775,apify-transfermarkt-global-player-scraper
Sander Berge,Fulham FC,Defensive Midfield,28,Norway,25000000,EUR 25000000,https://www.transfermarkt.com/sander-berge/profil/spieler/333014,apify-transfermarkt-global-player-scraper
Saša Lukić,Fulham FC,Central Midfield,29,Serbia,10000000,EUR 10000000,https://www.transfermarkt.com/sasa-lukic/profil/spieler/245056,apify-transfermarkt-global-player-scraper
Timothy Castagne,Fulham FC,Right-Back,30,Belgium,8000000,EUR 8000000,https://www.transfermarkt.com/timothy-castagne/profil/spieler/262226,apify-transfermarkt-global-player-scraper
Tom Cairney,Fulham FC,Central Midfield,35,Scotland; England,500000,EUR 500000,https://www.transfermarkt.com/tom-cairney/profil/spieler/123275,apify-transfermarkt-global-player-scraper
Abdülkadir Ömür,Hull City,Right Midfield,27,Türkiye,1500000,EUR 1500000,https://www.transfermarkt.com/abduelkadir-oemuer/profil/spieler/271495,apify-transfermarkt-global-player-scraper
Abu Kamara,Hull City,Right Winger,22,England; Sierra Leone,2500000,EUR 2500000,https://www.transfermarkt.com/abu-kamara/profil/spieler/696764,apify-transfermarkt-global-player-scraper
Charlie Hughes,Hull City,Centre-Back,22,England,10000000,EUR 10000000,https://www.transfermarkt.com/charlie-hughes/profil/spieler/746357,apify-transfermarkt-global-player-scraper
Cody Drameh,Hull City,Right-Back,24,England; The Gambia,3000000,EUR 3000000,https://www.transfermarkt.com/cody-drameh/profil/spieler/531957,apify-transfermarkt-global-player-scraper
Darko Gyabi,Hull City,Central Midfield,22,England; Ghana,2000000,EUR 2000000,https://www.transfermarkt.com/darko-gyabi/profil/spieler/663264,apify-transfermarkt-global-player-scraper
David Akintola,Hull City,Right Winger,30,Nigeria,1000000,EUR 1000000,https://www.transfermarkt.com/david-akintola/profil/spieler/353775,apify-transfermarkt-global-player-scraper
Dillon Phillips,Hull City,Goalkeeper,31,England,200000,EUR 200000,https://www.transfermarkt.com/dillon-phillips/profil/spieler/308431,apify-transfermarkt-global-player-scraper
Eliot Matazo,Hull City,Central Midfield,24,Belgium; DR Congo,1500000,EUR 1500000,https://www.transfermarkt.com/eliot-matazo/profil/spieler/535834,apify-transfermarkt-global-player-scraper
Enis Destan,Hull City,Centre-Forward,24,Türkiye,2000000,EUR 2000000,https://www.transfermarkt.com/enis-destan/profil/spieler/699980,apify-transfermarkt-global-player-scraper
Harvey Cartwright,Hull City,Goalkeeper,24,England,150000,EUR 150000,https://www.transfermarkt.com/harvey-cartwright/profil/spieler/712592,apify-transfermarkt-global-player-scraper
Jack Butland,Hull City,Goalkeeper,33,England,1500000,EUR 1500000,https://www.transfermarkt.com/jack-butland/profil/spieler/128899,apify-transfermarkt-global-player-scraper
John Egan,Hull City,Centre-Back,33,Ireland,1000000,EUR 1000000,https://www.transfermarkt.com/john-egan/profil/spieler/121324,apify-transfermarkt-global-player-scraper
Kieran Dowell,Hull City,Attacking Midfield,28,England,600000,EUR 600000,https://www.transfermarkt.com/kieran-dowell/profil/spieler/258916,apify-transfermarkt-global-player-scraper
Kyle Joseph,Hull City,Centre-Forward,24,Scotland; England,6000000,EUR 6000000,https://www.transfermarkt.com/kyle-joseph/profil/spieler/647395,apify-transfermarkt-global-player-scraper
Lewie Coyle,Hull City,Right-Back,30,England,1200000,EUR 1200000,https://www.transfermarkt.com/lewie-coyle/profil/spieler/413402,apify-transfermarkt-global-player-scraper
Liam Millar,Hull City,Left Winger,26,Canada; England,3000000,EUR 3000000,https://www.transfermarkt.com/liam-millar/profil/spieler/487417,apify-transfermarkt-global-player-scraper
Mason Burstow,Hull City,Centre-Forward,22,England; Jamaica,2800000,EUR 2800000,https://www.transfermarkt.com/mason-burstow/profil/spieler/874080,apify-transfermarkt-global-player-scraper
Matt Crooks,Hull City,Central Midfield,32,England,700000,EUR 700000,https://www.transfermarkt.com/matt-crooks/profil/spieler/169416,apify-transfermarkt-global-player-scraper
Matty Jacob,Hull City,Left-Back,25,England,400000,EUR 400000,https://www.transfermarkt.com/matty-jacob/profil/spieler/729940,apify-transfermarkt-global-player-scraper
Mohamed Belloumi,Hull City,Right Winger,24,Algeria,6000000,EUR 6000000,https://www.transfermarkt.com/mohamed-belloumi/profil/spieler/857079,apify-transfermarkt-global-player-scraper
Oli McBurnie,Hull City,Centre-Forward,30,Scotland; England,5000000,EUR 5000000,https://www.transfermarkt.com/oli-mcburnie/profil/spieler/298477,apify-transfermarkt-global-player-scraper
Paddy McNair,Hull City,Centre-Back,31,Northern Ireland,1500000,EUR 1500000,https://www.transfermarkt.com/paddy-mcnair/profil/spieler/167268,apify-transfermarkt-global-player-scraper
Regan Slater,Hull City,Defensive Midfield,26,England,5500000,EUR 5500000,https://www.transfermarkt.com/regan-slater/profil/spieler/473080,apify-transfermarkt-global-player-scraper
Ryan Giles,Hull City,Left-Back,26,England,12000000,EUR 12000000,https://www.transfermarkt.com/ryan-giles/profil/spieler/504581,apify-transfermarkt-global-player-scraper
Semi Ajayi,Hull City,Centre-Back,32,Nigeria; England,700000,EUR 700000,https://www.transfermarkt.com/semi-ajayi/profil/spieler/251912,apify-transfermarkt-global-player-scraper
Thimothée Lo-Tutala,Hull City,Goalkeeper,23,France; England,400000,EUR 400000,https://www.transfermarkt.com/thimothee-lo-tutala/profil/spieler/655877,apify-transfermarkt-global-player-scraper
Manuel Akanji,Inter Milan,Centre-Back,30,Switzerland; Nigeria,17000000,EUR 17000000,https://www.transfermarkt.com/manuel-akanji/profil/spieler/284730,apify-transfermarkt-global-player-scraper
Alex Palmer,Ipswich Town,Goalkeeper,29,England,1000000,EUR 1000000,https://www.transfermarkt.com/alex-palmer/profil/spieler/245625,apify-transfermarkt-global-player-scraper
Ali Al-Hamadi,Ipswich Town,Centre-Forward,24,Iraq; England,1500000,EUR 1500000,https://www.transfermarkt.com/ali-al-hamadi/profil/spieler/610581,apify-transfermarkt-global-player-scraper
Anis Mehmeti,Ipswich Town,Attacking Midfield,25,Albania; England,15000000,EUR 15000000,https://www.transfermarkt.com/anis-mehmeti/profil/spieler/530813,apify-transfermarkt-global-player-scraper
Azor Matusiwa,Ipswich Town,Defensive Midfield,28,Netherlands; Angola,12000000,EUR 12000000,https://www.transfermarkt.com/azor-matusiwa/profil/spieler/315145,apify-transfermarkt-global-player-scraper
Ben Johnson,Ipswich Town,Right-Back,26,England,6000000,EUR 6000000,https://www.transfermarkt.com/ben-johnson/profil/spieler/468002,apify-transfermarkt-global-player-scraper
Cameron Humphreys,Ipswich Town,Central Midfield,22,England,600000,EUR 600000,https://www.transfermarkt.com/cameron-humphreys/profil/spieler/871335,apify-transfermarkt-global-player-scraper
Cédric Kipré,Ipswich Town,Centre-Back,29,Cote d'Ivoire; France,2000000,EUR 2000000,https://www.transfermarkt.com/cedric-kipre/profil/spieler/364827,apify-transfermarkt-global-player-scraper
Chiedozie Ogbene,Ipswich Town,Right Winger,29,Ireland; Nigeria,4000000,EUR 4000000,https://www.transfermarkt.com/chiedozie-ogbene/profil/spieler/392591,apify-transfermarkt-global-player-scraper
Christian Walton,Ipswich Town,Goalkeeper,30,England,2500000,EUR 2500000,https://www.transfermarkt.com/christian-walton/profil/spieler/208379,apify-transfermarkt-global-player-scraper
Chuba Akpom,Ipswich Town,Centre-Forward,30,England; Nigeria,3500000,EUR 3500000,https://www.transfermarkt.com/chuba-akpom/profil/spieler/197642,apify-transfermarkt-global-player-scraper
Cieran Slicker,Ipswich Town,Goalkeeper,23,Scotland; England,350000,EUR 350000,https://www.transfermarkt.com/cieran-slicker/profil/spieler/621997,apify-transfermarkt-global-player-scraper
Dara O'Shea,Ipswich Town,Centre-Back,27,Ireland,16000000,EUR 16000000,https://www.transfermarkt.com/dara-o-shea/profil/spieler/401320,apify-transfermarkt-global-player-scraper
Darnell Furlong,Ipswich Town,Right-Back,30,England; Montserrat,2500000,EUR 2500000,https://www.transfermarkt.com/darnell-furlong/profil/spieler/351755,apify-transfermarkt-global-player-scraper
David Button,Ipswich Town,Goalkeeper,37,England,50000,EUR 50000,https://www.transfermarkt.com/david-button/profil/spieler/61814,apify-transfermarkt-global-player-scraper
Elkan Baggott,Ipswich Town,Centre-Back,23,Indonesia; England,200000,EUR 200000,https://www.transfermarkt.com/elkan-baggott/profil/spieler/758030,apify-transfermarkt-global-player-scraper
George Hirst,Ipswich Town,Centre-Forward,27,Scotland; England,10000000,EUR 10000000,https://www.transfermarkt.com/george-hirst/profil/spieler/420808,apify-transfermarkt-global-player-scraper
Harry Clarke,Ipswich Town,Right-Back,25,England,2500000,EUR 2500000,https://www.transfermarkt.com/harry-clarke/profil/spieler/528892,apify-transfermarkt-global-player-scraper
Jack Clarke,Ipswich Town,Left Winger,25,England,20000000,EUR 20000000,https://www.transfermarkt.com/jack-clarke/profil/spieler/559794,apify-transfermarkt-global-player-scraper
Jack Taylor,Ipswich Town,Central Midfield,28,Ireland; England,3000000,EUR 3000000,https://www.transfermarkt.com/jack-taylor/profil/spieler/458178,apify-transfermarkt-global-player-scraper
Jacob Greaves,Ipswich Town,Centre-Back,25,England,14000000,EUR 14000000,https://www.transfermarkt.com/jacob-greaves/profil/spieler/693095,apify-transfermarkt-global-player-scraper
Jaden Philogene,Ipswich Town,Left Winger,24,England; Dominica,20000000,EUR 20000000,https://www.transfermarkt.com/jaden-philogene/profil/spieler/665390,apify-transfermarkt-global-player-scraper
Kasey McAteer,Ipswich Town,Right Midfield,24,Ireland; England,10000000,EUR 10000000,https://www.transfermarkt.com/kasey-mcateer/profil/spieler/621193,apify-transfermarkt-global-player-scraper
Leif Davis,Ipswich Town,Left-Back,26,England,20000000,EUR 20000000,https://www.transfermarkt.com/leif-davis/profil/spieler/596446,apify-transfermarkt-global-player-scraper
Marcelino Núñez,Ipswich Town,Central Midfield,26,Chile,14000000,EUR 14000000,https://www.transfermarkt.com/marcelino-nunez/profil/spieler/715558,apify-transfermarkt-global-player-scraper
Sammie Szmodics,Ipswich Town,Attacking Midfield,30,Ireland; Hungary,3500000,EUR 3500000,https://www.transfermarkt.com/sammie-szmodics/profil/spieler/292139,apify-transfermarkt-global-player-scraper
Sindre Walle Egeli,Ipswich Town,Right Winger,20,Norway,15000000,EUR 15000000,https://www.transfermarkt.com/sindre-walle-egeli/profil/spieler/923504,apify-transfermarkt-global-player-scraper
Wes Burns,Ipswich Town,Right Midfield,31,Wales,1500000,EUR 1500000,https://www.transfermarkt.com/wes-burns/profil/spieler/255731,apify-transfermarkt-global-player-scraper
Dastan Satpaev,Kairat Almaty,Centre-Forward,17,Kazakhstan,3500000,EUR 3500000,https://www.transfermarkt.com/dastan-satpaev/profil/spieler/1179146,apify-transfermarkt-global-player-scraper
Alex Cairns,Leeds United,Goalkeeper,33,England,50000,EUR 50000,https://www.transfermarkt.com/alex-cairns/profil/spieler/194386,apify-transfermarkt-global-player-scraper
Anton Stach,Leeds United,Defensive Midfield,27,Germany,28000000,EUR 28000000,https://www.transfermarkt.com/anton-stach/profil/spieler/344069,apify-transfermarkt-global-player-scraper
Ao Tanaka,Leeds United,Central Midfield,27,Japan,13000000,EUR 13000000,https://www.transfermarkt.com/ao-tanaka/profil/spieler/489359,apify-transfermarkt-global-player-scraper
Brenden Aaronson,Leeds United,Attacking Midfield,25,United States,22000000,EUR 22000000,https://www.transfermarkt.com/brenden-aaronson/profil/spieler/393323,apify-transfermarkt-global-player-scraper
Charlie Crew,Leeds United,Defensive Midfield,20,Wales,150000,EUR 150000,https://www.transfermarkt.com/charlie-crew/profil/spieler/883539,apify-transfermarkt-global-player-scraper
Daniel James,Leeds United,Right Winger,28,Wales; England,10000000,EUR 10000000,https://www.transfermarkt.com/daniel-james/profil/spieler/319301,apify-transfermarkt-global-player-scraper
Dominic Calvert-Lewin,Leeds United,Centre-Forward,29,England,22000000,EUR 22000000,https://www.transfermarkt.com/dominic-calvert-lewin/profil/spieler/306024,apify-transfermarkt-global-player-scraper
Ethan Ampadu,Leeds United,Defensive Midfield,25,Wales; England,30000000,EUR 30000000,https://www.transfermarkt.com/ethan-ampadu/profil/spieler/392771,apify-transfermarkt-global-player-scraper
Gabriel Gudmundsson,Leeds United,Left-Back,27,Sweden,20000000,EUR 20000000,https://www.transfermarkt.com/gabriel-gudmundsson/profil/spieler/362108,apify-transfermarkt-global-player-scraper
Ilia Gruev,Leeds United,Defensive Midfield,26,Bulgaria; Germany,12000000,EUR 12000000,https://www.transfermarkt.com/ilia-gruev/profil/spieler/381753,apify-transfermarkt-global-player-scraper
Isaac Schmidt,Leeds United,Left-Back,26,Switzerland; Nigeria,2200000,EUR 2200000,https://www.transfermarkt.com/isaac-schmidt/profil/spieler/449597,apify-transfermarkt-global-player-scraper
Jack Harrison,Leeds United,Left Winger,29,England,6500000,EUR 6500000,https://www.transfermarkt.com/jack-harrison/profil/spieler/417346,apify-transfermarkt-global-player-scraper
Jaka Bijol,Leeds United,Centre-Back,27,Slovenia,20000000,EUR 20000000,https://www.transfermarkt.com/jaka-bijol/profil/spieler/371851,apify-transfermarkt-global-player-scraper
James Justin,Leeds United,Right-Back,28,England; St. Lucia,12000000,EUR 12000000,https://www.transfermarkt.com/james-justin/profil/spieler/413220,apify-transfermarkt-global-player-scraper
Jayden Bogle,Leeds United,Right-Back,25,England,15000000,EUR 15000000,https://www.transfermarkt.com/jayden-bogle/profil/spieler/465717,apify-transfermarkt-global-player-scraper
Joe Gelhardt,Leeds United,Centre-Forward,24,England,14000000,EUR 14000000,https://www.transfermarkt.com/joe-gelhardt/profil/spieler/503980,apify-transfermarkt-global-player-scraper
Joe Rodon,Leeds United,Centre-Back,28,Wales,18000000,EUR 18000000,https://www.transfermarkt.com/joe-rodon/profil/spieler/297212,apify-transfermarkt-global-player-scraper
Joël Piroe,Leeds United,Centre-Forward,26,Suriname; Netherlands,10000000,EUR 10000000,https://www.transfermarkt.com/joel-piroe/profil/spieler/369962,apify-transfermarkt-global-player-scraper
Largie Ramazani,Leeds United,Left Winger,25,Belgium; Burundi,8000000,EUR 8000000,https://www.transfermarkt.com/largie-ramazani/profil/spieler/518644,apify-transfermarkt-global-player-scraper
Lucas Perri,Leeds United,Goalkeeper,28,Brazil; Italy,10000000,EUR 10000000,https://www.transfermarkt.com/lucas-perri/profil/spieler/352041,apify-transfermarkt-global-player-scraper
Lukas Nmecha,Leeds United,Centre-Forward,27,Germany; England,10000000,EUR 10000000,https://www.transfermarkt.com/lukas-nmecha/profil/spieler/314288,apify-transfermarkt-global-player-scraper
Mateo Joseph,Leeds United,Centre-Forward,22,Spain; England,3500000,EUR 3500000,https://www.transfermarkt.com/mateo-joseph/profil/spieler/834742,apify-transfermarkt-global-player-scraper
Maximilian Wöber,Leeds United,Centre-Back,28,Austria,3000000,EUR 3000000,https://www.transfermarkt.com/maximilian-woeber/profil/spieler/263361,apify-transfermarkt-global-player-scraper
Noah Okafor,Leeds United,Left Winger,26,Switzerland; Nigeria,25000000,EUR 25000000,https://www.transfermarkt.com/noah-okafor/profil/spieler/346890,apify-transfermarkt-global-player-scraper
Sam Byram,Leeds United,Left-Back,32,England,400000,EUR 400000,https://www.transfermarkt.com/sam-byram/profil/spieler/236953,apify-transfermarkt-global-player-scraper
Sean Longstaff,Leeds United,Central Midfield,28,England,15000000,EUR 15000000,https://www.transfermarkt.com/sean-longstaff/profil/spieler/346707,apify-transfermarkt-global-player-scraper
Sebastiaan Bornauw,Leeds United,Centre-Back,27,Belgium,8000000,EUR 8000000,https://www.transfermarkt.com/sebastiaan-bornauw/profil/spieler/338629,apify-transfermarkt-global-player-scraper
Wilfried Gnonto,Leeds United,Right Winger,22,Italy; Cote d'Ivoire,16000000,EUR 16000000,https://www.transfermarkt.com/wilfried-gnonto/profil/spieler/627626,apify-transfermarkt-global-player-scraper
Alexander Isak,Liverpool FC,Centre-Forward,26,Sweden; Eritrea,85000000,EUR 85000000,https://www.transfermarkt.com/alexander-isak/profil/spieler/349066,apify-transfermarkt-global-player-scraper
Alexis Mac Allister,Liverpool FC,Central Midfield,27,Argentina; Italy,70000000,EUR 70000000,https://www.transfermarkt.com/alexis-mac-allister/profil/spieler/534033,apify-transfermarkt-global-player-scraper
Alisson Ramses Becker,Liverpool FC,Goalkeeper,33,Brazil,15000000,EUR 15000000,https://www.transfermarkt.com/alisson/profil/spieler/105470,apify-transfermarkt-global-player-scraper
Calvin Ramsay,Liverpool FC,Right-Back,22,Scotland,1500000,EUR 1500000,https://www.transfermarkt.com/calvin-ramsay/profil/spieler/633652,apify-transfermarkt-global-player-scraper
Cody Gakpo,Liverpool FC,Left Winger,27,Netherlands; Togo,60000000,EUR 60000000,https://www.transfermarkt.com/cody-gakpo/profil/spieler/434675,apify-transfermarkt-global-player-scraper
Conor Bradley,Liverpool FC,Right-Back,22,Northern Ireland,25000000,EUR 25000000,https://www.transfermarkt.com/conor-bradley/profil/spieler/624258,apify-transfermarkt-global-player-scraper
Curtis Jones,Liverpool FC,Central Midfield,25,England,35000000,EUR 35000000,https://www.transfermarkt.com/curtis-jones/profil/spieler/433188,apify-transfermarkt-global-player-scraper
Dominik Szoboszlai,Liverpool FC,Attacking Midfield,25,Hungary,100000000,EUR 100000000,https://www.transfermarkt.com/dominik-szoboszlai/profil/spieler/451276,apify-transfermarkt-global-player-scraper
Federico Chiesa,Liverpool FC,Right Winger,28,Italy,13000000,EUR 13000000,https://www.transfermarkt.com/federico-chiesa/profil/spieler/341092,apify-transfermarkt-global-player-scraper
Florian Wirtz,Liverpool FC,Attacking Midfield,23,Germany,100000000,EUR 100000000,https://www.transfermarkt.com/florian-wirtz/profil/spieler/598577,apify-transfermarkt-global-player-scraper
Freddie Woodman,Liverpool FC,Goalkeeper,29,England,3000000,EUR 3000000,https://www.transfermarkt.com/freddie-woodman/profil/spieler/226049,apify-transfermarkt-global-player-scraper
Giorgi Mamardashvili,Liverpool FC,Goalkeeper,25,Georgia,28000000,EUR 28000000,https://www.transfermarkt.com/giorgi-mamardashvili/profil/spieler/502676,apify-transfermarkt-global-player-scraper
Giovanni Leoni,Liverpool FC,Centre-Back,19,Italy,25000000,EUR 25000000,https://www.transfermarkt.com/giovanni-leoni/profil/spieler/1086619,apify-transfermarkt-global-player-scraper
Harvey Davies,Liverpool FC,Goalkeeper,22,England,500000,EUR 500000,https://www.transfermarkt.com/harvey-davies/profil/spieler/706815,apify-transfermarkt-global-player-scraper
Harvey Elliott,Liverpool FC,Attacking Midfield,23,England,20000000,EUR 20000000,https://www.transfermarkt.com/harvey-elliott/profil/spieler/565822,apify-transfermarkt-global-player-scraper
Hugo Ekitiké,Liverpool FC,Centre-Forward,24,France; Cameroon,80000000,EUR 80000000,https://www.transfermarkt.com/hugo-ekitike/profil/spieler/709726,apify-transfermarkt-global-player-scraper
Jeremie Frimpong,Liverpool FC,Right-Back,25,Netherlands; Ghana,35000000,EUR 35000000,https://www.transfermarkt.com/jeremie-frimpong/profil/spieler/484547,apify-transfermarkt-global-player-scraper
Jérémy Jacquet,Liverpool FC,Centre-Back,20,France; Guadeloupe,55000000,EUR 55000000,https://www.transfermarkt.com/jeremy-jacquet/profil/spieler/1004301,apify-transfermarkt-global-player-scraper
Joe Gomez,Liverpool FC,Centre-Back,29,England; The Gambia,13000000,EUR 13000000,https://www.transfermarkt.com/joe-gomez/profil/spieler/256178,apify-transfermarkt-global-player-scraper
Konstantinos Tsimikas,Liverpool FC,Left-Back,30,Greece,4500000,EUR 4500000,https://www.transfermarkt.com/konstantinos-tsimikas/profil/spieler/338070,apify-transfermarkt-global-player-scraper
Milos Kerkez,Liverpool FC,Left-Back,22,Hungary; Serbia,35000000,EUR 35000000,https://www.transfermarkt.com/milos-kerkez/profil/spieler/730861,apify-transfermarkt-global-player-scraper
Rio Ngumoha,Liverpool FC,Left Winger,17,England; Nigeria,30000000,EUR 30000000,https://www.transfermarkt.com/rio-ngumoha/profil/spieler/1108466,apify-transfermarkt-global-player-scraper
Ryan Gravenberch,Liverpool FC,Defensive Midfield,24,Netherlands; Suriname,80000000,EUR 80000000,https://www.transfermarkt.com/ryan-gravenberch/profil/spieler/478573,apify-transfermarkt-global-player-scraper
Stefan Bajcetic,Liverpool FC,Defensive Midfield,21,Spain; Serbia,4000000,EUR 4000000,https://www.transfermarkt.com/stefan-bajcetic/profil/spieler/864799,apify-transfermarkt-global-player-scraper
Trey Nyoni,Liverpool FC,Central Midfield,19,England; Zimbabwe,8000000,EUR 8000000,https://www.transfermarkt.com/trey-nyoni/profil/spieler/1045123,apify-transfermarkt-global-player-scraper
Víctor Muñoz,Liverpool FC,Left Winger,22,Spain,30000000,EUR 30000000,https://www.transfermarkt.com/victor-munoz/profil/spieler/935231,apify-transfermarkt-global-player-scraper
Virgil van Dijk,Liverpool FC,Centre-Back,34,Netherlands; Suriname,15000000,EUR 15000000,https://www.transfermarkt.com/virgil-van-dijk/profil/spieler/139208,apify-transfermarkt-global-player-scraper
Vitezslav Jaros,Liverpool FC,Goalkeeper,24,Czech Republic,5000000,EUR 5000000,https://www.transfermarkt.com/vitezslav-jaros/profil/spieler/486604,apify-transfermarkt-global-player-scraper
Wataru Endo,Liverpool FC,Defensive Midfield,33,Japan,4000000,EUR 4000000,https://www.transfermarkt.com/wataru-endo/profil/spieler/146310,apify-transfermarkt-global-player-scraper
Kasey Palmer,Luton Town,Attacking Midfield,29,Jamaica; England,900000,EUR 900000,https://www.transfermarkt.com/kasey-palmer/profil/spieler/258216,apify-transfermarkt-global-player-scraper
Abdukodir Khusanov,Manchester City,Centre-Back,22,Uzbekistan,50000000,EUR 50000000,https://www.transfermarkt.com/abdukodir-khusanov/profil/spieler/763079,apify-transfermarkt-global-player-scraper
Antoine Semenyo,Manchester City,Right Winger,26,Ghana; England,80000000,EUR 80000000,https://www.transfermarkt.com/antoine-semenyo/profil/spieler/583255,apify-transfermarkt-global-player-scraper
Claudio Echeverri,Manchester City,Attacking Midfield,20,Argentina,15000000,EUR 15000000,https://www.transfermarkt.com/claudio-echeverri/profil/spieler/994536,apify-transfermarkt-global-player-scraper
Elliot Anderson,Manchester City,Central Midfield,23,England; Scotland,75000000,EUR 75000000,https://www.transfermarkt.com/elliot-anderson/profil/spieler/567576,apify-transfermarkt-global-player-scraper
Erling Haaland,Manchester City,Centre-Forward,25,Norway,200000000,EUR 200000000,https://www.transfermarkt.com/erling-haaland/profil/spieler/418560,apify-transfermarkt-global-player-scraper
Gianluigi Donnarumma,Manchester City,Goalkeeper,27,Italy,45000000,EUR 45000000,https://www.transfermarkt.com/gianluigi-donnarumma/profil/spieler/315858,apify-transfermarkt-global-player-scraper
Issa Kaboré,Manchester City,Right-Back,25,Burkina Faso,4000000,EUR 4000000,https://www.transfermarkt.com/issa-kabore/profil/spieler/649452,apify-transfermarkt-global-player-scraper
Jack Grealish,Manchester City,Left Winger,30,England; Ireland,20000000,EUR 20000000,https://www.transfermarkt.com/jack-grealish/profil/spieler/203460,apify-transfermarkt-global-player-scraper
James Trafford,Manchester City,Goalkeeper,23,England,25000000,EUR 25000000,https://www.transfermarkt.com/james-trafford/profil/spieler/566799,apify-transfermarkt-global-player-scraper
Jérémy Doku,Manchester City,Left Winger,24,Belgium; Ghana,75000000,EUR 75000000,https://www.transfermarkt.com/jeremy-doku/profil/spieler/486049,apify-transfermarkt-global-player-scraper
Josh Wilson-Esbrand,Manchester City,Left-Back,23,England; Jamaica,2500000,EUR 2500000,https://www.transfermarkt.com/josh-wilson-esbrand/profil/spieler/576121,apify-transfermarkt-global-player-scraper
Josko Gvardiol,Manchester City,Centre-Back,24,Croatia,70000000,EUR 70000000,https://www.transfermarkt.com/josko-gvardiol/profil/spieler/475959,apify-transfermarkt-global-player-scraper
Juma Bah,Manchester City,Centre-Back,20,Sierra Leone,10000000,EUR 10000000,https://www.transfermarkt.com/juma-bah/profil/spieler/1121298,apify-transfermarkt-global-player-scraper
Kalvin Phillips,Manchester City,Defensive Midfield,30,England; Jamaica,2500000,EUR 2500000,https://www.transfermarkt.com/kalvin-phillips/profil/spieler/351749,apify-transfermarkt-global-player-scraper
Marc Guéhi,Manchester City,Centre-Back,25,England; Cote d'Ivoire,70000000,EUR 70000000,https://www.transfermarkt.com/marc-guehi/profil/spieler/392757,apify-transfermarkt-global-player-scraper
Marcus Bettinelli,Manchester City,Goalkeeper,34,England; Italy,300000,EUR 300000,https://www.transfermarkt.com/marcus-bettinelli/profil/spieler/116648,apify-transfermarkt-global-player-scraper
Mateo Kovacic,Manchester City,Central Midfield,32,Croatia,10000000,EUR 10000000,https://www.transfermarkt.com/mateo-kovacic/profil/spieler/51471,apify-transfermarkt-global-player-scraper
Matheus Nunes,Manchester City,Right-Back,27,Portugal; Brazil,50000000,EUR 50000000,https://www.transfermarkt.com/matheus-nunes/profil/spieler/601883,apify-transfermarkt-global-player-scraper
Max Alleyne,Manchester City,Centre-Back,20,England; Barbados,8000000,EUR 8000000,https://www.transfermarkt.com/max-alleyne/profil/spieler/843595,apify-transfermarkt-global-player-scraper
Nico González,Manchester City,Defensive Midfield,24,Spain,40000000,EUR 40000000,https://www.transfermarkt.com/nico-gonzalez/profil/spieler/466805,apify-transfermarkt-global-player-scraper
Nico O'Reilly,Manchester City,Left-Back,21,England; Jamaica,70000000,EUR 70000000,https://www.transfermarkt.com/nico-o-reilly/profil/spieler/743413,apify-transfermarkt-global-player-scraper
Omar Marmoush,Manchester City,Centre-Forward,27,Egypt; Canada,50000000,EUR 50000000,https://www.transfermarkt.com/omar-marmoush/profil/spieler/445939,apify-transfermarkt-global-player-scraper
Phil Foden,Manchester City,Attacking Midfield,26,England,70000000,EUR 70000000,https://www.transfermarkt.com/phil-foden/profil/spieler/406635,apify-transfermarkt-global-player-scraper
Rayan Aït-Nouri,Manchester City,Left-Back,25,Algeria; France,40000000,EUR 40000000,https://www.transfermarkt.com/rayan-ait-nouri/profil/spieler/578391,apify-transfermarkt-global-player-scraper
Rayan Cherki,Manchester City,Attacking Midfield,22,France; Algeria,90000000,EUR 90000000,https://www.transfermarkt.com/rayan-cherki/profil/spieler/607223,apify-transfermarkt-global-player-scraper
Rico Lewis,Manchester City,Right-Back,21,England; Jamaica,28000000,EUR 28000000,https://www.transfermarkt.com/rico-lewis/profil/spieler/701057,apify-transfermarkt-global-player-scraper
Rodrigo Hernández Cascante,Manchester City,Defensive Midfield,30,Spain,50000000,EUR 50000000,https://www.transfermarkt.com/rodri/profil/spieler/357565,apify-transfermarkt-global-player-scraper
Rúben Dias,Manchester City,Centre-Back,29,Portugal,55000000,EUR 55000000,https://www.transfermarkt.com/ruben-dias/profil/spieler/258004,apify-transfermarkt-global-player-scraper
Sávio Moreira de Oliveira,Manchester City,Left Winger,22,Brazil,35000000,EUR 35000000,https://www.transfermarkt.com/savinho/profil/spieler/743591,apify-transfermarkt-global-player-scraper
Sverre Nypan,Manchester City,Central Midfield,19,Norway,13000000,EUR 13000000,https://www.transfermarkt.com/sverre-nypan/profil/spieler/911736,apify-transfermarkt-global-player-scraper
Tijjani Reijnders,Manchester City,Central Midfield,27,Netherlands,50000000,EUR 50000000,https://www.transfermarkt.com/tijjani-reijnders/profil/spieler/460939,apify-transfermarkt-global-player-scraper
Vitor Reis,Manchester City,Centre-Back,20,Brazil,30000000,EUR 30000000,https://www.transfermarkt.com/vitor-reis/profil/spieler/1005575,apify-transfermarkt-global-player-scraper
Altay Bayındır,Manchester United,Goalkeeper,28,Türkiye,5000000,EUR 5000000,https://www.transfermarkt.com/altay-bayindir/profil/spieler/336077,apify-transfermarkt-global-player-scraper
Amad Diallo,Manchester United,Right Winger,23,Cote d'Ivoire; Italy,45000000,EUR 45000000,https://www.transfermarkt.com/amad-diallo/profil/spieler/536835,apify-transfermarkt-global-player-scraper
Ayden Heaven,Manchester United,Centre-Back,19,England; Ghana,30000000,EUR 30000000,https://www.transfermarkt.com/ayden-heaven/profil/spieler/1078163,apify-transfermarkt-global-player-scraper
Benjamin Sesko,Manchester United,Centre-Forward,23,Slovenia,75000000,EUR 75000000,https://www.transfermarkt.com/benjamin-sesko/profil/spieler/627442,apify-transfermarkt-global-player-scraper
Bruno Fernandes,Manchester United,Attacking Midfield,31,Portugal,35000000,EUR 35000000,https://www.transfermarkt.com/bruno-fernandes/profil/spieler/240306,apify-transfermarkt-global-player-scraper
Bryan Mbeumo,Manchester United,Right Winger,26,Cameroon; France,75000000,EUR 75000000,https://www.transfermarkt.com/bryan-mbeumo/profil/spieler/413039,apify-transfermarkt-global-player-scraper
Chido Obi,Manchester United,Centre-Forward,18,Denmark; Nigeria,5000000,EUR 5000000,https://www.transfermarkt.com/chido-obi/profil/spieler/1042886,apify-transfermarkt-global-player-scraper
Dan Gore,Manchester United,Central Midfield,21,England,1000000,EUR 1000000,https://www.transfermarkt.com/dan-gore/profil/spieler/747153,apify-transfermarkt-global-player-scraper
Diego León,Manchester United,Left-Back,19,Paraguay,4000000,EUR 4000000,https://www.transfermarkt.com/diego-leon/profil/spieler/1283997,apify-transfermarkt-global-player-scraper
Diogo Dalot,Manchester United,Right-Back,27,Portugal,30000000,EUR 30000000,https://www.transfermarkt.com/diogo-dalot/profil/spieler/357147,apify-transfermarkt-global-player-scraper
Ethan Wheatley,Manchester United,Centre-Forward,20,England,250000,EUR 250000,https://www.transfermarkt.com/ethan-wheatley/profil/spieler/888639,apify-transfermarkt-global-player-scraper
Harry Amass,Manchester United,Left-Back,19,England,7000000,EUR 7000000,https://www.transfermarkt.com/harry-amass/profil/spieler/1011738,apify-transfermarkt-global-player-scraper
Harry Maguire,Manchester United,Centre-Back,33,England,8000000,EUR 8000000,https://www.transfermarkt.com/harry-maguire/profil/spieler/177907,apify-transfermarkt-global-player-scraper
Jack Fletcher,Manchester United,Attacking Midfield,19,England; Scotland,1500000,EUR 1500000,https://www.transfermarkt.com/jack-fletcher/profil/spieler/1011140,apify-transfermarkt-global-player-scraper
Joshua Zirkzee,Manchester United,Centre-Forward,25,Netherlands; Nigeria,20000000,EUR 20000000,https://www.transfermarkt.com/joshua-zirkzee/profil/spieler/435648,apify-transfermarkt-global-player-scraper
Kobbie Mainoo,Manchester United,Central Midfield,21,England; Ghana,70000000,EUR 70000000,https://www.transfermarkt.com/kobbie-mainoo/profil/spieler/820374,apify-transfermarkt-global-player-scraper
Leny Yoro,Manchester United,Centre-Back,20,France; Cote d'Ivoire,50000000,EUR 50000000,https://www.transfermarkt.com/leny-yoro/profil/spieler/923831,apify-transfermarkt-global-player-scraper
Lisandro Martínez,Manchester United,Centre-Back,28,Argentina,40000000,EUR 40000000,https://www.transfermarkt.com/lisandro-martinez/profil/spieler/480762,apify-transfermarkt-global-player-scraper
Luke Shaw,Manchester United,Left-Back,30,England,8000000,EUR 8000000,https://www.transfermarkt.com/luke-shaw/profil/spieler/183288,apify-transfermarkt-global-player-scraper
Manuel Ugarte,Manchester United,Defensive Midfield,25,Uruguay,25000000,EUR 25000000,https://www.transfermarkt.com/manuel-ugarte/profil/spieler/476701,apify-transfermarkt-global-player-scraper
Marcus Rashford,Manchester United,Left Winger,28,England; St. Kitts & Nevis,40000000,EUR 40000000,https://www.transfermarkt.com/marcus-rashford/profil/spieler/258923,apify-transfermarkt-global-player-scraper
Mason Mount,Manchester United,Attacking Midfield,27,England,25000000,EUR 25000000,https://www.transfermarkt.com/mason-mount/profil/spieler/346483,apify-transfermarkt-global-player-scraper
Matheus Cunha,Manchester United,Centre-Forward,27,Brazil,75000000,EUR 75000000,https://www.transfermarkt.com/matheus-cunha/profil/spieler/517894,apify-transfermarkt-global-player-scraper
Matthijs de Ligt,Manchester United,Centre-Back,26,Netherlands,30000000,EUR 30000000,https://www.transfermarkt.com/matthijs-de-ligt/profil/spieler/326031,apify-transfermarkt-global-player-scraper
Noussair Mazraoui,Manchester United,Right-Back,28,Morocco; Netherlands,18000000,EUR 18000000,https://www.transfermarkt.com/noussair-mazraoui/profil/spieler/340456,apify-transfermarkt-global-player-scraper
Patrick Dorgu,Manchester United,Left Winger,21,Denmark; Nigeria,35000000,EUR 35000000,https://www.transfermarkt.com/patrick-dorgu/profil/spieler/926952,apify-transfermarkt-global-player-scraper
Senne Lammens,Manchester United,Goalkeeper,23,Belgium,35000000,EUR 35000000,https://www.transfermarkt.com/senne-lammens/profil/spieler/503883,apify-transfermarkt-global-player-scraper
Toby Collyer,Manchester United,Defensive Midfield,22,England,5000000,EUR 5000000,https://www.transfermarkt.com/toby-collyer/profil/spieler/654253,apify-transfermarkt-global-player-scraper
Tom Heaton,Manchester United,Goalkeeper,40,England,100000,EUR 100000,https://www.transfermarkt.com/tom-heaton/profil/spieler/34130,apify-transfermarkt-global-player-scraper
Tyler Fletcher,Manchester United,Central Midfield,19,Scotland; England,1500000,EUR 1500000,https://www.transfermarkt.com/tyler-fletcher/profil/spieler/1049911,apify-transfermarkt-global-player-scraper
Tyler Fredricson,Manchester United,Centre-Back,21,England,3000000,EUR 3000000,https://www.transfermarkt.com/tyler-fredricson/profil/spieler/911424,apify-transfermarkt-global-player-scraper
Jeremy Sarmiento,Middlesbrough FC,Left Winger,24,Ecuador; England,5000000,EUR 5000000,https://www.transfermarkt.com/jeremy-sarmiento/profil/spieler/568005,apify-transfermarkt-global-player-scraper
Alex Murphy,Newcastle United,Left-Back,22,Ireland,1500000,EUR 1500000,https://www.transfermarkt.com/alex-murphy/profil/spieler/900601,apify-transfermarkt-global-player-scraper
Anthony Elanga,Newcastle United,Right Winger,24,Sweden; Cameroon,32000000,EUR 32000000,https://www.transfermarkt.com/anthony-elanga/profil/spieler/583189,apify-transfermarkt-global-player-scraper
Antoñito Cordero,Newcastle United,Left Winger,19,Spain,2000000,EUR 2000000,https://www.transfermarkt.com/antonito-cordero/profil/spieler/1178393,apify-transfermarkt-global-player-scraper
Bruno Guimarães,Newcastle United,Central Midfield,28,Brazil; Spain,70000000,EUR 70000000,https://www.transfermarkt.com/bruno-guimaraes/profil/spieler/520624,apify-transfermarkt-global-player-scraper
Dan Burn,Newcastle United,Centre-Back,34,England,4000000,EUR 4000000,https://www.transfermarkt.com/dan-burn/profil/spieler/134270,apify-transfermarkt-global-player-scraper
Ewen Jaouen,Newcastle United,Goalkeeper,20,France; Germany,12000000,EUR 12000000,https://www.transfermarkt.com/ewen-jaouen/profil/spieler/923757,apify-transfermarkt-global-player-scraper
Fabian Schär,Newcastle United,Centre-Back,34,Switzerland,4000000,EUR 4000000,https://www.transfermarkt.com/fabian-schaer/profil/spieler/135343,apify-transfermarkt-global-player-scraper
Harrison Ashby,Newcastle United,Right-Back,24,Scotland; England,1200000,EUR 1200000,https://www.transfermarkt.com/harrison-ashby/profil/spieler/559130,apify-transfermarkt-global-player-scraper
Harvey Barnes,Newcastle United,Left Winger,28,England; Scotland,32000000,EUR 32000000,https://www.transfermarkt.com/harvey-barnes/profil/spieler/398065,apify-transfermarkt-global-player-scraper
Jacob Murphy,Newcastle United,Right Winger,31,England; Ireland,12000000,EUR 12000000,https://www.transfermarkt.com/jacob-murphy/profil/spieler/199527,apify-transfermarkt-global-player-scraper
Jacob Ramsey,Newcastle United,Central Midfield,25,England,35000000,EUR 35000000,https://www.transfermarkt.com/jacob-ramsey/profil/spieler/503749,apify-transfermarkt-global-player-scraper
Joe White,Newcastle United,Attacking Midfield,23,England,200000,EUR 200000,https://www.transfermarkt.com/joe-white/profil/spieler/614811,apify-transfermarkt-global-player-scraper
Joe Willock,Newcastle United,Central Midfield,26,England; Montserrat,14000000,EUR 14000000,https://www.transfermarkt.com/joe-willock/profil/spieler/340329,apify-transfermarkt-global-player-scraper
Joelinton Cassio Apolinário de Lira,Newcastle United,Central Midfield,29,Brazil,25000000,EUR 25000000,https://www.transfermarkt.com/joelinton/profil/spieler/333241,apify-transfermarkt-global-player-scraper
Lewis Hall,Newcastle United,Left-Back,21,England,40000000,EUR 40000000,https://www.transfermarkt.com/lewis-hall/profil/spieler/670858,apify-transfermarkt-global-player-scraper
Lewis Miley,Newcastle United,Central Midfield,20,England,25000000,EUR 25000000,https://www.transfermarkt.com/lewis-miley/profil/spieler/922769,apify-transfermarkt-global-player-scraper
Malick Thiaw,Newcastle United,Centre-Back,24,Germany; Finland,45000000,EUR 45000000,https://www.transfermarkt.com/malick-thiaw/profil/spieler/521964,apify-transfermarkt-global-player-scraper
Mark Gillespie,Newcastle United,Goalkeeper,34,England,100000,EUR 100000,https://www.transfermarkt.com/mark-gillespie/profil/spieler/142389,apify-transfermarkt-global-player-scraper
Nick Pope,Newcastle United,Goalkeeper,34,England,5000000,EUR 5000000,https://www.transfermarkt.com/nick-pope/profil/spieler/192080,apify-transfermarkt-global-player-scraper
Nick Woltemade,Newcastle United,Centre-Forward,24,Germany,55000000,EUR 55000000,https://www.transfermarkt.com/nick-woltemade/profil/spieler/455661,apify-transfermarkt-global-player-scraper
Sandro Tonali,Newcastle United,Defensive Midfield,26,Italy,80000000,EUR 80000000,https://www.transfermarkt.com/sandro-tonali/profil/spieler/397033,apify-transfermarkt-global-player-scraper
Sven Botman,Newcastle United,Centre-Back,26,Netherlands,35000000,EUR 35000000,https://www.transfermarkt.com/sven-botman/profil/spieler/361093,apify-transfermarkt-global-player-scraper
Tino Livramento,Newcastle United,Right-Back,23,England; Scotland,45000000,EUR 45000000,https://www.transfermarkt.com/tino-livramento/profil/spieler/503981,apify-transfermarkt-global-player-scraper
William Osula,Newcastle United,Centre-Forward,22,Denmark; England,28000000,EUR 28000000,https://www.transfermarkt.com/william-osula/profil/spieler/609556,apify-transfermarkt-global-player-scraper
Yoane Wissa,Newcastle United,Centre-Forward,29,DR Congo; France,25000000,EUR 25000000,https://www.transfermarkt.com/yoane-wissa/profil/spieler/388165,apify-transfermarkt-global-player-scraper
Arnaud Kalimuendo,Nottingham Forest,Centre-Forward,24,France; DR Congo,25000000,EUR 25000000,https://www.transfermarkt.com/arnaud-kalimuendo/profil/spieler/585959,apify-transfermarkt-global-player-scraper
Callum Hudson-Odoi,Nottingham Forest,Left Winger,25,England; Ghana,30000000,EUR 30000000,https://www.transfermarkt.com/callum-hudson-odoi/profil/spieler/392768,apify-transfermarkt-global-player-scraper
Chris Wood,Nottingham Forest,Centre-Forward,34,New Zealand,5000000,EUR 5000000,https://www.transfermarkt.com/chris-wood/profil/spieler/108725,apify-transfermarkt-global-player-scraper
Dan Ndoye,Nottingham Forest,Right Winger,25,Switzerland; Senegal,32000000,EUR 32000000,https://www.transfermarkt.com/dan-ndoye/profil/spieler/365108,apify-transfermarkt-global-player-scraper
Dilane Bakwa,Nottingham Forest,Right Winger,23,France; DR Congo,28000000,EUR 28000000,https://www.transfermarkt.com/dilane-bakwa/profil/spieler/540664,apify-transfermarkt-global-player-scraper
Eric da Silva Moreira,Nottingham Forest,Right-Back,20,Germany; Portugal,800000,EUR 800000,https://www.transfermarkt.com/eric-da-silva-moreira/profil/spieler/897481,apify-transfermarkt-global-player-scraper
Felipe Rodrigues da Silva,Nottingham Forest,Centre-Back,25,Brazil,14000000,EUR 14000000,https://www.transfermarkt.com/morato/profil/spieler/673492,apify-transfermarkt-global-player-scraper
Ibrahim Sangaré,Nottingham Forest,Defensive Midfield,28,Cote d'Ivoire,20000000,EUR 20000000,https://www.transfermarkt.com/ibrahim-sangare/profil/spieler/375885,apify-transfermarkt-global-player-scraper
Igor Jesus Maciel da Cruz,Nottingham Forest,Centre-Forward,25,Brazil; United Arab Emirates,25000000,EUR 25000000,https://www.transfermarkt.com/igor-jesus/profil/spieler/432164,apify-transfermarkt-global-player-scraper
Jair Cunha,Nottingham Forest,Centre-Back,21,Brazil,15000000,EUR 15000000,https://www.transfermarkt.com/jair-cunha/profil/spieler/984096,apify-transfermarkt-global-player-scraper
James McAtee,Nottingham Forest,Attacking Midfield,23,England,18000000,EUR 18000000,https://www.transfermarkt.com/james-mcatee/profil/spieler/583199,apify-transfermarkt-global-player-scraper
João Pedro Ferreira da Silva,Nottingham Forest,Left Winger,26,Portugal,10000000,EUR 10000000,https://www.transfermarkt.com/jota-silva/profil/spieler/663244,apify-transfermarkt-global-player-scraper
John Victor Maciel Furtado,Nottingham Forest,Goalkeeper,30,Brazil; Portugal,5000000,EUR 5000000,https://www.transfermarkt.com/john-victor/profil/spieler/432914,apify-transfermarkt-global-player-scraper
Luca Netz,Nottingham Forest,Left-Back,23,Germany,8000000,EUR 8000000,https://www.transfermarkt.com/luca-netz/profil/spieler/524285,apify-transfermarkt-global-player-scraper
Matz Sels,Nottingham Forest,Goalkeeper,34,Belgium,3500000,EUR 3500000,https://www.transfermarkt.com/matz-sels/profil/spieler/127202,apify-transfermarkt-global-player-scraper
Morgan Gibbs-White,Nottingham Forest,Attacking Midfield,26,England; Jamaica,70000000,EUR 70000000,https://www.transfermarkt.com/morgan-gibbs-white/profil/spieler/429014,apify-transfermarkt-global-player-scraper
Murillo Santiago Costa dos Santos,Nottingham Forest,Centre-Back,24,Brazil,50000000,EUR 50000000,https://www.transfermarkt.com/murillo/profil/spieler/1005649,apify-transfermarkt-global-player-scraper
Neco Williams,Nottingham Forest,Left-Back,25,Wales,28000000,EUR 28000000,https://www.transfermarkt.com/neco-williams/profil/spieler/503680,apify-transfermarkt-global-player-scraper
Nicolás Domínguez,Nottingham Forest,Central Midfield,28,Argentina; Italy,15000000,EUR 15000000,https://www.transfermarkt.com/nicolas-dominguez/profil/spieler/497291,apify-transfermarkt-global-player-scraper
Nicolò Savona,Nottingham Forest,Right-Back,23,Italy,15000000,EUR 15000000,https://www.transfermarkt.com/nicolo-savona/profil/spieler/708072,apify-transfermarkt-global-player-scraper
Nikola Milenković,Nottingham Forest,Centre-Back,28,Serbia,28000000,EUR 28000000,https://www.transfermarkt.com/nikola-milenkovic/profil/spieler/413507,apify-transfermarkt-global-player-scraper
Ola Aina,Nottingham Forest,Right-Back,29,Nigeria; England,18000000,EUR 18000000,https://www.transfermarkt.com/ola-aina/profil/spieler/236490,apify-transfermarkt-global-player-scraper
Omar Richards,Nottingham Forest,Left-Back,28,England; Jamaica,2000000,EUR 2000000,https://www.transfermarkt.com/omar-richards/profil/spieler/424881,apify-transfermarkt-global-player-scraper
Omari Hutchinson,Nottingham Forest,Attacking Midfield,22,England; Jamaica,30000000,EUR 30000000,https://www.transfermarkt.com/omari-hutchinson/profil/spieler/741238,apify-transfermarkt-global-player-scraper
Ryan Yates,Nottingham Forest,Central Midfield,28,England,7000000,EUR 7000000,https://www.transfermarkt.com/ryan-yates/profil/spieler/425902,apify-transfermarkt-global-player-scraper
Taiwo Awoniyi,Nottingham Forest,Centre-Forward,28,Nigeria,8000000,EUR 8000000,https://www.transfermarkt.com/taiwo-awoniyi/profil/spieler/295313,apify-transfermarkt-global-player-scraper
Tyler Bindon,Nottingham Forest,Centre-Back,21,New Zealand; United States,3500000,EUR 3500000,https://www.transfermarkt.com/tyler-bindon/profil/spieler/1007720,apify-transfermarkt-global-player-scraper
Zach Abbott,Nottingham Forest,Centre-Back,20,England,4000000,EUR 4000000,https://www.transfermarkt.com/zach-abbott/profil/spieler/933017,apify-transfermarkt-global-player-scraper
David Carmo,Olympiacos Piraeus,Centre-Back,26,Angola; Portugal,5000000,EUR 5000000,https://www.transfermarkt.com/david-carmo/profil/spieler/498237,apify-transfermarkt-global-player-scraper
Hamed Traoré,Olympique Marseille,Left Winger,26,Cote d'Ivoire,15000000,EUR 15000000,https://www.transfermarkt.com/hamed-traore/profil/spieler/391065,apify-transfermarkt-global-player-scraper
Dan Neil,Rangers FC,Central Midfield,24,England,4500000,EUR 4500000,https://www.transfermarkt.com/dan-neil/profil/spieler/570336,apify-transfermarkt-global-player-scraper
Ivor Pandur,Rangers FC,Goalkeeper,26,Croatia,4500000,EUR 4500000,https://www.transfermarkt.com/ivor-pandur/profil/spieler/371013,apify-transfermarkt-global-player-scraper
Bernardo Silva,Real Madrid,Attacking Midfield,31,Portugal,22000000,EUR 22000000,https://www.transfermarkt.com/bernardo-silva/profil/spieler/241641,apify-transfermarkt-global-player-scraper
Ibrahima Konaté,Real Madrid,Centre-Back,27,France; Mali,45000000,EUR 45000000,https://www.transfermarkt.com/ibrahima-konate/profil/spieler/357119,apify-transfermarkt-global-player-scraper
Marc Cucurella,Real Madrid,Left-Back,27,Spain,50000000,EUR 50000000,https://www.transfermarkt.com/marc-cucurella/profil/spieler/284857,apify-transfermarkt-global-player-scraper
Enzo Barrenechea,SL Benfica,Defensive Midfield,25,Argentina,12000000,EUR 12000000,https://www.transfermarkt.com/enzo-barrenechea/profil/spieler/671915,apify-transfermarkt-global-player-scraper
Rasmus Højlund,SSC Napoli,Centre-Forward,23,Denmark,60000000,EUR 60000000,https://www.transfermarkt.com/rasmus-hoejlund/profil/spieler/610442,apify-transfermarkt-global-player-scraper
Abdoullah Ba,Sunderland AFC,Right Midfield,22,France; Mauritania,1500000,EUR 1500000,https://www.transfermarkt.com/abdoullah-ba/profil/spieler/654412,apify-transfermarkt-global-player-scraper
Ahmed Abdullahi,Sunderland AFC,Centre-Forward,22,Nigeria,800000,EUR 800000,https://www.transfermarkt.com/ahmed-abdullahi/profil/spieler/1015619,apify-transfermarkt-global-player-scraper
Aji Alese,Sunderland AFC,Centre-Back,25,England; Nigeria,700000,EUR 700000,https://www.transfermarkt.com/aji-alese/profil/spieler/502065,apify-transfermarkt-global-player-scraper
Alan Browne,Sunderland AFC,Central Midfield,31,Ireland,2000000,EUR 2000000,https://www.transfermarkt.com/alan-browne/profil/spieler/277697,apify-transfermarkt-global-player-scraper
Anthony Patterson,Sunderland AFC,Goalkeeper,26,England,8000000,EUR 8000000,https://www.transfermarkt.com/anthony-patterson/profil/spieler/475946,apify-transfermarkt-global-player-scraper
Arthur Masuaku,Sunderland AFC,Left-Back,32,DR Congo; France,2000000,EUR 2000000,https://www.transfermarkt.com/arthur-masuaku/profil/spieler/181380,apify-transfermarkt-global-player-scraper
Brian Brobbey,Sunderland AFC,Centre-Forward,24,Netherlands; Ghana,30000000,EUR 30000000,https://www.transfermarkt.com/brian-brobbey/profil/spieler/473169,apify-transfermarkt-global-player-scraper
Chemsdine Talbi,Sunderland AFC,Right Winger,21,Morocco; Belgium,25000000,EUR 25000000,https://www.transfermarkt.com/chemsdine-talbi/profil/spieler/743384,apify-transfermarkt-global-player-scraper
Chris Rigg,Sunderland AFC,Attacking Midfield,19,England,25000000,EUR 25000000,https://www.transfermarkt.com/chris-rigg/profil/spieler/947411,apify-transfermarkt-global-player-scraper
Dan Ballard,Sunderland AFC,Centre-Back,26,Northern Ireland; England,20000000,EUR 20000000,https://www.transfermarkt.com/dan-ballard/profil/spieler/503686,apify-transfermarkt-global-player-scraper
Eliezer Mayenda,Sunderland AFC,Centre-Forward,21,Spain; France,16000000,EUR 16000000,https://www.transfermarkt.com/eliezer-mayenda/profil/spieler/967346,apify-transfermarkt-global-player-scraper
Enzo Le Fée,Sunderland AFC,Central Midfield,26,France,28000000,EUR 28000000,https://www.transfermarkt.com/enzo-le-fee/profil/spieler/633992,apify-transfermarkt-global-player-scraper
Granit Xhaka,Sunderland AFC,Defensive Midfield,33,Switzerland,8000000,EUR 8000000,https://www.transfermarkt.com/granit-xhaka/profil/spieler/111455,apify-transfermarkt-global-player-scraper
Habib Diarra,Sunderland AFC,Central Midfield,22,Senegal; France,35000000,EUR 35000000,https://www.transfermarkt.com/habib-diarra/profil/spieler/876631,apify-transfermarkt-global-player-scraper
Jenson Seelt,Sunderland AFC,Centre-Back,23,Netherlands,5000000,EUR 5000000,https://www.transfermarkt.com/jenson-seelt/profil/spieler/617755,apify-transfermarkt-global-player-scraper
Jocelin Ta Bi,Sunderland AFC,Right Winger,21,Cote d'Ivoire,2500000,EUR 2500000,https://www.transfermarkt.com/jocelin-ta-bi/profil/spieler/1322090,apify-transfermarkt-global-player-scraper
Leo Hjelde,Sunderland AFC,Centre-Back,22,Norway; England,1500000,EUR 1500000,https://www.transfermarkt.com/leo-hjelde/profil/spieler/661208,apify-transfermarkt-global-player-scraper
Luís Semedo,Sunderland AFC,Centre-Forward,22,Portugal; Cape Verde,600000,EUR 600000,https://www.transfermarkt.com/luis-semedo/profil/spieler/840687,apify-transfermarkt-global-player-scraper
Luke O'Nien,Sunderland AFC,Centre-Back,31,England,700000,EUR 700000,https://www.transfermarkt.com/luke-o-nien/profil/spieler/282939,apify-transfermarkt-global-player-scraper
Melker Ellborg,Sunderland AFC,Goalkeeper,23,Sweden,3000000,EUR 3000000,https://www.transfermarkt.com/melker-ellborg/profil/spieler/605426,apify-transfermarkt-global-player-scraper
Nilson Angulo,Sunderland AFC,Left Winger,23,Ecuador,17000000,EUR 17000000,https://www.transfermarkt.com/nilson-angulo/profil/spieler/903611,apify-transfermarkt-global-player-scraper
Noah Sadiki,Sunderland AFC,Central Midfield,21,DR Congo; Belgium,35000000,EUR 35000000,https://www.transfermarkt.com/noah-sadiki/profil/spieler/727089,apify-transfermarkt-global-player-scraper
Nordi Mukiele,Sunderland AFC,Right-Back,28,France; DR Congo,16000000,EUR 16000000,https://www.transfermarkt.com/nordi-mukiele/profil/spieler/348026,apify-transfermarkt-global-player-scraper
Omar Alderete,Sunderland AFC,Centre-Back,29,Paraguay,13000000,EUR 13000000,https://www.transfermarkt.com/omar-alderete/profil/spieler/353032,apify-transfermarkt-global-player-scraper
Reinildo Mandava,Sunderland AFC,Left-Back,32,Mozambique,4000000,EUR 4000000,https://www.transfermarkt.com/reinildo-mandava/profil/spieler/240692,apify-transfermarkt-global-player-scraper
Robin Roefs,Sunderland AFC,Goalkeeper,23,Netherlands,28000000,EUR 28000000,https://www.transfermarkt.com/robin-roefs/profil/spieler/646991,apify-transfermarkt-global-player-scraper
Romaine Mundle,Sunderland AFC,Left Winger,23,England; Jamaica,7000000,EUR 7000000,https://www.transfermarkt.com/romaine-mundle/profil/spieler/696181,apify-transfermarkt-global-player-scraper
Simon Adingra,Sunderland AFC,Left Winger,24,Cote d'Ivoire,22000000,EUR 22000000,https://www.transfermarkt.com/simon-adingra/profil/spieler/658536,apify-transfermarkt-global-player-scraper
Simon Moore,Sunderland AFC,Goalkeeper,36,England,75000,EUR 75000,https://www.transfermarkt.com/simon-moore/profil/spieler/123536,apify-transfermarkt-global-player-scraper
Timothée Pembélé,Sunderland AFC,Right-Back,23,France; DR Congo,1800000,EUR 1800000,https://www.transfermarkt.com/timothee-pembele/profil/spieler/538998,apify-transfermarkt-global-player-scraper
Trai Hume,Sunderland AFC,Right-Back,24,Northern Ireland,22000000,EUR 22000000,https://www.transfermarkt.com/trai-hume/profil/spieler/515544,apify-transfermarkt-global-player-scraper
Wilson Isidor,Sunderland AFC,Centre-Forward,25,Haiti; France,18000000,EUR 18000000,https://www.transfermarkt.com/wilson-isidor/profil/spieler/494237,apify-transfermarkt-global-player-scraper
Karl Hein,SV Werder Bremen,Goalkeeper,24,Estonia,3000000,EUR 3000000,https://www.transfermarkt.com/karl-hein/profil/spieler/493513,apify-transfermarkt-global-player-scraper
Alfie Devine,Tottenham Hotspur,Attacking Midfield,21,England,8000000,EUR 8000000,https://www.transfermarkt.com/alfie-devine/profil/spieler/728734,apify-transfermarkt-global-player-scraper
Andrew Robertson,Tottenham Hotspur,Left-Back,32,Scotland,7000000,EUR 7000000,https://www.transfermarkt.com/andrew-robertson/profil/spieler/234803,apify-transfermarkt-global-player-scraper
Antonín Kinský,Tottenham Hotspur,Goalkeeper,23,Czech Republic,15000000,EUR 15000000,https://www.transfermarkt.com/antonin-kinsky/profil/spieler/725912,apify-transfermarkt-global-player-scraper
Archie Gray,Tottenham Hotspur,Central Midfield,20,England; Scotland,35000000,EUR 35000000,https://www.transfermarkt.com/archie-gray/profil/spieler/922693,apify-transfermarkt-global-player-scraper
Ashley Phillips,Tottenham Hotspur,Centre-Back,21,England; Wales,7000000,EUR 7000000,https://www.transfermarkt.com/ashley-phillips/profil/spieler/859951,apify-transfermarkt-global-player-scraper
Ben Davies,Tottenham Hotspur,Centre-Back,33,Wales,3000000,EUR 3000000,https://www.transfermarkt.com/ben-davies/profil/spieler/192765,apify-transfermarkt-global-player-scraper
Brandon Austin,Tottenham Hotspur,Goalkeeper,27,England; United States,500000,EUR 500000,https://www.transfermarkt.com/brandon-austin/profil/spieler/428016,apify-transfermarkt-global-player-scraper
Conor Gallagher,Tottenham Hotspur,Central Midfield,26,England,32000000,EUR 32000000,https://www.transfermarkt.com/conor-gallagher/profil/spieler/488362,apify-transfermarkt-global-player-scraper
Cristian Romero,Tottenham Hotspur,Centre-Back,28,Argentina,45000000,EUR 45000000,https://www.transfermarkt.com/cristian-romero/profil/spieler/355915,apify-transfermarkt-global-player-scraper
Dane Scarlett,Tottenham Hotspur,Centre-Forward,22,England; Jamaica,1500000,EUR 1500000,https://www.transfermarkt.com/dane-scarlett/profil/spieler/670883,apify-transfermarkt-global-player-scraper
Dejan Kulusevski,Tottenham Hotspur,Attacking Midfield,26,Sweden; North Macedonia,17000000,EUR 17000000,https://www.transfermarkt.com/dejan-kulusevski/profil/spieler/431755,apify-transfermarkt-global-player-scraper
Destiny Udogie,Tottenham Hotspur,Left-Back,23,Italy; Nigeria,30000000,EUR 30000000,https://www.transfermarkt.com/destiny-udogie/profil/spieler/556385,apify-transfermarkt-global-player-scraper
Djed Spence,Tottenham Hotspur,Left-Back,25,England; Jamaica,30000000,EUR 30000000,https://www.transfermarkt.com/djed-spence/profil/spieler/483348,apify-transfermarkt-global-player-scraper
Dominic Solanke,Tottenham Hotspur,Centre-Forward,28,England; Nigeria,28000000,EUR 28000000,https://www.transfermarkt.com/dominic-solanke/profil/spieler/258889,apify-transfermarkt-global-player-scraper
Guglielmo Vicario,Tottenham Hotspur,Goalkeeper,29,Italy,18000000,EUR 18000000,https://www.transfermarkt.com/guglielmo-vicario/profil/spieler/286047,apify-transfermarkt-global-player-scraper
James Maddison,Tottenham Hotspur,Attacking Midfield,29,England; Ireland,20000000,EUR 20000000,https://www.transfermarkt.com/james-maddison/profil/spieler/294057,apify-transfermarkt-global-player-scraper
Jan Paul van Hecke,Tottenham Hotspur,Centre-Back,26,Netherlands,45000000,EUR 45000000,https://www.transfermarkt.com/jan-paul-van-hecke/profil/spieler/576314,apify-transfermarkt-global-player-scraper
João Victor de Souza Menezes,Tottenham Hotspur,Left-Back,20,Brazil,12000000,EUR 12000000,https://www.transfermarkt.com/souza/profil/spieler/1086258,apify-transfermarkt-global-player-scraper
Kevin Danso,Tottenham Hotspur,Centre-Back,27,Austria,20000000,EUR 20000000,https://www.transfermarkt.com/kevin-danso/profil/spieler/263236,apify-transfermarkt-global-player-scraper
Kota Takai,Tottenham Hotspur,Centre-Back,21,Japan,5000000,EUR 5000000,https://www.transfermarkt.com/kota-takai/profil/spieler/671108,apify-transfermarkt-global-player-scraper
Lucas Bergvall,Tottenham Hotspur,Central Midfield,20,Sweden,35000000,EUR 35000000,https://www.transfermarkt.com/lucas-bergvall/profil/spieler/866246,apify-transfermarkt-global-player-scraper
Luka Vuskovic,Tottenham Hotspur,Centre-Back,19,Croatia,60000000,EUR 60000000,https://www.transfermarkt.com/luka-vuskovic/profil/spieler/892160,apify-transfermarkt-global-player-scraper
Manor Solomon,Tottenham Hotspur,Left Winger,26,Israel; Portugal,8000000,EUR 8000000,https://www.transfermarkt.com/manor-solomon/profil/spieler/396638,apify-transfermarkt-global-player-scraper
Marcos Senesi,Tottenham Hotspur,Centre-Back,29,Argentina; Italy,25000000,EUR 25000000,https://www.transfermarkt.com/marcos-senesi/profil/spieler/469781,apify-transfermarkt-global-player-scraper
Martin Dúbravka,Tottenham Hotspur,Goalkeeper,37,Slovakia,500000,EUR 500000,https://www.transfermarkt.com/martin-dubravka/profil/spieler/74960,apify-transfermarkt-global-player-scraper
Mateus Fernandes,Tottenham Hotspur,Central Midfield,21,Portugal,50000000,EUR 50000000,https://www.transfermarkt.com/mateus-fernandes/profil/spieler/880245,apify-transfermarkt-global-player-scraper
Mathys Tel,Tottenham Hotspur,Centre-Forward,21,France; Guadeloupe,22000000,EUR 22000000,https://www.transfermarkt.com/mathys-tel/profil/spieler/801734,apify-transfermarkt-global-player-scraper
Micky van de Ven,Tottenham Hotspur,Centre-Back,25,Netherlands,50000000,EUR 50000000,https://www.transfermarkt.com/micky-van-de-ven/profil/spieler/557459,apify-transfermarkt-global-player-scraper
Mikey Moore,Tottenham Hotspur,Left Winger,18,England; Wales,18000000,EUR 18000000,https://www.transfermarkt.com/mikey-moore/profil/spieler/1011147,apify-transfermarkt-global-player-scraper
Min-hyeok Yang,Tottenham Hotspur,Right Winger,20,"Korea, South",3000000,EUR 3000000,https://www.transfermarkt.com/min-hyeok-yang/profil/spieler/1004327,apify-transfermarkt-global-player-scraper
Mohammed Kudus,Tottenham Hotspur,Right Winger,25,Ghana,50000000,EUR 50000000,https://www.transfermarkt.com/mohammed-kudus/profil/spieler/543499,apify-transfermarkt-global-player-scraper
Pape Matar Sarr,Tottenham Hotspur,Central Midfield,23,Senegal,30000000,EUR 30000000,https://www.transfermarkt.com/pape-matar-sarr/profil/spieler/568693,apify-transfermarkt-global-player-scraper
Pedro Porro,Tottenham Hotspur,Right-Back,26,Spain,35000000,EUR 35000000,https://www.transfermarkt.com/pedro-porro/profil/spieler/553875,apify-transfermarkt-global-player-scraper
Radu Drăgușin,Tottenham Hotspur,Centre-Back,24,Romania,16000000,EUR 16000000,https://www.transfermarkt.com/radu-dragusin/profil/spieler/568559,apify-transfermarkt-global-player-scraper
Richarlison de Andrade,Tottenham Hotspur,Centre-Forward,29,Brazil,25000000,EUR 25000000,https://www.transfermarkt.com/richarlison/profil/spieler/378710,apify-transfermarkt-global-player-scraper
Rodrigo Bentancur,Tottenham Hotspur,Defensive Midfield,29,Uruguay,20000000,EUR 20000000,https://www.transfermarkt.com/rodrigo-bentancur/profil/spieler/354362,apify-transfermarkt-global-player-scraper
Wilson Odobert,Tottenham Hotspur,Left Winger,21,France; Martinique,18000000,EUR 18000000,https://www.transfermarkt.com/wilson-odobert/profil/spieler/743498,apify-transfermarkt-global-player-scraper
Xavi Simons,Tottenham Hotspur,Attacking Midfield,23,Netherlands; Suriname,40000000,EUR 40000000,https://www.transfermarkt.com/xavi-simons/profil/spieler/566931,apify-transfermarkt-global-player-scraper
Arijanet Murić,US Sassuolo,Goalkeeper,27,Kosovo; Montenegro,7500000,EUR 7500000,https://www.transfermarkt.com/arijanet-muric/profil/spieler/371021,apify-transfermarkt-global-player-scraper
Adam Webster,Without Club,Centre-Back,31,England,3000000,EUR 3000000,https://www.transfermarkt.com/adam-webster/profil/spieler/212847,apify-transfermarkt-global-player-scraper
Angus Gunn,Without Club,Goalkeeper,30,Scotland; England,1000000,EUR 1000000,https://www.transfermarkt.com/angus-gunn/profil/spieler/201574,apify-transfermarkt-global-player-scraper
Bertrand Traoré,Without Club,Right Winger,30,Burkina Faso,4000000,EUR 4000000,https://www.transfermarkt.com/bertrand-traore/profil/spieler/131996,apify-transfermarkt-global-player-scraper
Brad Collins,Without Club,Goalkeeper,29,England,900000,EUR 900000,https://www.transfermarkt.com/brad-collins/profil/spieler/258914,apify-transfermarkt-global-player-scraper
Carlos Henrique Casimiro,Without Club,Defensive Midfield,34,Brazil; Spain,6000000,EUR 6000000,https://www.transfermarkt.com/casemiro/profil/spieler/16306,apify-transfermarkt-global-player-scraper
Conor Chaplin,Without Club,Second Striker,29,England,2200000,EUR 2200000,https://www.transfermarkt.com/conor-chaplin/profil/spieler/349503,apify-transfermarkt-global-player-scraper
Conor Townsend,Without Club,Left-Back,33,England,350000,EUR 350000,https://www.transfermarkt.com/conor-townsend/profil/spieler/146509,apify-transfermarkt-global-player-scraper
Daichi Kamada,Without Club,Attacking Midfield,29,Japan,10000000,EUR 10000000,https://www.transfermarkt.com/daichi-kamada/profil/spieler/356141,apify-transfermarkt-global-player-scraper
Dennis Cirkin,Without Club,Left-Back,24,Latvia; England,6000000,EUR 6000000,https://www.transfermarkt.com/dennis-cirkin/profil/spieler/568006,apify-transfermarkt-global-player-scraper
Emil Krafth,Without Club,Right-Back,31,Sweden,750000,EUR 750000,https://www.transfermarkt.com/emil-krafth/profil/spieler/184528,apify-transfermarkt-global-player-scraper
Harry Wilson,Without Club,Right Winger,29,Wales; England,25000000,EUR 25000000,https://www.transfermarkt.com/harry-wilson/profil/spieler/279455,apify-transfermarkt-global-player-scraper
Idrissa Gueye,Without Club,Defensive Midfield,36,Senegal,500000,EUR 500000,https://www.transfermarkt.com/idrissa-gueye/profil/spieler/126665,apify-transfermarkt-global-player-scraper
Illan Meslier,Without Club,Goalkeeper,26,France,8000000,EUR 8000000,https://www.transfermarkt.com/illan-meslier/profil/spieler/542586,apify-transfermarkt-global-player-scraper
Jadon Sancho,Without Club,Left Winger,26,England; Jamaica,18000000,EUR 18000000,https://www.transfermarkt.com/jadon-sancho/profil/spieler/401173,apify-transfermarkt-global-player-scraper
Jamie Allen,Without Club,Central Midfield,31,England,500000,EUR 500000,https://www.transfermarkt.com/jamie-allen/profil/spieler/257727,apify-transfermarkt-global-player-scraper
Joël Veltman,Without Club,Right-Back,34,Netherlands,1500000,EUR 1500000,https://www.transfermarkt.com/joel-veltman/profil/spieler/111195,apify-transfermarkt-global-player-scraper
John Ruddy,Without Club,Goalkeeper,39,England,100000,EUR 100000,https://www.transfermarkt.com/john-ruddy/profil/spieler/29712,apify-transfermarkt-global-player-scraper
John Stones,Without Club,Centre-Back,32,England,12000000,EUR 12000000,https://www.transfermarkt.com/john-stones/profil/spieler/186590,apify-transfermarkt-global-player-scraper
Matt Targett,Without Club,Left-Back,30,England; Scotland,3000000,EUR 3000000,https://www.transfermarkt.com/matt-targett/profil/spieler/250478,apify-transfermarkt-global-player-scraper
Mohamed Salah,Without Club,Right Winger,34,Egypt,22000000,EUR 22000000,https://www.transfermarkt.com/mohamed-salah/profil/spieler/148455,apify-transfermarkt-global-player-scraper
Niall Huggins,Without Club,Right-Back,25,Wales; England,600000,EUR 600000,https://www.transfermarkt.com/niall-huggins/profil/spieler/559801,apify-transfermarkt-global-player-scraper
Rhys Williams,Without Club,Centre-Back,25,England; Jamaica,500000,EUR 500000,https://www.transfermarkt.com/rhys-williams/profil/spieler/503679,apify-transfermarkt-global-player-scraper
Ryan Trevitt,Without Club,Central Midfield,23,England,275000,EUR 275000,https://www.transfermarkt.com/ryan-trevitt/profil/spieler/874538,apify-transfermarkt-global-player-scraper
Séamus Coleman,Without Club,Right-Back,37,Ireland,200000,EUR 200000,https://www.transfermarkt.com/seamus-coleman/profil/spieler/68390,apify-transfermarkt-global-player-scraper
Solly March,Without Club,Right Winger,31,England,1000000,EUR 1000000,https://www.transfermarkt.com/solly-march/profil/spieler/209212,apify-transfermarkt-global-player-scraper
Stefan Ortega,Without Club,Goalkeeper,33,Germany; Spain,4000000,EUR 4000000,https://www.transfermarkt.com/stefan-ortega/profil/spieler/85941,apify-transfermarkt-global-player-scraper
Steven Benda,Without Club,Goalkeeper,27,Germany,1000000,EUR 1000000,https://www.transfermarkt.com/steven-benda/profil/spieler/381469,apify-transfermarkt-global-player-scraper
Tyler Onyango,Without Club,Central Midfield,23,England; Kenya,350000,EUR 350000,https://www.transfermarkt.com/tyler-onyango/profil/spieler/663225,apify-transfermarkt-global-player-scraper
Tyrell Malacia,Without Club,Left-Back,26,Netherlands; Curacao,4000000,EUR 4000000,https://www.transfermarkt.com/tyrell-malacia/profil/spieler/339340,apify-transfermarkt-global-player-scraper
Willy Boly,Without Club,Centre-Back,35,Cote d'Ivoire; France,300000,EUR 300000,https://www.transfermarkt.com/willy-boly/profil/spieler/142310,apify-transfermarkt-global-player-scraper
Yves Bissouma,Without Club,Defensive Midfield,29,Mali; Cote d'Ivoire,10000000,EUR 10000000,https://www.transfermarkt.com/yves-bissouma/profil/spieler/410425,apify-transfermarkt-global-player-scraper
Kieran Trippier,Wolverhampton Wanderers,Right-Back,35,England,1500000,EUR 1500000,https://www.transfermarkt.com/kieran-trippier/profil/spieler/95810,apify-transfermarkt-global-player-scraper
Raúl Jiménez,Wolverhampton Wanderers,Centre-Forward,35,Mexico,3000000,EUR 3000000,https://www.transfermarkt.com/raul-jimenez/profil/spieler/206040,apify-transfermarkt-global-player-scraper
