tbg_player_id,transfermarkt_id,display_name,full_name,short_name,aliases,nickname,age,status,nationality,position,position_group,current_club,current_competition_code,market_value_eur,tbg_rating,underlying_ability_rating,effective_match_rating,current_state_total_modifier,smw_equivalent_rating,rating_band,assignment_status,tbg_club_name,profile_url
tbg-tm-01458004,1458004,Benji Flowers,Benjamin Flowers,B. Flowers,B. Flowers,,15,active,United States; Mexico,Left Winger,ATT,FC Dallas,MLS1,0,79,79,79,0,79,development,unsigned,,https://www.transfermarkt.com/benji-flowers/profil/spieler/1458004
tbg-tm-01581401,1581401,Hasan Yağız Döne,Hasan Yağız Döne,H. Döne,H. Döne,,15,active,Türkiye,Goalkeeper,GK,Caykur Rizespor,TR1,0,79,79,79,0,79,development,unsigned,,https://www.transfermarkt.com/hasan-yagiz-doene/profil/spieler/1581401
tbg-tm-01476132,1476132,Marc Santos,Marc Santos Gavilán,Marc Santos,Marc Santos,,15,active,Spain,Left-Back,DEF,Levante UD,ES1,0,79,79,79,0,79,development,unsigned,,https://www.transfermarkt.com/marc-santos/profil/spieler/1476132
tbg-tm-01241473,1241473,Matthew Arana,Matthew Arana Ibarra,M. Arana,M. Arana,,15,active,Mexico; United States,Central Midfield,MID,Houston Dynamo FC,MLS1,0,79,79,79,0,79,development,unsigned,,https://www.transfermarkt.com/matthew-arana/profil/spieler/1241473
tbg-tm-01460961,1460961,Jorge Domínguez,Jorge Domínguez Lituba,J. Domínguez,J. Domínguez,,16,active,Spain; Congo,Centre-Back,DEF,Atlético Madrileño,E3G2,8000000,83,83,83,0,83,development,unsigned,,https://www.transfermarkt.com/jorge-dominguez/profil/spieler/1460961
tbg-tm-01009732,1009732,Cavan Sullivan,Cavan Ayaz Sullivan,C. Sullivan,C. Sullivan,,16,active,United States; Germany,Attacking Midfield,MID,Philadelphia Union,MLS1,4500000,83,83,83,0,83,development,unsigned,,https://www.transfermarkt.com/cavan-sullivan/profil/spieler/1009732
tbg-tm-01350478,1350478,Federico Croci,Federico Croci,F. Croci,F. Croci,,16,active,Italy,Left Winger,ATT,ACF Fiorentina,IT1,3000000,82,82,82,0,82,development,unsigned,,https://www.transfermarkt.com/federico-croci/profil/spieler/1350478
tbg-tm-01232104,1232104,Elie Mbavu,Elie Mbavu,Elie Mbavu,Elie Mbavu,,16,active,Belgium,Centre-Back,DEF,KRC Genk,BE1,1500000,82,82,82,0,82,development,unsigned,,https://www.transfermarkt.com/elie-mbavu/profil/spieler/1232104
tbg-tm-01347762,1347762,Jadiel Pereira da Gama,Jadiel Pereira da Gama,J. Pereira da Gama,J. Pereira da Gama,,16,active,Netherlands; Angola,Defensive Midfield,DEF,PEC Zwolle,NL1,1500000,82,82,82,0,82,development,unsigned,,https://www.transfermarkt.com/jadiel-pereira-da-gama/profil/spieler/1347762
tbg-tm-01378338,1378338,Linus Güther,Linus Güther,L. Güther,L. Güther,,16,active,Germany,Left Winger,ATT,1.FC Union Berlin,L1,1000000,81,81,81,0,81,development,unsigned,,https://www.transfermarkt.com/linus-guether/profil/spieler/1378338
tbg-tm-01297674,1297674,Mezian Mesloub,Mezian Mesloub Soares,M. Mesloub,M. Mesloub,,16,active,Portugal; France,Central Midfield,MID,RC Lens,FR1,500000,81,81,81,0,81,development,unsigned,,https://www.transfermarkt.com/mezian-mesloub/profil/spieler/1297674
tbg-tm-01294853,1294853,Louis Lemke,Louis Pepe Lemke,Louis Lemke,Louis Lemke,,16,active,Germany,Left-Back,DEF,Hamburger SV II,RLN3,300000,81,81,81,0,81,development,unsigned,,https://www.transfermarkt.com/louis-lemke/profil/spieler/1294853
tbg-tm-01437503,1437503,Ayaz Özcan,Furkan Ayaz Özcan,Ayaz Özcan,Ayaz Özcan,,16,active,Türkiye,Centre-Forward,ATT,Genclerbirligi Ankara,TR1,50000,80,80,80,0,80,development,unsigned,,https://www.transfermarkt.com/ayaz-oezcan/profil/spieler/1437503
tbg-tm-01405490,1405490,Christos Gitonas,Χρήστος Γείτονας,C. Gitonas,C. Gitonas,,16,active,Greece,Goalkeeper,GK,Panathinaikos,GR1,0,80,80,80,0,80,development,unsigned,,https://www.transfermarkt.com/christos-gitonas/profil/spieler/1405490
tbg-tm-01347138,1347138,Emir Gündoğdu,Emir Gündoğdu,E. Gündoğdu,E. Gündoğdu,,16,active,Türkiye,Goalkeeper,GK,Konyaspor,TR1,0,80,80,80,0,80,development,unsigned,,https://www.transfermarkt.com/emir-guendogdu/profil/spieler/1347138
tbg-tm-01244507,1244507,Kamil Castillo,Kamil Efraím Castillo Reynoso,K. Castillo,K. Castillo,,16,active,Dominican Republic; United States,Central Midfield,MID,D.C. United,MLS1,0,79,79,79,0,79,development,unsigned,,https://www.transfermarkt.com/kamil-castillo/profil/spieler/1244507
tbg-tm-01458009,1458009,Oscar Avilez,Oscar Avilez,O. Avilez,O. Avilez,,16,active,United States; Honduras,Left Winger,ATT,D.C. United,MLS1,0,79,79,79,0,79,development,unsigned,,https://www.transfermarkt.com/oscar-avilez/profil/spieler/1458009
tbg-tm-01193854,1193854,Robert Turdean,Robert Stefan Turdean,R. Turdean,R. Turdean,,16,active,United States; Romania,Attacking Midfield,MID,Chicago Fire FC,MLS1,0,79,79,79,0,79,development,unsigned,,https://www.transfermarkt.com/robert-turdean/profil/spieler/1193854
tbg-tm-01070979,1070979,Wael Mohya,Wael Mohya,Wael Mohya,Wael Mohya,,17,active,Germany; Morocco,Attacking Midfield,MID,Borussia Mönchengladbach,L1,17000000,85,85,85,0,85,senior_squad,unsigned,,https://www.transfermarkt.com/wael-mohya/profil/spieler/1070979
tbg-tm-01245948,1245948,Jeremy Monga,Jeremy Ngola Monga,J. Monga,J. Monga,,17,active,England; Zambia,Left Winger,ATT,Manchester City,GB1,15000000,85,85,85,0,85,senior_squad,unsigned,,https://www.transfermarkt.com/jeremy-monga/profil/spieler/1245948
tbg-tm-01226357,1226357,Brian Madjo,Brian Djomeni Madjo,Brian Madjo,Brian Madjo,,17,active,England; Luxembourg,Centre-Forward,ATT,Aston Villa,GB1,12000000,84,84,84,0,84,senior_squad,unsigned,,https://www.transfermarkt.com/brian-madjo/profil/spieler/1226357
tbg-tm-01193844,1193844,Adri Mehmeti,Adri Mehmeti,A. Mehmeti,A. Mehmeti,,17,active,United States; Albania,Central Midfield,MID,Red Bull New York,MLS1,6000000,83,83,83,0,83,development,unsigned,,https://www.transfermarkt.com/adri-mehmeti/profil/spieler/1193844
tbg-tm-01073625,1073625,Aleksa Damjanovic,Алекса Дамјановић,A. Damjanovic,A. Damjanovic,,17,active,Serbia; Austria,Centre-Forward,ATT,Bayer 04 Leverkusen,L1,5000000,83,83,83,0,83,development,unsigned,,https://www.transfermarkt.com/aleksa-damjanovic/profil/spieler/1073625
tbg-tm-01263687,1263687,Moncef Zekri,منصف زيكري,M. Zekri,M. Zekri,,17,active,Morocco; Belgium,Left-Back,DEF,KV Mechelen,BE1,4000000,83,83,83,0,83,development,unsigned,,https://www.transfermarkt.com/moncef-zekri/profil/spieler/1263687
tbg-tm-01228317,1228317,Stephan Zagadou,Stephan Zagadou,S. Zagadou,S. Zagadou,,17,active,France; Cote d'Ivoire,Centre-Back,DEF,Le Havre AC,FR1,4000000,83,83,83,0,83,development,unsigned,,https://www.transfermarkt.com/stephan-zagadou/profil/spieler/1228317
tbg-tm-01453066,1453066,Carlos Macià,Carlos Macià Coves,C. Macià,C. Macià,,17,active,Spain,Central Midfield,MID,Villarreal CF,ES1,3000000,82,82,82,0,82,development,unsigned,,https://www.transfermarkt.com/carlos-macia/profil/spieler/1453066
tbg-tm-01264666,1264666,Xander Dierckx,Xander Dierckx,X. Dierckx,X. Dierckx,,17,active,Belgium,Central Midfield,MID,Royal Antwerp FC,BE1,3000000,82,82,82,0,82,development,unsigned,,https://www.transfermarkt.com/xander-dierckx/profil/spieler/1264666
tbg-tm-01193794,1193794,Saba Kharebashvili,საბა ხარებაშვილი,S. Kharebashvili,S. Kharebashvili,,17,active,Georgia,Left-Back,DEF,Basaksehir FK,TR1,2500000,82,82,82,0,82,development,unsigned,,https://www.transfermarkt.com/saba-kharebashvili/profil/spieler/1193794
tbg-tm-01184726,1184726,August De Wannemacker,August Jan De Wannemacker,A. De Wannemacker,A. De Wannemacker,,17,active,Belgium,Central Midfield,MID,KRC Genk,BE1,2000000,82,82,82,0,82,development,unsigned,,https://www.transfermarkt.com/august-de-wannemacker/profil/spieler/1184726
tbg-tm-01194905,1194905,Abdellah Ouazane,عبد الله وزان,A. Ouazane,A. Ouazane,,17,active,Morocco; Netherlands,Attacking Midfield,MID,Ajax Amsterdam,NL1,1500000,82,82,82,0,82,development,unsigned,,https://www.transfermarkt.com/abdellah-ouazane/profil/spieler/1194905
tbg-tm-01210116,1210116,Abdoulaye Camara,Abdoulaye Camara,A. Camara,A. Camara,,17,active,France; Guinea,Defensive Midfield,DEF,Udinese Calcio,IT1,1500000,82,82,82,0,82,development,unsigned,,https://www.transfermarkt.com/abdoulaye-camara/profil/spieler/1210116
tbg-tm-01232103,1232103,Joshua Nga Kana,Joshua-Williame Nga Kana,J. Nga Kana,J. Nga Kana,,17,active,Belgium,Right Winger,ATT,RSC Anderlecht,BE1,1200000,81,81,81,0,81,development,unsigned,,https://www.transfermarkt.com/joshua-nga-kana/profil/spieler/1232103
tbg-tm-01208968,1208968,Djibril Coulibaly,Djibril Coulibaly,D. Coulibaly,D. Coulibaly,,17,active,France; Mali,Central Midfield,MID,OGC Nice,FR1,1000000,82,82,82,0,82,development,unsigned,,https://www.transfermarkt.com/djibril-coulibaly/profil/spieler/1208968
tbg-tm-01232106,1232106,Jayden Onia Seke,Jayden Onia Seke,J. Onia Seke,J. Onia Seke,,17,active,Belgium,Right Winger,ATT,RSC Anderlecht,BE1,1000000,81,81,81,0,81,development,unsigned,,https://www.transfermarkt.com/jayden-onia-seke/profil/spieler/1232106
tbg-tm-01380977,1380977,Samba Konaté,Samba Konaté,S. Konaté,S. Konaté,,17,active,France; Senegal,Centre-Forward,ATT,RB Leipzig U19,19D3,1000000,81,81,81,0,81,development,unsigned,,https://www.transfermarkt.com/samba-konate/profil/spieler/1380977
tbg-tm-01297520,1297520,Ertugrul Yigit,Ertugrul Yigit,E. Yigit,E. Yigit,,17,active,Germany; Türkiye,Central Midfield,MID,VfB Stuttgart,L1,750000,81,81,81,0,81,development,unsigned,,https://www.transfermarkt.com/ertugrul-yigit/profil/spieler/1297520
tbg-tm-01334900,1334900,Gianluca Okon-Engstler,Gianluca Tommaso	Okon-Engstler,G. Okon-Engstler,G. Okon-Engstler,,17,active,Italy; Australia,Defensive Midfield,DEF,Club Brugge KV,BE1,400000,81,81,81,0,81,development,unsigned,,https://www.transfermarkt.com/gianluca-okon-engstler/profil/spieler/1334900
tbg-tm-01334905,1334905,Akol Akon,Akol Akon,Akol Akon,Akol Akon,,17,active,Australia; Southern Sudan,Right Winger,ATT,Sydney FC,AUS1,350000,81,81,81,0,81,development,unsigned,,https://www.transfermarkt.com/akol-akon/profil/spieler/1334905
tbg-tm-01315993,1315993,Malik Jakupović,Malik Jakupović,M. Jakupović,M. Jakupović,,17,active,United States; Bosnia-Herzegovina,Centre-Forward,ATT,Philadelphia Union,MLS1,300000,81,81,81,0,81,development,unsigned,,https://www.transfermarkt.com/malik-jakupovic/profil/spieler/1315993
tbg-tm-01371830,1371830,Nacho Pérez,Nacho Pérez Gómez,Nacho Pérez,Nacho Pérez,,17,active,Spain,Right-Back,DEF,Levante UD,ES1,300000,81,81,81,0,81,development,unsigned,,https://www.transfermarkt.com/nacho-perez/profil/spieler/1371830
tbg-tm-01223297,1223297,Bilal Demirağ,Bilal Demirağ,B. Demirağ,B. Demirağ,,17,active,Türkiye,Centre-Back,DEF,Alanyaspor,TR1,250000,81,81,81,0,81,development,unsigned,,https://www.transfermarkt.com/bilal-demirag/profil/spieler/1223297
tbg-tm-01311594,1311594,Enzo dos Santos,Enzo de Pina Duarte dos Santos,E. dos Santos,E. dos Santos,,17,active,Luxembourg; Cape Verde,Central Midfield,MID,Borussia Dortmund,L1,250000,81,81,81,0,81,development,unsigned,,https://www.transfermarkt.com/enzo-dos-santos/profil/spieler/1311594
tbg-tm-01056807,1056807,Gustavo Caraballo,Gustavo Andres Caraballo Delgado,G. Caraballo,G. Caraballo,,17,active,Venezuela,Right Winger,ATT,Orlando City SC,MLS1,250000,81,81,81,0,81,development,unsigned,,https://www.transfermarkt.com/gustavo-caraballo/profil/spieler/1056807
tbg-tm-01231931,1231931,Mattis Seghers,Mattis Seghers,M. Seghers,M. Seghers,,17,active,Belgium,Goalkeeper,GK,RSC Anderlecht,BE1,200000,82,82,82,0,82,development,unsigned,,https://www.transfermarkt.com/mattis-seghers/profil/spieler/1231931
tbg-tm-01141179,1141179,Mussa Kaba,Mussa Kaba,Mussa Kaba,Mussa Kaba,,17,active,Germany; Guinea,Defensive Midfield,DEF,Borussia Dortmund,L1,200000,81,81,81,0,81,development,unsigned,,https://www.transfermarkt.com/mussa-kaba/profil/spieler/1141179
tbg-tm-01231353,1231353,Bas Evers,Bas Evers,Bas Evers,Bas Evers,,17,active,Belgium,Goalkeeper,GK,KAA Gent,BE1,100000,81,81,81,0,81,development,unsigned,,https://www.transfermarkt.com/bas-evers/profil/spieler/1231353
tbg-tm-01186346,1186346,Ademar Chávez,Alfredo Ademar Chávez López,A. Chávez,A. Chávez,,17,active,Mexico; United States,Attacking Midfield,MID,FC Cincinnati,MLS1,50000,81,81,81,0,81,development,unsigned,,https://www.transfermarkt.com/ademar-chavez/profil/spieler/1186346
tbg-tm-01223318,1223318,Ata Yanık,Ata Yanık,Ata Yanık,Ata Yanık,,17,active,Türkiye,Centre-Back,DEF,Konyaspor,TR1,50000,81,81,81,0,81,development,unsigned,,https://www.transfermarkt.com/ata-yanik/profil/spieler/1223318
tbg-tm-01474871,1474871,Muhammet Akmelek,Muhammet Akmelek,M. Akmelek,M. Akmelek,,17,active,Türkiye,Centre-Forward,ATT,Gaziantep FK,TR1,50000,81,81,81,0,81,development,unsigned,,https://www.transfermarkt.com/muhammet-akmelek/profil/spieler/1474871
tbg-tm-01475138,1475138,Yahya Iguiz,يحيى إيغيز,Yahya Iguiz,Yahya Iguiz,,17,active,Morocco,Centre-Forward,ATT,Raja Club Athletic,MAR1,10000,81,81,81,0,81,development,unsigned,,https://www.transfermarkt.com/yahya-iguiz/profil/spieler/1475138
tbg-tm-01489441,1489441,Ahmed Safwat El Geziry,أحمد صفوت,Ahmed Safwat,Ahmed Safwat,Ahmed Safwat,17,active,Egypt,Attacking Midfield,MID,Zamalek SC,EGY1,0,80,80,80,0,80,development,unsigned,,https://www.transfermarkt.com/ahmed-safwat/profil/spieler/1489441
tbg-tm-01328020,1328020,Angelo Henrique Candido de Siqueria,Angelo Candido,Angelo Candido,Angelo Candido,Angelo Candido,17,active,Brazil,Right-Back,DEF,São Paulo FC U20,,0,80,80,80,0,80,development,unsigned,,https://www.transfermarkt.com/angelo-candido/profil/spieler/1328020
tbg-tm-01233867,1233867,Anthony Motosuna,元砂 晏翔仁 ウデンバ  Anthony Udemba Motosuna,A. Motosuna,A. Motosuna,,17,active,Japan,Centre-Back,DEF,Kashima Antlers,JAP1,0,80,80,80,0,80,development,unsigned,,https://www.transfermarkt.com/anthony-motosuna/profil/spieler/1233867
tbg-tm-01164972,1164972,Josh Nteziryayo,Josh-Duc Nteziryayo,J. Nteziryayo,J. Nteziryayo,,17,active,Canada; Rwanda,Defensive Midfield,DEF,CF Montréal,MLS1,0,80,80,80,0,80,development,unsigned,,https://www.transfermarkt.com/josh-nteziryayo/profil/spieler/1164972
tbg-tm-01193846,1193846,Kaedren Spivey,Kaedren Marquette Spivey,K. Spivey,K. Spivey,,17,active,United States,Central Midfield,MID,San Jose Earthquakes,MLS1,0,80,80,80,0,80,development,unsigned,,https://www.transfermarkt.com/kaedren-spivey/profil/spieler/1193846
tbg-tm-01377310,1377310,Louie Van Gelder,Louie Van Gelder,L. Van Gelder,L. Van Gelder,,17,active,Belgium,Central Midfield,MID,Royal Antwerp FC,BE1,0,80,80,80,0,80,development,unsigned,,https://www.transfermarkt.com/louie-van-gelder/profil/spieler/1377310
tbg-tm-01297633,1297633,Martin Ponsot,Martin Ponsot,M. Ponsot,M. Ponsot,,17,active,France,Goalkeeper,GK,OGC Nice,FR1,0,80,80,80,0,80,development,unsigned,,https://www.transfermarkt.com/martin-ponsot/profil/spieler/1297633
tbg-tm-01210902,1210902,Nélio Batista,Nélio Francisco Santos Batista,N. Batista,N. Batista,,17,active,Portugal,Central Midfield,MID,CS Marítimo U23,,0,80,80,80,0,80,development,unsigned,,https://www.transfermarkt.com/nelio-batista/profil/spieler/1210902
tbg-tm-01238722,1238722,Peter Molinari,Peter Molinari,P. Molinari,P. Molinari,,17,active,United States,Defensive Midfield,DEF,New York City FC II,MNP3,0,80,80,80,0,80,development,unsigned,,https://www.transfermarkt.com/peter-molinari/profil/spieler/1238722
tbg-tm-01407420,1407420,Samsy Keita,Samsy Keita,Samsy Keita,Samsy Keita,,17,active,Canada; Liberia,Goalkeeper,GK,CF Montréal,MLS1,0,80,80,80,0,80,development,unsigned,,https://www.transfermarkt.com/samsy-keita/profil/spieler/1407420
tbg-tm-01164963,1164963,Stefan Kapor,Stefan Kapor,S. Kapor,S. Kapor,,17,active,Canada; Serbia,Centre-Back,DEF,Toronto FC,MLS1,0,80,80,80,0,80,development,unsigned,,https://www.transfermarkt.com/stefan-kapor/profil/spieler/1164963
tbg-tm-01265619,1265619,Takeshi Wada,和田 武士,T. Wada,T. Wada,,17,active,Japan,Defensive Midfield,DEF,,,0,80,80,80,0,80,development,unsigned,,https://www.transfermarkt.com/takeshi-wada/profil/spieler/1265619
tbg-tm-01193840,1193840,Tobias Szewczyk,Tobias Szewczyk,T. Szewczyk,T. Szewczyk,,17,active,United States; Poland,Goalkeeper,GK,Red Bull New York,MLS1,0,80,80,80,0,80,development,unsigned,,https://www.transfermarkt.com/tobias-szewczyk/profil/spieler/1193840
tbg-tm-01329907,1329907,Vasilios Lavdas,Βασίλειος Λάβδας,V. Lavdas,V. Lavdas,,17,active,Greece,Centre-Back,DEF,Panathinaikos,GR1,0,80,80,80,0,80,development,unsigned,,https://www.transfermarkt.com/vasilios-lavdas/profil/spieler/1329907
tbg-tm-01205629,1205629,Ackah-Tidiane Zoukrou,Ackah-Tidiane Thiongane-Zoukrou,A. Zoukrou,A. Zoukrou,,17,active,France; Senegal,Left-Back,DEF,AJ Auxerre,FR1,0,79,79,79,0,79,development,unsigned,,https://www.transfermarkt.com/ackah-tidiane-zoukrou/profil/spieler/1205629
tbg-tm-01476544,1476544,Furkan Çetinkaya,Furkan Çetinkaya,F. Çetinkaya,F. Çetinkaya,,17,active,Türkiye,Attacking Midfield,MID,Corum FK,TR1,0,79,79,79,0,79,development,unsigned,,https://www.transfermarkt.com/furkan-cetinkaya/profil/spieler/1476544
tbg-tm-01417530,1417530,Hamza Aydar,Yiğit Hamza Aydar,Hamza Aydar,Hamza Aydar,,17,active,Türkiye,Left-Back,DEF,Genclerbirligi Ankara,TR1,0,79,79,79,0,79,development,unsigned,,https://www.transfermarkt.com/hamza-aydar/profil/spieler/1417530
tbg-tm-01340846,1340846,Iason Nebis,Ιάσον Νεμπής,Iason Nebis,Iason Nebis,,17,active,Greece,Centre-Forward,ATT,Panathinaikos,GR1,0,79,79,79,0,79,development,unsigned,,https://www.transfermarkt.com/iason-nebis/profil/spieler/1340846
tbg-tm-01474364,1474364,Mustafa Coşkun Tosun,Mustafa Coşkun Tosun,M. Tosun,M. Tosun,,17,active,Türkiye,Centre-Forward,ATT,Caykur Rizespor,TR1,0,79,79,79,0,79,development,unsigned,,https://www.transfermarkt.com/mustafa-coskun-tosun/profil/spieler/1474364
tbg-tm-01318685,1318685,Naël Piron,Naël Lucas Piron,Naël Piron,Naël Piron,,17,active,Belgium,Centre-Back,DEF,Royal Charleroi SC,BE1,0,79,79,79,0,79,development,unsigned,,https://www.transfermarkt.com/nael-piron/profil/spieler/1318685
tbg-tm-01293975,1293975,Noa Ojea,Noa Thomas Ojea Cobiella,Noa Ojea,Noa Ojea,,17,active,Belgium; Spain,Left Winger,ATT,RSC Anderlecht,BE1,0,79,79,79,0,79,development,unsigned,,https://www.transfermarkt.com/noa-ojea/profil/spieler/1293975
tbg-tm-01487539,1487539,Panagiotis Biniaris,Παναγιώτης Μπινιάρης,P. Biniaris,P. Biniaris,,17,active,Greece,Central Midfield,MID,Panathinaikos,GR1,0,79,79,79,0,79,development,unsigned,,https://www.transfermarkt.com/panagiotis-biniaris/profil/spieler/1487539
tbg-tm-01255573,1255573,Ryan Kavuma-McQueen,Ryan Kavuma-McQueen,R. Kavuma-McQueen,R. Kavuma-McQueen,,17,active,England; Uganda,Right Winger,ATT,Portsmouth FC,GB2,0,79,79,79,0,79,development,unsigned,,https://www.transfermarkt.com/ryan-kavuma-mcqueen/profil/spieler/1255573
tbg-tm-01143430,1143430,Ryan Metu,Ryan Metu,Ryan Metu,Ryan Metu,,17,active,Netherlands,Left Winger,ATT,FC Groningen,NL1,0,79,79,79,0,79,development,unsigned,,https://www.transfermarkt.com/ryan-metu/profil/spieler/1143430
tbg-tm-01441672,1441672,Timéo Kerckhofs,Timéo Michaël Kerckhofs,T. Kerckhofs,T. Kerckhofs,,17,active,Belgium,Attacking Midfield,MID,RAAL La Louvière,BE1,0,79,79,79,0,79,development,unsigned,,https://www.transfermarkt.com/timeo-kerckhofs/profil/spieler/1441672
tbg-tm-01407404,1407404,Van Parker,Van Ethan Paul Parker,Van Parker,Van Parker,,17,active,Canada; United States,Right Winger,ATT,Real Salt Lake City,MLS1,0,79,79,79,0,79,development,unsigned,,https://www.transfermarkt.com/van-parker/profil/spieler/1407404
tbg-tm-01297638,1297638,Xavier Mandza,Xavier Mandza Tsiendi,X. Mandza,X. Mandza,,17,active,France; Gabon,Central Midfield,MID,OGC Nice,FR1,0,79,79,79,0,79,development,unsigned,,https://www.transfermarkt.com/xavier-mandza/profil/spieler/1297638
tbg-tm-00990148,990148,Konstantinos Karetsas,Κωνσταντίνος Καρέτσας,K. Karetsas,K. Karetsas,,18,active,Greece; Belgium,Attacking Midfield,MID,,,35000000,88,88,88,0,87,first_team,unsigned,,https://www.transfermarkt.com/konstantinos-karetsas/profil/spieler/990148
tbg-tm-01105541,1105541,Nathan De Cat,Nathan De Cat,N. De Cat,N. De Cat,,18,active,Belgium,Central Midfield,MID,TSG 1899 Hoffenheim,L1,27000000,87,87,87,0,87,first_team,unsigned,,https://www.transfermarkt.com/nathan-de-cat/profil/spieler/1105541
tbg-tm-01241207,1241207,Tylel Tati,Tylel Tati,Tylel Tati,Tylel Tati,,18,active,France; Senegal,Centre-Back,DEF,FC Nantes,FR2,25000000,87,87,87,0,87,first_team,unsigned,,https://www.transfermarkt.com/tylel-tati/profil/spieler/1241207
tbg-tm-01241211,1241211,Rudy Matondo,Rudy Nzingoula Matondo,R. Matondo,R. Matondo,,18,active,France; Congo,Central Midfield,MID,Paris FC,FR1,20000000,86,86,86,0,86,senior_squad,unsigned,,https://www.transfermarkt.com/rudy-matondo/profil/spieler/1241211
tbg-tm-01073748,1073748,Kacper Potulski,Kacper Potulski,K. Potulski,K. Potulski,,18,active,Poland,Centre-Back,DEF,1.FSV Mainz 05,L1,18000000,85,85,85,0,85,senior_squad,unsigned,,https://www.transfermarkt.com/kacper-potulski/profil/spieler/1073748
tbg-tm-01200427,1200427,Alexis Vossah,Alexis Vossah,A. Vossah,A. Vossah,,18,active,France; Togo,Central Midfield,MID,FC Toulouse,FR1,15000000,85,85,85,0,85,senior_squad,unsigned,,https://www.transfermarkt.com/alexis-vossah/profil/spieler/1200427
tbg-tm-01231993,1231993,Adrian Lahdo,Adrian Adriano Lahdo,A. Lahdo,A. Lahdo,,18,active,Sweden; Lebanon,Central Midfield,MID,Como 1907,IT1,10000000,85,85,85,0,85,senior_squad,unsigned,,https://www.transfermarkt.com/adrian-lahdo/profil/spieler/1231993
tbg-tm-01275068,1275068,Kauã Prates,Kauã Prates de Almeida,Kauã Prates,Kauã Prates,,18,active,Brazil,Left-Back,DEF,Borussia Dortmund,L1,10000000,85,85,85,0,85,senior_squad,unsigned,,https://www.transfermarkt.com/kaua-prates/profil/spieler/1275068
tbg-tm-01189172,1189172,Ruud Nijstad,Ruud Nijstad,R. Nijstad,R. Nijstad,,18,active,Netherlands,Centre-Back,DEF,FC Twente Enschede,NL1,10000000,84,84,84,0,84,senior_squad,unsigned,,https://www.transfermarkt.com/ruud-nijstad/profil/spieler/1189172
tbg-tm-01170286,1170286,Darryl Bakola,Darryl Bakola,D. Bakola,D. Bakola,,18,active,France; Congo,Attacking Midfield,MID,US Sassuolo,IT1,8000000,84,84,84,0,84,senior_squad,unsigned,,https://www.transfermarkt.com/darryl-bakola/profil/spieler/1170286
tbg-tm-01054470,1054470,Julian Hall,Julian Zakrzewski Hall,Julian Hall,Julian Hall,,18,active,United States; Poland,Centre-Forward,ATT,Red Bull New York,MLS1,8000000,84,84,84,0,84,senior_squad,unsigned,,https://www.transfermarkt.com/julian-hall/profil/spieler/1054470
tbg-tm-01279984,1279984,Lucas Herrington,Lucas Herrington,L. Herrington,L. Herrington,,18,active,Australia; Germany,Centre-Back,DEF,Hull City,GB1,8000000,84,84,84,0,84,senior_squad,unsigned,,https://www.transfermarkt.com/lucas-herrington/profil/spieler/1279984
tbg-tm-01500420,1500420,Bruno Braga Ramos,Bruninho,Bruninho,Bruninho,Bruninho,18,active,Brazil,Right Winger,ATT,Shakhtar Donetsk,UKR1,7000000,83,83,83,0,83,development,unsigned,,https://www.transfermarkt.com/bruninho/profil/spieler/1500420
tbg-tm-01058354,1058354,Matteo Palma,Matteo Palma,M. Palma,M. Palma,,18,active,Germany; Italy,Centre-Back,DEF,Udinese Calcio,IT1,6500000,84,84,84,0,84,senior_squad,unsigned,,https://www.transfermarkt.com/matteo-palma/profil/spieler/1058354
tbg-tm-01134199,1134199,Daniel Banjaqui,Daniel Armando Fonseca da Silva Banjaqui,D. Banjaqui,D. Banjaqui,,18,active,Portugal; Guinea-Bissau,Right-Back,DEF,SL Benfica B,PO2,5000000,83,83,83,0,83,development,unsigned,,https://www.transfermarkt.com/daniel-banjaqui/profil/spieler/1134199
tbg-tm-01184986,1184986,Love Arrhov,Paul Love Arrhov,Love Arrhov,Love Arrhov,,18,active,Sweden,Attacking Midfield,MID,Eintracht Frankfurt,L1,5000000,83,83,83,0,83,development,unsigned,,https://www.transfermarkt.com/love-arrhov/profil/spieler/1184986
tbg-tm-01016918,1016918,Peyton Miller,Peyton James Miller,P. Miller,P. Miller,,18,active,United States,Left-Back,DEF,New England Revolution,MLS1,4500000,83,83,83,0,83,development,unsigned,,https://www.transfermarkt.com/peyton-miller/profil/spieler/1016918
tbg-tm-01009438,1009438,Florian Hellstern,Florian Pascal Hellstern,F. Hellstern,F. Hellstern,,18,active,Germany,Goalkeeper,GK,SpVgg Greuther Fürth,L2,4000000,83,83,83,0,83,development,unsigned,,https://www.transfermarkt.com/florian-hellstern/profil/spieler/1009438
tbg-tm-01105547,1105547,Lucca Brughmans,Lucca Kiaba Mounganga Brughmans,L. Brughmans,L. Brughmans,,18,active,Belgium,Goalkeeper,GK,KRC Genk,BE1,4000000,83,83,83,0,83,development,unsigned,,https://www.transfermarkt.com/lucca-brughmans/profil/spieler/1105547
tbg-tm-01497653,1497653,Bara Sapoko Ndiaye,Bara Joseph Sapoko Ndiaye,B. Sapoko Ndiaye,B. Sapoko Ndiaye,,18,active,Senegal,Central Midfield,MID,Bayern Munich,L1,4000000,82,82,82,0,82,development,unsigned,,https://www.transfermarkt.com/bara-sapoko-ndiaye/profil/spieler/1497653
tbg-tm-01179146,1179146,Dastan Satpaev,Дастан Талғатұлы Сәтбаев,D. Satpaev,D. Satpaev,,18,active,Kazakhstan,Centre-Forward,ATT,Burnley FC,GB2,3500000,82,82,82,0,82,development,unsigned,,https://www.transfermarkt.com/dastan-satpaev/profil/spieler/1179146
tbg-tm-01050120,1050120,Guille Fernández,Guillermo Fernández Casino,G. Fernández,G. Fernández,,18,active,Spain,Central Midfield,MID,FC Barcelona,ES1,3000000,83,83,83,0,83,development,unsigned,,https://www.transfermarkt.com/guille-fernandez/profil/spieler/1050120
tbg-tm-01167696,1167696,Ifeanyi Ndukwe,Ifeanyi-Arthur Ndukwe,I. Ndukwe,I. Ndukwe,,18,active,Austria,Centre-Back,DEF,Levante UD,ES1,3000000,83,83,83,0,83,development,unsigned,,https://www.transfermarkt.com/ifeanyi-ndukwe/profil/spieler/1167696
tbg-tm-01233701,1233701,José Neto,José Pedro Formoso Neto,José Neto,José Neto,,18,active,Portugal,Left-Back,DEF,SL Benfica B,PO2,3000000,83,83,83,0,83,development,unsigned,,https://www.transfermarkt.com/jose-neto/profil/spieler/1233701
tbg-tm-01066206,1066206,Toni Fernández,Antonio Fernández Casino,T. Fernández,T. Fernández,,18,active,Spain,Attacking Midfield,MID,FC Barcelona,ES1,3000000,83,83,83,0,83,development,unsigned,,https://www.transfermarkt.com/toni-fernandez/profil/spieler/1066206
tbg-tm-01255744,1255744,Lushendry Martes,Lushendry Martes,L. Martes,L. Martes,,18,active,Netherlands; Curacao,Right-Back,DEF,Sparta Rotterdam,NL1,3000000,82,82,82,0,82,development,unsigned,,https://www.transfermarkt.com/lushendry-martes/profil/spieler/1255744
tbg-tm-01006448,1006448,Sandro Vidigal,Sandro Miguel Rodrigues Vidigal,S. Vidigal,S. Vidigal,,18,active,Portugal,Right Winger,ATT,SC Braga B,CPSA,3000000,82,82,82,0,82,development,unsigned,,https://www.transfermarkt.com/sandro-vidigal/profil/spieler/1006448
tbg-tm-01273983,1273983,Matthew Dos Santos,Matthew Henrique Melo Dos Santos,M. Dos Santos,M. Dos Santos,,18,active,United States; Brazil,Left-Back,DEF,Red Bull New York,MLS1,2500000,82,82,82,0,82,development,unsigned,,https://www.transfermarkt.com/matthew-dos-santos/profil/spieler/1273983
tbg-tm-01295778,1295778,Samuel Wiafe,Samuel Wiafe,S. Wiafe,S. Wiafe,,18,active,Italy; Ghana,Central Midfield,MID,Genoa CFC,IT1,2500000,82,82,82,0,82,development,unsigned,,https://www.transfermarkt.com/samuel-wiafe/profil/spieler/1295778
tbg-tm-01202361,1202361,Bradley Burrowes,Bradley-Paul Burrowes,B. Burrowes,B. Burrowes,,18,active,England,Right Winger,ATT,Aston Villa U21,GB21,2000000,82,82,82,0,82,development,unsigned,,https://www.transfermarkt.com/bradley-burrowes/profil/spieler/1202361
tbg-tm-01105542,1105542,Mohammed El Âdfaoui,Mohammed Jamel El Âdfaoui,M. El Âdfaoui,M. El Âdfaoui,,18,active,Belgium; Morocco,Defensive Midfield,DEF,KAA Gent,BE1,2000000,82,82,82,0,82,development,unsigned,,https://www.transfermarkt.com/mohammed-el-adfaoui/profil/spieler/1105542
tbg-tm-01129950,1129950,Andrej Vasovic,Andrej Vasović,A. Vasovic,A. Vasovic,,18,active,Switzerland; Serbia,Centre-Forward,ATT,Club Brugge KV,BE1,1500000,82,82,82,0,82,development,unsigned,,https://www.transfermarkt.com/andrej-vasovic/profil/spieler/1129950
tbg-tm-01259085,1259085,Hamza Abdelkarim,حمزة عبدالكريم Hamza Mohamed Abdelkarim Selim,H. Abdelkarim,H. Abdelkarim,,18,active,Egypt,Centre-Forward,ATT,FC Barcelona,ES1,1500000,82,82,82,0,82,development,unsigned,,https://www.transfermarkt.com/hamza-abdelkarim/profil/spieler/1259085
tbg-tm-01000273,1000273,Nimfasha Berchimas,Nimfasha Berchimas,N. Berchimas,N. Berchimas,,18,active,United States; Burundi,Left Winger,ATT,Charlotte FC,MLS1,1500000,82,82,82,0,82,development,unsigned,,https://www.transfermarkt.com/nimfasha-berchimas/profil/spieler/1000273
tbg-tm-01049020,1049020,Stephen Mfuni,Stephen-Nevin Mutanda Mfuni,S. Mfuni,S. Mfuni,,18,active,England; DR Congo,Centre-Back,DEF,Coventry City,GB1,1500000,82,82,82,0,82,development,unsigned,,https://www.transfermarkt.com/stephen-mfuni/profil/spieler/1049020
tbg-tm-01112904,1112904,Youssef Hamdaoui,يوسف حمداوي,Y. Hamdaoui,Y. Hamdaoui,,18,active,Morocco; Belgium,Central Midfield,MID,Royal Antwerp FC,BE1,1500000,82,82,82,0,82,development,unsigned,,https://www.transfermarkt.com/youssef-hamdaoui/profil/spieler/1112904
tbg-tm-01291709,1291709,Josué Vergara,Josué Yamir Vergara Ortega,J. Vergara,J. Vergara,,18,active,Panama,Centre-Forward,ATT,KAA Gent,BE1,1500000,81,81,81,0,81,development,unsigned,,https://www.transfermarkt.com/josue-vergara/profil/spieler/1291709
tbg-tm-01420635,1420635,Matías Orozco,Matías Orozco,M. Orozco,M. Orozco,,18,active,Colombia,Defensive Midfield,DEF,Brighton & Hove Albion,GB1,1400000,82,82,82,0,82,development,unsigned,,https://www.transfermarkt.com/matias-orozco/profil/spieler/1420635
tbg-tm-01186563,1186563,Semm Renders,Semm Renders,S. Renders,S. Renders,,18,active,Belgium,Right-Back,DEF,Royal Antwerp FC,BE1,1200000,82,82,82,0,82,development,unsigned,,https://www.transfermarkt.com/semm-renders/profil/spieler/1186563
tbg-tm-01191921,1191921,Andrea Luongo,Andrea Luongo,A. Luongo,A. Luongo,,18,active,Italy,Central Midfield,MID,Torino FC,IT1,1000000,82,82,82,0,82,development,unsigned,,https://www.transfermarkt.com/andrea-luongo/profil/spieler/1191921
tbg-tm-01054467,1054467,Cooper Sanchez,Cooper Wyatt Sanchez,C. Sanchez,C. Sanchez,,18,active,United States; Mexico,Central Midfield,MID,Atlanta United FC,MLS1,1000000,82,82,82,0,82,development,unsigned,,https://www.transfermarkt.com/cooper-sanchez/profil/spieler/1054467
tbg-tm-01268764,1268764,David Cordón Mancha,Davinchi,Davinchi,Davinchi,Davinchi,18,active,Spain,Left-Back,DEF,Getafe CF,ES1,1000000,82,82,82,0,82,development,unsigned,,https://www.transfermarkt.com/davinchi/profil/spieler/1268764
tbg-tm-01118293,1118293,Fynn Schenten,Fynn Schenten,F. Schenten,F. Schenten,,18,active,Germany; France,Centre-Forward,ATT,1.FC Köln,L1,1000000,82,82,82,0,82,development,unsigned,,https://www.transfermarkt.com/fynn-schenten/profil/spieler/1118293
tbg-tm-01078649,1078649,Johannes Moser,Johannes Mathias Moser,J. Moser,J. Moser,,18,active,Austria,Left Winger,ATT,Red Bull Salzburg,A1,1000000,82,82,82,0,82,development,unsigned,,https://www.transfermarkt.com/johannes-moser/profil/spieler/1078649
tbg-tm-01385195,1385195,Latif Ouedraogo,Wedtoin Latif Ouedraogo,L. Ouedraogo,L. Ouedraogo,,18,active,Burkina Faso,Left-Back,DEF,Genoa CFC,IT1,1000000,82,82,82,0,82,development,unsigned,,https://www.transfermarkt.com/latif-ouedraogo/profil/spieler/1385195
tbg-tm-01185887,1185887,Mathis Jangéal,Mathis Jangéal,M. Jangéal,M. Jangéal,,18,active,France; Martinique,Attacking Midfield,MID,FC Famalicão,PO1,1000000,82,82,82,0,82,development,unsigned,,https://www.transfermarkt.com/mathis-jangeal/profil/spieler/1185887
tbg-tm-01148239,1148239,Mika Wallentowitz,Mika Tom Wallentowitz,M. Wallentowitz,M. Wallentowitz,,18,active,Germany,Right Winger,ATT,FC Schalke 04,L1,1000000,82,82,82,0,82,development,unsigned,,https://www.transfermarkt.com/mika-wallentowitz/profil/spieler/1148239
tbg-tm-01236856,1236856,Nico Guillén,Nicolás Guillén Peguero,N. Guillén,N. Guillén,,18,active,Spain,Central Midfield,MID,Sevilla FC,ES1,1000000,82,82,82,0,82,development,unsigned,,https://www.transfermarkt.com/nico-guillen/profil/spieler/1236856
tbg-tm-01489506,1489506,Ousmane Diabate,Ousmane Diabate,O. Diabate,O. Diabate,,18,active,Guinea,Defensive Midfield,DEF,Genclerbirligi Ankara,TR1,1000000,82,82,82,0,82,development,unsigned,,https://www.transfermarkt.com/ousmane-diabate/profil/spieler/1489506
tbg-tm-01241698,1241698,René Mitongo,René Mitongo Muteba,R. Mitongo,R. Mitongo,,18,active,Belgium,Centre-Forward,ATT,Trabzonspor,TR1,1000000,82,82,82,0,82,development,unsigned,,https://www.transfermarkt.com/rene-mitongo/profil/spieler/1241698
tbg-tm-01005766,1005766,Mason Melia,Mason Melia,Mason Melia,Mason Melia,,18,active,Ireland,Centre-Forward,ATT,Lincoln City,GB2,1000000,81,81,81,0,81,development,unsigned,,https://www.transfermarkt.com/mason-melia/profil/spieler/1005766
tbg-tm-01473866,1473866,Ibrahima Cissé,Ibrahima Cissé,I. Cissé,I. Cissé,,18,active,Senegal,Centre-Forward,ATT,KAA Gent,BE1,900000,82,82,82,0,82,development,unsigned,,https://www.transfermarkt.com/ibrahima-cisse/profil/spieler/1473866
tbg-tm-01200400,1200400,Davis Opoku,Davis Opoku,Davis Opoku,Davis Opoku,,18,active,Belgium,Right-Back,DEF,Oud-Heverlee Leuven,BE1,800000,82,82,82,0,82,development,unsigned,,https://www.transfermarkt.com/davis-opoku/profil/spieler/1200400
tbg-tm-01245665,1245665,Ian James,Ian Alexander James,Ian James,Ian James,,18,active,United States; Latvia,Centre-Back,DEF,Sporting Kansas City,MLS1,800000,82,82,82,0,82,development,unsigned,,https://www.transfermarkt.com/ian-james/profil/spieler/1245665
tbg-tm-01133977,1133977,Issa Traoré,Issa Traoré,Issa Traoré,Issa Traoré,,18,active,Mali,Centre-Back,DEF,AS Trencin,SLO1,800000,82,82,82,0,82,development,unsigned,,https://www.transfermarkt.com/issa-traore/profil/spieler/1133977
tbg-tm-01105549,1105549,Jesse Bisiwu,Jesse Eugen Bisiwu,J. Bisiwu,J. Bisiwu,,18,active,Belgium; Ghana,Left Winger,ATT,FC Barcelona,ES1,800000,82,82,82,0,82,development,unsigned,,https://www.transfermarkt.com/jesse-bisiwu/profil/spieler/1105549
tbg-tm-01273985,1273985,Rayan Elloumi,ريان اللومي,R. Elloumi,R. Elloumi,,18,active,Tunisia; Canada,Centre-Forward,ATT,Vancouver Whitecaps FC,MLS1,800000,82,82,82,0,82,development,unsigned,,https://www.transfermarkt.com/rayan-elloumi/profil/spieler/1273985
tbg-tm-01516901,1516901,Bryan Zamblé,Bi Voli Bryan Christian Zamblé,B. Zamblé,B. Zamblé,,18,active,Cote d'Ivoire,Left Winger,ATT,San Diego FC,MLS1,800000,81,81,81,0,81,development,unsigned,,https://www.transfermarkt.com/bryan-zamble/profil/spieler/1516901
tbg-tm-01106860,1106860,Enzo Molebe,Enzo Anthony Honoré Molebe,Enzo Molebe,Enzo Molebe,,18,active,France; DR Congo,Centre-Forward,ATT,Olympique Lyon,FR1,800000,81,81,81,0,81,development,unsigned,,https://www.transfermarkt.com/enzo-molebe/profil/spieler/1106860
tbg-tm-01112524,1112524,Emeka Adiele,Chukwuemeka Fortune Adiele,E. Adiele,E. Adiele,,18,active,England; Nigeria,Left-Back,DEF,FC Utrecht,NL1,700000,82,82,82,0,82,development,unsigned,,https://www.transfermarkt.com/emeka-adiele/profil/spieler/1112524
tbg-tm-01045986,1045986,Mick Schmetgens,Mick Schmetgens,M. Schmetgens,M. Schmetgens,,18,active,Germany,Centre-Back,DEF,SV Werder Bremen,L1,700000,82,82,82,0,82,development,unsigned,,https://www.transfermarkt.com/mick-schmetgens/profil/spieler/1045986
tbg-tm-01054541,1054541,Luca Moisa,Luca Moisa,Luca Moisa,Luca Moisa,,18,active,United States; Romania,Central Midfield,MID,Real Salt Lake City,MLS1,600000,82,82,82,0,82,development,unsigned,,https://www.transfermarkt.com/luca-moisa/profil/spieler/1054541
tbg-tm-01371198,1371198,Ale Gomes,Alejandro Gomes Furtado,Ale Gomes,Ale Gomes,,18,active,Spain; Cape Verde,Centre-Back,DEF,Venezia FC,IT1,500000,82,82,82,0,82,development,unsigned,,https://www.transfermarkt.com/ale-gomes/profil/spieler/1371198
tbg-tm-01073380,1073380,Andrei Chirilă,Andrei Chirilă,A. Chirilă,A. Chirilă,,18,active,United States; Romania,Centre-Back,DEF,FC Cincinnati,MLS1,500000,82,82,82,0,82,development,unsigned,,https://www.transfermarkt.com/andrei-chirila/profil/spieler/1073380
tbg-tm-01172441,1172441,Benjamin Brantlind,Benjamin Gustav Brantlind,B. Brantlind,B. Brantlind,,18,active,Sweden,Attacking Midfield,MID,RC Strasbourg Alsace,FR1,500000,82,82,82,0,82,development,unsigned,,https://www.transfermarkt.com/benjamin-brantlind/profil/spieler/1172441
tbg-tm-01370789,1370789,Edoardo Mariani,Edoardo Mariani,E. Mariani,E. Mariani,,18,active,Italy,Central Midfield,MID,Venezia FC,IT1,500000,82,82,82,0,82,development,unsigned,,https://www.transfermarkt.com/edoardo-mariani/profil/spieler/1370789
tbg-tm-00981532,981532,Emile Doucouré,Emile Doucouré,E. Doucouré,E. Doucouré,,18,active,Belgium; Mali,Goalkeeper,GK,KRC Genk,BE1,500000,82,82,82,0,82,development,unsigned,,https://www.transfermarkt.com/emile-doucoure/profil/spieler/981532
tbg-tm-01317620,1317620,Fricio Caicedo,Fricio David Caicedo Jaramillo,F. Caicedo,F. Caicedo,,18,active,Ecuador,Centre-Back,DEF,Inter Miami CF,MLS1,500000,82,82,82,0,82,development,unsigned,,https://www.transfermarkt.com/fricio-caicedo/profil/spieler/1317620
tbg-tm-01111077,1111077,Jaygo van Ommeren,Jaygo van Ommeren,J. van Ommeren,J. van Ommeren,,18,active,Netherlands,Defensive Midfield,DEF,FC Utrecht,NL1,500000,82,82,82,0,82,development,unsigned,,https://www.transfermarkt.com/jaygo-van-ommeren/profil/spieler/1111077
tbg-tm-01268048,1268048,Luis Felipe Pacheco da Costa,Luis Pacheco,Luis Pacheco,Luis Pacheco,Luis Pacheco,18,active,Brazil,Defensive Midfield,DEF,SE Palmeiras São Paulo U20,,500000,82,82,82,0,82,development,unsigned,,https://www.transfermarkt.com/luis-pacheco/profil/spieler/1268048
tbg-tm-01162968,1162968,Tim Schnitzer,Tim Schnitzer,T. Schnitzer,T. Schnitzer,,18,active,Germany,Defensive Midfield,DEF,FC Augsburg,L1,500000,82,82,82,0,82,development,unsigned,,https://www.transfermarkt.com/tim-schnitzer/profil/spieler/1162968
tbg-tm-01075884,1075884,João Aragão,João Soares Aragão,João Aragão,João Aragão,,18,active,Portugal,Right Winger,ATT,SC Braga B,CPSA,500000,81,81,81,0,81,development,unsigned,,https://www.transfermarkt.com/joao-aragao/profil/spieler/1075884
tbg-tm-01368526,1368526,Sion Oppong,Sion Oppong,Sion Oppong,Sion Oppong,,18,active,Sweden; Ghana,Left Winger,ATT,FC Toulouse,FR1,450000,81,81,81,0,81,development,unsigned,,https://www.transfermarkt.com/sion-oppong/profil/spieler/1368526
tbg-tm-01188989,1188989,Dylan Leonard,Dylan Leonard,D. Leonard,D. Leonard,,18,active,Australia; Scotland,Centre-Back,DEF,FC Schalke 04,L1,400000,82,82,82,0,82,development,unsigned,,https://www.transfermarkt.com/dylan-leonard/profil/spieler/1188989
tbg-tm-01269454,1269454,Ian Struyf,Ian Struyf,Ian Struyf,Ian Struyf,,18,active,Belgium,Centre-Back,DEF,KV Mechelen,BE1,400000,82,82,82,0,82,development,unsigned,,https://www.transfermarkt.com/ian-struyf/profil/spieler/1269454
tbg-tm-00989968,989968,Máximo Carrizo,Máximo Augusto Carrizo Ballesteros,M. Carrizo,M. Carrizo,,18,active,United States; Argentina,Central Midfield,MID,New York City FC,MLS1,400000,82,82,82,0,82,development,unsigned,,https://www.transfermarkt.com/maximo-carrizo/profil/spieler/989968
tbg-tm-01075143,1075143,Natnael Abraha,Natnael Abraha,N. Abraha,N. Abraha,,18,active,Germany,Right-Back,DEF,TSG 1899 Hoffenheim,L1,400000,82,82,82,0,82,development,unsigned,,https://www.transfermarkt.com/natnael-abraha/profil/spieler/1075143
tbg-tm-01119655,1119655,Nicolas Trabucchi,Nicolas Trabucchi,N. Trabucchi,N. Trabucchi,,18,active,Italy,Centre-Back,DEF,Parma Calcio 1913,IT1,400000,82,82,82,0,82,development,unsigned,,https://www.transfermarkt.com/nicolas-trabucchi/profil/spieler/1119655
tbg-tm-00960444,960444,Oliver Sorg,Oliver Sorg,Oliver Sorg,Oliver Sorg,,18,active,Austria,Left-Back,DEF,FC Augsburg,L1,400000,82,82,82,0,82,development,unsigned,,https://www.transfermarkt.com/oliver-sorg/profil/spieler/960444
tbg-tm-01197994,1197994,Hasanege Akdoğan,Hasanege Akdoğan,H. Akdoğan,H. Akdoğan,,18,active,Türkiye,Centre-Forward,ATT,Corum FK,TR1,400000,81,81,81,0,81,development,unsigned,,https://www.transfermarkt.com/hasanege-akdogan/profil/spieler/1197994
tbg-tm-01382710,1382710,Mauro Lenaerts,Mauro Lenaerts,M. Lenaerts,M. Lenaerts,,18,active,Belgium; Italy,Centre-Forward,ATT,KV Mechelen,BE1,400000,81,81,81,0,81,development,unsigned,,https://www.transfermarkt.com/mauro-lenaerts/profil/spieler/1382710
tbg-tm-01299718,1299718,Seymour Reid,Seymour Garfield-Reid,S. Reid,S. Reid,,18,active,Jamaica,Centre-Forward,ATT,New York City FC,MLS1,400000,81,81,81,0,81,development,unsigned,,https://www.transfermarkt.com/seymour-reid/profil/spieler/1299718
tbg-tm-01007391,1007391,Neil Pierre,Neil Pierre,Neil Pierre,Neil Pierre,,18,active,United States; Haiti,Centre-Back,DEF,Philadelphia Union,MLS1,350000,82,82,82,0,82,development,unsigned,,https://www.transfermarkt.com/neil-pierre/profil/spieler/1007391
tbg-tm-01074526,1074526,Viggo Gebel,Viggo Gebel,Viggo Gebel,Viggo Gebel,,18,active,Germany,Attacking Midfield,MID,RB Leipzig,L1,350000,82,82,82,0,82,development,unsigned,,https://www.transfermarkt.com/viggo-gebel/profil/spieler/1074526
tbg-tm-01438953,1438953,Mahmoud Salah,محمود صلاح,M. Salah,M. Salah,,18,active,Egypt,Left Winger,ATT,Al Ahly FC,EGY1,350000,81,81,81,0,81,development,unsigned,,https://www.transfermarkt.com/mahmoud-salah/profil/spieler/1438953
tbg-tm-01074986,1074986,Alessandro Longoni,Alessandro Longoni,A. Longoni,A. Longoni,,18,active,Italy,Goalkeeper,GK,Paris Saint-Germain,FR1,300000,82,82,82,0,82,development,unsigned,,https://www.transfermarkt.com/alessandro-longoni/profil/spieler/1074986
tbg-tm-01048715,1048715,Fernando Dickes,Fernando Dickes,F. Dickes,F. Dickes,,18,active,Germany,Goalkeeper,GK,Hamburger SV,L1,300000,82,82,82,0,82,development,unsigned,,https://www.transfermarkt.com/fernando-dickes/profil/spieler/1048715
tbg-tm-01174032,1174032,Tidiane Devernois,Tidiane Devernois,T. Devernois,T. Devernois,,18,active,France; Senegal,Central Midfield,MID,AJ Auxerre,FR1,300000,82,82,82,0,82,development,unsigned,,https://www.transfermarkt.com/tidiane-devernois/profil/spieler/1174032
tbg-tm-01331451,1331451,Alvin Nordin,Alvin Nordin,A. Nordin,A. Nordin,,18,active,Sweden,Central Midfield,MID,FC Groningen,NL1,300000,81,81,81,0,81,development,unsigned,,https://www.transfermarkt.com/alvin-nordin/profil/spieler/1331451
tbg-tm-01209302,1209302,Koki Ando,安藤 晃希,Koki Ando,Koki Ando,,18,active,Japan,Left Winger,ATT,Royal Antwerp FC,BE1,300000,81,81,81,0,81,development,unsigned,,https://www.transfermarkt.com/koki-ando/profil/spieler/1209302
tbg-tm-01265965,1265965,Xiangxin Wei,魏祥鑫,X. Wei,X. Wei,,18,active,China,Centre-Forward,ATT,AJ Auxerre,FR1,300000,81,81,81,0,81,development,unsigned,,https://www.transfermarkt.com/xiangxin-wei/profil/spieler/1265965
tbg-tm-01133733,1133733,Yaya Diémé,Yaya Diémé,Yaya Diémé,Yaya Diémé,,18,active,Senegal,Right Winger,ATT,Racing Strasbourg B,,300000,81,81,81,0,81,development,unsigned,,https://www.transfermarkt.com/yaya-dieme/profil/spieler/1133733
tbg-tm-01225803,1225803,Luke Brooke-Smith,Luke Joseph Brooke-Smith,L. Brooke-Smith,L. Brooke-Smith,,18,active,New Zealand; England,Left Winger,ATT,Portsmouth FC,GB2,275000,81,81,81,0,81,development,unsigned,,https://www.transfermarkt.com/luke-brooke-smith/profil/spieler/1225803
tbg-tm-01129222,1129222,Abdul Aziz Al-Fawaz,"Abdul Aziz Khalid A. Al-Fawaz, عبدالعزيز الفواز",A. Al-Fawaz,A. Al-Fawaz,,18,active,Saudi Arabia,Central Midfield,MID,Al-Fateh SC,SA1,250000,81,81,81,0,81,development,unsigned,,https://www.transfermarkt.com/abdul-aziz-al-fawaz/profil/spieler/1129222
tbg-tm-01163430,1163430,Chase Adams,Chase Mesner Adams,Chase Adams,Chase Adams,,18,active,United States,Centre-Forward,ATT,Columbus Crew,MLS1,200000,81,81,81,0,81,development,unsigned,,https://www.transfermarkt.com/chase-adams/profil/spieler/1163430
tbg-tm-01132292,1132292,Faik Sakar,Faik Gazi Jonas Sakar,Faik Sakar,Faik Sakar,,18,active,Germany; France,Left Winger,ATT,FC Augsburg,L1,200000,81,81,81,0,81,development,unsigned,,https://www.transfermarkt.com/faik-sakar/profil/spieler/1132292
tbg-tm-01076179,1076179,Konstantinos Angelakis,Κωνσταντίνος Αγγελάκης,K. Angelakis,K. Angelakis,,18,active,Greece,Centre-Forward,ATT,Olympiacos Piraeus B,GRS2,200000,81,81,81,0,81,development,unsigned,,https://www.transfermarkt.com/konstantinos-angelakis/profil/spieler/1076179
tbg-tm-01237068,1237068,Salem Bouajila,Salem Mounir Bouajila,S. Bouajila,S. Bouajila,,18,active,Tunisia; Finland,Centre-Forward,ATT,Göztepe,TR1,200000,81,81,81,0,81,development,unsigned,,https://www.transfermarkt.com/salem-bouajila/profil/spieler/1237068
tbg-tm-01132396,1132396,Tanner Rosborough,Tanner Rosborough,T. Rosborough,T. Rosborough,,18,active,United States,Centre-Forward,ATT,Red Bull New York,MLS1,200000,81,81,81,0,81,development,unsigned,,https://www.transfermarkt.com/tanner-rosborough/profil/spieler/1132396
tbg-tm-01264645,1264645,Lautaro Pereyra,Lautaro Víctor Ezequiel Pereyra,L. Pereyra,L. Pereyra,,18,active,Argentina,Central Midfield,MID,CA River Plate,ARGC,175000,81,81,81,0,81,development,unsigned,,https://www.transfermarkt.com/lautaro-pereyra/profil/spieler/1264645
tbg-tm-01152022,1152022,Marlon van de Wetering,Marlon van de Wetering,M. van de Wetering,M. van de Wetering,,18,active,Jamaica; Netherlands,Right-Back,DEF,Excelsior Rotterdam,NL1,175000,81,81,81,0,81,development,unsigned,,https://www.transfermarkt.com/marlon-van-de-wetering/profil/spieler/1152022
tbg-tm-01067263,1067263,Richard Chukwu,Mba Richard Chukwu,R. Chukwu,R. Chukwu,,18,active,Canada,Centre-Back,DEF,Toronto FC,MLS1,150000,82,82,82,0,82,development,unsigned,,https://www.transfermarkt.com/richard-chukwu/profil/spieler/1067263
tbg-tm-01246034,1246034,Christopher Applewhite,Christopher Applewhite,C. Applewhite,C. Applewhite,,18,active,United States,Centre-Back,DEF,Nashville SC,MLS1,150000,81,81,81,0,81,development,unsigned,,https://www.transfermarkt.com/christopher-applewhite/profil/spieler/1246034
tbg-tm-01152597,1152597,Darius Randell,Alisa Randell,D. Randell,D. Randell,,18,active,United States; Liberia,Right Winger,ATT,Minnesota United FC,MLS1,150000,81,81,81,0,81,development,unsigned,,https://www.transfermarkt.com/darius-randell/profil/spieler/1152597
tbg-tm-01190006,1190006,Dominik Chong Qui,Dominik Chong Qui,D. Chong Qui,D. Chong Qui,,18,active,United States; Trinidad and Tobago,Left-Back,DEF,Atlanta United FC,MLS1,150000,81,81,81,0,81,development,unsigned,,https://www.transfermarkt.com/dominik-chong-qui/profil/spieler/1190006
tbg-tm-01299403,1299403,Lasse Eickel,Lasse Eickel,L. Eickel,L. Eickel,,18,active,Germany,Centre-Forward,ATT,SC Paderborn 07,L1,150000,81,81,81,0,81,development,unsigned,,https://www.transfermarkt.com/lasse-eickel/profil/spieler/1299403
tbg-tm-01308524,1308524,Mory Kera,Mory Kera,Mory Kera,Mory Kera,,18,active,Belgium,Defensive Midfield,DEF,Royal Charleroi SC,BE1,150000,81,81,81,0,81,development,unsigned,,https://www.transfermarkt.com/mory-kera/profil/spieler/1308524
tbg-tm-01296109,1296109,Ömer Arda Kara,Ömer Arda Kara,Ö. Kara,Ö. Kara,,18,active,Türkiye,Centre-Back,DEF,Erzurumspor FK,TR1,150000,81,81,81,0,81,development,unsigned,,https://www.transfermarkt.com/oemer-arda-kara/profil/spieler/1296109
tbg-tm-01341188,1341188,Owen Graham-Roache,Owen Graham-Roache,O. Graham-Roache,O. Graham-Roache,,18,active,Canada; Jamaica,Centre-Forward,ATT,CF Montréal,MLS1,150000,81,81,81,0,81,development,unsigned,,https://www.transfermarkt.com/owen-graham-roache/profil/spieler/1341188
tbg-tm-01182320,1182320,Tristan Brown,Tristan Alexander Brown,T. Brown,T. Brown,,18,active,United States,Left-Back,DEF,Columbus Crew,MLS1,150000,81,81,81,0,81,development,unsigned,,https://www.transfermarkt.com/tristan-brown/profil/spieler/1182320
tbg-tm-01150821,1150821,Cristiano Oliveira,Cristiano Oliveira,C. Oliveira,C. Oliveira,,18,active,United States; Brazil,Attacking Midfield,MID,New England Revolution,MLS1,125000,81,81,81,0,81,development,unsigned,,https://www.transfermarkt.com/cristiano-oliveira/profil/spieler/1150821
tbg-tm-01231230,1231230,Thomás De Martis,Thomás de Martis de la Rosa,T. De Martis,T. De Martis,,18,active,Argentina,Centre-Forward,ATT,Parma Calcio 1913,IT1,125000,81,81,81,0,81,development,unsigned,,https://www.transfermarkt.com/thomas-de-martis/profil/spieler/1231230
tbg-tm-01246468,1246468,Kayne Rizvanovich,Kayne Rizvanovich,K. Rizvanovich,K. Rizvanovich,,18,active,United States; Bosnia-Herzegovina,Goalkeeper,GK,Minnesota United FC,MLS1,100000,82,82,82,0,82,development,unsigned,,https://www.transfermarkt.com/kayne-rizvanovich/profil/spieler/1246468
tbg-tm-01168024,1168024,Lorenzo Nyarko,Lorenzo Nyarko,L. Nyarko,L. Nyarko,,18,active,Italy; Ghana,Goalkeeper,GK,US Sassuolo,IT1,100000,82,82,82,0,81,development,unsigned,,https://www.transfermarkt.com/lorenzo-nyarko/profil/spieler/1168024
tbg-tm-01414677,1414677,Abdou Khadre Sy,Abdou Khadre Sy,A. Sy,A. Sy,,18,active,Senegal,Centre-Forward,ATT,Eyüpspor,TR1,100000,81,81,81,0,81,development,unsigned,,https://www.transfermarkt.com/abdou-khadre-sy/profil/spieler/1414677
tbg-tm-01094203,1094203,Adyn Torres,Adyn Torres,Adyn Torres,Adyn Torres,,18,active,Puerto Rico; United States,Defensive Midfield,DEF,Atlanta United FC,MLS1,100000,81,81,81,0,81,development,unsigned,,https://www.transfermarkt.com/adyn-torres/profil/spieler/1094203
tbg-tm-01269453,1269453,Amine Ouahabi,أمين الوهابي,A. Ouahabi,A. Ouahabi,,18,active,Morocco; Belgium,Central Midfield,MID,KV Mechelen,BE1,100000,81,81,81,0,81,development,unsigned,,https://www.transfermarkt.com/amine-ouahabi/profil/spieler/1269453
tbg-tm-01272232,1272232,Bernardo Rhein,Bernardo Santos Rhein Goncalves,B. Rhein,B. Rhein,,18,active,United States; Brazil,Left Midfield,MID,Orlando City SC,MLS1,100000,81,81,81,0,81,development,unsigned,,https://www.transfermarkt.com/bernardo-rhein/profil/spieler/1272232
tbg-tm-01054471,1054471,Christopher Cupps,Christopher John Cupps,C. Cupps,C. Cupps,,18,active,United States,Centre-Back,DEF,Chicago Fire FC,MLS1,100000,81,81,81,0,81,development,unsigned,,https://www.transfermarkt.com/christopher-cupps/profil/spieler/1054471
tbg-tm-01172424,1172424,Elvis van der Laan,Elvis van der Laan,E. van der Laan,E. van der Laan,,18,active,Sweden; Netherlands,Centre-Back,DEF,FC Groningen,NL1,100000,81,81,81,0,81,development,unsigned,,https://www.transfermarkt.com/elvis-van-der-laan/profil/spieler/1172424
tbg-tm-01010296,1010296,Ervin Torres,Ervin Torres,E. Torres,E. Torres,,18,active,United States; Mexico,Central Midfield,MID,Austin FC,MLS1,100000,81,81,81,0,81,development,unsigned,,https://www.transfermarkt.com/ervin-torres/profil/spieler/1010296
tbg-tm-01078784,1078784,Giulio Vinciati,Giulio Vinciati,G. Vinciati,G. Vinciati,,18,active,Italy,Centre-Forward,ATT,Udinese Calcio,IT1,100000,81,81,81,0,81,development,unsigned,,https://www.transfermarkt.com/giulio-vinciati/profil/spieler/1078784
tbg-tm-01146453,1146453,Givaro Rahajaän,Givaro Romello Quincy Rahajaän Renwarin,G. Rahajaän,G. Rahajaän,,18,active,Netherlands,Central Midfield,MID,PEC Zwolle,NL1,100000,81,81,81,0,81,development,unsigned,,https://www.transfermarkt.com/givaro-rahajaaen/profil/spieler/1146453
tbg-tm-01507561,1507561,Mouhamadou Sall,Mouhamadou Yoro Sall,M. Sall,M. Sall,,18,active,Senegal,Centre-Back,DEF,Zulte Waregem,BE1,100000,81,81,81,0,81,development,unsigned,,https://www.transfermarkt.com/mouhamadou-sall/profil/spieler/1507561
tbg-tm-01104231,1104231,Rojendro Oudsten,Rojendro Jeveraino Oudsten,R. Oudsten,R. Oudsten,,18,active,Suriname; Netherlands,Central Midfield,MID,SC Telstar,NL1,100000,81,81,81,0,81,development,unsigned,,https://www.transfermarkt.com/rojendro-oudsten/profil/spieler/1104231
tbg-tm-01027444,1027444,Tristan Panduro,Tristan Aldcroft Panduro,T. Panduro,T. Panduro,,18,active,Denmark; England,Central Midfield,MID,Zulte Waregem,BE1,100000,81,81,81,0,81,development,unsigned,,https://www.transfermarkt.com/tristan-panduro/profil/spieler/1027444
tbg-tm-01370225,1370225,Maliq Musa,Maliq Musa Omotayo,Maliq Musa,Maliq Musa,,18,active,Nigeria,Left Winger,ATT,Zulte Waregem,BE1,75000,81,81,81,0,81,development,unsigned,,https://www.transfermarkt.com/maliq-musa/profil/spieler/1370225
tbg-tm-01075576,1075576,Nathan Talbot,Nathan Talbot,N. Talbot,N. Talbot,,18,active,France,Right-Back,DEF,Amiens SC B,,75000,81,81,81,0,81,development,unsigned,,https://www.transfermarkt.com/nathan-talbot/profil/spieler/1075576
tbg-tm-01006609,1006609,Aidan Stokes,Aidan Nicholas Stokes,A. Stokes,A. Stokes,,18,active,United States; England,Goalkeeper,GK,Red Bull New York,MLS1,50000,82,82,82,0,81,development,unsigned,,https://www.transfermarkt.com/aidan-stokes/profil/spieler/1006609
tbg-tm-01123651,1123651,Théo Radelet,Théo David Radelet,T. Radelet,T. Radelet,,18,active,Belgium,Goalkeeper,GK,RAAL La Louvière,BE1,50000,82,82,82,0,81,development,unsigned,,https://www.transfermarkt.com/theo-radelet/profil/spieler/1123651
tbg-tm-01389031,1389031,Abdulrazzaq Awaji,"Abdulrazzaq Sawlan Awaji, عبدالرزاق صولان عواجي",A. Awaji,A. Awaji,,18,active,Saudi Arabia,Left Winger,ATT,Al-Hazem SC,SA1,50000,81,81,81,0,81,development,unsigned,,https://www.transfermarkt.com/abdulrazzaq-awaji/profil/spieler/1389031
tbg-tm-01261143,1261143,Ali Osman Kalın,Ali Osman Kalın,A. Kalın,A. Kalın,,18,active,Türkiye,Left Winger,ATT,Gaziantep FK,TR1,50000,81,81,81,0,81,development,unsigned,,https://www.transfermarkt.com/ali-osman-kalin/profil/spieler/1261143
tbg-tm-01233280,1233280,Berkay Muratoğlu,Berkay Muratoğlu,B. Muratoğlu,B. Muratoğlu,,18,active,Türkiye,Centre-Back,DEF,Kasimpasa,TR1,50000,81,81,81,0,81,development,unsigned,,https://www.transfermarkt.com/berkay-muratoglu/profil/spieler/1233280
tbg-tm-01354662,1354662,Enzo Somon,Enzo Somon,Enzo Somon,Enzo Somon,,18,active,France,Attacking Midfield,MID,Amiens SC U19,,50000,81,81,81,0,81,development,unsigned,,https://www.transfermarkt.com/enzo-somon/profil/spieler/1354662
tbg-tm-01464920,1464920,Gabriel dos Santos Queiroz,Gabriel Índio,Gabriel Índio,Gabriel Índio,Gabriel Índio,18,active,Brazil,Centre-Back,DEF,SL Benfica,PO1,50000,81,81,81,0,81,development,unsigned,,https://www.transfermarkt.com/gabriel-indio/profil/spieler/1464920
tbg-tm-00999379,999379,Luis Rivera,Luis Rivera,Luis Rivera,Luis Rivera,,18,active,United States,Left-Back,DEF,Real Salt Lake City,MLS1,50000,81,81,81,0,81,development,unsigned,,https://www.transfermarkt.com/luis-rivera/profil/spieler/999379
tbg-tm-01259072,1259072,Mohamed Ahmed Hamad Shehata Hamad,محمد أحمد حمد شحاتة,Mohamed Hamad,Mohamed Hamad,Mohamed Hamad,18,active,Egypt,Central Midfield,MID,Zamalek SC,EGY1,50000,81,81,81,0,81,development,unsigned,,https://www.transfermarkt.com/mohamed-hamad/profil/spieler/1259072
tbg-tm-01341829,1341829,Taha İbrahim Rençber,Taha İbrahim Rençber,T. Rençber,T. Rençber,,18,active,Türkiye,Centre-Back,DEF,Corum FK,TR1,50000,81,81,81,0,81,development,unsigned,,https://www.transfermarkt.com/taha-ibrahim-rencber/profil/spieler/1341829
tbg-tm-01243736,1243736,Yusuf Can Karademir,Yusuf Can Karademir,Y. Karademir,Y. Karademir,,18,active,Türkiye,Attacking Midfield,MID,Alanyaspor,TR1,50000,81,81,81,0,81,development,unsigned,,https://www.transfermarkt.com/yusuf-can-karademir/profil/spieler/1243736
tbg-tm-01015089,1015089,Sebastián Rodríguez,Sebastián Rodríguez Medina,S. Rodríguez,S. Rodríguez,,18,active,Mexico; United States,Central Midfield,MID,CF Monterrey,MEXA,25000,81,81,81,0,81,development,unsigned,,https://www.transfermarkt.com/sebastian-rodriguez/profil/spieler/1015089
tbg-tm-01460614,1460614,Mohammed Al-Hamsal,"Mohammed Ayed Obaid Al-Hamsal, محمد عايض ال حمسل",M. Al-Hamsal,M. Al-Hamsal,,18,active,Saudi Arabia,Defensive Midfield,DEF,Abha Club,SA1,10000,81,81,81,0,81,development,unsigned,,https://www.transfermarkt.com/mohammed-al-hamsal/profil/spieler/1460614
tbg-tm-01231222,1231222,Alejandro Tello,Alejandro Joaquín Tello,A. Tello,A. Tello,,18,active,Argentina,Defensive Midfield,DEF,Racing Club,ARGC,0,80,80,80,0,80,development,unsigned,,https://www.transfermarkt.com/alejandro-tello/profil/spieler/1231222
tbg-tm-01581183,1581183,Alpha Fofana,Alpha Kabinet Fofana,A. Fofana,A. Fofana,,18,active,Guinea,Centre-Back,DEF,Konyaspor,TR1,0,80,80,80,0,80,development,unsigned,,https://www.transfermarkt.com/alpha-fofana/profil/spieler/1581183
tbg-tm-01368117,1368117,Antonio Riquelme,Antonio Henry Riquelme,A. Riquelme,A. Riquelme,,18,active,Chile; United States,Central Midfield,MID,Real Salt Lake City,MLS1,0,80,80,80,0,80,development,unsigned,,https://www.transfermarkt.com/antonio-riquelme/profil/spieler/1368117
tbg-tm-01189064,1189064,Azem Yortaç,Mustafa Azem Yortaç,Azem Yortaç,Azem Yortaç,,18,active,Türkiye,Centre-Back,DEF,Besiktas JK,TR1,0,80,80,80,0,80,development,unsigned,,https://www.transfermarkt.com/azem-yortac/profil/spieler/1189064
tbg-tm-01279157,1279157,Benno Kaltefleiter,Benno Valentin Kilan Kaltefleiter,B. Kaltefleiter,B. Kaltefleiter,,18,active,Germany,Defensive Midfield,DEF,RB Leipzig,L1,0,80,80,80,0,80,development,unsigned,,https://www.transfermarkt.com/benno-kaltefleiter/profil/spieler/1279157
tbg-tm-01189059,1189059,Berk Deniz Çukurcu,Berk Deniz Çukurcu,B. Çukurcu,B. Çukurcu,,18,active,Türkiye,Goalkeeper,GK,Genclerbirligi Ankara,TR1,0,80,80,80,0,80,development,unsigned,,https://www.transfermarkt.com/berk-deniz-cukurcu/profil/spieler/1189059
tbg-tm-01197999,1197999,Cemilhan Aslan,Cemilhan Aslan,C. Aslan,C. Aslan,,18,active,Türkiye,Goalkeeper,GK,Gaziantep FK,TR1,0,80,80,80,0,80,development,unsigned,,https://www.transfermarkt.com/cemilhan-aslan/profil/spieler/1197999
tbg-tm-01354021,1354021,Chinedu Agu,Chinedu Agu,Chinedu Agu,Chinedu Agu,,18,active,England,Right-Back,DEF,Portsmouth FC,GB2,0,80,80,80,0,80,development,unsigned,,https://www.transfermarkt.com/chinedu-agu/profil/spieler/1354021
tbg-tm-01341173,1341173,Clovis Archange,Clovis Archange,C. Archange,C. Archange,,18,active,Canada,Centre-Back,DEF,Orlando City SC,MLS1,0,80,80,80,0,80,development,unsigned,,https://www.transfermarkt.com/clovis-archange/profil/spieler/1341173
tbg-tm-01078164,1078164,Demi Akarakiri,Ademide Oreoluwa Abdulganiyu Ibuknoluwa Olamilekan Oluwajuedalo Ayomide Ishola Akarakiri,D. Akarakiri,D. Akarakiri,,18,active,England; Nigeria,Central Midfield,MID,Cagliari Calcio,IT1,0,80,80,80,0,80,development,unsigned,,https://www.transfermarkt.com/demi-akarakiri/profil/spieler/1078164
tbg-tm-01261640,1261640,Denner Alves Evangelista Pereira,Denner,Denner,Denner,Denner,18,active,Brazil,Left-Back,DEF,Chelsea FC,GB1,0,80,80,80,0,80,development,unsigned,,https://www.transfermarkt.com/denner/profil/spieler/1261640
tbg-tm-01414664,1414664,Diabel Ndoye,Diabel Ndoye,D. Ndoye,D. Ndoye,,18,active,Senegal,Centre-Back,DEF,Eyüpspor,TR1,0,80,80,80,0,80,development,unsigned,,https://www.transfermarkt.com/diabel-ndoye/profil/spieler/1414664
tbg-tm-01237420,1237420,Efe Yiğit Üstün,Efe Yiğit Üstün,E. Üstün,E. Üstün,,18,active,Türkiye,Goalkeeper,GK,Samsunspor,TR1,0,80,80,80,0,80,development,unsigned,,https://www.transfermarkt.com/efe-yigit-uestuen/profil/spieler/1237420
tbg-tm-01233283,1233283,Ege Albayrak,Ege Albayrak,E. Albayrak,E. Albayrak,,18,active,Türkiye,Goalkeeper,GK,Kasimpasa,TR1,0,80,80,80,0,80,development,unsigned,,https://www.transfermarkt.com/ege-albayrak/profil/spieler/1233283
tbg-tm-01245279,1245279,Ege Öztürk,Ege Öztürk,Ege Öztürk,Ege Öztürk,,18,active,Türkiye,Goalkeeper,GK,Basaksehir FK,TR1,0,80,80,80,0,80,development,unsigned,,https://www.transfermarkt.com/ege-oeztuerk/profil/spieler/1245279
tbg-tm-01159486,1159486,Elias Etringer,Elias Etringer,E. Etringer,E. Etringer,,18,active,Germany,Goalkeeper,GK,SV 07 Elversberg,L1,0,80,80,80,0,80,development,unsigned,,https://www.transfermarkt.com/elias-etringer/profil/spieler/1159486
tbg-tm-01291928,1291928,Elikya Legros,Elikya Legros,E. Legros,E. Legros,,18,active,France; DR Congo,Centre-Back,DEF,AJ Auxerre B,,0,80,80,80,0,80,development,unsigned,,https://www.transfermarkt.com/elikya-legros/profil/spieler/1291928
tbg-tm-01185941,1185941,Emmanuel Mbemba,Emmanuel Mbemba Nlandu,E. Mbemba,E. Mbemba,,18,active,France; DR Congo,Left-Back,DEF,Paris FC,FR1,0,80,80,80,0,80,development,unsigned,,https://www.transfermarkt.com/emmanuel-mbemba/profil/spieler/1185941
tbg-tm-01146456,1146456,Finn Mulder,Finn Mulder,Finn Mulder,Finn Mulder,,18,active,Netherlands,Goalkeeper,GK,SC Telstar,NL1,0,80,80,80,0,80,development,unsigned,,https://www.transfermarkt.com/finn-mulder/profil/spieler/1146456
tbg-tm-01073474,1073474,Gil Neves,Gil Matteo Neves,Gil Neves,Gil Neves,,18,active,Portugal; Luxembourg,Central Midfield,MID,1.FC Köln,L1,0,80,80,80,0,80,development,unsigned,,https://www.transfermarkt.com/gil-neves/profil/spieler/1073474
tbg-tm-01002551,1002551,Gio Villa,Juan Giovanni Villa,Gio Villa,Gio Villa,,18,active,United States; Mexico,Right-Back,DEF,Real Salt Lake City,MLS1,0,80,80,80,0,80,development,unsigned,,https://www.transfermarkt.com/gio-villa/profil/spieler/1002551
tbg-tm-01457747,1457747,Grant Leveille,Grant Franck Leveillé,G. Leveille,G. Leveille,,18,active,Haiti; United States,Goalkeeper,GK,D.C. United,MLS1,0,80,80,80,0,80,development,unsigned,,https://www.transfermarkt.com/grant-leveille/profil/spieler/1457747
tbg-tm-01456177,1456177,Guust Lamerand,Guust Lamerand,G. Lamerand,G. Lamerand,,18,active,Belgium,Defender,DEF,KV Kortrijk,BE1,0,80,80,80,0,80,development,unsigned,,https://www.transfermarkt.com/guust-lamerand/profil/spieler/1456177
tbg-tm-01339551,1339551,Hendel dos Santos Nascimento,Índio,Índio,Índio,Índio,18,active,Brazil,Central Midfield,MID,Clube Atlético Mineiro,BRA1,0,80,80,80,0,80,development,unsigned,,https://www.transfermarkt.com/indio/profil/spieler/1339551
tbg-tm-01185890,1185890,Hermann Malonga,Hermann Benny Diandaga Malonga,H. Malonga,H. Malonga,,18,active,France; Congo,Centre-Back,DEF,RC Strasbourg Alsace,FR1,0,80,80,80,0,80,development,unsigned,,https://www.transfermarkt.com/hermann-malonga/profil/spieler/1185890
tbg-tm-01200424,1200424,Ilan Jourdren,Ilan Bertrand Jean-Charles Jourdren,I. Jourdren,I. Jourdren,,18,active,France,Goalkeeper,GK,RC Lens,FR1,0,80,80,80,0,80,development,unsigned,,https://www.transfermarkt.com/ilan-jourdren/profil/spieler/1200424
tbg-tm-01073381,1073381,Jack Kortkamp,Jack Stattman Kortkamp,J. Kortkamp,J. Kortkamp,,18,active,United States; Canada,Goalkeeper,GK,Sporting Kansas City,MLS1,0,80,80,80,0,80,development,unsigned,,https://www.transfermarkt.com/jack-kortkamp/profil/spieler/1073381
tbg-tm-01158466,1158466,Jacob Arroyave,Jacob Arroyave,J. Arroyave,J. Arroyave,,18,active,United States; Colombia,Central Midfield,MID,New York City FC,MLS1,0,80,80,80,0,80,development,unsigned,,https://www.transfermarkt.com/jacob-arroyave/profil/spieler/1158466
tbg-tm-01204414,1204414,Joe Rees,Joe Rees,Joe Rees,Joe Rees,,18,active,Wales; England,Defensive Midfield,DEF,Wrexham AFC,GB2,0,80,80,80,0,80,development,unsigned,,https://www.transfermarkt.com/joe-rees/profil/spieler/1204414
tbg-tm-01139557,1139557,Ju-ho Choi,최주호,Ju-ho Choi,Ju-ho Choi,,18,active,"Korea, South",Goalkeeper,GK,Ulsan HD FC,RSK1,0,80,80,80,0,80,development,unsigned,,https://www.transfermarkt.com/ju-ho-choi/profil/spieler/1139557
tbg-tm-01068117,1068117,Liam West,Liam Christopher West,Liam West,Liam West,,18,active,Norway; United States,Right Winger,ATT,FC Copenhagen,DK1,0,80,80,80,0,80,development,unsigned,,https://www.transfermarkt.com/liam-west/profil/spieler/1068117
tbg-tm-01318279,1318279,Luca Schelfhout,Luca Schelfhout,L. Schelfhout,L. Schelfhout,,18,active,Belgium,Centre-Back,DEF,Royal Antwerp FC,BE1,0,80,80,80,0,80,development,unsigned,,https://www.transfermarkt.com/luca-schelfhout/profil/spieler/1318279
tbg-tm-01373942,1373942,Luka Didulica,Luka Didulica,L. Didulica,L. Didulica,,18,active,Australia,Centre-Back,DEF,Urawa Red Diamonds,JAP1,0,80,80,80,0,80,development,unsigned,,https://www.transfermarkt.com/luka-didulica/profil/spieler/1373942
tbg-tm-01077676,1077676,Martin James,Martin James,M. James,M. James,,18,active,France,Goalkeeper,GK,1.FC Köln,L1,0,80,80,80,0,80,development,unsigned,,https://www.transfermarkt.com/martin-james/profil/spieler/1077676
tbg-tm-01070980,1070980,Mathieu Nguefack,Mathieu Nguefack,M. Nguefack,M. Nguefack,,18,active,Germany; Cameroon,Central Midfield,MID,Borussia Mönchengladbach,L1,0,80,80,80,0,80,development,unsigned,,https://www.transfermarkt.com/mathieu-nguefack/profil/spieler/1070980
tbg-tm-01466983,1466983,Moayad Bunayyan,مؤيد محمد بنيان,M. Bunayyan,M. Bunayyan,,18,active,Saudi Arabia,Defender,DEF,Abha Club,SA1,0,80,80,80,0,80,development,unsigned,,https://www.transfermarkt.com/moayad-bunayyan/profil/spieler/1466983
tbg-tm-01510005,1510005,Modibo Fofana,Modibo Fofana,M. Fofana,M. Fofana,,18,active,Cote d'Ivoire,Central Midfield,MID,Royal Antwerp FC,BE1,0,80,80,80,0,80,development,unsigned,,https://www.transfermarkt.com/modibo-fofana/profil/spieler/1510005
tbg-tm-01581174,1581174,Mohamed Fofana,Mohamed Samoussy Fofana,M. Fofana,M. Fofana,,18,active,Cote d'Ivoire,Midfielder,MID,Konyaspor,TR1,0,80,80,80,0,80,development,unsigned,,https://www.transfermarkt.com/mohamed-fofana/profil/spieler/1581174
tbg-tm-01161423,1161423,Moussa Gbemou,Moussa Gbemou,M. Gbemou,M. Gbemou,,18,active,Belgium; Guinea,Central Midfield,MID,Fortuna Sittard,NL1,0,80,80,80,0,80,development,unsigned,,https://www.transfermarkt.com/moussa-gbemou/profil/spieler/1161423
tbg-tm-01131926,1131926,Osman Turay,Osman Mohamed Turay,Osman Turay,Osman Turay,,18,active,Germany; Sierra Leone,Left-Back,DEF,Excelsior Rotterdam,NL1,0,80,80,80,0,80,development,unsigned,,https://www.transfermarkt.com/osman-turay/profil/spieler/1131926
tbg-tm-01580906,1580906,Pedro Jesus,Pedro Lucas Rodrigues Mendes de Jesus,Pedro Jesus,Pedro Jesus,,18,active,Brazil,Centre-Back,DEF,Moreirense FC,PO1,0,80,80,80,0,80,development,unsigned,,https://www.transfermarkt.com/pedro-jesus/profil/spieler/1580906
tbg-tm-01577556,1577556,Philippe Bibout,Philippe Bibout,P. Bibout,P. Bibout,,18,active,Cameroon,Central Midfield,MID,KVC Westerlo,BE1,0,80,80,80,0,80,development,unsigned,,https://www.transfermarkt.com/philippe-bibout/profil/spieler/1577556
tbg-tm-01084756,1084756,Plamen Penev,Пламен Валентинов Пенев,P. Penev,P. Penev,,18,active,Bulgaria,Goalkeeper,GK,US Lecce,IT1,0,80,80,80,0,80,development,unsigned,,https://www.transfermarkt.com/plamen-penev/profil/spieler/1084756
tbg-tm-01186332,1186332,Rostyslav Baglay,Баглай Ростислав Миколайович,R. Baglay,R. Baglay,,18,active,Ukraine,Goalkeeper,GK,Shakhtar Donetsk U19,,0,80,80,80,0,80,development,unsigned,,https://www.transfermarkt.com/rostyslav-baglay/profil/spieler/1186332
tbg-tm-01438186,1438186,Salih Arıcı,Ahmet Salih Arıcı,Salih Arıcı,Salih Arıcı,,18,active,Türkiye,Centre-Back,DEF,Kasimpasa,TR1,0,80,80,80,0,80,development,unsigned,,https://www.transfermarkt.com/salih-arici/profil/spieler/1438186
tbg-tm-01093061,1093061,Santiago Verdi Oliveira Silva,Santi Verdi,Santi Verdi,Santi Verdi,Santi Verdi,18,active,Portugal,Central Midfield,MID,Vitória Guimarães SC,PO1,0,80,80,80,0,80,development,unsigned,,https://www.transfermarkt.com/santi-verdi/profil/spieler/1093061
tbg-tm-01131153,1131153,Tim Blaszczak,Tim Blaszczak,T. Blaszczak,T. Blaszczak,,18,active,Germany,Defensive Midfield,DEF,1.FC Union Berlin,L1,0,80,80,80,0,80,development,unsigned,,https://www.transfermarkt.com/tim-blaszczak/profil/spieler/1131153
tbg-tm-01042870,1042870,Tobias Breum-Harild,Tobias Breum-Harild,T. Breum-Harild,T. Breum-Harild,,18,active,Denmark,Goalkeeper,GK,FC Copenhagen,DK1,0,80,80,80,0,80,development,unsigned,,https://www.transfermarkt.com/tobias-breum-harild/profil/spieler/1042870
tbg-tm-00954082,954082,Tom Wisbereit,Tom Heinz Wisbereit,T. Wisbereit,T. Wisbereit,,18,active,Germany,Goalkeeper,GK,FC Augsburg,L1,0,80,80,80,0,80,development,unsigned,,https://www.transfermarkt.com/tom-wisbereit/profil/spieler/954082
tbg-tm-01226710,1226710,Tyler Williams,Tyler Jordan Williams,T. Williams,T. Williams,,18,active,Australia,Centre-Back,DEF,Sydney FC,AUS1,0,80,80,80,0,80,development,unsigned,,https://www.transfermarkt.com/tyler-williams/profil/spieler/1226710
tbg-tm-01355486,1355486,Vitor Fernandes Chaves Teixeira,Vitão,Vitão,Vitão,Vitão,18,active,Brazil,Centre-Back,DEF,Clube Atlético Mineiro,BRA1,0,80,80,80,0,80,development,unsigned,,https://www.transfermarkt.com/vitao/profil/spieler/1355486
tbg-tm-01351512,1351512,Yakup Ayan,Yakup Ayan,Yakup Ayan,Yakup Ayan,,18,active,Türkiye,Centre-Back,DEF,Caykur Rizespor,TR1,0,80,80,80,0,80,development,unsigned,,https://www.transfermarkt.com/yakup-ayan/profil/spieler/1351512
tbg-tm-01402676,1402676,Yoshitaka Tanaka,田中 義峯,Y. Tanaka,Y. Tanaka,,18,active,Japan,Centre-Back,DEF,Urawa Red Diamonds,JAP1,0,80,80,80,0,80,development,unsigned,,https://www.transfermarkt.com/yoshitaka-tanaka/profil/spieler/1402676
tbg-tm-01024693,1024693,Younes Jaber el Meftahi,Younes Jaber el Meftahi,Y. el Meftahi,Y. el Meftahi,,18,active,Netherlands; Morocco,Attacking Midfield,MID,Sparta Rotterdam,NL1,0,80,80,80,0,80,development,unsigned,,https://www.transfermarkt.com/younes-jaber-el-meftahi/profil/spieler/1024693
tbg-tm-01134232,1134232,Billy O'Neill,Billy O'Neill,B. O'Neill,B. O'Neill,,18,active,Ireland,Centre-Forward,ATT,Bristol City,GB2,0,79,79,79,0,79,development,unsigned,,https://www.transfermarkt.com/billy-o-neill/profil/spieler/1134232
tbg-tm-01011269,1011269,Chance Cowell,Chance Derek Cowell Maldonado,C. Cowell,C. Cowell,,18,active,United States; Mexico,Left Winger,ATT,Real Salt Lake City,MLS1,0,79,79,79,0,79,development,unsigned,,https://www.transfermarkt.com/chance-cowell/profil/spieler/1011269
tbg-tm-01149528,1149528,Finn Barkowsky,Finn Jan Erik Barkowsky,F. Barkowsky,F. Barkowsky,,18,active,Germany,Left Winger,ATT,Hamburger SV,L1,0,79,79,79,0,79,development,unsigned,,https://www.transfermarkt.com/finn-barkowsky/profil/spieler/1149528
tbg-tm-01288364,1288364,Jaidyn Contreras,Jaidyn Contreras,J. Contreras,J. Contreras,,18,active,Honduras; United States,Left Winger,ATT,FC Dallas,MLS1,0,79,79,79,0,79,development,unsigned,,https://www.transfermarkt.com/jaidyn-contreras/profil/spieler/1288364
tbg-tm-01555142,1555142,Luis Narh,Luis Narh,Luis Narh,Luis Narh,,18,active,Ghana,Centre-Forward,ATT,Royal Antwerp FC,BE1,0,79,79,79,0,79,development,unsigned,,https://www.transfermarkt.com/luis-narh/profil/spieler/1555142
tbg-tm-01318352,1318352,Malcolm Lohunanu-Mbasi,Malcolm Bendele Lohunanu-Mbasi,M. Lohunanu-Mbasi,M. Lohunanu-Mbasi,,18,active,Belgium,Centre-Forward,ATT,KV Mechelen,BE1,0,79,79,79,0,79,development,unsigned,,https://www.transfermarkt.com/malcolm-lohunanu-mbasi/profil/spieler/1318352
tbg-tm-01259986,1259986,Malik Pimpong,Malik Razak Engholm Pimpong,M. Pimpong,M. Pimpong,,18,active,Denmark,Left Winger,ATT,Eintracht Frankfurt,L1,0,79,79,79,0,79,development,unsigned,,https://www.transfermarkt.com/malik-pimpong/profil/spieler/1259986
tbg-tm-01135984,1135984,Minato Yoshida,吉田 湊海,M. Yoshida,M. Yoshida,,18,active,Japan,Centre-Forward,ATT,Kashima Antlers,JAP1,0,79,79,79,0,79,development,unsigned,,https://www.transfermarkt.com/minato-yoshida/profil/spieler/1135984
tbg-tm-01354009,1354009,Nathaniel Chioma,Nathaniel Chioma,N. Chioma,N. Chioma,,18,active,England,Striker,ATT,Portsmouth FC,GB2,0,79,79,79,0,79,development,unsigned,,https://www.transfermarkt.com/nathaniel-chioma/profil/spieler/1354009
tbg-tm-01392804,1392804,Ndjicoura Bomba,Ndjicoura Raymond Bomba,N. Bomba,N. Bomba,,18,active,Mali,Centre-Forward,ATT,Bayer 04 Leverkusen,L1,0,79,79,79,0,79,development,unsigned,,https://www.transfermarkt.com/ndjicoura-bomba/profil/spieler/1392804
tbg-tm-01054495,1054495,Omar Marquez,Omar Marquez,O. Marquez,O. Marquez,,18,active,Mexico; United States,Right Winger,ATT,Real Salt Lake City,MLS1,0,79,79,79,0,79,development,unsigned,,https://www.transfermarkt.com/omar-marquez/profil/spieler/1054495
tbg-tm-01187640,1187640,Ryan McAidoo,Ryan Kelly McAidoo,R. McAidoo,R. McAidoo,,18,active,England,Right Winger,ATT,Manchester City,GB1,0,79,79,79,0,79,development,unsigned,,https://www.transfermarkt.com/ryan-mcaidoo/profil/spieler/1187640
tbg-tm-01275528,1275528,Ryan Roberto de Oliveira Dantas,Ryan Roberto,Ryan Roberto,Ryan Roberto,Ryan Roberto,18,active,Brazil,Left Winger,ATT,Shakhtar Donetsk,UKR1,0,79,79,79,0,79,development,unsigned,,https://www.transfermarkt.com/ryan-roberto/profil/spieler/1275528
tbg-tm-01494766,1494766,Saikuba Jarju,Saikuba Jarju,S. Jarju,S. Jarju,,18,active,The Gambia,Left Winger,ATT,Samsunspor,TR1,0,79,79,79,0,79,development,unsigned,,https://www.transfermarkt.com/saikuba-jarju/profil/spieler/1494766
tbg-tm-01502255,1502255,Samuel Alves,Samuel da Silva Alves,S. Alves,S. Alves,,18,active,Brazil,Centre-Forward,ATT,Rio Ave FC,PO1,0,79,79,79,0,79,development,unsigned,,https://www.transfermarkt.com/samuel-alves/profil/spieler/1502255
tbg-tm-01354020,1354020,Tayo Singerr,Olutayo Singerr,T. Singerr,T. Singerr,,18,active,England,Centre-Forward,ATT,Portsmouth FC,GB2,0,79,79,79,0,79,development,unsigned,,https://www.transfermarkt.com/tayo-singerr/profil/spieler/1354020
tbg-tm-01151028,1151028,Zidane Yáñez,Zidane Antonio Yáñez Alvarado,Z. Yáñez,Z. Yáñez,,18,active,Chile; United States,Centre-Forward,ATT,Nashville SC,MLS1,0,79,79,79,0,79,development,unsigned,,https://www.transfermarkt.com/zidane-yanez/profil/spieler/1151028
tbg-tm-01168219,1168219,Said El Mala,Saïd El Mala,S. El Mala,S. El Mala,,19,active,Germany,Left Winger,ATT,1.FC Köln,L1,45000000,88,88,88,0,88,first_team,unsigned,,https://www.transfermarkt.com/said-el-mala/profil/spieler/1168219
tbg-tm-01084638,1084638,Karim Coulibaly,Abdoul Karim Coulibaly,K. Coulibaly,K. Coulibaly,,19,active,Germany; Cote d'Ivoire,Centre-Back,DEF,SV Werder Bremen,L1,28000000,87,87,87,0,87,first_team,unsigned,,https://www.transfermarkt.com/karim-coulibaly/profil/spieler/1084638
tbg-tm-00947411,947411,Chris Rigg,Christopher John Rigg,Chris Rigg,Chris Rigg,,19,active,England,Attacking Midfield,MID,Sunderland AFC,GB1,25000000,87,87,87,0,87,first_team,unsigned,,https://www.transfermarkt.com/chris-rigg/profil/spieler/947411
tbg-tm-00923945,923945,Noahkai Banks,Noahkai Dominic Banks,N. Banks,N. Banks,,19,active,United States; Germany,Centre-Back,DEF,FC Augsburg,L1,20000000,86,86,86,0,86,senior_squad,unsigned,,https://www.transfermarkt.com/noahkai-banks/profil/spieler/923945
tbg-tm-01363293,1363293,Patrick Zabi,Patrick Zabi Eloge Gueu,P. Zabi,P. Zabi,,19,active,Cote d'Ivoire,Central Midfield,MID,Paris FC,FR1,20000000,86,86,86,0,86,senior_squad,unsigned,,https://www.transfermarkt.com/patrick-zabi/profil/spieler/1363293
tbg-tm-01421433,1421433,Zadok Yohanna,Zadok Yohanna,Z. Yohanna,Z. Yohanna,,19,active,Nigeria,Right Winger,ATT,Brighton & Hove Albion,GB1,18000000,82,82,82,0,82,development,unsigned,,https://www.transfermarkt.com/zadok-yohanna/profil/spieler/1421433
tbg-tm-01103958,1103958,Prosper Peter,Prosper Peter,P. Peter,P. Peter,,19,active,France; Nigeria,Centre-Forward,ATT,Angers SCO,FR1,15000000,85,85,85,0,85,senior_squad,unsigned,,https://www.transfermarkt.com/prosper-peter/profil/spieler/1103958
tbg-tm-01089144,1089144,Gabriel Carvalho Teixeira,Gabriel Carvalho,Gabriel Carvalho,Gabriel Carvalho,Gabriel Carvalho,19,active,Brazil,Right Winger,ATT,Al-Qadsiah FC,SA1,12000000,85,85,85,0,85,senior_squad,unsigned,,https://www.transfermarkt.com/gabriel-carvalho/profil/spieler/1089144
tbg-tm-00929943,929943,Francis Onyeka,Francis-Ikechukwu Onyeka,F. Onyeka,F. Onyeka,,19,active,Germany; Nigeria,Attacking Midfield,MID,SV 07 Elversberg,L1,10000000,85,85,85,0,85,senior_squad,unsigned,,https://www.transfermarkt.com/francis-onyeka/profil/spieler/929943
tbg-tm-00924857,924857,Lennon Miller,Lennon Lee Miller,L. Miller,L. Miller,,19,active,Scotland,Central Midfield,MID,Udinese Calcio,IT1,10000000,85,85,85,0,85,senior_squad,unsigned,,https://www.transfermarkt.com/lennon-miller/profil/spieler/924857
tbg-tm-00932187,932187,Sascha Britschgi,Sascha Britschgi,S. Britschgi,S. Britschgi,,19,active,Switzerland; Cameroon,Right-Back,DEF,Parma Calcio 1913,IT1,10000000,85,85,85,0,85,senior_squad,unsigned,,https://www.transfermarkt.com/sascha-britschgi/profil/spieler/932187
tbg-tm-01228194,1228194,Álvaro Montoro,Álvaro Montoro,Á. Montoro,Á. Montoro,,19,active,Argentina; Italy,Left Winger,ATT,Botafogo de Futebol e Regatas,BRA1,10000000,84,84,84,0,84,senior_squad,unsigned,,https://www.transfermarkt.com/alvaro-montoro/profil/spieler/1228194
tbg-tm-00897510,897510,Mihajlo Cvetkovic,Михајло Цветковић,M. Cvetkovic,M. Cvetkovic,,19,active,Serbia,Centre-Forward,ATT,RSC Anderlecht,BE1,10000000,84,84,84,0,84,senior_squad,unsigned,,https://www.transfermarkt.com/mihajlo-cvetkovic/profil/spieler/897510
tbg-tm-01384266,1384266,Tobías Andrada,Tobías Luciano Andrada,T. Andrada,T. Andrada,,19,active,Argentina,Central Midfield,MID,CA River Plate,ARGC,9000000,84,84,84,0,84,senior_squad,unsigned,,https://www.transfermarkt.com/tobias-andrada/profil/spieler/1384266
tbg-tm-00988964,988964,Mattia Liberali,Mattia Liberali,M. Liberali,M. Liberali,,19,active,Italy,Attacking Midfield,MID,Como 1907,IT1,8500000,84,84,84,0,84,senior_squad,unsigned,,https://www.transfermarkt.com/mattia-liberali/profil/spieler/988964
tbg-tm-01178488,1178488,Idrissa Gueye,Idrissa Gueye,I. Gueye,I. Gueye,,19,active,Senegal,Centre-Forward,ATT,Udinese Calcio,IT1,8000000,84,84,84,0,84,senior_squad,unsigned,,https://www.transfermarkt.com/idrissa-gueye/profil/spieler/1178488
tbg-tm-01045124,1045124,Jay Robinson,Jay Steven Robinson,J. Robinson,J. Robinson,,19,active,England,Left Winger,ATT,AC Monza,IT1,8000000,84,84,84,0,84,senior_squad,unsigned,,https://www.transfermarkt.com/jay-robinson/profil/spieler/1045124
tbg-tm-01262996,1262996,Jorge Salinas,Jorge Salinas Viadero,J. Salinas,J. Salinas,,19,active,Spain,Left-Back,DEF,Racing Santander,ES1,8000000,84,84,84,0,84,senior_squad,unsigned,,https://www.transfermarkt.com/jorge-salinas/profil/spieler/1262996
tbg-tm-00969376,969376,Mertcan Ayhan,Mertcan Ayhan,M. Ayhan,M. Ayhan,,19,active,Türkiye; Germany,Centre-Back,DEF,FC Schalke 04,L1,8000000,84,84,84,0,84,senior_squad,unsigned,,https://www.transfermarkt.com/mertcan-ayhan/profil/spieler/969376
tbg-tm-01053206,1053206,Oumar Camara,Oumar Camara,O. Camara,O. Camara,,19,active,France; Mali,Left Winger,ATT,Vitória Guimarães SC,PO1,8000000,84,84,84,0,84,senior_squad,unsigned,,https://www.transfermarkt.com/oumar-camara/profil/spieler/1053206
tbg-tm-01385275,1385275,Abubacarr Sedi Kinteh,Abubacarr Sedi Kinteh,A. Kinteh,A. Kinteh,,19,active,The Gambia,Centre-Back,DEF,Tromsø IL,NO1,7000000,84,84,84,0,84,senior_squad,unsigned,,https://www.transfermarkt.com/abubacarr-sedi-kinteh/profil/spieler/1385275
tbg-tm-01119453,1119453,Herba Guirassy,Bahereba Guirassy,H. Guirassy,H. Guirassy,,19,active,France; Guinea,Left Winger,ATT,FC Nantes,FR2,7000000,84,84,84,0,84,senior_squad,unsigned,,https://www.transfermarkt.com/herba-guirassy/profil/spieler/1119453
tbg-tm-01371793,1371793,Paul Mendy,Paul Mendy,Paul Mendy,Paul Mendy,,19,active,Senegal,Centre-Forward,ATT,Cagliari Calcio,IT1,7000000,83,83,83,0,83,development,unsigned,,https://www.transfermarkt.com/paul-mendy/profil/spieler/1371793
tbg-tm-00794749,794749,Cheveyo Tsawa,Cheveyo Tsawa,C. Tsawa,C. Tsawa,,19,active,Switzerland,Central Midfield,MID,Club Brugge KV,BE1,6000000,84,84,84,0,84,senior_squad,unsigned,,https://www.transfermarkt.com/cheveyo-tsawa/profil/spieler/794749
tbg-tm-01007383,1007383,Zavier Gozo,Zavier Didier Tapei Gozo,Zavier Gozo,Zavier Gozo,,19,active,United States; Cote d'Ivoire,Right Winger,ATT,Real Salt Lake City,MLS1,6000000,83,83,83,0,83,development,unsigned,,https://www.transfermarkt.com/zavier-gozo/profil/spieler/1007383
tbg-tm-01213681,1213681,Alexander Røssing-Lelesiit,Alexander Røssing-Lelesiit,A. Røssing-Lelesiit,A. Røssing-Lelesiit,,19,active,Norway,Left Winger,ATT,Hamburger SV,L1,5000000,83,83,83,0,83,development,unsigned,,https://www.transfermarkt.com/alexander-roessing-lelesiit/profil/spieler/1213681
tbg-tm-00987672,987672,Andrej Kostić,Андреј Костић,A. Kostić,A. Kostić,,19,active,Montenegro; Serbia,Centre-Forward,ATT,,,5000000,83,83,83,0,83,development,unsigned,,https://www.transfermarkt.com/andrej-kostic/profil/spieler/987672
tbg-tm-01045344,1045344,Artem Stepanov,Степанов Артем Романович,A. Stepanov,A. Stepanov,,19,active,Ukraine,Centre-Forward,ATT,FC Utrecht,NL1,5000000,83,83,83,0,83,development,unsigned,,https://www.transfermarkt.com/artem-stepanov/profil/spieler/1045344
tbg-tm-01300966,1300966,Branimir Mlacic,Branimir Mlačić,B. Mlacic,B. Mlacic,,19,active,Croatia,Centre-Back,DEF,Udinese Calcio,IT1,5000000,83,83,83,0,83,development,unsigned,,https://www.transfermarkt.com/branimir-mlacic/profil/spieler/1300966
tbg-tm-01075583,1075583,Seny Koumbassa,Seny Koumbassa,S. Koumbassa,S. Koumbassa,,19,active,France; Guinea,Centre-Back,DEF,FC Toulouse,FR1,5000000,83,83,83,0,83,development,unsigned,,https://www.transfermarkt.com/seny-koumbassa/profil/spieler/1075583
tbg-tm-00926309,926309,Shea Lacey,Shea Lacey,Shea Lacey,Shea Lacey,,19,active,England; Ireland,Right Winger,ATT,Manchester United,GB1,5000000,83,83,83,0,83,development,unsigned,,https://www.transfermarkt.com/shea-lacey/profil/spieler/926309
tbg-tm-01186245,1186245,Víctor Valdepeñas,Víctor Valdepeñas Talavera,V. Valdepeñas,V. Valdepeñas,,19,active,Spain,Centre-Back,DEF,ACF Fiorentina,IT1,5000000,83,83,83,0,83,development,unsigned,,https://www.transfermarkt.com/victor-valdepenas/profil/spieler/1186245
tbg-tm-01188619,1188619,Alessio Cacciamani,Alessio Cacciamani,A. Cacciamani,A. Cacciamani,,19,active,Italy,Left Midfield,MID,Torino FC,IT1,4500000,83,83,83,0,83,development,unsigned,,https://www.transfermarkt.com/alessio-cacciamani/profil/spieler/1188619
tbg-tm-00962125,962125,Buba Sangaré,Aboubacar Sangaré Traoré,B. Sangaré,B. Sangaré,,19,active,Spain; Mali,Right-Back,DEF,Elche CF,ES1,4500000,83,83,83,0,83,development,unsigned,,https://www.transfermarkt.com/buba-sangare/profil/spieler/962125
tbg-tm-00981136,981136,Fabio Rispoli,Fabio Rispoli,F. Rispoli,F. Rispoli,,19,active,Italy,Central Midfield,MID,Como 1907,IT1,4500000,83,83,83,0,83,development,unsigned,,https://www.transfermarkt.com/fabio-rispoli/profil/spieler/981136
tbg-tm-01202387,1202387,Ryan Francisco Rodrigues dos Santos Silva,Ryan Francisco,Ryan Francisco,Ryan Francisco,Ryan Francisco,19,active,Brazil,Centre-Forward,ATT,São Paulo Futebol Clube,BRA1,4500000,83,83,83,0,83,development,unsigned,,https://www.transfermarkt.com/ryan-francisco/profil/spieler/1202387
tbg-tm-01108022,1108022,Deniz Zeitler,Deniz Zeitler,D. Zeitler,D. Zeitler,,19,active,Germany; Türkiye,Left Winger,ATT,SC Paderborn 07,L1,4000000,83,83,83,0,83,development,unsigned,,https://www.transfermarkt.com/deniz-zeitler/profil/spieler/1108022
tbg-tm-01009441,1009441,Felipe Chávez,Felipe Marlon Chávez Somocursio,F. Chávez,F. Chávez,,19,active,Peru; Germany,Central Midfield,MID,Bayern Munich,L1,4000000,83,83,83,0,83,development,unsigned,,https://www.transfermarkt.com/felipe-chavez/profil/spieler/1009441
tbg-tm-01116191,1116191,Luis Engelns,Luis Engelns,L. Engelns,L. Engelns,,19,active,Germany,Defensive Midfield,DEF,TSG 1899 Hoffenheim,L1,4000000,83,83,83,0,83,development,unsigned,,https://www.transfermarkt.com/luis-engelns/profil/spieler/1116191
tbg-tm-01131117,1131117,Mirza Catovic,Мирза Ћатовић,M. Catovic,M. Catovic,,19,active,Germany; Serbia,Defensive Midfield,DEF,VfB Stuttgart,L1,4000000,83,83,83,0,83,development,unsigned,,https://www.transfermarkt.com/mirza-catovic/profil/spieler/1131117
tbg-tm-00897480,897480,Noah Darvich,Noah Yanis Darvich,N. Darvich,N. Darvich,,19,active,Germany,Attacking Midfield,MID,SV 07 Elversberg,L1,4000000,83,83,83,0,83,development,unsigned,,https://www.transfermarkt.com/noah-darvich/profil/spieler/897480
tbg-tm-01058520,1058520,Otto Stange,Otto Emerson Stange,Otto Stange,Otto Stange,,19,active,Germany,Centre-Forward,ATT,Hamburger SV,L1,4000000,83,83,83,0,83,development,unsigned,,https://www.transfermarkt.com/otto-stange/profil/spieler/1058520
tbg-tm-01114155,1114155,Patrice Covic,Patrice Čović,P. Covic,P. Covic,,19,active,Croatia; Germany,Attacking Midfield,MID,SV Werder Bremen,L1,4000000,83,83,83,0,83,development,unsigned,,https://www.transfermarkt.com/patrice-covic/profil/spieler/1114155
tbg-tm-00952439,952439,Robin Mirisola,Robin Mirisola,R. Mirisola,R. Mirisola,,19,active,Belgium,Centre-Forward,ATT,KRC Genk,BE1,4000000,83,83,83,0,83,development,unsigned,,https://www.transfermarkt.com/robin-mirisola/profil/spieler/952439
tbg-tm-01009031,1009031,Henrique Fabiano do Carmo,Henrique Carmo,Henrique Carmo,Henrique Carmo,Henrique Carmo,19,active,Brazil,Right Winger,ATT,CSKA Moscow,RU1,3500000,83,83,83,0,83,development,unsigned,,https://www.transfermarkt.com/henrique-carmo/profil/spieler/1009031
tbg-tm-00897505,897505,Lazar Jovanovic,Лазар Јовановић,L. Jovanovic,L. Jovanovic,,19,active,Serbia,Right Winger,ATT,VfB Stuttgart,L1,3500000,83,83,83,0,83,development,unsigned,,https://www.transfermarkt.com/lazar-jovanovic/profil/spieler/897505
tbg-tm-01118495,1118495,David Santos Daiber,David Michael Santos Daiber,D. Santos Daiber,D. Santos Daiber,,19,active,Portugal; Germany,Defensive Midfield,DEF,FC Bayern Munich II,RLB3,3000000,83,83,83,0,83,development,unsigned,,https://www.transfermarkt.com/david-santos-daiber/profil/spieler/1118495
tbg-tm-00961050,961050,Ismaël Baouf,إسماعيل بوف,I. Baouf,I. Baouf,,19,active,Morocco; Belgium,Centre-Back,DEF,SC Cambuur Leeuwarden,NL1,3000000,83,83,83,0,83,development,unsigned,,https://www.transfermarkt.com/ismael-baouf/profil/spieler/961050
tbg-tm-01009440,1009440,Jan Bürger,Jan Bürger,Jan Bürger,Jan Bürger,,19,active,Germany,Right-Back,DEF,PEC Zwolle,NL1,3000000,83,83,83,0,83,development,unsigned,,https://www.transfermarkt.com/jan-buerger/profil/spieler/1009440
tbg-tm-01253921,1253921,Luis Otávio Costa de Aquino,Luis Otávio,Luis Otávio,Luis Otávio,Luis Otávio,19,active,Brazil,Defensive Midfield,DEF,Orlando City SC,MLS1,3000000,83,83,83,0,83,development,unsigned,,https://www.transfermarkt.com/luis-otavio/profil/spieler/1253921
tbg-tm-01242126,1242126,Aiden Hezarkhani,Aiden Hezarkhani,A. Hezarkhani,A. Hezarkhani,,19,active,United States; Iran,Right Winger,ATT,Real Salt Lake City,MLS1,3000000,82,82,82,0,82,development,unsigned,,https://www.transfermarkt.com/aiden-hezarkhani/profil/spieler/1242126
tbg-tm-01269378,1269378,Lucca Marques Alencar,Lucca,Lucca,Lucca,Lucca,19,active,Brazil,Left Winger,ATT,São Paulo Futebol Clube,BRA1,3000000,82,82,82,0,82,development,unsigned,,https://www.transfermarkt.com/lucca/profil/spieler/1269378
tbg-tm-01075590,1075590,Rayane Messi,Rayane Messi Tanfouri,R. Messi,R. Messi,,19,active,France; Cameroon,Left Winger,ATT,Al-Ettifaq FC,SA1,2800000,82,82,82,0,82,development,unsigned,,https://www.transfermarkt.com/rayane-messi/profil/spieler/1075590
tbg-tm-01204163,1204163,Andréa Le Borgne,Andréa Le Borgne,A. Le Borgne,A. Le Borgne,,19,active,France,Defensive Midfield,DEF,Como 1907,IT1,2500000,83,83,83,0,83,development,unsigned,,https://www.transfermarkt.com/andrea-le-borgne/profil/spieler/1204163
tbg-tm-01075575,1075575,Marius Courcoul,Marius Courcoul,M. Courcoul,M. Courcoul,,19,active,France,Defensive Midfield,DEF,RAAL La Louvière,BE1,2500000,83,83,83,0,83,development,unsigned,,https://www.transfermarkt.com/marius-courcoul/profil/spieler/1075575
tbg-tm-01075580,1075580,Mathys Niflore,Mathys Sauveur Niflore,M. Niflore,M. Niflore,,19,active,France,Goalkeeper,GK,FC Toulouse,FR1,2500000,83,83,83,0,83,development,unsigned,,https://www.transfermarkt.com/mathys-niflore/profil/spieler/1075580
tbg-tm-01294105,1294105,Salvador Blopa,Salvador Uco Blopa,S. Blopa,S. Blopa,,19,active,Portugal,Right-Back,DEF,Sporting CP B,PO2,2500000,83,83,83,0,83,development,unsigned,,https://www.transfermarkt.com/salvador-blopa/profil/spieler/1294105
tbg-tm-01294120,1294120,Flávio Gonçalves,Flávio Ferreira Gonçalves,F. Gonçalves,F. Gonçalves,,19,active,Portugal; France,Attacking Midfield,MID,Sporting CP,PO1,2200000,82,82,82,0,82,development,unsigned,,https://www.transfermarkt.com/flavio-goncalves/profil/spieler/1294120
tbg-tm-01172908,1172908,Amine Chabane,أمين عمار عمر شعبان,A. Chabane,A. Chabane,,19,active,Morocco; Algeria,Right-Back,DEF,Amiens SC,FR3,2000000,82,82,82,0,82,development,unsigned,,https://www.transfermarkt.com/amine-chabane/profil/spieler/1172908
tbg-tm-01191473,1191473,Everton Pereira da Silva,Everton,Everton,Everton,Everton,19,active,France; Brazil,Defensive Midfield,DEF,OGC Nice,FR1,2000000,82,82,82,0,82,development,unsigned,,https://www.transfermarkt.com/everton/profil/spieler/1191473
tbg-tm-01107726,1107726,Ezra Mayers,Ezra Mayers,Ezra Mayers,Ezra Mayers,,19,active,England; Germany,Centre-Back,DEF,West Ham United,GB2,2000000,82,82,82,0,82,development,unsigned,,https://www.transfermarkt.com/ezra-mayers/profil/spieler/1107726
tbg-tm-01135611,1135611,Jesse Derry,Jesse Shaun Derry,Jesse Derry,Jesse Derry,,19,active,England,Left Winger,ATT,Sporting CP,PO1,2000000,82,82,82,0,82,development,unsigned,,https://www.transfermarkt.com/jesse-derry/profil/spieler/1135611
tbg-tm-01464878,1464878,Kadir Barría,José Kadir Barría Rose,K. Barría,K. Barría,,19,active,Panama,Centre-Forward,ATT,Botafogo de Futebol e Regatas,BRA1,2000000,82,82,82,0,82,development,unsigned,,https://www.transfermarkt.com/kadir-barria/profil/spieler/1464878
tbg-tm-01103652,1103652,Marius Louër,Marius Louër,M. Louër,M. Louër,,19,active,France,Right-Back,DEF,Angers SCO,FR1,2000000,82,82,82,0,82,development,unsigned,,https://www.transfermarkt.com/marius-louer/profil/spieler/1103652
tbg-tm-01393961,1393961,Sergio Martínez,Sergio Martínez Montero,S. Martínez,S. Martínez,,19,active,Spain,Central Midfield,MID,Racing Santander,ES1,2000000,82,82,82,0,82,development,unsigned,,https://www.transfermarkt.com/sergio-martinez/profil/spieler/1393961
tbg-tm-01324736,1324736,Tiziano Perrotta,Tiziano Perrotta,T. Perrotta,T. Perrotta,,19,active,Argentina,Centre-Forward,ATT,Defensa y Justicia,ARGC,2000000,82,82,82,0,82,development,unsigned,,https://www.transfermarkt.com/tiziano-perrotta/profil/spieler/1324736
tbg-tm-01087982,1087982,Tobias van den Elshout,Tobias van den Elshout,T. van den Elshout,T. van den Elshout,,19,active,Netherlands,Attacking Midfield,MID,Feyenoord U21,211F,2000000,82,82,82,0,82,development,unsigned,,https://www.transfermarkt.com/tobias-van-den-elshout/profil/spieler/1087982
tbg-tm-00956588,956588,Alessandro Nunziante,Alessandro Nunziante,A. Nunziante,A. Nunziante,,19,active,Italy,Goalkeeper,GK,SS Arezzo,IT2,1800000,83,83,83,0,83,development,unsigned,,https://www.transfermarkt.com/alessandro-nunziante/profil/spieler/956588
tbg-tm-01006449,1006449,Afonso Patrão,Afonso da Cruz Patrão,A. Patrão,A. Patrão,,19,active,Portugal,Centre-Forward,ATT,KVC Westerlo,BE1,1500000,82,82,82,0,82,development,unsigned,,https://www.transfermarkt.com/afonso-patrao/profil/spieler/1006449
tbg-tm-01129402,1129402,Bendegúz Kovács,Bendegúz Kovács,B. Kovács,B. Kovács,,19,active,Hungary,Centre-Forward,ATT,AZ Alkmaar,NL1,1500000,82,82,82,0,82,development,unsigned,,https://www.transfermarkt.com/bendeguz-kovacs/profil/spieler/1129402
tbg-tm-01009633,1009633,David Pejičić,David Pejičić,D. Pejičić,D. Pejičić,,19,active,Slovenia,Attacking Midfield,MID,Udinese Calcio,IT1,1500000,82,82,82,0,82,development,unsigned,,https://www.transfermarkt.com/david-pejicic/profil/spieler/1009633
tbg-tm-00978562,978562,Duran Ferree,Duran Michael Ferree,D. Ferree,D. Ferree,,19,active,United States,Goalkeeper,GK,San Diego FC,MLS1,1500000,82,82,82,0,82,development,unsigned,,https://www.transfermarkt.com/duran-ferree/profil/spieler/978562
tbg-tm-01015822,1015822,Eman Košpo,Eman Košpo,Eman Košpo,Eman Košpo,,19,active,Bosnia-Herzegovina; Switzerland,Centre-Back,DEF,ACF Fiorentina,IT1,1500000,82,82,82,0,82,development,unsigned,,https://www.transfermarkt.com/eman-kospo/profil/spieler/1015822
tbg-tm-01057525,1057525,Enrique Aguilar,Enrique Marlon Aguilar,E. Aguilar,E. Aguilar,,19,active,Switzerland; Spain,Centre-Forward,ATT,,,1500000,82,82,82,0,82,development,unsigned,,https://www.transfermarkt.com/enrique-aguilar/profil/spieler/1057525
tbg-tm-01133929,1133929,Harouna Djibirin,Harouna Djibirin,H. Djibirin,H. Djibirin,,19,active,Cameroon,Right Winger,ATT,Angers SCO,FR1,1500000,82,82,82,0,82,development,unsigned,,https://www.transfermarkt.com/harouna-djibirin/profil/spieler/1133929
tbg-tm-01053160,1053160,Ibrahima Diaby,Ibrahima Makaya Diaby,I. Diaby,I. Diaby,,19,active,France; Guinea,Defensive Midfield,DEF,Cercle Brugge ,BE1,1500000,82,82,82,0,82,development,unsigned,,https://www.transfermarkt.com/ibrahima-diaby/profil/spieler/1053160
tbg-tm-01234988,1234988,Julián Vignolo,Julián Ariel Vignolo,J. Vignolo,J. Vignolo,,19,active,Argentina,Centre-Forward,ATT,FC Toulouse,FR1,1500000,82,82,82,0,82,development,unsigned,,https://www.transfermarkt.com/julian-vignolo/profil/spieler/1234988
tbg-tm-00962149,962149,Ousmane Diallo,Ousmane Diallo Thiao,O. Diallo,O. Diallo,,19,active,Spain; Senegal,Left Winger,ATT,Parma Calcio 1913,IT1,1500000,82,82,82,0,82,development,unsigned,,https://www.transfermarkt.com/ousmane-diallo/profil/spieler/962149
tbg-tm-01232057,1232057,Paco Cortés,Francisco Cortés Gracia,Paco Cortés,Paco Cortés,,19,active,Spain,Left Winger,ATT,Levante UD,ES1,1500000,82,82,82,0,82,development,unsigned,,https://www.transfermarkt.com/paco-cortes/profil/spieler/1232057
tbg-tm-00517811,517811,Shaqueel van Persie,Shaqueel van Persie,S. van Persie,S. van Persie,,19,active,Netherlands; Morocco,Centre-Forward,ATT,Feyenoord U21,211F,1500000,82,82,82,0,82,development,unsigned,,https://www.transfermarkt.com/shaqueel-van-persie/profil/spieler/517811
tbg-tm-01049911,1049911,Tyler Fletcher,Tyler Robert Fletcher,T. Fletcher,T. Fletcher,,19,active,Scotland; England,Central Midfield,MID,Manchester United,GB1,1500000,82,82,82,0,82,development,unsigned,,https://www.transfermarkt.com/tyler-fletcher/profil/spieler/1049911
tbg-tm-01120020,1120020,Valy Konaté,Valy Konaté,Valy Konaté,Valy Konaté,,19,active,Cote d'Ivoire,Left-Back,DEF,Cercle Brugge ,BE1,1300000,82,82,82,0,82,development,unsigned,,https://www.transfermarkt.com/valy-konate/profil/spieler/1120020
tbg-tm-01332184,1332184,Jerry Afriyie,Jerry Afriyie,J. Afriyie,J. Afriyie,,19,active,Ghana,Centre-Forward,ATT,KRC Genk,BE1,1200000,82,82,82,0,82,development,unsigned,,https://www.transfermarkt.com/jerry-afriyie/profil/spieler/1332184
tbg-tm-00986298,986298,Joachim Kayi Sanda,Joachim Kayi Sanda,J. Kayi Sanda,J. Kayi Sanda,,19,active,France; DR Congo,Centre-Back,DEF,Southampton FC,GB2,1200000,82,82,82,0,82,development,unsigned,,https://www.transfermarkt.com/joachim-kayi-sanda/profil/spieler/986298
tbg-tm-01075588,1075588,Pape Cabral,Pape Cabral,Pape Cabral,Pape Cabral,,19,active,France; Senegal,Central Midfield,MID,AS Monaco,FR1,1200000,82,82,82,0,82,development,unsigned,,https://www.transfermarkt.com/pape-cabral/profil/spieler/1075588
tbg-tm-01005855,1005855,Ronan Kpakio,Ronan Sahr Kpakio,R. Kpakio,R. Kpakio,,19,active,Wales; Zimbabwe,Right-Back,DEF,Cardiff City,GB2,1200000,82,82,82,0,82,development,unsigned,,https://www.transfermarkt.com/ronan-kpakio/profil/spieler/1005855
tbg-tm-01284784,1284784,Abdoul Karim Traoré,Abdoul Karim Traoré,A. Traoré,A. Traoré,,19,active,Guinea,Centre-Forward,ATT,Oud-Heverlee Leuven,BE1,1000000,82,82,82,0,82,development,unsigned,,https://www.transfermarkt.com/abdoul-karim-traore/profil/spieler/1284784
tbg-tm-00763948,763948,Ayodele Thomas,Reuben Ayodele-Olu Thomas,A. Thomas,A. Thomas,,19,active,Netherlands; Nigeria,Left Winger,ATT,RB Leipzig,L1,1000000,82,82,82,0,82,development,unsigned,,https://www.transfermarkt.com/ayodele-thomas/profil/spieler/763948
tbg-tm-00915421,915421,Christian Zawieschitzky,Christian Zawieschitzky,C. Zawieschitzky,C. Zawieschitzky,,19,active,Austria,Goalkeeper,GK,Red Bull Salzburg,A1,1000000,82,82,82,0,82,development,unsigned,,https://www.transfermarkt.com/christian-zawieschitzky/profil/spieler/915421
tbg-tm-01180021,1180021,Erick Machado Belé,Erick Belé,Erick Belé,Erick Belé,Erick Belé,19,active,Brazil,Attacking Midfield,MID,SE Palmeiras São Paulo U20,,1000000,82,82,82,0,82,development,unsigned,,https://www.transfermarkt.com/erick-bele/profil/spieler/1180021
tbg-tm-01331450,1331450,Hugo López,Hugo López Cortés,Hugo López,Hugo López,,19,active,Spain,Centre-Forward,ATT,Villarreal CF B,E3G2,1000000,82,82,82,0,82,development,unsigned,,https://www.transfermarkt.com/hugo-lopez/profil/spieler/1331450
tbg-tm-01132628,1132628,Ibrahim Kanaté,Ibrahim Kanaté,I. Kanaté,I. Kanaté,,19,active,Mali,Left Winger,ATT,1.FC Kaiserslautern,L2,1000000,82,82,82,0,82,development,unsigned,,https://www.transfermarkt.com/ibrahim-kanate/profil/spieler/1132628
tbg-tm-01009765,1009765,Jofre Torrents,Jofre Torrents Salvat,J. Torrents,J. Torrents,,19,active,Spain,Left-Back,DEF,Ajax Amsterdam,NL1,1000000,82,82,82,0,82,development,unsigned,,https://www.transfermarkt.com/jofre-torrents/profil/spieler/1009765
tbg-tm-01089770,1089770,Joi Nuredini,Joi Xheto Nuredini,J. Nuredini,J. Nuredini,,19,active,Albania; Italy,Centre-Forward,ATT,Genoa CFC,IT1,1000000,82,82,82,0,82,development,unsigned,,https://www.transfermarkt.com/joi-nuredini/profil/spieler/1089770
tbg-tm-01042945,1042945,Jonathan Shore,Jonathan Shore,J. Shore,J. Shore,,19,active,United States,Central Midfield,MID,New York City FC,MLS1,1000000,82,82,82,0,82,development,unsigned,,https://www.transfermarkt.com/jonathan-shore/profil/spieler/1042945
tbg-tm-01219689,1219689,Landerson Costa Araújo,Landerson,Landerson,Landerson,Landerson,19,active,Brazil,Left Winger,ATT,Moreirense FC,PO1,1000000,82,82,82,0,82,development,unsigned,,https://www.transfermarkt.com/landerson/profil/spieler/1219689
tbg-tm-01309177,1309177,Noé Carrillo,Noé Carrillo Collazo,N. Carrillo,N. Carrillo,,19,active,Spain,Central Midfield,MID,Deportivo A Coruña,ES1,1000000,82,82,82,0,82,development,unsigned,,https://www.transfermarkt.com/noe-carrillo/profil/spieler/1309177
tbg-tm-00915896,915896,Oliver Lukic,Oliver Lukić,O. Lukic,O. Lukic,,19,active,Croatia; Austria,Central Midfield,MID,Red Bull Salzburg,A1,1000000,82,82,82,0,82,development,unsigned,,https://www.transfermarkt.com/oliver-lukic/profil/spieler/915896
tbg-tm-01355277,1355277,Perivan dos Santos,Tetê,Tetê,Tetê,Tetê,19,active,Brazil,Left Winger,ATT,São Paulo Futebol Clube,BRA1,1000000,82,82,82,0,82,development,unsigned,,https://www.transfermarkt.com/tete/profil/spieler/1355277
tbg-tm-01124298,1124298,Riquelme Fillipi Marinho de Souza,Riquelme Fillipi,Riquelme Fillipi,Riquelme Fillipi,Riquelme Fillipi,19,active,Brazil,Left Winger,ATT,SE Palmeiras São Paulo U20,,1000000,82,82,82,0,82,development,unsigned,,https://www.transfermarkt.com/riquelme-fillipi/profil/spieler/1124298
tbg-tm-01111922,1111922,Rodolfo Aloko,Rodolfo Aloko,R. Aloko,R. Aloko,,19,active,Benin,Right Winger,ATT,Charlotte FC,MLS1,1000000,82,82,82,0,82,development,unsigned,,https://www.transfermarkt.com/rodolfo-aloko/profil/spieler/1111922
tbg-tm-00981700,981700,Samuel Nibombe,Samuel Kondi Nibombe,S. Nibombe,S. Nibombe,,19,active,Belgium; Togo,Centre-Back,DEF,,,1000000,82,82,82,0,82,development,unsigned,,https://www.transfermarkt.com/samuel-nibombe/profil/spieler/981700
tbg-tm-01218658,1218658,Samy Jr. Merheg,"Samy Jr. Merheg Enciso , سامي جونيور ميرهيج إنسيسو",S. Merheg,S. Merheg,,19,active,Lebanon; Colombia,Centre-Forward,ATT,FC Alverca,PO1,1000000,82,82,82,0,82,development,unsigned,,https://www.transfermarkt.com/samy-jr-merheg/profil/spieler/1218658
tbg-tm-01337038,1337038,Snayder Porozo,Snayder Vladimir Porozo Caicedo,S. Porozo,S. Porozo,,19,active,Ecuador,Centre-Forward,ATT,Royal Antwerp FC,BE1,1000000,82,82,82,0,82,development,unsigned,,https://www.transfermarkt.com/snayder-porozo/profil/spieler/1337038
tbg-tm-01119391,1119391,Steeve Kango,Steeve Kango,S. Kango,S. Kango,,19,active,France; Algeria,Right-Back,DEF,Olympique Lyon,FR1,1000000,82,82,82,0,82,development,unsigned,,https://www.transfermarkt.com/steeve-kango/profil/spieler/1119391
tbg-tm-01279908,1279908,Wallace Davi Nunes da Silva Dias,Wallace Davi,Wallace Davi,Wallace Davi,Wallace Davi,19,active,Brazil,Defensive Midfield,DEF,Botafogo de Futebol e Regatas,BRA1,1000000,82,82,82,0,82,development,unsigned,,https://www.transfermarkt.com/wallace-davi/profil/spieler/1279908
tbg-tm-01457367,1457367,Ali Badra Diabaté,Ali Badra Diabaté,A. Diabaté,A. Diabaté,,19,active,Cote d'Ivoire,Centre-Back,DEF,Samsunspor,TR1,1000000,81,81,81,0,81,development,unsigned,,https://www.transfermarkt.com/ali-badra-diabate/profil/spieler/1457367
tbg-tm-01072321,1072321,Moises Paniagua,Moises Paniagua Leaño,M. Paniagua,M. Paniagua,,19,active,Bolivia,Left Winger,ATT,Wydad Casablanca,MAR1,900000,82,82,82,0,82,development,unsigned,,https://www.transfermarkt.com/moises-paniagua/profil/spieler/1072321
tbg-tm-01270449,1270449,Aarón Martin,Aarón Martin Luis,A. Martin,A. Martin,,19,active,Spain,Central Midfield,MID,Al-Qadsiah FC,SA1,800000,82,82,82,0,82,development,unsigned,,https://www.transfermarkt.com/aaron-martin/profil/spieler/1270449
tbg-tm-01109577,1109577,Aarón Ochoa,Aarón Ochoa Moloney,Aarón Ochoa,Aarón Ochoa,,19,active,Ireland; Spain,Attacking Midfield,MID,Málaga CF,ES1,800000,82,82,82,0,82,development,unsigned,,https://www.transfermarkt.com/aaron-ochoa/profil/spieler/1109577
tbg-tm-01133788,1133788,Aboubacar Camara,Aboubacar Sidiki Camara,A. Camara,A. Camara,,19,active,Burkina Faso,Left Winger,ATT,Red Bull Salzburg,A1,800000,82,82,82,0,82,development,unsigned,,https://www.transfermarkt.com/aboubacar-camara/profil/spieler/1133788
tbg-tm-00924849,924849,Bailey Rice,Bailey Rice,Bailey Rice,Bailey Rice,,19,active,Scotland,Defensive Midfield,DEF,Kilmarnock FC,SC1,800000,82,82,82,0,82,development,unsigned,,https://www.transfermarkt.com/bailey-rice/profil/spieler/924849
tbg-tm-01045446,1045446,Dmytro Bogdanov,Богданов Дмитро Володимирович,D. Bogdanov,D. Bogdanov,,19,active,Ukraine,Centre-Forward,ATT,1.FC Union Berlin,L1,800000,82,82,82,0,82,development,unsigned,,https://www.transfermarkt.com/dmytro-bogdanov/profil/spieler/1045446
tbg-tm-01009616,1009616,Dominik Drobnic,Dominik Drobnič,D. Drobnic,D. Drobnic,,19,active,Slovenia,Centre-Back,DEF,Parma Calcio 1913,IT1,800000,82,82,82,0,82,development,unsigned,,https://www.transfermarkt.com/dominik-drobnic/profil/spieler/1009616
tbg-tm-01072185,1072185,Elohim Kaboré,Moïse Elohim Victoire Kaboré,E. Kaboré,E. Kaboré,,19,active,Burkina Faso; Cote d'Ivoire,Centre-Forward,ATT,SK Beveren,BE1,800000,82,82,82,0,82,development,unsigned,,https://www.transfermarkt.com/elohim-kabore/profil/spieler/1072185
tbg-tm-01023191,1023191,George Hemmings,George Lawrence Hemmings,G. Hemmings,G. Hemmings,,19,active,England,Central Midfield,MID,Aston Villa,GB1,800000,82,82,82,0,82,development,unsigned,,https://www.transfermarkt.com/george-hemmings/profil/spieler/1023191
tbg-tm-01010906,1010906,Harbor Miller,Harbor Tarczynski-Miller,H. Miller,H. Miller,,19,active,United States,Right-Back,DEF,Los Angeles Galaxy,MLS1,800000,82,82,82,0,82,development,unsigned,,https://www.transfermarkt.com/harbor-miller/profil/spieler/1010906
tbg-tm-01200320,1200320,Hjalte Lærke,Hjalte Morel Lærke,H. Lærke,H. Lærke,,19,active,Denmark,Right Winger,ATT,US Lecce,IT1,800000,82,82,82,0,82,development,unsigned,,https://www.transfermarkt.com/hjalte-laerke/profil/spieler/1200320
tbg-tm-01210233,1210233,Hüseyin Maldar,Hüseyin Maldar,H. Maldar,H. Maldar,,19,active,Türkiye,Right-Back,DEF,Bursaspor,TR2,800000,82,82,82,0,82,development,unsigned,,https://www.transfermarkt.com/hueseyin-maldar/profil/spieler/1210233
tbg-tm-01193868,1193868,João Victor de Souza Cunha,João Souza,João Souza,João Souza,João Souza,19,active,Brazil,Centre-Back,DEF,CR Flamengo U20,,800000,82,82,82,0,82,development,unsigned,,https://www.transfermarkt.com/joao-souza/profil/spieler/1193868
tbg-tm-01080788,1080788,Muhammed Bah,Muhammed S. Bah,M. Bah,M. Bah,,19,active,The Gambia,Central Midfield,MID,AS Roma,IT1,800000,82,82,82,0,82,development,unsigned,,https://www.transfermarkt.com/muhammed-bah/profil/spieler/1080788
tbg-tm-00995520,995520,Oluwaseun Ogbemudia,Oluwaseun God Power Osaro Ogbemudia,O. Ogbemudia,O. Ogbemudia,,19,active,Germany; Nigeria,Centre-Back,DEF,1.FC Union Berlin,L1,800000,82,82,82,0,82,development,unsigned,,https://www.transfermarkt.com/oluwaseun-ogbemudia/profil/spieler/995520
tbg-tm-01153358,1153358,Shion Shinkawa,新川 志音,S. Shinkawa,S. Shinkawa,,19,active,Japan,Centre-Forward,ATT,Sint-Truidense VV,BE1,800000,82,82,82,0,82,development,unsigned,,https://www.transfermarkt.com/shion-shinkawa/profil/spieler/1153358
tbg-tm-01206824,1206824,Tadjidine Mmadi,Tadjidine Mmadi,T. Mmadi,T. Mmadi,,19,active,France; Comoros,Left Winger,ATT,Olympique Marseille,FR1,800000,82,82,82,0,82,development,unsigned,,https://www.transfermarkt.com/tadjidine-mmadi/profil/spieler/1206824
tbg-tm-01087362,1087362,Tom Atcheson,Tom Atcheson,T. Atcheson,T. Atcheson,,19,active,Northern Ireland; England,Centre-Back,DEF,Blackburn Rovers,GB2,800000,82,82,82,0,82,development,unsigned,,https://www.transfermarkt.com/tom-atcheson/profil/spieler/1087362
tbg-tm-01040080,1040080,Tommaso Gabellini,Tommaso Gabellini,T. Gabellini,T. Gabellini,,19,active,Italy,Centre-Forward,ATT,Torino FC,IT1,800000,82,82,82,0,82,development,unsigned,,https://www.transfermarkt.com/tommaso-gabellini/profil/spieler/1040080
tbg-tm-01166473,1166473,Raphaël Le Guen,Raphaël Le Guen,R. Le Guen,R. Le Guen,,19,active,France,Centre-Back,DEF,Stade Brestois 29,FR1,800000,81,81,81,0,81,development,unsigned,,https://www.transfermarkt.com/raphael-le-guen/profil/spieler/1166473
tbg-tm-00981928,981928,Arda Usluoğlu,Arda Usluoğlu,A. Usluoğlu,A. Usluoğlu,,19,active,Türkiye,Centre-Forward,ATT,Alanyaspor,TR1,700000,82,82,82,0,82,development,unsigned,,https://www.transfermarkt.com/arda-usluoglu/profil/spieler/981928
tbg-tm-01015959,1015959,Do-young Yoon,윤도영,D. Yoon,D. Yoon,,19,active,"Korea, South",Right Winger,ATT,Brighton & Hove Albion,GB1,700000,82,82,82,0,82,development,unsigned,,https://www.transfermarkt.com/do-young-yoon/profil/spieler/1015959
tbg-tm-01365842,1365842,El Hadji Seck,El Hadji Seck,E. Seck,E. Seck,,19,active,Senegal,Left Winger,ATT,KAA Gent,BE1,700000,82,82,82,0,82,development,unsigned,,https://www.transfermarkt.com/el-hadji-seck/profil/spieler/1365842
tbg-tm-01177033,1177033,Bright Ede,Bright Ede,Bright Ede,Bright Ede,,19,active,Poland,Centre-Back,DEF,Deportivo A Coruña,ES1,600000,82,82,82,0,82,development,unsigned,,https://www.transfermarkt.com/bright-ede/profil/spieler/1177033
tbg-tm-01372119,1372119,Elijah Odede,Elijah Olaniyi Odede,E. Odede,E. Odede,,19,active,Nigeria,Left Winger,ATT,ESTAC Troyes,FR1,600000,82,82,82,0,82,development,unsigned,,https://www.transfermarkt.com/elijah-odede/profil/spieler/1372119
tbg-tm-00874967,874967,Ernestas Lysionok,Ernestas Lysionok,E. Lysionok,E. Lysionok,,19,active,Lithuania,Goalkeeper,GK,Genoa CFC,IT1,600000,82,82,82,0,82,development,unsigned,,https://www.transfermarkt.com/ernestas-lysionok/profil/spieler/874967
tbg-tm-01130803,1130803,Eser Gürbüz,Eser Gürbüz,Eser Gürbüz,Eser Gürbüz,,19,active,Netherlands; Türkiye,Right Winger,ATT,Willem II Tilburg,NL1,600000,82,82,82,0,82,development,unsigned,,https://www.transfermarkt.com/eser-guerbuez/profil/spieler/1130803
tbg-tm-01118874,1118874,Jan Leszczyński,Jan Leszczyński,J. Leszczyński,J. Leszczyński,,19,active,Poland,Centre-Back,DEF,Borussia Mönchengladbach,L1,600000,82,82,82,0,82,development,unsigned,,https://www.transfermarkt.com/jan-leszczynski/profil/spieler/1118874
tbg-tm-00890272,890272,Karol Borys,Karol Krzysztof Borys,Karol Borys,Karol Borys,,19,active,Poland,Attacking Midfield,MID,KVC Westerlo,BE1,600000,82,82,82,0,82,development,unsigned,,https://www.transfermarkt.com/karol-borys/profil/spieler/890272
tbg-tm-00987355,987355,Lucas Jetten,Lucas Jetten,L. Jetten,L. Jetten,,19,active,Netherlands; South Africa,Left-Back,DEF,SC Cambuur Leeuwarden,NL1,600000,82,82,82,0,82,development,unsigned,,https://www.transfermarkt.com/lucas-jetten/profil/spieler/987355
tbg-tm-01299566,1299566,Yanis Musuayi,Yanis Kasonga Musuayi,Y. Musuayi,Y. Musuayi,,19,active,Belgium,Centre-Forward,ATT,Levante UD,ES1,600000,82,82,82,0,82,development,unsigned,,https://www.transfermarkt.com/yanis-musuayi/profil/spieler/1299566
tbg-tm-00961051,961051,Amine Boukamir,أمين بوكمير,A. Boukamir,A. Boukamir,,19,active,Morocco; Belgium,Defensive Midfield,DEF,Royal Charleroi SC,BE1,500000,82,82,82,0,82,development,unsigned,,https://www.transfermarkt.com/amine-boukamir/profil/spieler/961051
tbg-tm-00962111,962111,Andrés Cuenca,Andrés Cuenca Cejudo,A. Cuenca,A. Cuenca,,19,active,Spain,Centre-Back,DEF,Como 1907,IT1,500000,82,82,82,0,82,development,unsigned,,https://www.transfermarkt.com/andres-cuenca/profil/spieler/962111
tbg-tm-01119845,1119845,Anis Ouzenadji,Anis Ouzenadji,A. Ouzenadji,A. Ouzenadji,,19,active,France; Algeria,Left-Back,DEF,ESTAC Troyes,FR1,500000,82,82,82,0,82,development,unsigned,,https://www.transfermarkt.com/anis-ouzenadji/profil/spieler/1119845
tbg-tm-01122795,1122795,Argus Vanden Driessche,Argus Oscar Vanden Driessche,A. Vanden Driessche,A. Vanden Driessche,,19,active,Belgium,Goalkeeper,GK,Club Brugge KV,BE1,500000,82,82,82,0,82,development,unsigned,,https://www.transfermarkt.com/argus-vanden-driessche/profil/spieler/1122795
tbg-tm-01383716,1383716,Djhordney Ferreira,Djhordney,Djhordney,Djhordney,Djhordney,19,active,Brazil,Central Midfield,MID,São Paulo Futebol Clube,BRA1,500000,82,82,82,0,82,development,unsigned,,https://www.transfermarkt.com/djhordney/profil/spieler/1383716
tbg-tm-01175298,1175298,Emanuele Lulli,Emanuele Lulli,E. Lulli,E. Lulli,,19,active,Italy,Right-Back,DEF,AS Roma,IT1,500000,82,82,82,0,82,development,unsigned,,https://www.transfermarkt.com/emanuele-lulli/profil/spieler/1175298
tbg-tm-01049596,1049596,Filippo Grosso,Filippo Grosso,F. Grosso,F. Grosso,,19,active,Italy,Central Midfield,MID,Frosinone Calcio,IT1,500000,82,82,82,0,82,development,unsigned,,https://www.transfermarkt.com/filippo-grosso/profil/spieler/1049596
tbg-tm-01005835,1005835,Gilles De Meyer,Gilles De Meyer,G. De Meyer,G. De Meyer,,19,active,Belgium,Right-Back,DEF,KAA Gent,BE1,500000,82,82,82,0,82,development,unsigned,,https://www.transfermarkt.com/gilles-de-meyer/profil/spieler/1005835
tbg-tm-01008429,1008429,Justin Ellis,Justin Ellis,J. Ellis,J. Ellis,,19,active,United States; Uruguay,Centre-Forward,ATT,Orlando City SC,MLS1,500000,82,82,82,0,82,development,unsigned,,https://www.transfermarkt.com/justin-ellis/profil/spieler/1008429
tbg-tm-00942103,942103,Lapo Siviero,Lapo Siviero,L. Siviero,L. Siviero,,19,active,Italy,Goalkeeper,GK,Torino FC,IT1,500000,82,82,82,0,82,development,unsigned,,https://www.transfermarkt.com/lapo-siviero/profil/spieler/942103
tbg-tm-00986310,986310,Mathis Saka,Mathis Saka,Mathis Saka,Mathis Saka,,19,active,France; DR Congo,Attacking Midfield,MID,FC Toulouse,FR1,500000,82,82,82,0,82,development,unsigned,,https://www.transfermarkt.com/mathis-saka/profil/spieler/986310
tbg-tm-00961054,961054,Matthias Pieklak,Matthias Pieklak,M. Pieklak,M. Pieklak,,19,active,Belgium,Goalkeeper,GK,Lommel SK,BE1,500000,82,82,82,0,82,development,unsigned,,https://www.transfermarkt.com/matthias-pieklak/profil/spieler/961054
tbg-tm-01039953,1039953,Olger Escobar,Olger Armando Escobar Real,O. Escobar,O. Escobar,,19,active,Guatemala; United States,Attacking Midfield,MID,CF Montréal,MLS1,500000,82,82,82,0,82,development,unsigned,,https://www.transfermarkt.com/olger-escobar/profil/spieler/1039953
tbg-tm-01125079,1125079,Shafiq Nandja,Shafiq Bello Nandja,S. Nandja,S. Nandja,,19,active,Germany,Centre-Back,DEF,Hamburger SV,L1,500000,82,82,82,0,82,development,unsigned,,https://www.transfermarkt.com/shafiq-nandja/profil/spieler/1125079
tbg-tm-00988977,988977,Tommaso Vannucchi,Tommaso Vannucchi,T. Vannucchi,T. Vannucchi,,19,active,Italy,Goalkeeper,GK,ACF Fiorentina,IT1,500000,82,82,82,0,82,development,unsigned,,https://www.transfermarkt.com/tommaso-vannucchi/profil/spieler/988977
tbg-tm-01015829,1015829,Tuğra Turhan,Emir Tuğra Turhan,T. Turhan,T. Turhan,,19,active,Türkiye; Switzerland,Centre-Forward,ATT,Basaksehir FK,TR1,500000,82,82,82,0,82,development,unsigned,,https://www.transfermarkt.com/tugra-turhan/profil/spieler/1015829
tbg-tm-00960455,960455,Valentin Zabransky,Valentin Zabransky,V. Zabransky,V. Zabransky,,19,active,Austria,Centre-Back,DEF,Red Bull Salzburg,A1,500000,82,82,82,0,82,development,unsigned,,https://www.transfermarkt.com/valentin-zabransky/profil/spieler/960455
tbg-tm-01220010,1220010,Yago Eduardo Noal Lopes,Yago Noal,Yago Noal,Yago Noal,Yago Noal,19,active,Brazil,Attacking Midfield,MID,SC Internacional U20,,500000,82,82,82,0,82,development,unsigned,,https://www.transfermarkt.com/yago-noal/profil/spieler/1220010
tbg-tm-01318194,1318194,Naoufal Bohamdi-Kamoni,نوفال بوهمدي كاموني,N. Bohamdi-Kamoni,N. Bohamdi-Kamoni,,19,active,Morocco; Belgium,Left Winger,ATT,KVC Westerlo,BE1,500000,81,81,81,0,81,development,unsigned,,https://www.transfermarkt.com/naoufal-bohamdi-kamoni/profil/spieler/1318194
tbg-tm-00964757,964757,Krzysztof Kurowski,Krzysztof Kurowski,K. Kurowski,K. Kurowski,,19,active,Poland,Left-Back,DEF,FC Twente Enschede,NL1,450000,82,82,82,0,82,development,unsigned,,https://www.transfermarkt.com/krzysztof-kurowski/profil/spieler/964757
tbg-tm-01194331,1194331,Basile Vroninks,Basile Vroninks,B. Vroninks,B. Vroninks,,19,active,Belgium,Right-Back,DEF,RSC Anderlecht,BE1,400000,82,82,82,0,82,development,unsigned,,https://www.transfermarkt.com/basile-vroninks/profil/spieler/1194331
tbg-tm-01001554,1001554,Berkay Aslan,Berkay Aslan,B. Aslan,B. Aslan,,19,active,Türkiye; Germany,Left Winger,ATT,Basaksehir FK,TR1,400000,82,82,82,0,82,development,unsigned,,https://www.transfermarkt.com/berkay-aslan/profil/spieler/1001554
tbg-tm-01215441,1215441,Ibrahim Fullah,Ibrahim Mohamed Fullah,I. Fullah,I. Fullah,,19,active,England; Sierra Leone,Central Midfield,MID,Charlton Athletic,GB2,400000,82,82,82,0,82,development,unsigned,,https://www.transfermarkt.com/ibrahim-fullah/profil/spieler/1215441
tbg-tm-00848089,848089,Illaijh de Ruijter,Illaijh de Ruijter,I. de Ruijter,I. de Ruijter,,19,active,Netherlands,Left Winger,ATT,ADO Den Haag,NL1,400000,82,82,82,0,82,development,unsigned,,https://www.transfermarkt.com/illaijh-de-ruijter/profil/spieler/848089
tbg-tm-00935469,935469,Isak Alemayehu,Isak Alexander Alemayehu Mulugeta,I. Alemayehu,I. Alemayehu,,19,active,Sweden; Ethiopia,Attacking Midfield,MID,Queens Park Rangers,GB2,400000,82,82,82,0,82,development,unsigned,,https://www.transfermarkt.com/isak-alemayehu/profil/spieler/935469
tbg-tm-00953857,953857,Jesse Bal,Jesse Bal,Jesse Bal,Jesse Bal,,19,active,Netherlands; Uganda,Centre-Forward,ATT,ADO Den Haag,NL1,400000,82,82,82,0,82,development,unsigned,,https://www.transfermarkt.com/jesse-bal/profil/spieler/953857
tbg-tm-00990146,990146,Joyeux Masanka Bungi,Joyeux Masanka Bungi,J. Masanka Bungi,J. Masanka Bungi,,19,active,Belgium,Left Midfield,MID,,,400000,82,82,82,0,82,development,unsigned,,https://www.transfermarkt.com/joyeux-masanka-bungi/profil/spieler/990146
tbg-tm-00929912,929912,Ken Izekor,Ken Eghosa Gideon Izekor,Ken Izekor,Ken Izekor,,19,active,Germany; Nigeria,Centre-Forward,ATT,Bayer 04 Leverkusen,L1,400000,82,82,82,0,82,development,unsigned,,https://www.transfermarkt.com/ken-izekor/profil/spieler/929912
tbg-tm-01105948,1105948,Mamedi Doucouré,Mamedi Doucouré,M. Doucouré,M. Doucouré,,19,active,France; Mali,Centre-Back,DEF,Genoa CFC,IT1,400000,82,82,82,0,82,development,unsigned,,https://www.transfermarkt.com/mamedi-doucoure/profil/spieler/1105948
tbg-tm-01438038,1438038,Marcelo Vaz,Marcelo Vaz,Marcelo Vaz,Marcelo Vaz,,19,active,Guinea-Bissau; Senegal,Left-Back,DEF,Genoa CFC,IT1,400000,82,82,82,0,82,development,unsigned,,https://www.transfermarkt.com/marcelo-vaz/profil/spieler/1438038
tbg-tm-01066196,1066196,Matteo Barbini,Matteo Barbini,M. Barbini,M. Barbini,,19,active,Italy,Centre-Back,DEF,Genoa CFC,IT1,400000,82,82,82,0,82,development,unsigned,,https://www.transfermarkt.com/matteo-barbini/profil/spieler/1066196
tbg-tm-01043508,1043508,Mihail Polendakov,Михаил Йорданов Полендаков,M. Polendakov,M. Polendakov,,19,active,Bulgaria,Right-Back,DEF,Sheffield United,GB2,400000,82,82,82,0,82,development,unsigned,,https://www.transfermarkt.com/mihail-polendakov/profil/spieler/1043508
tbg-tm-01159439,1159439,Rouven Tarnutzer,Rouven Vuk Tarnutzer,R. Tarnutzer,R. Tarnutzer,,19,active,Switzerland; Germany,Central Midfield,MID,SC Freiburg,L1,400000,82,82,82,0,82,development,unsigned,,https://www.transfermarkt.com/rouven-tarnutzer/profil/spieler/1159439
tbg-tm-01056746,1056746,Wisdom Acquah,Wisdom Serebour Acquah,W. Acquah,W. Acquah,,19,active,Italy; Ghana,Defensive Midfield,DEF,Torino FC,IT1,400000,82,82,82,0,82,development,unsigned,,https://www.transfermarkt.com/wisdom-acquah/profil/spieler/1056746
tbg-tm-01253930,1253930,Gustavo Gouveia Rodrigues Cruz,Guga,Guga,Guga,Guga,19,active,Brazil,Centre-Forward,ATT,Al-Qadsiah FC,SA1,400000,81,81,81,0,81,development,unsigned,,https://www.transfermarkt.com/guga/profil/spieler/1253930
tbg-tm-00967814,967814,Sebastiano Di Paolo,Sebastiano Vlad Di Paolo,S. Di Paolo,S. Di Paolo,,19,active,Italy; Romania,Right Winger,ATT,Cagliari Calcio,IT1,400000,81,81,81,0,81,development,unsigned,,https://www.transfermarkt.com/sebastiano-di-paolo/profil/spieler/967814
tbg-tm-01045121,1045121,Genesis Antwi,Genesis Kofi Koranteng Antwi,G. Antwi,G. Antwi,,19,active,Sweden; England,Right-Back,DEF,RC Strasbourg Alsace,FR1,350000,82,82,82,0,82,development,unsigned,,https://www.transfermarkt.com/genesis-antwi/profil/spieler/1045121
tbg-tm-01328401,1328401,Shuta Sasa,笹 修大,Shuta Sasa,Shuta Sasa,,19,active,Japan,Defensive Midfield,DEF,Urawa Red Diamonds,JAP1,325000,82,82,82,0,82,development,unsigned,,https://www.transfermarkt.com/shuta-sasa/profil/spieler/1328401
tbg-tm-01367128,1367128,Abdoulaye Yoro,Abdoulaye Serge Marc Dylan Yoro,A. Yoro,A. Yoro,,19,active,Cote d'Ivoire,Central Midfield,MID,Basaksehir FK,TR1,300000,82,82,82,0,82,development,unsigned,,https://www.transfermarkt.com/abdoulaye-yoro/profil/spieler/1367128
tbg-tm-01202417,1202417,Allan Oyirwoth,Allan Oyirwoth,A. Oyirwoth,A. Oyirwoth,,19,active,Uganda,Attacking Midfield,MID,New England Revolution,MLS1,300000,82,82,82,0,82,development,unsigned,,https://www.transfermarkt.com/allan-oyirwoth/profil/spieler/1202417
tbg-tm-00981118,981118,Christ Souanga,Moyé Christ Souanga,C. Souanga,C. Souanga,,19,active,Belgium,Centre-Back,DEF,Oud-Heverlee Leuven,BE1,300000,82,82,82,0,82,development,unsigned,,https://www.transfermarkt.com/christ-souanga/profil/spieler/981118
tbg-tm-01067439,1067439,Fritz Fleck,Fritz Henri Fleck,Fritz Fleck,Fritz Fleck,,19,active,Germany,Attacking Midfield,MID,Borussia Mönchengladbach,L1,300000,82,82,82,0,82,development,unsigned,,https://www.transfermarkt.com/fritz-fleck/profil/spieler/1067439
tbg-tm-01102425,1102425,Giannino Vianello,Giannino Felicio Vianello,G. Vianello,G. Vianello,,19,active,Netherlands; Italy,Left-Back,DEF,Sparta Rotterdam,NL1,300000,82,82,82,0,82,development,unsigned,,https://www.transfermarkt.com/giannino-vianello/profil/spieler/1102425
tbg-tm-00998560,998560,Kean Scicluna,Kean Scicluna,K. Scicluna,K. Scicluna,,19,active,Malta,Defensive Midfield,DEF,Hamrun Spartans U19,,300000,82,82,82,0,82,development,unsigned,,https://www.transfermarkt.com/kean-scicluna/profil/spieler/998560
tbg-tm-01418875,1418875,Lucas Silva,Lucas Gabriel Silva,Lucas Silva,Lucas Silva,,19,active,Argentina,Defensive Midfield,DEF,CA River Plate,ARGC,300000,82,82,82,0,82,development,unsigned,,https://www.transfermarkt.com/lucas-silva/profil/spieler/1418875
tbg-tm-01133729,1133729,Mamadou Diallo,Mamadou Aliou Diallo,M. Diallo,M. Diallo,,19,active,Senegal,Centre-Back,DEF,KAA Gent,BE1,300000,82,82,82,0,82,development,unsigned,,https://www.transfermarkt.com/mamadou-diallo/profil/spieler/1133729
tbg-tm-01501794,1501794,Mansour Camara,Mansour Camara,M. Camara,M. Camara,,19,active,Guinea,Centre-Back,DEF,Al-Kholood Club,SA1,300000,82,82,82,0,82,development,unsigned,,https://www.transfermarkt.com/mansour-camara/profil/spieler/1501794
tbg-tm-01030525,1030525,Mats Egbring,Mats Montijn Egbring,M. Egbring,M. Egbring,,19,active,Netherlands,Right-Back,DEF,SC Heerenveen,NL1,300000,82,82,82,0,82,development,unsigned,,https://www.transfermarkt.com/mats-egbring/profil/spieler/1030525
tbg-tm-01048013,1048013,Nicola Grandu,Nicola Grandu,N. Grandu,N. Grandu,,19,active,Italy,Left Midfield,MID,Cagliari Calcio,IT1,300000,82,82,82,0,82,development,unsigned,,https://www.transfermarkt.com/nicola-grandu/profil/spieler/1048013
tbg-tm-01364573,1364573,Victor Hugo Custódio de Melo Moura,Huguinho,Huguinho,Huguinho,Huguinho,19,active,Brazil,Defensive Midfield,DEF,Botafogo de Futebol e Regatas,BRA1,300000,82,82,82,0,82,development,unsigned,,https://www.transfermarkt.com/huguinho/profil/spieler/1364573
tbg-tm-00960985,960985,Kenan Kurtovic,Kenan Kurtović,K. Kurtovic,K. Kurtovic,,19,active,Slovenia,Centre-Forward,ATT,NS Mura,SL1,300000,81,81,81,0,81,development,unsigned,,https://www.transfermarkt.com/kenan-kurtovic/profil/spieler/960985
tbg-tm-00989006,989006,Christian Garofalo,Christian Garofalo,C. Garofalo,C. Garofalo,,19,active,Italy,Centre-Back,DEF,SSC Napoli,IT1,250000,82,82,82,0,82,development,unsigned,,https://www.transfermarkt.com/christian-garofalo/profil/spieler/989006
tbg-tm-01047103,1047103,Elyèss Dao,"Elyèss Houssa Dao, إلياس حوسة داو",Elyèss Dao,Elyèss Dao,,19,active,Morocco; France,Centre-Forward,ATT,RSC Anderlecht,BE1,250000,82,82,82,0,82,development,unsigned,,https://www.transfermarkt.com/elyess-dao/profil/spieler/1047103
tbg-tm-01178714,1178714,Ethan Apkakou,Ethan Apkakou,E. Apkakou,E. Apkakou,,19,active,France,Defensive Midfield,DEF,SC Cambuur Leeuwarden,NL1,250000,82,82,82,0,82,development,unsigned,,https://www.transfermarkt.com/ethan-apkakou/profil/spieler/1178714
tbg-tm-01019116,1019116,Giorgio Vezzosi,Giorgio Vezzosi,G. Vezzosi,G. Vezzosi,,19,active,Italy,Centre-Back,DEF,US Sassuolo,IT1,250000,82,82,82,0,82,development,unsigned,,https://www.transfermarkt.com/giorgio-vezzosi/profil/spieler/1019116
tbg-tm-01145004,1145004,Isaac Cissé,Isaac Ismaël Cissé,Isaac Cissé,Isaac Cissé,,19,active,Cote d'Ivoire,Defensive Midfield,DEF,Royal Charleroi SC,BE1,250000,82,82,82,0,82,development,unsigned,,https://www.transfermarkt.com/isaac-cisse/profil/spieler/1145004
tbg-tm-01247587,1247587,Michée Ndembi,Michée Ndembi,M. Ndembi,M. Ndembi,,19,active,Belgium,Centre-Back,DEF,KVC Westerlo,BE1,250000,82,82,82,0,82,development,unsigned,,https://www.transfermarkt.com/michee-ndembi/profil/spieler/1247587
tbg-tm-01305872,1305872,Mohammed Fallatah,"Mohammed Ahmed Fallatah, محمد فلاته",M. Fallatah,M. Fallatah,,19,active,Saudi Arabia,Defensive Midfield,DEF,Al-Ittihad Club,SA1,250000,82,82,82,0,82,development,unsigned,,https://www.transfermarkt.com/mohammed-fallatah/profil/spieler/1305872
tbg-tm-00905426,905426,Nikola Sarcevic,Nikola Sarcevic,N. Sarcevic,N. Sarcevic,,19,active,Austria,Goalkeeper,GK,Red Bull Salzburg,A1,250000,82,82,82,0,82,development,unsigned,,https://www.transfermarkt.com/nikola-sarcevic/profil/spieler/905426
tbg-tm-00941177,941177,Robert Ramsak,Robert Ramšak,R. Ramsak,R. Ramsak,,19,active,Germany,Centre-Forward,ATT,RB Leipzig,L1,250000,82,82,82,0,82,development,unsigned,,https://www.transfermarkt.com/robert-ramsak/profil/spieler/941177
tbg-tm-01074523,1074523,Wesley Adeh,Wesley Adeh,Wesley Adeh,Wesley Adeh,,19,active,Germany; Nigeria,Defensive Midfield,DEF,Preußen Münster,L3,250000,82,82,82,0,82,development,unsigned,,https://www.transfermarkt.com/wesley-adeh/profil/spieler/1074523
tbg-tm-01188771,1188771,Aymen Zouin,أيمن زوين,Aymen Zouin,Aymen Zouin,,19,active,Morocco; Italy,Left Winger,ATT,Parma Calcio 1913,IT1,250000,81,81,81,0,81,development,unsigned,,https://www.transfermarkt.com/aymen-zouin/profil/spieler/1188771
tbg-tm-01076584,1076584,Bassco Soyer,Bassco Soyer Cantella,B. Soyer,B. Soyer,,19,active,Peru,Left Winger,ATT,Gil Vicente FC,PO1,250000,81,81,81,0,81,development,unsigned,,https://www.transfermarkt.com/bassco-soyer/profil/spieler/1076584
tbg-tm-01211929,1211929,Iaia Manco Danfa,Iaia Manco Danfa,I. Danfa,I. Danfa,,19,active,Guinea-Bissau; Portugal,Centre-Forward,ATT,Borussia Mönchengladbach,L1,250000,81,81,81,0,81,development,unsigned,,https://www.transfermarkt.com/iaia-manco-danfa/profil/spieler/1211929
tbg-tm-01004324,1004324,In-woo Back,백인우,In-woo Back,In-woo Back,,19,active,"Korea, South",Attacking Midfield,MID,Ulsan HD FC,RSK1,225000,82,82,82,0,82,development,unsigned,,https://www.transfermarkt.com/in-woo-back/profil/spieler/1004324
tbg-tm-01175838,1175838,Jens Mathijsen,Jens Mathijsen,J. Mathijsen,J. Mathijsen,,19,active,Netherlands,Centre-Back,DEF,Willem II Tilburg,NL1,225000,82,82,82,0,82,development,unsigned,,https://www.transfermarkt.com/jens-mathijsen/profil/spieler/1175838
tbg-tm-01177948,1177948,Iwan Henstra,Iwan Henstra,I. Henstra,I. Henstra,,19,active,Netherlands,Right Winger,ATT,SC Cambuur Leeuwarden,NL1,225000,81,81,81,0,81,development,unsigned,,https://www.transfermarkt.com/iwan-henstra/profil/spieler/1177948
tbg-tm-01291054,1291054,Leonel Jaime,Cristian Leonel Jaime,L. Jaime,L. Jaime,,19,active,Argentina,Left Winger,ATT,CA River Plate II,CLPI,225000,81,81,81,0,81,development,unsigned,,https://www.transfermarkt.com/leonel-jaime/profil/spieler/1291054
tbg-tm-01019170,1019170,Aidan Harris,Aidan Harris,A. Harris,A. Harris,,19,active,England,Goalkeeper,GK,Newcastle United,GB1,200000,82,82,82,0,82,development,unsigned,,https://www.transfermarkt.com/aidan-harris/profil/spieler/1019170
tbg-tm-01009618,1009618,Aljaz Strajnar,Aljaž Strajnar,A. Strajnar,A. Strajnar,,19,active,Slovenia,Goalkeeper,GK,AC Monza,IT1,200000,82,82,82,0,82,development,unsigned,,https://www.transfermarkt.com/aljaz-strajnar/profil/spieler/1009618
tbg-tm-01245667,1245667,Colin Guske,Colin Guske,Colin Guske,Colin Guske,,19,active,United States,Defensive Midfield,DEF,Orlando City SC,MLS1,200000,82,82,82,0,82,development,unsigned,,https://www.transfermarkt.com/colin-guske/profil/spieler/1245667
tbg-tm-01009730,1009730,Drew Baiera,Andrew Baiera,Drew Baiera,Drew Baiera,,19,active,United States; Italy,Right-Back,DEF,New York City FC,MLS1,200000,82,82,82,0,82,development,unsigned,,https://www.transfermarkt.com/drew-baiera/profil/spieler/1009730
tbg-tm-01463365,1463365,Eyad Housa,"اياد سيدي هوسا, Eyad Sidi Mohammed Houssa",Eyad Housa,Eyad Housa,,19,active,Saudi Arabia,Central Midfield,MID,Al-Qadsiah FC,SA1,200000,82,82,82,0,82,development,unsigned,,https://www.transfermarkt.com/eyad-housa/profil/spieler/1463365
tbg-tm-01279774,1279774,Finn Sundstrom,Aedon Finn Orion Sundstrom,F. Sundstrom,F. Sundstrom,,19,active,United States,Centre-Back,DEF,Philadelphia Union,MLS1,200000,82,82,82,0,82,development,unsigned,,https://www.transfermarkt.com/finn-sundstrom/profil/spieler/1279774
tbg-tm-00926839,926839,Ivan Sulev,Иван Сулев,Ivan Sulev,Ivan Sulev,,19,active,Bulgaria,Central Midfield,MID,Cagliari Calcio,IT1,200000,82,82,82,0,82,development,unsigned,,https://www.transfermarkt.com/ivan-sulev/profil/spieler/926839
tbg-tm-01384705,1384705,Joshua Torquato,Joshua Torquato,J. Torquato,J. Torquato,,19,active,United States; Brazil,Left-Back,DEF,FC Dallas,MLS1,200000,82,82,82,0,82,development,unsigned,,https://www.transfermarkt.com/joshua-torquato/profil/spieler/1384705
tbg-tm-01067266,1067266,Liam MacKenzie,Liam James MacKenzie,L. MacKenzie,L. MacKenzie,,19,active,Canada,Attacking Midfield,MID,Vancouver Whitecaps FC,MLS1,200000,82,82,82,0,82,development,unsigned,,https://www.transfermarkt.com/liam-mackenzie/profil/spieler/1067266
tbg-tm-01039275,1039275,MyKhi Joyner,MyKhi Joyner,M. Joyner,M. Joyner,,19,active,United States,Left Midfield,MID,St. Louis CITY SC,MLS1,200000,82,82,82,0,82,development,unsigned,,https://www.transfermarkt.com/mykhi-joyner/profil/spieler/1039275
tbg-tm-01008431,1008431,Stiven Jimenez,Stiven Ariel Jimenez,S. Jimenez,S. Jimenez,,19,active,Mexico; United States,Central Midfield,MID,FC Cincinnati,MLS1,200000,82,82,82,0,82,development,unsigned,,https://www.transfermarkt.com/stiven-jimenez/profil/spieler/1008431
tbg-tm-01087009,1087009,Abdou-Salam Konate,Abdou-Salam Konate,A. Konate,A. Konate,,19,active,Senegal; France,Central Midfield,MID,Parma Calcio 1913,IT1,200000,81,81,81,0,81,development,unsigned,,https://www.transfermarkt.com/abdou-salam-konate/profil/spieler/1087009
tbg-tm-01346971,1346971,Aboubacar Diakité,Aboubacar Diakité,A. Diakité,A. Diakité,,19,active,Mali,Centre-Forward,ATT,Esperance Tunis,TUN1,200000,81,81,81,0,81,development,unsigned,,https://www.transfermarkt.com/aboubacar-diakite/profil/spieler/1346971
tbg-tm-01221601,1221601,Amin Nabizada,امین نبی‌زاده,A. Nabizada,A. Nabizada,,19,active,Afghanistan; England,Left Winger,ATT,Watford FC,GB2,200000,81,81,81,0,81,development,unsigned,,https://www.transfermarkt.com/amin-nabizada/profil/spieler/1221601
tbg-tm-01380876,1380876,Gabriel Jesus David,Gabriel Jesus David,G. David,G. David,,19,active,Nigeria,Centre-Forward,ATT,Royal Antwerp FC,BE1,200000,81,81,81,0,81,development,unsigned,,https://www.transfermarkt.com/gabriel-jesus-david/profil/spieler/1380876
tbg-tm-01208836,1208836,Krys Kouassi,Krys-Anthony Madou Kouassi,K. Kouassi,K. Kouassi,,19,active,France,Centre-Forward,ATT,Cercle Brugge ,BE1,200000,81,81,81,0,81,development,unsigned,,https://www.transfermarkt.com/krys-kouassi/profil/spieler/1208836
tbg-tm-01101356,1101356,Lluc Castell,Lluc Castell Solé,L. Castell,L. Castell,,19,active,Spain,Left Winger,ATT,Burnley FC,GB2,200000,81,81,81,0,81,development,unsigned,,https://www.transfermarkt.com/lluc-castell/profil/spieler/1101356
tbg-tm-01123098,1123098,Ollie Bostock,Oliver David Bostock,O. Bostock,O. Bostock,,19,active,Wales; England,Left Winger,ATT,West Bromwich Albion,GB2,200000,81,81,81,0,81,development,unsigned,,https://www.transfermarkt.com/ollie-bostock/profil/spieler/1123098
tbg-tm-01223585,1223585,Sercan Deniz,Mecit Sercan Deniz,S. Deniz,S. Deniz,,19,active,Türkiye,Left Winger,ATT,Kasimpasa,TR1,200000,81,81,81,0,81,development,unsigned,,https://www.transfermarkt.com/sercan-deniz/profil/spieler/1223585
tbg-tm-01007381,1007381,Rubén Ramos,Rubén Ramos Jr.,Rubén Ramos,Rubén Ramos,,19,active,United States; Mexico,Attacking Midfield,MID,Los Angeles Galaxy,MLS1,175000,82,82,82,0,82,development,unsigned,,https://www.transfermarkt.com/ruben-ramos/profil/spieler/1007381
tbg-tm-00909998,909998,Homare Tokuda,徳田 誉,H. Tokuda,H. Tokuda,,19,active,Japan,Centre-Forward,ATT,Kashima Antlers,JAP1,175000,81,81,81,0,81,development,unsigned,,https://www.transfermarkt.com/homare-tokuda/profil/spieler/909998
tbg-tm-01203715,1203715,Micah Mbick,Micah Lionel Mbick,Micah Mbick,Micah Mbick,,19,active,England; Cameroon,Centre-Forward,ATT,Charlton Athletic,GB2,175000,81,81,81,0,81,development,unsigned,,https://www.transfermarkt.com/micah-mbick/profil/spieler/1203715
tbg-tm-01154528,1154528,Si-hoo Park,박시후,Si-hoo Park,Si-hoo Park,,19,active,"Korea, South",Left Winger,ATT,FC Arouca,PO1,175000,81,81,81,0,81,development,unsigned,,https://www.transfermarkt.com/si-hoo-park/profil/spieler/1154528
tbg-tm-01069641,1069641,Felix Meiser,Felix Constantin Meiser,F. Meiser,F. Meiser,,19,active,Germany,Centre-Back,DEF,FC Augsburg,L1,150000,82,82,82,0,82,development,unsigned,,https://www.transfermarkt.com/felix-meiser/profil/spieler/1069641
tbg-tm-01134250,1134250,Hamza Koutoune,حمزة كوتون,H. Koutoune,H. Koutoune,,19,active,Morocco,Right-Back,DEF,OGC Nice,FR1,150000,82,82,82,0,82,development,unsigned,,https://www.transfermarkt.com/hamza-koutoune/profil/spieler/1134250
tbg-tm-01009439,1009439,Leon Klanac,Leon Klanac,Leon Klanac,Leon Klanac,,19,active,Germany; Croatia,Goalkeeper,GK,FC Bayern Munich II,RLB3,150000,82,82,82,0,82,development,unsigned,,https://www.transfermarkt.com/leon-klanac/profil/spieler/1009439
tbg-tm-00952414,952414,Nolhan Courtens,Nolhan Allan Courtens Mabeneyshi,N. Courtens,N. Courtens,,19,active,DR Congo; Belgium,Attacking Midfield,MID,SC Heerenveen,NL1,150000,82,82,82,0,82,development,unsigned,,https://www.transfermarkt.com/nolhan-courtens/profil/spieler/952414
tbg-tm-01025989,1025989,Stefan Smarkalev,Стефан Стефанов Смъркалев,S. Smarkalev,S. Smarkalev,,19,active,Bulgaria,Goalkeeper,GK,SV Werder Bremen II,RLN3,150000,82,82,82,0,82,development,unsigned,,https://www.transfermarkt.com/stefan-smarkalev/profil/spieler/1025989
tbg-tm-01007384,1007384,Caden Glover,Caden Edward Glover,C. Glover,C. Glover,,19,active,United States,Centre-Forward,ATT,St. Louis CITY SC,MLS1,150000,81,81,81,0,81,development,unsigned,,https://www.transfermarkt.com/caden-glover/profil/spieler/1007384
tbg-tm-01062862,1062862,Ephraim Yeboah,Ephraim Osei Yeboah,E. Yeboah,E. Yeboah,,19,active,Italy; Ghana,Right Winger,ATT,Bristol City,GB2,150000,81,81,81,0,81,development,unsigned,,https://www.transfermarkt.com/ephraim-yeboah/profil/spieler/1062862
tbg-tm-01309326,1309326,Jay-David Mbalanda,Jay-David Mbalanda Nziang,J. Mbalanda,J. Mbalanda,,19,active,Belgium,Right Winger,ATT,Sint-Truidense VV,BE1,150000,81,81,81,0,81,development,unsigned,,https://www.transfermarkt.com/jay-david-mbalanda/profil/spieler/1309326
tbg-tm-01226712,1226712,Mathias Macallister,Mathias Langeland Macallister,M. Macallister,M. Macallister,,19,active,Australia; Norway,Centre-Forward,ATT,Sydney FC,AUS1,150000,81,81,81,0,81,development,unsigned,,https://www.transfermarkt.com/mathias-macallister/profil/spieler/1226712
tbg-tm-01193797,1193797,Nikoloz Chikovani,ნიკოლოზ ჩიქოვანი,N. Chikovani,N. Chikovani,,19,active,Georgia,Left Winger,ATT,Watford FC,GB2,150000,81,81,81,0,81,development,unsigned,,https://www.transfermarkt.com/nikoloz-chikovani/profil/spieler/1193797
tbg-tm-01119031,1119031,Siyabonga Mabena,Siyabonga Nicolas Mabena,S. Mabena,S. Mabena,,19,active,South Africa,Left Winger,ATT,Mamelodi Sundowns FC,SFA1,150000,81,81,81,0,81,development,unsigned,,https://www.transfermarkt.com/siyabonga-mabena/profil/spieler/1119031
tbg-tm-01246471,1246471,Ștefan Chirilă,Ștefan Chirilă,Ș. Chirilă,Ș. Chirilă,,19,active,Romania; United States,Centre-Forward,ATT,FC Cincinnati,MLS1,150000,81,81,81,0,81,development,unsigned,,https://www.transfermarkt.com/stefan-chirila/profil/spieler/1246471
tbg-tm-01091678,1091678,Zane Okoro,Zane Kola Okoro,Zane Okoro,Zane Okoro,,19,active,United States,Right Winger,ATT,Lincoln City,GB2,150000,81,81,81,0,81,development,unsigned,,https://www.transfermarkt.com/zane-okoro/profil/spieler/1091678
tbg-tm-01078750,1078750,Luca Höcker,Luca Höcker,Luca Höcker,Luca Höcker,,19,active,Germany,Right-Back,DEF,SV Werder Bremen,L1,125000,82,82,82,0,82,development,unsigned,,https://www.transfermarkt.com/luca-hoecker/profil/spieler/1078750
tbg-tm-01033581,1033581,Julien Friedrich,Julien Piet Friedrich,J. Friedrich,J. Friedrich,,19,active,Germany,Left Winger,ATT,1.FC Union Berlin,L1,125000,81,81,81,0,81,development,unsigned,,https://www.transfermarkt.com/julien-friedrich/profil/spieler/1033581
tbg-tm-01042888,1042888,Lasse Abildgaard,Lasse Møldrup Abildgaard,L. Abildgaard,L. Abildgaard,,19,active,Denmark,Right Winger,ATT,Willem II Tilburg,NL1,125000,81,81,81,0,81,development,unsigned,,https://www.transfermarkt.com/lasse-abildgaard/profil/spieler/1042888
tbg-tm-01129217,1129217,Mohamed Al-Sarnukh,"Mohamed Aaid Al-Sarnukh, محمد الصرنوخ",M. Al-Sarnukh,M. Al-Sarnukh,,19,active,Saudi Arabia,Right-Back,DEF,Al-Hilal SFC,SA1,125000,81,81,81,0,81,development,unsigned,,https://www.transfermarkt.com/mohamed-al-sarnukh/profil/spieler/1129217
tbg-tm-01080555,1080555,Paul Erevbenagie,Paul Bright Max Erevbenagie,P. Erevbenagie,P. Erevbenagie,,19,active,Germany,Right Winger,ATT,SV Werder Bremen,L1,125000,81,81,81,0,81,development,unsigned,,https://www.transfermarkt.com/paul-erevbenagie/profil/spieler/1080555
tbg-tm-01018802,1018802,Sinan Alkaş,Sinan Alkaş,Sinan Alkaş,Sinan Alkaş,,19,active,Türkiye,Centre-Forward,ATT,Kasimpasa,TR1,125000,81,81,81,0,81,development,unsigned,,https://www.transfermarkt.com/sinan-alkas/profil/spieler/1018802
tbg-tm-01455976,1455976,Bruno Galassi,Bruno Galassi,B. Galassi,B. Galassi,,19,active,Spain; Argentina,Central Midfield,MID,SS Lazio,IT1,100000,82,82,82,0,82,development,unsigned,,https://www.transfermarkt.com/bruno-galassi/profil/spieler/1455976
tbg-tm-01160504,1160504,Burak Gültekin,Burak Gültekin,B. Gültekin,B. Gültekin,,19,active,Türkiye,Defensive Midfield,DEF,Kasimpasa,TR1,100000,82,82,82,0,82,development,unsigned,,https://www.transfermarkt.com/burak-gueltekin/profil/spieler/1160504
tbg-tm-00994277,994277,Gavin Turner,Gavin Turner,G. Turner,G. Turner,,19,active,United States; England,Attacking Midfield,MID,D.C. United,MLS1,100000,82,82,82,0,82,development,unsigned,,https://www.transfermarkt.com/gavin-turner/profil/spieler/994277
tbg-tm-01193791,1193791,Giorgi Kavlashvili,გიორგი ყავლაშვილი,G. Kavlashvili,G. Kavlashvili,,19,active,Georgia; Belgium,Goalkeeper,GK,Union Saint-Gilloise,BE1,100000,82,82,82,0,82,development,unsigned,,https://www.transfermarkt.com/giorgi-kavlashvili/profil/spieler/1193791
tbg-tm-00942004,942004,Giorgio De Marzi,Giorgio De Marzi,G. De Marzi,G. De Marzi,,19,active,United States; Italy,Goalkeeper,GK,AS Roma,IT1,100000,82,82,82,0,82,development,unsigned,,https://www.transfermarkt.com/giorgio-de-marzi/profil/spieler/942004
tbg-tm-01414670,1414670,Ismaila Manga,Ismaila Manga,I. Manga,I. Manga,,19,active,Senegal,Attacking Midfield,MID,Eyüpspor,TR1,100000,82,82,82,0,82,development,unsigned,,https://www.transfermarkt.com/ismaila-manga/profil/spieler/1414670
tbg-tm-00981539,981539,Noah Makembo-Ntemo,Noah Francy Makembo-Ntemo,N. Makembo-Ntemo,N. Makembo-Ntemo,,19,active,Belgium; DR Congo,Attacking Midfield,MID,RAAL La Louvière,BE1,100000,82,82,82,0,82,development,unsigned,,https://www.transfermarkt.com/noah-makembo-ntemo/profil/spieler/981539
tbg-tm-01085929,1085929,Owen Eames,Owen Thomas Eames,Owen Eames,Owen Eames,,19,active,England,Central Midfield,MID,Derby County,GB2,100000,82,82,82,0,82,development,unsigned,,https://www.transfermarkt.com/owen-eames/profil/spieler/1085929
tbg-tm-01192402,1192402,Théo Mununga,Théo Pene Mununga,T. Mununga,T. Mununga,,19,active,Belgium,Midfielder,MID,Lommel SK,BE1,100000,82,82,82,0,82,development,unsigned,,https://www.transfermarkt.com/theo-mununga/profil/spieler/1192402
tbg-tm-00981712,981712,Tijn Van Ingelgom,Tijn Fons Van Ingelgom,T. Van Ingelgom,T. Van Ingelgom,,19,active,Belgium,Goalkeeper,GK,KV Mechelen,BE1,100000,82,82,82,0,82,development,unsigned,,https://www.transfermarkt.com/tijn-van-ingelgom/profil/spieler/981712
tbg-tm-01094202,1094202,Tyson Pearce,Tyson Charles Pearce,T. Pearce,T. Pearce,,19,active,United States,Right-Back,DEF,St. Louis CITY SC,MLS1,100000,82,82,82,0,82,development,unsigned,,https://www.transfermarkt.com/tyson-pearce/profil/spieler/1094202
tbg-tm-01131793,1131793,Bennet Mokoena,Bennet Mokoena,B. Mokoena,B. Mokoena,,19,active,South Africa,Centre-Forward,ATT,Mamelodi Sundowns FC,SFA1,100000,81,81,81,0,81,development,unsigned,,https://www.transfermarkt.com/bennet-mokoena/profil/spieler/1131793
tbg-tm-01458907,1458907,Christ Sadia,Christ Otiniel Sadia,C. Sadia,C. Sadia,,19,active,Cote d'Ivoire,Right Winger,ATT,Eyüpspor,TR1,100000,81,81,81,0,81,development,unsigned,,https://www.transfermarkt.com/christ-sadia/profil/spieler/1458907
tbg-tm-01150822,1150822,Eric Klein,Eric Klein,Eric Klein,Eric Klein,,19,active,United States,Centre-Back,DEF,New England Revolution,MLS1,100000,81,81,81,0,81,development,unsigned,,https://www.transfermarkt.com/eric-klein/profil/spieler/1150822
tbg-tm-01262359,1262359,Fedir Zadorozhnyi,Задорожний Федір Михайлович,F. Zadorozhnyi,F. Zadorozhnyi,,19,active,Ukraine,Centre-Forward,ATT,Dynamo Kyiv,UKR1,100000,81,81,81,0,81,development,unsigned,,https://www.transfermarkt.com/fedir-zadorozhnyi/profil/spieler/1262359
tbg-tm-01243050,1243050,Haydar Karataş,Haydar Karataş,H. Karataş,H. Karataş,,19,active,Türkiye,Left Winger,ATT,Kocaelispor,TR1,100000,81,81,81,0,81,development,unsigned,,https://www.transfermarkt.com/haydar-karatas/profil/spieler/1243050
tbg-tm-01182625,1182625,Illyès Benachour,إلياس بنعاشور,I. Benachour,I. Benachour,,19,active,Morocco; France,Attacking Midfield,MID,Sint-Truidense VV,BE1,100000,81,81,81,0,81,development,unsigned,,https://www.transfermarkt.com/illyes-benachour/profil/spieler/1182625
tbg-tm-01381205,1381205,Mamadou Billo Diop,Mamadou Billo Diop,M. Diop,M. Diop,,19,active,Senegal,Centre-Forward,ATT,Colorado Rapids,MLS1,100000,81,81,81,0,81,development,unsigned,,https://www.transfermarkt.com/mamadou-billo-diop/profil/spieler/1381205
tbg-tm-01224983,1224983,Oscar Aïssat,أوسكار عيسات,O. Aïssat,O. Aïssat,,19,active,Algeria; France,Central Midfield,MID,Amiens SC U19,,100000,81,81,81,0,81,development,unsigned,,https://www.transfermarkt.com/oscar-aissat/profil/spieler/1224983
tbg-tm-00985536,985536,Elliot Myles,Elliot Josh Myles,E. Myles,E. Myles,,19,active,Wales; England,Attacking Midfield,MID,Norwich City,GB2,75000,82,82,82,0,82,development,unsigned,,https://www.transfermarkt.com/elliot-myles/profil/spieler/985536
tbg-tm-00998556,998556,Keyon Ewurum,Keyon Ewurum Kelechi,K. Ewurum,K. Ewurum,,19,active,Malta; Nigeria,Attacking Midfield,MID,Valletta FC,MT1N,75000,82,82,82,0,82,development,unsigned,,https://www.transfermarkt.com/keyon-ewurum/profil/spieler/998556
tbg-tm-01363241,1363241,Alex Moore,Alexander James Moore,Alex Moore,Alex Moore,,19,active,England,Central Midfield,MID,Wrexham AFC,GB2,75000,81,81,81,0,81,development,unsigned,,https://www.transfermarkt.com/alex-moore/profil/spieler/1363241
tbg-tm-00917594,917594,Diego García,Diego García Murillo,D. García,D. García,,19,active,United States,Central Midfield,MID,FC Dallas,MLS1,75000,81,81,81,0,81,development,unsigned,,https://www.transfermarkt.com/diego-garcia/profil/spieler/917594
tbg-tm-01105464,1105464,Nicholas Simmonds,Nicholas Gregory Simmonds,N. Simmonds,N. Simmonds,,19,active,Jamaica; United States,Centre-Forward,ATT,FC Dallas,MLS1,75000,81,81,81,0,81,development,unsigned,,https://www.transfermarkt.com/nicholas-simmonds/profil/spieler/1105464
tbg-tm-01184614,1184614,Ofosu Boakye,Ofosu Boakye,O. Boakye,O. Boakye,,19,active,Ghana; Netherlands,Centre-Forward,ATT,Go Ahead Eagles,NL1,75000,81,81,81,0,81,development,unsigned,,https://www.transfermarkt.com/ofosu-boakye/profil/spieler/1184614
tbg-tm-01192697,1192697,Axel Willockx,Axel Willockx,A. Willockx,A. Willockx,,19,active,Belgium,Goalkeeper,GK,KV Mechelen,BE1,50000,82,82,82,0,82,development,unsigned,,https://www.transfermarkt.com/axel-willockx/profil/spieler/1192697
tbg-tm-01071220,1071220,Egemen Aydın,Egemen Aydın,E. Aydın,E. Aydın,,19,active,Türkiye,Goalkeeper,GK,Konyaspor,TR1,50000,82,82,82,0,82,development,unsigned,,https://www.transfermarkt.com/egemen-aydin/profil/spieler/1071220
tbg-tm-01018026,1018026,Ukko Happonen,Ukko Antti Einari Happonen,U. Happonen,U. Happonen,,19,active,Finland,Goalkeeper,GK,Bologna FC 1909,IT1,50000,82,82,82,0,82,development,unsigned,,https://www.transfermarkt.com/ukko-happonen/profil/spieler/1018026
tbg-tm-01486200,1486200,Abdoulie Mboge,Abdoulie M. Mboge,A. Mboge,A. Mboge,,19,active,The Gambia,Defensive Midfield,DEF,Al-Khaleej FC,SA1,50000,81,81,81,0,81,development,unsigned,,https://www.transfermarkt.com/abdoulie-mboge/profil/spieler/1486200
tbg-tm-01303365,1303365,Arda Özyar,Arda Özyar,Arda Özyar,Arda Özyar,,19,active,Türkiye,Centre-Forward,ATT,Kocaelispor,TR1,50000,81,81,81,0,81,development,unsigned,,https://www.transfermarkt.com/arda-oezyar/profil/spieler/1303365
tbg-tm-01356836,1356836,Caleb Swann,Caleb Swann,Caleb Swann,Caleb Swann,,19,active,United States; Colombia,Central Midfield,MID,FC Dallas,MLS1,50000,81,81,81,0,81,development,unsigned,,https://www.transfermarkt.com/caleb-swann/profil/spieler/1356836
tbg-tm-01177939,1177939,Danyello Look,Danyello Look,D. Look,D. Look,,19,active,Netherlands; Curacao,Left Winger,ATT,SC Cambuur Leeuwarden,NL1,50000,81,81,81,0,81,development,unsigned,,https://www.transfermarkt.com/danyello-look/profil/spieler/1177939
tbg-tm-01076671,1076671,Ege Yıldırım,Ege Yıldırım,E. Yıldırım,E. Yıldırım,,19,active,Türkiye,Centre-Back,DEF,Göztepe,TR1,50000,81,81,81,0,81,development,unsigned,,https://www.transfermarkt.com/ege-yildirim/profil/spieler/1076671
tbg-tm-01460433,1460433,Eren Yağmur,Eren Cemali Yağmur,Eren Yağmur,Eren Yağmur,,19,active,Türkiye; Belgium,Centre-Forward,ATT,Konyaspor,TR1,50000,81,81,81,0,81,development,unsigned,,https://www.transfermarkt.com/eren-yagmur/profil/spieler/1460433
tbg-tm-01119049,1119049,Gonzalo Escudero,Gonzalo Escudero,G. Escudero,G. Escudero,,19,active,Argentina,Centre-Back,DEF,Racing Club,ARGC,50000,81,81,81,0,81,development,unsigned,,https://www.transfermarkt.com/gonzalo-escudero/profil/spieler/1119049
tbg-tm-01298534,1298534,Joel Medina,Ayrton Joel Medina,Joel Medina,Joel Medina,,19,active,Argentina,Central Midfield,MID,CA Independiente II,CLPF,50000,81,81,81,0,81,development,unsigned,,https://www.transfermarkt.com/joel-medina/profil/spieler/1298534
tbg-tm-01158702,1158702,Joseph Lacey,Joseph Steven Colin Lacey,J. Lacey,J. Lacey,,19,active,Wales; Australia,Central Midfield,MID,Sydney FC,AUS1,50000,81,81,81,0,81,development,unsigned,,https://www.transfermarkt.com/joseph-lacey/profil/spieler/1158702
tbg-tm-01200235,1200235,Kamil Boumedmed,Kamil Boumedmed,K. Boumedmed,K. Boumedmed,,19,active,France; Algeria,Centre-Forward,ATT,Abha Club,SA1,50000,81,81,81,0,81,development,unsigned,,https://www.transfermarkt.com/kamil-boumedmed/profil/spieler/1200235
tbg-tm-01258261,1258261,Koussay Maacha,قصي معشة,K. Maacha,K. Maacha,,19,active,Tunisia,Right Winger,ATT,Esperance Tunis,TUN1,50000,81,81,81,0,81,development,unsigned,,https://www.transfermarkt.com/koussay-maacha/profil/spieler/1258261
tbg-tm-01167990,1167990,Mathis Mout,Mathis Mout,Mathis Mout,Mathis Mout,,19,active,Italy; France,Central Midfield,MID,AC Monza,IT1,50000,81,81,81,0,81,development,unsigned,,https://www.transfermarkt.com/mathis-mout/profil/spieler/1167990
tbg-tm-01226831,1226831,Mijahir Jiménez,Mijahir Ameth Jiménez Murillo,M. Jiménez,M. Jiménez,,19,active,Panama,Centre-Forward,ATT,Red Bull New York,MLS1,50000,81,81,81,0,81,development,unsigned,,https://www.transfermarkt.com/mijahir-jimenez/profil/spieler/1226831
tbg-tm-01104230,1104230,Sanyika Bergtop,Sanyika Damiando Emanuel Jolicoeur Puljhun Bergtop,S. Bergtop,S. Bergtop,,19,active,Suriname; Netherlands,Right-Back,DEF,ADO Den Haag,NL1,50000,81,81,81,0,81,development,unsigned,,https://www.transfermarkt.com/sanyika-bergtop/profil/spieler/1104230
tbg-tm-01263461,1263461,Henrique Simeone,Henrique Simeone Koifman,H. Simeone,H. Simeone,,19,active,Mexico; Brazil,Defensive Midfield,DEF,Tigres UANL,MEXA,25000,81,81,81,0,81,development,unsigned,,https://www.transfermarkt.com/henrique-simeone/profil/spieler/1263461
tbg-tm-01175183,1175183,Peterson Paul,Peterson Paul,P. Paul,P. Paul,,19,active,France; Haiti,Left Winger,ATT,Amiens SC,FR3,25000,81,81,81,0,81,development,unsigned,,https://www.transfermarkt.com/peterson-paul/profil/spieler/1175183
tbg-tm-01457705,1457705,Wissem Chaouali,وسام هشام الشوالي,W. Chaouali,W. Chaouali,,19,active,Tunisia,Centre-Back,DEF,Al-Ettifaq FC,SA1,25000,81,81,81,0,81,development,unsigned,,https://www.transfermarkt.com/wissem-chaouali/profil/spieler/1457705
tbg-tm-01429895,1429895,Abderrahmane Soumaré,Abderrahmane Soumaré,A. Soumaré,A. Soumaré,,19,active,Mauritania,Defensive Midfield,DEF,FC Alverca,PO1,0,80,80,80,0,80,development,unsigned,,https://www.transfermarkt.com/abderrahmane-soumare/profil/spieler/1429895
tbg-tm-01457931,1457931,Adem Yeşilyurt,Adem Yeşilyurt,A. Yeşilyurt,A. Yeşilyurt,,19,active,Türkiye,Right Winger,ATT,Fenerbahce,TR1,0,80,80,80,0,80,development,unsigned,,https://www.transfermarkt.com/adem-yesilyurt/profil/spieler/1457931
tbg-tm-01076666,1076666,Ahmet Sami Bircan,Ahmet Sami Bircan,A. Bircan,A. Bircan,,19,active,Türkiye,Centre-Forward,ATT,Besiktas JK,TR1,0,80,80,80,0,80,development,unsigned,,https://www.transfermarkt.com/ahmet-sami-bircan/profil/spieler/1076666
tbg-tm-01349275,1349275,Aidon Shehu,Aidon Shehu,Aidon Shehu,Aidon Shehu,,19,active,Albania; England,Attacking Midfield,MID,Panathinaikos,GR1,0,80,80,80,0,80,development,unsigned,,https://www.transfermarkt.com/aidon-shehu/profil/spieler/1349275
tbg-tm-01215440,1215440,Alan Mwamba,Alan Mwamba,Alan Mwamba,Alan Mwamba,,19,active,England,Attacking Midfield,MID,Charlton Athletic,GB2,0,80,80,80,0,80,development,unsigned,,https://www.transfermarkt.com/alan-mwamba/profil/spieler/1215440
tbg-tm-01072029,1072029,Alexander Reumers,Alexander Reumers,A. Reumers,A. Reumers,,19,active,Belgium,Centre-Forward,ATT,Lommel SK,BE1,0,80,80,80,0,80,development,unsigned,,https://www.transfermarkt.com/alexander-reumers/profil/spieler/1072029
tbg-tm-01144938,1144938,Alvin Petit Dol,Alvin Petit Dol,A. Petit Dol,A. Petit Dol,,19,active,France; Haiti,Centre-Back,DEF,AJ Auxerre B,,0,80,80,80,0,80,development,unsigned,,https://www.transfermarkt.com/alvin-petit-dol/profil/spieler/1144938
tbg-tm-01443181,1443181,Arkem Taboubi,Arkem Taboubi,A. Taboubi,A. Taboubi,,19,active,Tunisia,Attacking Midfield,MID,Esperance Tunis,TUN1,0,80,80,80,0,80,development,unsigned,,https://www.transfermarkt.com/arkem-taboubi/profil/spieler/1443181
tbg-tm-01577095,1577095,Arouna Soro,Arouna Kigbafory Soro,Arouna Soro,Arouna Soro,,19,active,Cote d'Ivoire,Attacking Midfield,MID,Alanyaspor,TR1,0,80,80,80,0,80,development,unsigned,,https://www.transfermarkt.com/arouna-soro/profil/spieler/1577095
tbg-tm-01065428,1065428,Berk Kızıldemir,Berk Kızıldemir,B. Kızıldemir,B. Kızıldemir,,19,active,Türkiye,Right Winger,ATT,Amed SK,TR1,0,80,80,80,0,80,development,unsigned,,https://www.transfermarkt.com/berk-kizildemir/profil/spieler/1065428
tbg-tm-01233291,1233291,Berke Özçelik,Berke Özçelik,B. Özçelik,B. Özçelik,,19,active,Türkiye,Attacking Midfield,MID,Konyaspor,TR1,0,80,80,80,0,80,development,unsigned,,https://www.transfermarkt.com/berke-oezcelik/profil/spieler/1233291
tbg-tm-00989995,989995,Caleb Kramer,Caleb Kramer,C. Kramer,C. Kramer,,19,active,Kenya; Netherlands,Goalkeeper,GK,ADO Den Haag,NL1,0,80,80,80,0,80,development,unsigned,,https://www.transfermarkt.com/caleb-kramer/profil/spieler/989995
tbg-tm-01551902,1551902,Carlos Mejia,Carlos Daniel Mejía Klinger,C. Mejia,C. Mejia,,19,active,Ecuador,Right Winger,ATT,Royal Antwerp FC,BE1,0,80,80,80,0,80,development,unsigned,,https://www.transfermarkt.com/carlos-mejia/profil/spieler/1551902
tbg-tm-01567412,1567412,Cheick Tidiane Diabate,Cheick Tidiane Diabate,C. Diabate,C. Diabate,,19,active,Cote d'Ivoire,Central Midfield,MID,Samsunspor,TR1,0,80,80,80,0,80,development,unsigned,,https://www.transfermarkt.com/cheick-tidiane-diabate/profil/spieler/1567412
tbg-tm-01068262,1068262,Chike Van De Ven,Chike Van De Ven Macayle,C. Van De Ven,C. Van De Ven,,19,active,Belgium; Nigeria,Centre-Forward,ATT,Oud-Heverlee Leuven,BE1,0,80,80,80,0,80,development,unsigned,,https://www.transfermarkt.com/chike-van-de-ven/profil/spieler/1068262
tbg-tm-01193279,1193279,Cumali Gürsel,Cumali Gürsel,C. Gürsel,C. Gürsel,,19,active,Türkiye,Centre-Back,DEF,Besiktas JK,TR1,0,80,80,80,0,80,development,unsigned,,https://www.transfermarkt.com/cumali-guersel/profil/spieler/1193279
tbg-tm-01293525,1293525,Dai Baldé,Dai Rodrigo Costa Baldé,Dai Baldé,Dai Baldé,,19,active,Guinea-Bissau; Portugal,Defensive Midfield,DEF,Rio Ave FC,PO1,0,80,80,80,0,80,development,unsigned,,https://www.transfermarkt.com/dai-balde/profil/spieler/1293525
tbg-tm-01073085,1073085,Dakarai Mafico,Dakarai Asante Mafico,D. Mafico,D. Mafico,,19,active,Wales; Zimbabwe,Defensive Midfield,DEF,Cardiff City,GB2,0,80,80,80,0,80,development,unsigned,,https://www.transfermarkt.com/dakarai-mafico/profil/spieler/1073085
tbg-tm-01050888,1050888,Damario McIntosh,Damario McIntosh,D. McIntosh,D. McIntosh,,19,active,Jamaica; United States,Right-Back,DEF,New England Revolution,MLS1,0,80,80,80,0,80,development,unsigned,,https://www.transfermarkt.com/damario-mcintosh/profil/spieler/1050888
tbg-tm-01088642,1088642,Dani van Loenen,Dani van Loenen,D. van Loenen,D. van Loenen,,19,active,Netherlands,Left Winger,ATT,ADO Den Haag,NL1,0,80,80,80,0,80,development,unsigned,,https://www.transfermarkt.com/dani-van-loenen/profil/spieler/1088642
tbg-tm-01189626,1189626,Daniel Baran,Daniel Baran,D. Baran,D. Baran,,19,active,Poland; United States,Right Winger,ATT,FC Dallas,MLS1,0,80,80,80,0,80,development,unsigned,,https://www.transfermarkt.com/daniel-baran/profil/spieler/1189626
tbg-tm-01071244,1071244,Darwin Soylu,Darwin Kaan Soylu,D. Soylu,D. Soylu,,19,active,Türkiye; Germany,Attacking Midfield,MID,SV Werder Bremen,L1,0,80,80,80,0,80,development,unsigned,,https://www.transfermarkt.com/darwin-soylu/profil/spieler/1071244
tbg-tm-01070009,1070009,Efe Berat Töruz,Efe Berat Töruz,E. Töruz,E. Töruz,,19,active,Türkiye,Goalkeeper,GK,Samsunspor,TR1,0,80,80,80,0,80,development,unsigned,,https://www.transfermarkt.com/efe-berat-toeruz/profil/spieler/1070009
tbg-tm-01169429,1169429,Elies Araar Fernandez,الياس عرعار,E. Araar Fernandez,E. Araar Fernandez,,19,active,Tunisia; France,Left-Back,DEF,Esperance Tunis,TUN1,0,80,80,80,0,80,development,unsigned,,https://www.transfermarkt.com/elies-araar-fernandez/profil/spieler/1169429
tbg-tm-01136980,1136980,Emmanuel Chigozie Owen,Emmanuel Chigozie Owen,E. Chigozie Owen,E. Chigozie Owen,,19,active,Germany; Nigeria,Right Winger,ATT,FC Utrecht,NL1,0,80,80,80,0,80,development,unsigned,,https://www.transfermarkt.com/emmanuel-chigozie-owen/profil/spieler/1136980
tbg-tm-01075572,1075572,Enzo Faty,Enzo Faty,Enzo Faty,Enzo Faty,,19,active,France; Senegal,Centre-Forward,ATT,FC Toulouse,FR1,0,80,80,80,0,80,development,unsigned,,https://www.transfermarkt.com/enzo-faty/profil/spieler/1075572
tbg-tm-01303364,1303364,Eyüp Değirmenci,Eyüp Değirmenci,E. Değirmenci,E. Değirmenci,,19,active,Türkiye,Defensive Midfield,DEF,Samsunspor,TR1,0,80,80,80,0,80,development,unsigned,,https://www.transfermarkt.com/eyuep-degirmenci/profil/spieler/1303364
tbg-tm-01041648,1041648,Ferdinand Pohl,Ferdinand Pohl,F. Pohl,F. Pohl,,19,active,Germany,Centre-Back,DEF,FC Utrecht,NL1,0,80,80,80,0,80,development,unsigned,,https://www.transfermarkt.com/ferdinand-pohl/profil/spieler/1041648
tbg-tm-01119877,1119877,Guy-Noël Zohouri,Guy-Noël Prince Zohouri,G. Zohouri,G. Zohouri,,19,active,Cote d'Ivoire; France,Central Midfield,MID,Le Havre AC,FR1,0,80,80,80,0,80,development,unsigned,,https://www.transfermarkt.com/guy-noel-zohouri/profil/spieler/1119877
tbg-tm-01300089,1300089,Harry Clout,Harry Thomas Clout,Harry Clout,Harry Clout,,19,without_club,England,Attacking Midfield,MID,Without Club,,0,80,80,80,0,80,development,unsigned,,https://www.transfermarkt.com/harry-clout/profil/spieler/1300089
tbg-tm-01011934,1011934,Hasan Bulut,Hasan Hüseyin Bulut,Hasan Bulut,Hasan Bulut,,19,active,Türkiye; Belgium,Attacking Midfield,MID,Oud-Heverlee Leuven,BE1,0,80,80,80,0,80,development,unsigned,,https://www.transfermarkt.com/hasan-bulut/profil/spieler/1011934
tbg-tm-01223877,1223877,Ícaro da Conceição,Ícaro Geovane da Conceição Nascimento,Í. da Conceição,Í. da Conceição,,19,active,Brazil,Defensive Midfield,DEF,CF América,MEXA,0,80,80,80,0,80,development,unsigned,,https://www.transfermarkt.com/icaro-da-conceicao/profil/spieler/1223877
tbg-tm-01219848,1219848,Igor Teixeira Felisberto,Igor Felisberto,Igor Felisberto,Igor Felisberto,Igor Felisberto,19,active,Brazil,Right-Back,DEF,São Paulo FC U20,,0,80,80,80,0,80,development,unsigned,,https://www.transfermarkt.com/igor-felisberto/profil/spieler/1219848
tbg-tm-01456175,1456175,Ilian Temperman,Ilian Temperman,I. Temperman,I. Temperman,,19,active,Belgium,Striker,ATT,KV Kortrijk,BE1,0,80,80,80,0,80,development,unsigned,,https://www.transfermarkt.com/ilian-temperman/profil/spieler/1456175
tbg-tm-01081906,1081906,Jamie Schuldes,Jamie Sean Schuldes,J. Schuldes,J. Schuldes,,19,active,Germany,Centre-Back,DEF,FC Utrecht,NL1,0,80,80,80,0,80,development,unsigned,,https://www.transfermarkt.com/jamie-schuldes/profil/spieler/1081906
tbg-tm-01184725,1184725,Jeff Godelaine,Jeff Godelaine,J. Godelaine,J. Godelaine,,19,active,Belgium,Centre-Forward,ATT,Royal Antwerp FC,BE1,0,80,80,80,0,80,development,unsigned,,https://www.transfermarkt.com/jeff-godelaine/profil/spieler/1184725
tbg-tm-01117807,1117807,João Alencar Santos Paes da Costa,João Alencar,João Alencar,João Alencar,João Alencar,19,active,Brazil,Centre-Back,DEF,Santos FC,BRA1,0,80,80,80,0,80,development,unsigned,,https://www.transfermarkt.com/joao-alencar/profil/spieler/1117807
tbg-tm-01042887,1042887,Jonathan Moalem,Jonathan Moalem,J. Moalem,J. Moalem,,19,active,Denmark,Central Midfield,MID,FC Copenhagen,DK1,0,80,80,80,0,80,development,unsigned,,https://www.transfermarkt.com/jonathan-moalem/profil/spieler/1042887
tbg-tm-01492856,1492856,Junior Diouf,Raymond Junior Devis Diouf,J. Diouf,J. Diouf,,19,active,Senegal,Centre-Forward,ATT,SK Beveren,BE1,0,80,80,80,0,80,development,unsigned,,https://www.transfermarkt.com/junior-diouf/profil/spieler/1492856
tbg-tm-01190005,1190005,Kaiden Moore,Kaiden Moore,K. Moore,K. Moore,,19,active,United States,Centre-Back,DEF,Philadelphia Union,MLS1,0,80,80,80,0,80,development,unsigned,,https://www.transfermarkt.com/kaiden-moore/profil/spieler/1190005
tbg-tm-01284488,1284488,Kaka Scabin,Cauã Scabin,Kaka Scabin,Kaka Scabin,,19,active,United States; Brazil,Centre-Back,DEF,FC Dallas,MLS1,0,80,80,80,0,80,development,unsigned,,https://www.transfermarkt.com/kaka-scabin/profil/spieler/1284488
tbg-tm-01076505,1076505,Koby Mottoh,Kendra Koby Reuben Chidiyelum Mottoh,Koby Mottoh,Koby Mottoh,,19,active,England; Nigeria,Right-Back,DEF,Moreirense FC,PO1,0,80,80,80,0,80,development,unsigned,,https://www.transfermarkt.com/koby-mottoh/profil/spieler/1076505
tbg-tm-00940858,940858,Leo Shahar,Leo Shahar,Leo Shahar,Leo Shahar,,19,active,England; Israel,Right-Back,DEF,Newcastle United,GB1,0,80,80,80,0,80,development,unsigned,,https://www.transfermarkt.com/leo-shahar/profil/spieler/940858
tbg-tm-01167216,1167216,Louis Mezerette,Louis Mezerette,L. Mezerette,L. Mezerette,,19,active,France,Goalkeeper,GK,AJ Auxerre B,,0,80,80,80,0,80,development,unsigned,,https://www.transfermarkt.com/louis-mezerette/profil/spieler/1167216
tbg-tm-01162413,1162413,Luca Vozar,Luca Franjo Vozar,Luca Vozar,Luca Vozar,,19,active,Germany,Defensive Midfield,DEF,FC Schalke 04,L1,0,80,80,80,0,80,development,unsigned,,https://www.transfermarkt.com/luca-vozar/profil/spieler/1162413
tbg-tm-01221747,1221747,Luis Osorio Messias de Oliveira,Luis Osorio,Luis Osorio,Luis Osorio,Luis Osorio,19,active,Brazil,Centre-Back,DEF,São Paulo Futebol Clube,BRA1,0,80,80,80,0,80,development,unsigned,,https://www.transfermarkt.com/luis-osorio/profil/spieler/1221747
tbg-tm-01531804,1531804,Maël Fernandez Monyebe,Maël Fernandez Monyebe,M. Fernandez Monyebe,M. Fernandez Monyebe,,19,active,Cameroon,Right Winger,ATT,Esperance Tunis,TUN1,0,80,80,80,0,80,development,unsigned,,https://www.transfermarkt.com/mael-fernandez-monyebe/profil/spieler/1531804
tbg-tm-01013474,1013474,Malachi Molina,Malachi Molina,M. Molina,M. Molina,,19,active,Jamaica; United States,Right-Back,DEF,Nashville SC,MLS1,0,80,80,80,0,80,development,unsigned,,https://www.transfermarkt.com/malachi-molina/profil/spieler/1013474
tbg-tm-01179902,1179902,Marin France,Marin Robert France,M. France,M. France,,19,active,Australia,Left Winger,ATT,Sydney FC,AUS1,0,80,80,80,0,80,development,unsigned,,https://www.transfermarkt.com/marin-france/profil/spieler/1179902
tbg-tm-01124296,1124296,Matheus Reis,Matheus dos Reis Francisco,M. Reis,M. Reis,,19,active,Mexico; Brazil,Left Winger,ATT,Fluminense Football Club,BRA1,0,80,80,80,0,80,development,unsigned,,https://www.transfermarkt.com/matheus-reis/profil/spieler/1124296
tbg-tm-01106668,1106668,Max Wilson,Max Wilson,Max Wilson,Max Wilson,,19,active,Northern Ireland; England,Centre-Forward,ATT,Preston North End,GB2,0,80,80,80,0,80,development,unsigned,,https://www.transfermarkt.com/max-wilson/profil/spieler/1106668
tbg-tm-01162925,1162925,Mekhi Gray,Mekhi Anthony Gray,Mekhi Gray,Mekhi Gray,,19,active,Jamaica; Germany,Centre-Forward,ATT,1.FC Union Berlin,L1,0,80,80,80,0,80,development,unsigned,,https://www.transfermarkt.com/mekhi-gray/profil/spieler/1162925
tbg-tm-01412007,1412007,Miguel Patricío,Miguel Almeida Patrício,M. Patricío,M. Patricío,,19,active,Portugal,Attacking Midfield,MID,Rio Ave FC,PO1,0,80,80,80,0,80,development,unsigned,,https://www.transfermarkt.com/miguel-patricio/profil/spieler/1412007
tbg-tm-01372355,1372355,Mohamed Malang Touré,Mohamed Malang Touré,M. Touré,M. Touré,,19,active,Senegal,Centre-Forward,ATT,Venezia FC,IT1,0,80,80,80,0,80,development,unsigned,,https://www.transfermarkt.com/mohamed-malang-toure/profil/spieler/1372355
tbg-tm-00991480,991480,Naba Mensah,Naba Mensah,Naba Mensah,Naba Mensah,,19,active,Germany; Ghana,Central Midfield,MID,Bayer 04 Leverkusen,L1,0,80,80,80,0,80,development,unsigned,,https://www.transfermarkt.com/naba-mensah/profil/spieler/991480
tbg-tm-01175606,1175606,Nevzat Üzel,Nevzat Tan Üzel,Nevzat Üzel,Nevzat Üzel,,19,active,Türkiye,Goalkeeper,GK,Göztepe,TR1,0,80,80,80,0,80,development,unsigned,,https://www.transfermarkt.com/nevzat-uezel/profil/spieler/1175606
tbg-tm-01387007,1387007,Nicolas Bosshardt,Nicolas,Nicolas,Nicolas,Nicolas,19,active,Brazil; Switzerland,Left-Back,DEF,São Paulo Futebol Clube,BRA1,0,80,80,80,0,80,development,unsigned,,https://www.transfermarkt.com/nicolas/profil/spieler/1387007
tbg-tm-01227404,1227404,Noach Shenkman,Noach Shenkman,N. Shenkman,N. Shenkman,,19,active,Netherlands,Defensive Midfield,DEF,SC Telstar,NL1,0,80,80,80,0,80,development,unsigned,,https://www.transfermarkt.com/noach-shenkman/profil/spieler/1227404
tbg-tm-01165890,1165890,Noah Sy,Noah Abdoulaye Sy,Noah Sy,Noah Sy,,19,active,Belgium,Centre-Back,DEF,Standard Liège,BE1,0,80,80,80,0,80,development,unsigned,,https://www.transfermarkt.com/noah-sy/profil/spieler/1165890
tbg-tm-01228465,1228465,Noé Poillion,Noé Poillion,N. Poillion,N. Poillion,,19,active,France,Goalkeeper,GK,Stade Brestois 29,FR1,0,80,80,80,0,80,development,unsigned,,https://www.transfermarkt.com/noe-poillion/profil/spieler/1228465
tbg-tm-01304052,1304052,Ömer Çobanoğlu,Ömer Çobanoğlu,Ö. Çobanoğlu,Ö. Çobanoğlu,,19,active,Türkiye,Defensive Midfield,DEF,Konyaspor,TR1,0,80,80,80,0,80,development,unsigned,,https://www.transfermarkt.com/oemer-cobanoglu/profil/spieler/1304052
tbg-tm-01059483,1059483,Oscar Buur,Oscar Gadeberg Buur,Oscar Buur,Oscar Buur,,19,active,Denmark,Goalkeeper,GK,FC Copenhagen,DK1,0,80,80,80,0,80,development,unsigned,,https://www.transfermarkt.com/oscar-buur/profil/spieler/1059483
tbg-tm-01007389,1007389,Owen Anderson,Owen Anderson,O. Anderson,O. Anderson,,19,active,United States,Attacking Midfield,MID,Real Salt Lake City,MLS1,0,80,80,80,0,80,development,unsigned,,https://www.transfermarkt.com/owen-anderson/profil/spieler/1007389
tbg-tm-01177020,1177020,Ozan Sevim,Ozan Sevim,Ozan Sevim,Ozan Sevim,,19,active,Türkiye,Left Winger,ATT,Besiktas JK,TR1,0,80,80,80,0,80,development,unsigned,,https://www.transfermarkt.com/ozan-sevim/profil/spieler/1177020
tbg-tm-01362701,1362701,Pedro Henrique Ferreira da Silva,Pedro Ferreira,Pedro Ferreira,Pedro Ferreira,Pedro Ferreira,19,active,Brazil,Attacking Midfield,MID,São Paulo Futebol Clube,BRA1,0,80,80,80,0,80,development,unsigned,,https://www.transfermarkt.com/pedro-ferreira/profil/spieler/1362701
tbg-tm-01005585,1005585,Pedro Paulo Manoel Fermino,Pepê Fermino,Pepê Fermino,Pepê Fermino,Pepê Fermino,19,active,Brazil,Attacking Midfield,MID,Santos FC,BRA1,0,80,80,80,0,80,development,unsigned,,https://www.transfermarkt.com/pepe-fermino/profil/spieler/1005585
tbg-tm-01064187,1064187,Rik Suur,Rik Suur,Rik Suur,Rik Suur,,19,active,Netherlands,Goalkeeper,GK,Sparta Rotterdam,NL1,0,80,80,80,0,80,development,unsigned,,https://www.transfermarkt.com/rik-suur/profil/spieler/1064187
tbg-tm-01007386,1007386,Rohan Rajagopal,Rohan Rajagopal,R. Rajagopal,R. Rajagopal,,19,active,United States; England,Defensive Midfield,DEF,San Jose Earthquakes,MLS1,0,80,80,80,0,80,development,unsigned,,https://www.transfermarkt.com/rohan-rajagopal/profil/spieler/1007386
tbg-tm-01453001,1453001,Rune Verheyden,Rune Verheyden,R. Verheyden,R. Verheyden,,19,active,Belgium,Left-Back,DEF,Sint-Truidense VV,BE1,0,80,80,80,0,80,development,unsigned,,https://www.transfermarkt.com/rune-verheyden/profil/spieler/1453001
tbg-tm-01271391,1271391,Santiago Pita,Santiago Pita,S. Pita,S. Pita,,19,active,Venezuela; United States,Attacking Midfield,MID,Atlanta United FC,MLS1,0,80,80,80,0,80,development,unsigned,,https://www.transfermarkt.com/santiago-pita/profil/spieler/1271391
tbg-tm-01293133,1293133,Santiago Serra,Santiago Ferreira e Serra,S. Serra,S. Serra,,19,active,Portugal,Defensive Midfield,DEF,CF Estrela Amadora,PO1,0,80,80,80,0,80,development,unsigned,,https://www.transfermarkt.com/santiago-serra/profil/spieler/1293133
tbg-tm-01179829,1179829,Sebastian Murru,Sebastian Murru,S. Murru,S. Murru,,19,active,Belgium,Central Midfield,MID,Oud-Heverlee Leuven,BE1,0,80,80,80,0,80,development,unsigned,,https://www.transfermarkt.com/sebastian-murru/profil/spieler/1179829
tbg-tm-01134716,1134716,Seong-bin Jung,정성빈,S. Jung,S. Jung,,19,active,"Korea, South",Centre-Back,DEF,Ulsan HD FC,RSK1,0,80,80,80,0,80,development,unsigned,,https://www.transfermarkt.com/seong-bin-jung/profil/spieler/1134716
tbg-tm-01423296,1423296,Talha Polat,Talha Polat,Talha Polat,Talha Polat,,19,active,Türkiye,Goalkeeper,GK,Kocaelispor,TR1,0,80,80,80,0,80,development,unsigned,,https://www.transfermarkt.com/talha-polat/profil/spieler/1423296
tbg-tm-01088577,1088577,Theo Carroll,Theo Carroll,T. Carroll,T. Carroll,,19,active,England,Attacking Midfield,MID,Preston North End,GB2,0,80,80,80,0,80,development,unsigned,,https://www.transfermarkt.com/theo-carroll/profil/spieler/1088577
tbg-tm-01439393,1439393,Tibe S'Jongers,Tibe S'Jongers,T. S'Jongers,T. S'Jongers,,19,active,Belgium,Midfielder,MID,SK Beveren,BE1,0,80,80,80,0,80,development,unsigned,,https://www.transfermarkt.com/tibe-s-jongers/profil/spieler/1439393
tbg-tm-01235502,1235502,Yassin Moslih,Yassin Moslih,Y. Moslih,Y. Moslih,,19,active,Netherlands; Morocco,Centre-Back,DEF,NEC Nijmegen,NL1,0,80,80,80,0,80,development,unsigned,,https://www.transfermarkt.com/yassin-moslih/profil/spieler/1235502
tbg-tm-01023983,1023983,Yugo Okawa,大川 佑梧,Yugo Okawa,Yugo Okawa,,19,active,Japan,Centre-Back,DEF,Kashima Antlers,JAP1,0,80,80,80,0,80,development,unsigned,,https://www.transfermarkt.com/yugo-okawa/profil/spieler/1023983
tbg-tm-00927353,927353,Johan Manzambi,Johan Manzambi,J. Manzambi,J. Manzambi,,20,active,Switzerland,Attacking Midfield,MID,,,65000000,90,90,90,0,89,top_tier,unsigned,,https://www.transfermarkt.com/johan-manzambi/profil/spieler/927353
tbg-tm-00816585,816585,Can Uzun,Can Yılmaz Uzun,Can Uzun,Can Uzun,,20,active,Türkiye; Germany,Attacking Midfield,MID,Eintracht Frankfurt,L1,45000000,89,89,89,0,89,top_tier,unsigned,,https://www.transfermarkt.com/can-uzun/profil/spieler/816585
tbg-tm-00924117,924117,Finn Jeltsch,Finn Jeltsch,F. Jeltsch,F. Jeltsch,,20,active,Germany,Centre-Back,DEF,VfB Stuttgart,L1,35000000,88,88,88,0,88,first_team,unsigned,,https://www.transfermarkt.com/finn-jeltsch/profil/spieler/924117
tbg-tm-01061282,1061282,Assane Diao,Assane Diao Diaoune,Assane Diao,Assane Diao,,20,active,Senegal; Spain,Left Winger,ATT,Como 1907,IT1,30000000,87,87,87,0,87,first_team,unsigned,,https://www.transfermarkt.com/assane-diao/profil/spieler/1061282
tbg-tm-01190411,1190411,Jesús Rodríguez,Jesús Rodríguez Caraballo,J. Rodríguez,J. Rodríguez,,20,active,Spain,Left Winger,ATT,Como 1907,IT1,30000000,87,87,87,0,87,first_team,unsigned,,https://www.transfermarkt.com/jesus-rodriguez/profil/spieler/1190411
tbg-tm-00859035,859035,Kees Smit,Kees Smit,Kees Smit,Kees Smit,,20,active,Netherlands,Central Midfield,MID,AZ Alkmaar,NL1,25000000,87,87,87,0,87,first_team,unsigned,,https://www.transfermarkt.com/kees-smit/profil/spieler/859035
tbg-tm-01130514,1130514,Samir El Mourabet,سمير المرابط,S. El Mourabet,S. El Mourabet,,20,active,Morocco; France,Central Midfield,MID,RC Strasbourg Alsace,FR1,22000000,87,87,87,0,87,first_team,unsigned,,https://www.transfermarkt.com/samir-el-mourabet/profil/spieler/1130514
tbg-tm-00747720,747720,Jayden Addai,Jayden Osei Addai,J. Addai,J. Addai,,20,active,Netherlands; Ghana,Right Winger,ATT,Como 1907,IT1,20000000,86,86,86,0,86,senior_squad,unsigned,,https://www.transfermarkt.com/jayden-addai/profil/spieler/747720
tbg-tm-01240763,1240763,Caleb Yirenkyi,Caleb Marfo Yirenkyi,C. Yirenkyi,C. Yirenkyi,,20,active,Ghana,Central Midfield,MID,Coventry City,GB1,18000000,86,86,86,0,86,senior_squad,unsigned,,https://www.transfermarkt.com/caleb-yirenkyi/profil/spieler/1240763
tbg-tm-01191444,1191444,Dayann Méthalie,Dayann Méthalie,D. Méthalie,D. Méthalie,,20,active,France; Martinique,Left-Back,DEF,FC Toulouse,FR1,18000000,86,86,86,0,86,senior_squad,unsigned,,https://www.transfermarkt.com/dayann-methalie/profil/spieler/1191444
tbg-tm-00926978,926978,Lucas Høgsberg,Lucas Høgsberg,L. Høgsberg,L. Høgsberg,,20,active,Denmark,Centre-Back,DEF,RC Strasbourg Alsace,FR1,18000000,86,86,86,0,86,senior_squad,unsigned,,https://www.transfermarkt.com/lucas-hoegsberg/profil/spieler/926978
tbg-tm-00991487,991487,Abdoul Ouattara,Abdoul Guemissongui Ouattara,A. Ouattara,A. Ouattara,,20,active,Cote d'Ivoire; France,Right-Back,DEF,Ipswich Town,GB1,15000000,86,86,86,0,86,senior_squad,unsigned,,https://www.transfermarkt.com/abdoul-ouattara/profil/spieler/991487
tbg-tm-00863759,863759,Bruno Ogbus,Bruno Ifechukwu Ogbus,Bruno Ogbus,Bruno Ogbus,,20,active,Switzerland; Nigeria,Centre-Back,DEF,SC Freiburg,L1,15000000,86,86,86,0,86,senior_squad,unsigned,,https://www.transfermarkt.com/bruno-ogbus/profil/spieler/863759
tbg-tm-00923504,923504,Sindre Walle Egeli,Sindre Walle Egeli,S. Egeli,S. Egeli,,20,active,Norway,Right Winger,ATT,Ipswich Town,GB1,15000000,86,86,86,0,86,senior_squad,unsigned,,https://www.transfermarkt.com/sindre-walle-egeli/profil/spieler/923504
tbg-tm-01301775,1301775,Jan Virgili,Jan Virgili Tenas,Jan Virgili,Jan Virgili,,20,active,Spain,Left Winger,ATT,Club Brugge KV,BE1,15000000,85,85,85,0,85,senior_squad,unsigned,,https://www.transfermarkt.com/jan-virgili/profil/spieler/1301775
tbg-tm-01151929,1151929,Gessime Yassine,"Gessime Ben Youssef Mustapha Yassine, جاسم ياسين",G. Yassine,G. Yassine,,20,active,Morocco; France,Right Winger,ATT,RC Strasbourg Alsace,FR1,12000000,85,85,85,0,85,senior_squad,unsigned,,https://www.transfermarkt.com/gessime-yassine/profil/spieler/1151929
tbg-tm-00983677,983677,Mats Rots,Mats Rots,Mats Rots,Mats Rots,,20,active,Netherlands,Left-Back,DEF,TSG 1899 Hoffenheim,L1,12000000,85,85,85,0,85,senior_squad,unsigned,,https://www.transfermarkt.com/mats-rots/profil/spieler/983677
tbg-tm-01047136,1047136,Cajetan Lenz,Cajetan Benjamin Lenz,C. Lenz,C. Lenz,,20,active,Germany; Switzerland,Defensive Midfield,DEF,TSG 1899 Hoffenheim,L1,10000000,85,85,85,0,85,senior_squad,unsigned,,https://www.transfermarkt.com/cajetan-lenz/profil/spieler/1047136
tbg-tm-00800946,800946,Dennis Seimen,Dennis Seimen,D. Seimen,D. Seimen,,20,active,Germany; Romania,Goalkeeper,GK,VfB Stuttgart,L1,10000000,85,85,85,0,85,senior_squad,unsigned,,https://www.transfermarkt.com/dennis-seimen/profil/spieler/800946
tbg-tm-00923535,923535,Jens Hjertø-Dahl,Jens Hjertø-Dahl,J. Hjertø-Dahl,J. Hjertø-Dahl,,20,active,Norway,Central Midfield,MID,Hull City,GB1,10000000,85,85,85,0,85,senior_squad,unsigned,,https://www.transfermarkt.com/jens-hjertoe-dahl/profil/spieler/923535
tbg-tm-01119456,1119456,Louis Leroux,Louis Leroux,L. Leroux,L. Leroux,,20,active,France,Attacking Midfield,MID,FC Nantes,FR2,10000000,85,85,85,0,85,senior_squad,unsigned,,https://www.transfermarkt.com/louis-leroux/profil/spieler/1119456
tbg-tm-00956920,956920,Nestory Irankunda,Nestory Irankunda,N. Irankunda,N. Irankunda,,20,active,Australia; Tanzania,Right Midfield,MID,Sporting CP,PO1,10000000,85,85,85,0,85,senior_squad,unsigned,,https://www.transfermarkt.com/nestory-irankunda/profil/spieler/956920
tbg-tm-00955281,955281,Nhoa Sangui,Nhoa Ryan Sangui,Nhoa Sangui,Nhoa Sangui,,20,active,France; Congo,Left-Back,DEF,Paris FC,FR1,10000000,85,85,85,0,85,senior_squad,unsigned,,https://www.transfermarkt.com/nhoa-sangui/profil/spieler/955281
tbg-tm-00942497,942497,Jahmai Simpson-Pusey,Jahmai Simpson-Pusey,J. Simpson-Pusey,J. Simpson-Pusey,,20,active,England,Centre-Back,DEF,1.FC Köln,L1,9000000,85,85,85,0,85,senior_squad,unsigned,,https://www.transfermarkt.com/jahmai-simpson-pusey/profil/spieler/942497
tbg-tm-01010854,1010854,Mathis Amougou,Mathis Amougou,M. Amougou,M. Amougou,,20,active,France; Cameroon,Central Midfield,MID,RC Strasbourg Alsace,FR1,9000000,85,85,85,0,85,senior_squad,unsigned,,https://www.transfermarkt.com/mathis-amougou/profil/spieler/1010854
tbg-tm-00937729,937729,Diogo Sousa,Diogo Lobão de Sousa,Diogo Sousa,Diogo Sousa,,20,active,Portugal,Defensive Midfield,DEF,RC Strasbourg Alsace,FR1,8000000,84,84,84,0,84,senior_squad,unsigned,,https://www.transfermarkt.com/diogo-sousa/profil/spieler/937729
tbg-tm-00960571,960571,Jones El-Abdellaoui,يونس عبد اللاوي,J. El-Abdellaoui,J. El-Abdellaoui,,20,active,Morocco; Norway,Right Winger,ATT,Celta de Vigo,ES1,8000000,84,84,84,0,84,senior_squad,unsigned,,https://www.transfermarkt.com/jones-el-abdellaoui/profil/spieler/960571
tbg-tm-01378320,1378320,Mbekezeli Mbokazi,Mbekezeli Mfanufikile Mbokazi,M. Mbokazi,M. Mbokazi,,20,active,South Africa,Centre-Back,DEF,Chicago Fire FC,MLS1,8000000,84,84,84,0,84,senior_squad,unsigned,,https://www.transfermarkt.com/mbekezeli-mbokazi/profil/spieler/1378320
tbg-tm-01081219,1081219,Othmane Maamma,عثمان ماعمة,O. Maamma,O. Maamma,,20,active,Morocco; France,Right Winger,ATT,Watford FC,GB2,8000000,84,84,84,0,84,senior_squad,unsigned,,https://www.transfermarkt.com/othmane-maamma/profil/spieler/1081219
tbg-tm-00933900,933900,Samuel Amo-Ameyaw,Samuel Christian Osaze Amo-Ameyaw,S. Amo-Ameyaw,S. Amo-Ameyaw,,20,active,England; Ghana,Right Winger,ATT,RC Strasbourg Alsace,FR1,8000000,84,84,84,0,84,senior_squad,unsigned,,https://www.transfermarkt.com/samuel-amo-ameyaw/profil/spieler/933900
tbg-tm-00944289,944289,Vanja Dragojevic,Вања Драгојевић,V. Dragojevic,V. Dragojevic,,20,active,Serbia,Defensive Midfield,DEF,Rangers FC,SC1,8000000,84,84,84,0,84,senior_squad,unsigned,,https://www.transfermarkt.com/vanja-dragojevic/profil/spieler/944289
tbg-tm-01186235,1186235,Jorge Cestero,Jorge Cestero Sancho,J. Cestero,J. Cestero,,20,active,Spain,Central Midfield,MID,Real Madrid Castilla,E3G2,7500000,84,84,84,0,84,senior_squad,unsigned,,https://www.transfermarkt.com/jorge-cestero/profil/spieler/1186235
tbg-tm-00955253,955253,Bastien Meupiyou,Ndemeni Bastien Chefren Meupiyou Menadjou,B. Meupiyou,B. Meupiyou,,20,active,France; Cameroon,Centre-Back,DEF,FC Alverca,PO1,7000000,84,84,84,0,84,senior_squad,unsigned,,https://www.transfermarkt.com/bastien-meupiyou/profil/spieler/955253
tbg-tm-00923595,923595,Max Moerstedt,Max Moerstedt,M. Moerstedt,M. Moerstedt,,20,active,Germany,Centre-Forward,ATT,TSG 1899 Hoffenheim,L1,7000000,84,84,84,0,84,senior_squad,unsigned,,https://www.transfermarkt.com/max-moerstedt/profil/spieler/923595
tbg-tm-00800925,800925,Oscar Schwartau,Oscar Schwartau,O. Schwartau,O. Schwartau,,20,active,Denmark,Attacking Midfield,MID,Norwich City,GB2,7000000,84,84,84,0,84,senior_squad,unsigned,,https://www.transfermarkt.com/oscar-schwartau/profil/spieler/800925
tbg-tm-00957241,957241,Elijah Dijkstra,Elijah Raphaël Dijkstra,E. Dijkstra,E. Dijkstra,,20,active,Netherlands; Curacao,Right-Back,DEF,AZ Alkmaar,NL1,6000000,84,84,84,0,84,senior_squad,unsigned,,https://www.transfermarkt.com/elijah-dijkstra/profil/spieler/957241
tbg-tm-01146988,1146988,Keita Kosugi,小杉 啓太,K. Kosugi,K. Kosugi,,20,active,Japan,Left-Back,DEF,Eintracht Frankfurt,L1,5000000,84,84,84,0,84,senior_squad,unsigned,,https://www.transfermarkt.com/keita-kosugi/profil/spieler/1146988
tbg-tm-00928592,928592,Marvin Young,Marvin Young,M. Young,M. Young,,20,active,Netherlands; Suriname,Centre-Back,DEF,Sparta Rotterdam,NL1,5000000,84,84,84,0,84,senior_squad,unsigned,,https://www.transfermarkt.com/marvin-young/profil/spieler/928592
tbg-tm-01061820,1061820,Lorenzo Venturino,Lorenzo Venturino,L. Venturino,L. Venturino,,20,active,Italy,Right Winger,ATT,Genoa CFC,IT1,5000000,83,83,83,0,83,development,unsigned,,https://www.transfermarkt.com/lorenzo-venturino/profil/spieler/1061820
tbg-tm-00921995,921995,Luc De Fougerolles,Luc Rollet De Fougerolles,L. De Fougerolles,L. De Fougerolles,,20,active,Canada; England,Centre-Back,DEF,Fulham FC,GB1,5000000,83,83,83,0,83,development,unsigned,,https://www.transfermarkt.com/luc-de-fougerolles/profil/spieler/921995
tbg-tm-00927905,927905,Matteo Cichella,Matteo Cichella,M. Cichella,M. Cichella,,20,active,Italy,Defensive Midfield,DEF,Frosinone Calcio,IT1,5000000,83,83,83,0,83,development,unsigned,,https://www.transfermarkt.com/matteo-cichella/profil/spieler/927905
tbg-tm-00955448,955448,Tidiam Gomis,Tidiam Diadie Stephan Gomis,T. Gomis,T. Gomis,,20,active,France; Senegal,Left Winger,ATT,RB Leipzig,L1,5000000,83,83,83,0,83,development,unsigned,,https://www.transfermarkt.com/tidiam-gomis/profil/spieler/955448
tbg-tm-00876400,876400,Simone Pafundi,Simone Pafundi,S. Pafundi,S. Pafundi,,20,active,Italy,Attacking Midfield,MID,Udinese Calcio,IT1,4500000,84,84,84,0,84,senior_squad,unsigned,,https://www.transfermarkt.com/simone-pafundi/profil/spieler/876400
tbg-tm-00744857,744857,Elias Baum,Elias Niklas Baum,Elias Baum,Elias Baum,,20,active,Germany,Right-Back,DEF,Eintracht Frankfurt,L1,4000000,83,83,83,0,83,development,unsigned,,https://www.transfermarkt.com/elias-baum/profil/spieler/744857
tbg-tm-01285174,1285174,Hyllarion Goore,Bi Christ Hyllarion Goore,H. Goore,H. Goore,,20,active,Cote d'Ivoire,Centre-Forward,ATT,KAA Gent,BE1,4000000,83,83,83,0,83,development,unsigned,,https://www.transfermarkt.com/hyllarion-goore/profil/spieler/1285174
tbg-tm-01089955,1089955,João Pedro Chermont Crema,JP Chermont,JP Chermont,JP Chermont,JP Chermont,20,active,Brazil,Right-Back,DEF,Coritiba Foot Ball Club,BRA1,4000000,83,83,83,0,83,development,unsigned,,https://www.transfermarkt.com/jp-chermont/profil/spieler/1089955
tbg-tm-00856274,856274,Jonathan Asp Jensen,Jonathan Asp Jensen,J. Jensen,J. Jensen,,20,active,Denmark,Attacking Midfield,MID,Deportivo A Coruña,ES1,4000000,83,83,83,0,83,development,unsigned,,https://www.transfermarkt.com/jonathan-asp-jensen/profil/spieler/856274
tbg-tm-01101539,1101539,Mamadou Doumbia,Mamadou Doumbia,M. Doumbia,M. Doumbia,,20,active,Mali,Centre-Forward,ATT,Watford FC,GB2,4000000,83,83,83,0,83,development,unsigned,,https://www.transfermarkt.com/mamadou-doumbia/profil/spieler/1101539
tbg-tm-00997827,997827,Thiago Helguera,Thiago Emanuel Helguera Merello,T. Helguera,T. Helguera,,20,active,Uruguay,Defensive Midfield,DEF,SC Braga,PO1,4000000,83,83,83,0,83,development,unsigned,,https://www.transfermarkt.com/thiago-helguera/profil/spieler/997827
tbg-tm-01309324,1309324,Uchenna Ogundu,Uchenna Ogundu,U. Ogundu,U. Ogundu,,20,active,Nigeria,Centre-Forward,ATT,FC Augsburg,L1,4000000,83,83,83,0,83,development,unsigned,,https://www.transfermarkt.com/uchenna-ogundu/profil/spieler/1309324
tbg-tm-00741289,741289,Youssef Enríquez,"Youssef Enríquez Lekhedim, يوسف انريكيز الخديم",Y. Enríquez,Y. Enríquez,,20,active,Morocco; Spain,Left-Back,DEF,Deportivo Alavés,ES1,4000000,83,83,83,0,83,development,unsigned,,https://www.transfermarkt.com/youssef-enriquez/profil/spieler/741289
tbg-tm-01309585,1309585,Ezekiel Alladoh,Ezekiel Alladoh,E. Alladoh,E. Alladoh,,20,active,Ghana,Centre-Forward,ATT,Philadelphia Union,MLS1,3500000,83,83,83,0,83,development,unsigned,,https://www.transfermarkt.com/ezekiel-alladoh/profil/spieler/1309585
tbg-tm-01134304,1134304,Joseph Liteta,Joseph Liteta,J. Liteta,J. Liteta,,20,active,Zambia,Central Midfield,MID,Cagliari Calcio,IT1,3500000,83,83,83,0,83,development,unsigned,,https://www.transfermarkt.com/joseph-liteta/profil/spieler/1134304
tbg-tm-00997474,997474,Josué Kongolo,Josué Ndenge Kongolo,J. Kongolo,J. Kongolo,,20,active,Belgium; DR Congo,Centre-Back,DEF,KRC Genk,BE1,3500000,83,83,83,0,83,development,unsigned,,https://www.transfermarkt.com/josue-kongolo/profil/spieler/997474
tbg-tm-01118347,1118347,Juan Arizala,Juan David Arizala Micolta,J. Arizala,J. Arizala,,20,active,Colombia,Left Midfield,MID,Udinese Calcio,IT1,3500000,83,83,83,0,83,development,unsigned,,https://www.transfermarkt.com/juan-arizala/profil/spieler/1118347
tbg-tm-01086377,1086377,Kaick da Silva Ferreira,Kaick,Kaick,Kaick,Kaick,20,active,Brazil,Defensive Midfield,DEF,FC Dallas,MLS1,3500000,83,83,83,0,83,development,unsigned,,https://www.transfermarkt.com/kaick/profil/spieler/1086377
tbg-tm-00845872,845872,Milos Lukovic,Милош Луковић,M. Lukovic,M. Lukovic,,20,active,Serbia,Centre-Forward,ATT,RC Strasbourg Alsace,FR1,3500000,83,83,83,0,83,development,unsigned,,https://www.transfermarkt.com/milos-lukovic/profil/spieler/845872
tbg-tm-01078350,1078350,Ayoub Oufkir,Ayoub Oufkir,A. Oufkir,A. Oufkir,,20,active,Netherlands; Morocco,Right Winger,ATT,AZ Alkmaar,NL1,3000000,83,83,83,0,83,development,unsigned,,https://www.transfermarkt.com/ayoub-oufkir/profil/spieler/1078350
tbg-tm-00725816,725816,Bernt Klaverboer,Bernt Klaverboer,B. Klaverboer,B. Klaverboer,,20,active,Netherlands,Goalkeeper,GK,SC Heerenveen,NL1,3000000,83,83,83,0,83,development,unsigned,,https://www.transfermarkt.com/bernt-klaverboer/profil/spieler/725816
tbg-tm-00897402,897402,Farid Alfa-Ruprecht,Farid Alfa-Ruprecht,F. Alfa-Ruprecht,F. Alfa-Ruprecht,,20,active,Germany; Ghana,Right Winger,ATT,Bayer 04 Leverkusen,L1,3000000,83,83,83,0,83,development,unsigned,,https://www.transfermarkt.com/farid-alfa-ruprecht/profil/spieler/897402
tbg-tm-01082915,1082915,Gennadiy Synchuk,Синчук Геннадій Геннадійович,G. Synchuk,G. Synchuk,,20,active,Ukraine,Right Winger,ATT,CF Montréal,MLS1,3000000,83,83,83,0,83,development,unsigned,,https://www.transfermarkt.com/gennadiy-synchuk/profil/spieler/1082915
tbg-tm-00983702,983702,Jacob Wright,Jacob Anthony Wright,J. Wright,J. Wright,,20,active,England,Defensive Midfield,DEF,Norwich City,GB2,3000000,83,83,83,0,83,development,unsigned,,https://www.transfermarkt.com/jacob-wright/profil/spieler/983702
tbg-tm-01004737,1004737,João Henrique Mendes da Silva,Esquerdinha,Esquerdinha,Esquerdinha,Esquerdinha,20,active,Brazil,Left-Back,DEF,Queens Park Rangers,GB2,3000000,83,83,83,0,83,development,unsigned,,https://www.transfermarkt.com/esquerdinha/profil/spieler/1004737
tbg-tm-00921829,921829,Joel Ndala,Joel Tshisanga Ndala,Joel Ndala,Joel Ndala,,20,active,England; DR Congo,Left Winger,ATT,Cercle Brugge ,BE1,3000000,83,83,83,0,83,development,unsigned,,https://www.transfermarkt.com/joel-ndala/profil/spieler/921829
tbg-tm-01178695,1178695,Kenny Quetant,Kenny Quetant,K. Quetant,K. Quetant,,20,active,France; Haiti,Centre-Forward,ATT,SV Werder Bremen,L1,3000000,83,83,83,0,83,development,unsigned,,https://www.transfermarkt.com/kenny-quetant/profil/spieler/1178695
tbg-tm-01004327,1004327,Min-hyeok Yang,양민혁,M. Yang,M. Yang,,20,active,"Korea, South",Right Winger,ATT,KVC Westerlo,BE1,3000000,83,83,83,0,83,development,unsigned,,https://www.transfermarkt.com/min-hyeok-yang/profil/spieler/1004327
tbg-tm-01019173,1019173,Tibe De Vlieger,Tibe De Vlieger,T. De Vlieger,T. De Vlieger,,20,active,Belgium,Central Midfield,MID,KAA Gent,BE1,3000000,83,83,83,0,83,development,unsigned,,https://www.transfermarkt.com/tibe-de-vlieger/profil/spieler/1019173
tbg-tm-00723826,723826,Andrei Borza,Sebastian Andrei Borza,A. Borza,A. Borza,,20,active,Romania,Left-Back,DEF,Corum FK,TR1,2500000,83,83,83,0,83,development,unsigned,,https://www.transfermarkt.com/andrei-borza/profil/spieler/723826
tbg-tm-00938154,938154,Brian Fariñas,Brian Fariñas Pérez,B. Fariñas,B. Fariñas,,20,active,Spain,Central Midfield,MID,FC Barcelona,ES1,2500000,83,83,83,0,83,development,unsigned,,https://www.transfermarkt.com/brian-farinas/profil/spieler/938154
tbg-tm-00957822,957822,Eddy Kouadio,Eddy Nda Konan Kouadio,E. Kouadio,E. Kouadio,,20,active,Italy; Cote d'Ivoire,Centre-Back,DEF,AC Monza,IT1,2500000,83,83,83,0,83,development,unsigned,,https://www.transfermarkt.com/eddy-kouadio/profil/spieler/957822
tbg-tm-01004723,1004723,Fellipe Jack,Fellipe Jack Ozilio Moreira Pacheco,F. Jack,F. Jack,,20,active,Italy; Brazil,Centre-Back,DEF,Como 1907,IT1,2500000,83,83,83,0,83,development,unsigned,,https://www.transfermarkt.com/fellipe-jack/profil/spieler/1004723
tbg-tm-01087334,1087334,Jordan Barrera,Jordan Andrés Barrera Herrera,J. Barrera,J. Barrera,,20,active,Colombia,Attacking Midfield,MID,Botafogo de Futebol e Regatas,BRA1,2500000,83,83,83,0,83,development,unsigned,,https://www.transfermarkt.com/jordan-barrera/profil/spieler/1087334
tbg-tm-01137865,1137865,Luca Bombino,Luca Dylan Bombino,L. Bombino,L. Bombino,,20,active,United States; Italy,Left-Back,DEF,San Diego FC,MLS1,2500000,83,83,83,0,83,development,unsigned,,https://www.transfermarkt.com/luca-bombino/profil/spieler/1137865
tbg-tm-01183575,1183575,Pape Diong,Pape Daouda Diong,Pape Diong,Pape Diong,,20,active,Senegal,Defensive Midfield,DEF,RC Strasbourg Alsace,FR1,2500000,83,83,83,0,83,development,unsigned,,https://www.transfermarkt.com/pape-diong/profil/spieler/1183575
tbg-tm-01093277,1093277,Taha Habroune,طه حبرون,T. Habroune,T. Habroune,,20,active,United States; Morocco,Central Midfield,MID,Columbus Crew,MLS1,2500000,83,83,83,0,83,development,unsigned,,https://www.transfermarkt.com/taha-habroune/profil/spieler/1093277
tbg-tm-00816974,816974,Tygo Land,Tygo Land,Tygo Land,Tygo Land,,20,active,Netherlands,Central Midfield,MID,FC Groningen,NL1,2500000,83,83,83,0,83,development,unsigned,,https://www.transfermarkt.com/tygo-land/profil/spieler/816974
tbg-tm-00930998,930998,Yannick Eduardo,Yannick Ferreira Eduardo,Y. Eduardo,Y. Eduardo,,20,active,Czech Republic; Netherlands,Centre-Forward,ATT,TSG 1899 Hoffenheim,L1,2500000,83,83,83,0,83,development,unsigned,,https://www.transfermarkt.com/yannick-eduardo/profil/spieler/930998
tbg-tm-00986299,986299,Yvann Titi,Yvann Titi,Yvann Titi,Yvann Titi,,20,active,France; Angola,Right-Back,DEF,ESTAC Troyes,FR1,2500000,83,83,83,0,83,development,unsigned,,https://www.transfermarkt.com/yvann-titi/profil/spieler/986299
tbg-tm-00866250,866250,Seydou Fini,Seydou Fini,Seydou Fini,Seydou Fini,,20,active,Italy; Cote d'Ivoire,Right Winger,ATT,Frosinone Calcio,IT1,2500000,82,82,82,0,82,development,unsigned,,https://www.transfermarkt.com/seydou-fini/profil/spieler/866250
tbg-tm-01104206,1104206,Agustín Albarracín,Agustín Albarracín Basil,A. Albarracín,A. Albarracín,,20,active,Uruguay; Italy,Left Winger,ATT,Cagliari Calcio,IT1,2300000,83,83,83,0,83,development,unsigned,,https://www.transfermarkt.com/agustin-albarracin/profil/spieler/1104206
tbg-tm-00911224,911224,Alessandro Romano,Alessandro Gianni Romano,A. Romano,A. Romano,,20,active,Switzerland; Italy,Defensive Midfield,DEF,Cagliari Calcio,IT1,2000000,83,83,83,0,83,development,unsigned,,https://www.transfermarkt.com/alessandro-romano/profil/spieler/911224
tbg-tm-01078436,1078436,Izan Merino,Izan Merino Rodríguez,Izan Merino,Izan Merino,,20,active,Spain,Central Midfield,MID,Málaga CF,ES1,2000000,83,83,83,0,83,development,unsigned,,https://www.transfermarkt.com/izan-merino/profil/spieler/1078436
tbg-tm-01072724,1072724,John Mellberg,John Olof Mellberg,J. Mellberg,J. Mellberg,,20,active,Sweden,Centre-Back,DEF,Red Bull Salzburg,A1,2000000,83,83,83,0,83,development,unsigned,,https://www.transfermarkt.com/john-mellberg/profil/spieler/1072724
tbg-tm-00796303,796303,Leo Castledine,Leo Alexander Francis Castledine,L. Castledine,L. Castledine,,20,active,England,Attacking Midfield,MID,Middlesbrough FC,GB2,2000000,83,83,83,0,83,development,unsigned,,https://www.transfermarkt.com/leo-castledine/profil/spieler/796303
tbg-tm-01068110,1068110,Rabby Nzingoula,Rabby Nzingoula,R. Nzingoula,R. Nzingoula,,20,active,France; Congo,Defensive Midfield,DEF,RC Strasbourg Alsace,FR1,2000000,83,83,83,0,83,development,unsigned,,https://www.transfermarkt.com/rabby-nzingoula/profil/spieler/1068110
tbg-tm-01088712,1088712,Simon Eriksson,Simon Olof Eriksson,S. Eriksson,S. Eriksson,,20,active,Sweden,Goalkeeper,GK,Racing Santander,ES1,2000000,83,83,83,0,83,development,unsigned,,https://www.transfermarkt.com/simon-eriksson/profil/spieler/1088712
tbg-tm-01000675,1000675,Alejo Sarco,Alejo Uriel Sarco Castro,Alejo Sarco,Alejo Sarco,,20,active,Argentina; Italy,Centre-Forward,ATT,Bayer 04 Leverkusen,L1,2000000,82,82,82,0,82,development,unsigned,,https://www.transfermarkt.com/alejo-sarco/profil/spieler/1000675
tbg-tm-01016556,1016556,Ato Ampah,Ato Bondze Ampah,Ato Ampah,Ato Ampah,,20,active,England; Ghana,Right Winger,ATT,Stoke City,GB2,2000000,82,82,82,0,82,development,unsigned,,https://www.transfermarkt.com/ato-ampah/profil/spieler/1016556
tbg-tm-01042472,1042472,Salim Musah,Salim Amani Musah,Salim Musah,Salim Musah,,20,active,Germany; Ghana,Centre-Forward,ATT,SV Werder Bremen,L1,2000000,82,82,82,0,82,development,unsigned,,https://www.transfermarkt.com/salim-musah/profil/spieler/1042472
tbg-tm-01179195,1179195,Sankhoun Diawara,Sankhoun Bocoum Diawara,S. Diawara,S. Diawara,,20,active,France; Senegal,Centre-Back,DEF,AC Milan,IT1,2000000,82,82,82,0,82,development,unsigned,,https://www.transfermarkt.com/sankhoun-diawara/profil/spieler/1179195
tbg-tm-01099924,1099924,Yael Trepy,Yael Fritz Junior Trepy,Yael Trepy,Yael Trepy,,20,active,France,Centre-Forward,ATT,Cagliari Calcio,IT1,2000000,82,82,82,0,82,development,unsigned,,https://www.transfermarkt.com/yael-trepy/profil/spieler/1099924
tbg-tm-00944331,944331,Youssoupha Niang,Youssoupha Niang,Y. Niang,Y. Niang,,20,active,Germany; Senegal,Right Winger,ATT,1.FC Köln,L1,2000000,82,82,82,0,82,development,unsigned,,https://www.transfermarkt.com/youssoupha-niang/profil/spieler/944331
tbg-tm-00987074,987074,Dylan Lawlor,Dylan Rhys Lawlor,D. Lawlor,D. Lawlor,,20,active,Wales; Ireland,Centre-Back,DEF,Cardiff City,GB2,1800000,83,83,83,0,83,development,unsigned,,https://www.transfermarkt.com/dylan-lawlor/profil/spieler/987074
tbg-tm-01119881,1119881,Enzo Koffi,Enzo Koffi Vinette,Enzo Koffi,Enzo Koffi,,20,active,France; Cote d'Ivoire,Left-Back,DEF,Le Havre AC,FR1,1800000,83,83,83,0,83,development,unsigned,,https://www.transfermarkt.com/enzo-koffi/profil/spieler/1119881
tbg-tm-01293796,1293796,Farouck Adekami,Muhammed Farouck Adekami,F. Adekami,F. Adekami,,20,active,Cote d'Ivoire,Attacking Midfield,MID,Royal Antwerp FC,BE1,1800000,83,83,83,0,83,development,unsigned,,https://www.transfermarkt.com/farouck-adekami/profil/spieler/1293796
tbg-tm-00988247,988247,Hamza Güreler,Hamza Güreler,H. Güreler,H. Güreler,,20,active,Türkiye,Centre-Back,DEF,Basaksehir FK,TR1,1800000,83,83,83,0,83,development,unsigned,,https://www.transfermarkt.com/hamza-guereler/profil/spieler/988247
tbg-tm-00934645,934645,Reno Münz,Reno Morris Münz,Reno Münz,Reno Münz,,20,active,Germany,Centre-Back,DEF,KVC Westerlo,BE1,1800000,83,83,83,0,83,development,unsigned,,https://www.transfermarkt.com/reno-muenz/profil/spieler/934645
tbg-tm-01031774,1031774,Jarzinho Malanga,Jarzinho Ataide Adriano de Nascimento Malanga,J. Malanga,J. Malanga,,20,active,Germany,Attacking Midfield,MID,VfB Stuttgart,L1,1700000,83,83,83,0,83,development,unsigned,,https://www.transfermarkt.com/jarzinho-malanga/profil/spieler/1031774
tbg-tm-01157429,1157429,Gu Costa,Gustavo Abreu Costa,Gu Costa,Gu Costa,,20,active,Portugal,Left-Back,DEF,Académico Viseu FC,PO1,1700000,82,82,82,0,82,development,unsigned,,https://www.transfermarkt.com/gu-costa/profil/spieler/1157429
tbg-tm-00813961,813961,Patrick Nuamah,Patrick Amoako Nuamah,P. Nuamah,P. Nuamah,,20,active,Italy; Ghana,Left Winger,ATT,US Sassuolo,IT1,1600000,82,82,82,0,82,development,unsigned,,https://www.transfermarkt.com/patrick-nuamah/profil/spieler/813961
tbg-tm-01132631,1132631,Baye Coulibaly,Baye Coulibaly,B. Coulibaly,B. Coulibaly,,20,active,Mali,Central Midfield,MID,Charlotte FC,MLS1,1500000,83,83,83,0,83,development,unsigned,,https://www.transfermarkt.com/baye-coulibaly/profil/spieler/1132631
tbg-tm-00826795,826795,Dariusz Stalmach,Dariusz Stalmach,D. Stalmach,D. Stalmach,,20,active,Poland,Defensive Midfield,DEF,SV Werder Bremen,L1,1500000,83,83,83,0,83,development,unsigned,,https://www.transfermarkt.com/dariusz-stalmach/profil/spieler/826795
tbg-tm-00938144,938144,Diego Kochen,Diego Kochen,D. Kochen,D. Kochen,,20,active,United States; Peru,Goalkeeper,GK,Lyngby Boldklub,DK1,1500000,83,83,83,0,83,development,unsigned,,https://www.transfermarkt.com/diego-kochen/profil/spieler/938144
tbg-tm-00999299,999299,Frankie Westfield,Francis W. Westfield,F. Westfield,F. Westfield,,20,active,United States,Right-Back,DEF,Philadelphia Union,MLS1,1500000,83,83,83,0,83,development,unsigned,,https://www.transfermarkt.com/frankie-westfield/profil/spieler/999299
tbg-tm-01094885,1094885,Otávio Manoel Galdino Fernandes,Otávio,Otávio,Otávio,Otávio,20,active,Brazil,Centre-Back,DEF,Eintracht Frankfurt,L1,1500000,83,83,83,0,83,development,unsigned,,https://www.transfermarkt.com/otavio/profil/spieler/1094885
tbg-tm-01274489,1274489,Royer Caicedo,Royer Alejandro Caicedo Gonzalez,R. Caicedo,R. Caicedo,,20,active,Colombia,Centre-Back,DEF,Cercle Brugge ,BE1,1500000,83,83,83,0,83,development,unsigned,,https://www.transfermarkt.com/royer-caicedo/profil/spieler/1274489
tbg-tm-00980632,980632,Sergiu Perciun,Sergiu Perciun,S. Perciun,S. Perciun,,20,active,Moldova; Romania,Attacking Midfield,MID,Torino FC,IT1,1500000,83,83,83,0,83,development,unsigned,,https://www.transfermarkt.com/sergiu-perciun/profil/spieler/980632
tbg-tm-00926301,926301,Tiago Pereira Cardoso,Tiago Pereira Cardoso,T. Pereira Cardoso,T. Pereira Cardoso,,20,active,Luxembourg; Portugal,Goalkeeper,GK,RAAL La Louvière,BE1,1500000,83,83,83,0,83,development,unsigned,,https://www.transfermarkt.com/tiago-pereira-cardoso/profil/spieler/926301
tbg-tm-00988710,988710,Baran Gezek,Baran Ali Gezek,Baran Gezek,Baran Gezek,,20,active,Türkiye,Defensive Midfield,DEF,Alanyaspor,TR1,1500000,82,82,82,0,82,development,unsigned,,https://www.transfermarkt.com/baran-gezek/profil/spieler/988710
tbg-tm-01008564,1008564,Billy van Duijl,Billy van Duijl,B. van Duijl,B. van Duijl,,20,active,Netherlands,Centre-Back,DEF,AZ Alkmaar,NL1,1500000,82,82,82,0,82,development,unsigned,,https://www.transfermarkt.com/billy-van-duijl/profil/spieler/1008564
tbg-tm-01047344,1047344,Kieran Morgan,Kieran Lloyd Morgan,K. Morgan,K. Morgan,,20,active,England,Central Midfield,MID,Queens Park Rangers,GB2,1500000,82,82,82,0,82,development,unsigned,,https://www.transfermarkt.com/kieran-morgan/profil/spieler/1047344
tbg-tm-01096744,1096744,Lanroy Machine,Lanroy Machine,L. Machine,L. Machine,,20,active,France; French Guiana,Centre-Forward,ATT,SC Heerenveen,NL1,1500000,82,82,82,0,82,development,unsigned,,https://www.transfermarkt.com/lanroy-machine/profil/spieler/1096744
tbg-tm-00886747,886747,Matthew Corcoran,Matthew James Corcoran,M. Corcoran,M. Corcoran,,20,active,United States,Defensive Midfield,DEF,Nashville SC,MLS1,1500000,82,82,82,0,82,development,unsigned,,https://www.transfermarkt.com/matthew-corcoran/profil/spieler/886747
tbg-tm-01169041,1169041,Noa Boissé,Noa Boissé,Noa Boissé,Noa Boissé,,20,active,France,Centre-Back,DEF,Le Mans FC,FR1,1500000,82,82,82,0,82,development,unsigned,,https://www.transfermarkt.com/noa-boisse/profil/spieler/1169041
tbg-tm-01015624,1015624,Óscar Perea,Óscar Andrés Perea Abonce,Óscar Perea,Óscar Perea,,20,active,Colombia,Left Winger,ATT,CF América,MEXA,1500000,82,82,82,0,82,development,unsigned,,https://www.transfermarkt.com/oscar-perea/profil/spieler/1015624
tbg-tm-01010150,1010150,Adam Bakoune,Adam Bakoune,A. Bakoune,A. Bakoune,,20,active,Italy; Morocco,Right-Back,DEF,AC Monza,IT1,1200000,82,82,82,0,82,development,unsigned,,https://www.transfermarkt.com/adam-bakoune/profil/spieler/1010150
tbg-tm-01176215,1176215,Bahmed Deuff,Bahmed Deuff,B. Deuff,B. Deuff,,20,active,Mauritania; France,Defensive Midfield,DEF,FC Nantes,FR2,1200000,82,82,82,0,82,development,unsigned,,https://www.transfermarkt.com/bahmed-deuff/profil/spieler/1176215
tbg-tm-01254786,1254786,Gabin Bernardeau,Gabin Bernardeau,G. Bernardeau,G. Bernardeau,,20,active,France,Attacking Midfield,MID,FC Lorient,FR1,1200000,82,82,82,0,82,development,unsigned,,https://www.transfermarkt.com/gabin-bernardeau/profil/spieler/1254786
tbg-tm-01175048,1175048,Robin van Cruijsen,Robin van Cruijsen,R. van Cruijsen,R. van Cruijsen,,20,active,Netherlands,Attacking Midfield,MID,Sparta Rotterdam,NL1,1200000,82,82,82,0,82,development,unsigned,,https://www.transfermarkt.com/robin-van-cruijsen/profil/spieler/1175048
tbg-tm-01041614,1041614,Renato Marin,Renato Bellucci Marin,R. Marin,R. Marin,,20,active,Italy; Brazil,Goalkeeper,GK,CD Nacional,PO1,1000000,83,83,83,0,82,development,unsigned,,https://www.transfermarkt.com/renato-marin/profil/spieler/1041614
tbg-tm-01124880,1124880,Andreas Verstraeten,Andreas Verstraeten,A. Verstraeten,A. Verstraeten,,20,active,Belgium,Centre-Back,DEF,Royal Antwerp FC,BE1,1000000,82,82,82,0,82,development,unsigned,,https://www.transfermarkt.com/andreas-verstraeten/profil/spieler/1124880
tbg-tm-01056759,1056759,Andy Rojas,Andy Emanuel Rojas Maroto,Andy Rojas,Andy Rojas,,20,active,Costa Rica,Left Winger,ATT,Red Bull New York,MLS1,1000000,82,82,82,0,82,development,unsigned,,https://www.transfermarkt.com/andy-rojas/profil/spieler/1056759
tbg-tm-01314671,1314671,Bernard Nguene,Bernard Jordan Nguene,B. Nguene,B. Nguene,,20,active,Cameroon,Centre-Forward,ATT,Standard Liège,BE1,1000000,82,82,82,0,82,development,unsigned,,https://www.transfermarkt.com/bernard-nguene/profil/spieler/1314671
tbg-tm-01200313,1200313,Clayton Diandy,Clayton Silverio Diandy,C. Diandy,C. Diandy,,20,active,Senegal; Guinea-Bissau,Right Winger,ATT,Al-Diriyah FC,SA1,1000000,82,82,82,0,82,development,unsigned,,https://www.transfermarkt.com/clayton-diandy/profil/spieler/1200313
tbg-tm-01010300,1010300,David Vazquez,David Vazquez,D. Vazquez,D. Vazquez,,20,active,United States,Right Midfield,MID,San Diego FC,MLS1,1000000,82,82,82,0,82,development,unsigned,,https://www.transfermarkt.com/david-vazquez/profil/spieler/1010300
tbg-tm-00937117,937117,Gerard Vandeplas,Gerard Joris Vandeplas,G. Vandeplas,G. Vandeplas,,20,active,Belgium,Centre-Forward,ATT,Royal Antwerp FC,BE1,1000000,82,82,82,0,82,development,unsigned,,https://www.transfermarkt.com/gerard-vandeplas/profil/spieler/937117
tbg-tm-01200289,1200289,Hamidou Makalou,Hamidou Makalou,H. Makalou,H. Makalou,,20,active,Mali,Defensive Midfield,DEF,Stade Brestois 29,FR1,1000000,82,82,82,0,82,development,unsigned,,https://www.transfermarkt.com/hamidou-makalou/profil/spieler/1200289
tbg-tm-01130945,1130945,Jacob Bartlett,Jacob Bartlett,J. Bartlett,J. Bartlett,,20,active,United States,Defensive Midfield,DEF,Sporting Kansas City,MLS1,1000000,82,82,82,0,82,development,unsigned,,https://www.transfermarkt.com/jacob-bartlett/profil/spieler/1130945
tbg-tm-01186237,1186237,Jacobo Ortega,Jacobo Ortega Conde,J. Ortega,J. Ortega,,20,active,Spain,Centre-Forward,ATT,RC Strasbourg Alsace,FR1,1000000,82,82,82,0,82,development,unsigned,,https://www.transfermarkt.com/jacobo-ortega/profil/spieler/1186237
tbg-tm-01030153,1030153,Justin Bourgault,Justin Bourgault,J. Bourgault,J. Bourgault,,20,active,France,Left-Back,DEF,Stade Brestois 29,FR1,1000000,82,82,82,0,82,development,unsigned,,https://www.transfermarkt.com/justin-bourgault/profil/spieler/1030153
tbg-tm-01173926,1173926,Leandro Santos,Leandro Henrique de Sousa Santos,L. Santos,L. Santos,,20,active,Portugal,Right-Back,DEF,Moreirense FC,PO1,1000000,82,82,82,0,82,development,unsigned,,https://www.transfermarkt.com/leandro-santos/profil/spieler/1173926
tbg-tm-00937111,937111,Lucas Mbamba,Lucas Pierre Mbamba-Muanda,L. Mbamba,L. Mbamba,,20,active,Belgium; DR Congo,Right-Back,DEF,KVC Westerlo,BE1,1000000,82,82,82,0,82,development,unsigned,,https://www.transfermarkt.com/lucas-mbamba/profil/spieler/937111
tbg-tm-01162654,1162654,Noam Obougou,Noam Obougou Jacquet,N. Obougou,N. Obougou,,20,active,France; Cameroon,Centre-Forward,ATT,Le Havre AC,FR1,1000000,82,82,82,0,82,development,unsigned,,https://www.transfermarkt.com/noam-obougou/profil/spieler/1162654
tbg-tm-01132426,1132426,Omar Sissoko,Omar Sissoko,O. Sissoko,O. Sissoko,,20,active,France; Mali,Centre-Forward,ATT,Paris FC,FR1,1000000,82,82,82,0,82,development,unsigned,,https://www.transfermarkt.com/omar-sissoko/profil/spieler/1132426
tbg-tm-00994258,994258,Oscar Verhoeven,Oscar Anthony Verhoeven,O. Verhoeven,O. Verhoeven,,20,active,United States,Right-Back,DEF,San Diego FC,MLS1,1000000,82,82,82,0,82,development,unsigned,,https://www.transfermarkt.com/oscar-verhoeven/profil/spieler/994258
tbg-tm-00997478,997478,Othniël Raterink,Othniël Raterink,O. Raterink,O. Raterink,,20,active,Netherlands; DR Congo,Right-Back,DEF,Cagliari Calcio,IT1,1000000,82,82,82,0,82,development,unsigned,,https://www.transfermarkt.com/othniel-raterink/profil/spieler/997478
tbg-tm-00901877,901877,Otto Ruoppi,Otto Ruoppi,Otto Ruoppi,Otto Ruoppi,,20,active,Finland,Attacking Midfield,MID,1.FSV Mainz 05,L1,1000000,82,82,82,0,82,development,unsigned,,https://www.transfermarkt.com/otto-ruoppi/profil/spieler/901877
tbg-tm-00907085,907085,Ruben Müller,Ruben Müller,R. Müller,R. Müller,,20,active,Germany; Spain,Right Winger,ATT,SC Paderborn 07,L1,1000000,82,82,82,0,82,development,unsigned,,https://www.transfermarkt.com/ruben-mueller/profil/spieler/907085
tbg-tm-01133954,1133954,Umar Abubakar,Umar Abubakar,U. Abubakar,U. Abubakar,,20,active,Nigeria,Centre-Forward,ATT,FC Famalicão,PO1,1000000,82,82,82,0,82,development,unsigned,,https://www.transfermarkt.com/umar-abubakar/profil/spieler/1133954
tbg-tm-01298516,1298516,Mateo Pérez Curci,Mateo Pérez Curci,M. Pérez Curci,M. Pérez Curci,,20,active,Argentina,Attacking Midfield,MID,CA Independiente,ARGC,1000000,81,81,81,0,81,development,unsigned,,https://www.transfermarkt.com/mateo-perez-curci/profil/spieler/1298516
tbg-tm-00875252,875252,Enes Sali,Enes Sali,Enes Sali,Enes Sali,,20,active,Romania; Canada,Left Winger,ATT,FC Dallas,MLS1,900000,82,82,82,0,82,development,unsigned,,https://www.transfermarkt.com/enes-sali/profil/spieler/875252
tbg-tm-01031293,1031293,Ryan Oné,Ryan Martin Oné,Ryan Oné,Ryan Oné,,20,active,Scotland; France,Centre-Forward,ATT,Sheffield United,GB2,900000,82,82,82,0,82,development,unsigned,,https://www.transfermarkt.com/ryan-one/profil/spieler/1031293
tbg-tm-01099653,1099653,Abdramane Konaté,Abdramane Konaté,A. Konaté,A. Konaté,,20,active,Cote d'Ivoire,Attacking Midfield,MID,Esperance Tunis,TUN1,850000,82,82,82,0,82,development,unsigned,,https://www.transfermarkt.com/abdramane-konate/profil/spieler/1099653
tbg-tm-01064506,1064506,Adam Boayar,آدم بوعيار بنعيسى,Adam Boayar,Adam Boayar,,20,active,Morocco; Spain,Second Striker,ATT,Elche CF,ES1,800000,82,82,82,0,82,development,unsigned,,https://www.transfermarkt.com/adam-boayar/profil/spieler/1064506
tbg-tm-01064475,1064475,Álvaro Santos,Álvaro Santos Correa,Á. Santos,Á. Santos,,20,active,Spain,Left Winger,ATT,Lommel SK,BE1,800000,82,82,82,0,82,development,unsigned,,https://www.transfermarkt.com/alvaro-santos/profil/spieler/1064475
tbg-tm-00859923,859923,Cédric Nuozzi,Cédric Jean-Luc Nuozzi,C. Nuozzi,C. Nuozzi,,20,active,Belgium,Left Winger,ATT,FC Alverca,PO1,800000,82,82,82,0,82,development,unsigned,,https://www.transfermarkt.com/cedric-nuozzi/profil/spieler/859923
tbg-tm-00884822,884822,Charles Herrmann,Charles Kwablan Herrmann,C. Herrmann,C. Herrmann,,20,active,Germany; Ghana,Right Winger,ATT,Cercle Brugge ,BE1,800000,82,82,82,0,82,development,unsigned,,https://www.transfermarkt.com/charles-herrmann/profil/spieler/884822
tbg-tm-01270796,1270796,Christ Tapé,Christ Tapé,Christ Tapé,Christ Tapé,,20,active,Cote d'Ivoire,Left-Back,DEF,FC Toulouse,FR1,800000,82,82,82,0,82,development,unsigned,,https://www.transfermarkt.com/christ-tape/profil/spieler/1270796
tbg-tm-01173606,1173606,Elson Mendes,Elson Mendes Da Silva,E. Mendes,E. Mendes,,20,active,Cape Verde; Portugal,Defensive Midfield,DEF,Kasimpasa,TR1,800000,82,82,82,0,82,development,unsigned,,https://www.transfermarkt.com/elson-mendes/profil/spieler/1173606
tbg-tm-01067259,1067259,Jeevan Badwal,Jeevan Singh Badwal,J. Badwal,J. Badwal,,20,active,Canada; India,Central Midfield,MID,Vancouver Whitecaps FC,MLS1,800000,82,82,82,0,82,development,unsigned,,https://www.transfermarkt.com/jeevan-badwal/profil/spieler/1067259
tbg-tm-00994266,994266,Pedro Soma,Pedro J. Soma,Pedro Soma,Pedro Soma,,20,active,United States; Brazil,Defensive Midfield,DEF,San Diego FC,MLS1,800000,82,82,82,0,82,development,unsigned,,https://www.transfermarkt.com/pedro-soma/profil/spieler/994266
tbg-tm-01097263,1097263,Rafael Lobato,Rafael Genuino Lobato,R. Lobato,R. Lobato,,20,active,Brazil,Right Winger,ATT,Rio Ave FC,PO1,800000,82,82,82,0,82,development,unsigned,,https://www.transfermarkt.com/rafael-lobato/profil/spieler/1097263
tbg-tm-01041964,1041964,Asekho Tiwani,Asekho Tiwani,A. Tiwani,A. Tiwani,,20,active,South Africa,Left-Back,DEF,Mamelodi Sundowns FC,SFA1,750000,82,82,82,0,82,development,unsigned,,https://www.transfermarkt.com/asekho-tiwani/profil/spieler/1041964
tbg-tm-00802547,802547,Lasse Flø,Lasse Flø Borregaard,Lasse Flø,Lasse Flø,,20,active,Denmark,Right-Back,DEF,KVC Westerlo,BE1,750000,82,82,82,0,82,development,unsigned,,https://www.transfermarkt.com/lasse-floe/profil/spieler/802547
tbg-tm-01143375,1143375,Manga Michel Quentin Foe Ondoa,Foe Ondoa,Foe Ondoa,Foe Ondoa,Foe Ondoa,20,active,France; Cameroon,Attacking Midfield,MID,AC Monza,IT1,750000,82,82,82,0,82,development,unsigned,,https://www.transfermarkt.com/foe-ondoa/profil/spieler/1143375
tbg-tm-01326883,1326883,Aboubacar Bah,Aboubacar Bah,A. Bah,A. Bah,,20,active,Guinea,Central Midfield,MID,Al-Hazem SC,SA1,700000,82,82,82,0,82,development,unsigned,,https://www.transfermarkt.com/aboubacar-bah/profil/spieler/1326883
tbg-tm-01133955,1133955,Abubakar Abdullahi,Abubakar Idris Abdullahi,A. Abdullahi,A. Abdullahi,,20,active,Nigeria,Centre-Forward,ATT,KAA Gent,BE1,700000,82,82,82,0,82,development,unsigned,,https://www.transfermarkt.com/abubakar-abdullahi/profil/spieler/1133955
tbg-tm-00854633,854633,Daniel Kelly,Daniel Kelly,D. Kelly,D. Kelly,,20,active,Scotland,Central Midfield,MID,Millwall FC,GB2,700000,82,82,82,0,82,development,unsigned,,https://www.transfermarkt.com/daniel-kelly/profil/spieler/854633
tbg-tm-00942738,942738,Milan Aleksic,Милан Алексић,M. Aleksic,M. Aleksic,,20,active,Serbia,Attacking Midfield,MID,FK Partizan Belgrade,SER1,700000,82,82,82,0,82,development,unsigned,,https://www.transfermarkt.com/milan-aleksic/profil/spieler/942738
tbg-tm-00943473,943473,Milos Jovic,Милош Јовић,Milos Jovic,Milos Jovic,,20,active,Serbia,Centre-Forward,ATT,US Lecce,IT1,700000,82,82,82,0,82,development,unsigned,,https://www.transfermarkt.com/milos-jovic/profil/spieler/943473
tbg-tm-00955224,955224,Stéphano Carrillo,Stéphano Emmanuel Carrillo Calderón,S. Carrillo,S. Carrillo,,20,active,Mexico,Centre-Forward,ATT,Feyenoord U21,211F,700000,82,82,82,0,82,development,unsigned,,https://www.transfermarkt.com/stephano-carrillo/profil/spieler/955224
tbg-tm-00936605,936605,Harrie Kuster,Harrie Kuster,H. Kuster,H. Kuster,,20,active,Netherlands,Attacking Midfield,MID,SC Telstar,NL1,650000,82,82,82,0,82,development,unsigned,,https://www.transfermarkt.com/harrie-kuster/profil/spieler/936605
tbg-tm-01246263,1246263,Kutlwano Lethlaku,Kutlwano Lethlaku,K. Lethlaku,K. Lethlaku,,20,active,South Africa,Right Winger,ATT,Mamelodi Sundowns FC,SFA1,650000,82,82,82,0,82,development,unsigned,,https://www.transfermarkt.com/kutlwano-lethlaku/profil/spieler/1246263
tbg-tm-00965043,965043,Miłosz Piekutowski,Miłosz Piekutowski,M. Piekutowski,M. Piekutowski,,20,active,Poland,Goalkeeper,GK,RC Strasbourg Alsace,FR1,600000,83,83,83,0,82,development,unsigned,,https://www.transfermarkt.com/milosz-piekutowski/profil/spieler/965043
tbg-tm-01160184,1160184,Abdoul Ayinde,Abdoul Rachid Ayinde,A. Ayinde,A. Ayinde,,20,active,Burkina Faso,Left-Back,DEF,KAA Gent,BE1,600000,82,82,82,0,82,development,unsigned,,https://www.transfermarkt.com/abdoul-ayinde/profil/spieler/1160184
tbg-tm-01028399,1028399,Borna Knezovic,Borna Knezović,B. Knezovic,B. Knezovic,,20,active,Croatia,Attacking Midfield,MID,US Sassuolo,IT1,600000,82,82,82,0,82,development,unsigned,,https://www.transfermarkt.com/borna-knezovic/profil/spieler/1028399
tbg-tm-01239794,1239794,Christian Nwachukwu,Christian Chikwado Nwachukwu,C. Nwachukwu,C. Nwachukwu,,20,active,Nigeria,Left Winger,ATT,Sheffield United,GB2,600000,82,82,82,0,82,development,unsigned,,https://www.transfermarkt.com/christian-nwachukwu/profil/spieler/1239794
tbg-tm-01321322,1321322,Davy Gui,Davy Jean Carl Kamon Gui,Davy Gui,Davy Gui,,20,active,Cote d'Ivoire; France,Central Midfield,MID,FC Alverca,PO1,600000,82,82,82,0,82,development,unsigned,,https://www.transfermarkt.com/davy-gui/profil/spieler/1321322
tbg-tm-01060983,1060983,Emmanuel Tsimba,Felix Emmanuel Tsimba,E. Tsimba,E. Tsimba,,20,active,Switzerland,Centre-Forward,ATT,KVC Westerlo,BE1,600000,82,82,82,0,82,development,unsigned,,https://www.transfermarkt.com/emmanuel-tsimba/profil/spieler/1060983
tbg-tm-01305564,1305564,Jean Ives Valou,Jean Ives Valou,J. Valou,J. Valou,,20,active,Cote d'Ivoire; Benin,Centre-Back,DEF,Getafe CF,ES1,600000,82,82,82,0,82,development,unsigned,,https://www.transfermarkt.com/jean-ives-valou/profil/spieler/1305564
tbg-tm-01097930,1097930,Julián Bazán,Julián Andrés Bazán Medina,J. Bazán,J. Bazán,,20,active,Colombia,Centre-Back,DEF,Red Bull New York,MLS1,600000,82,82,82,0,82,development,unsigned,,https://www.transfermarkt.com/julian-bazan/profil/spieler/1097930
tbg-tm-01148082,1148082,Kornel Lisman,Kornel Lisman,K. Lisman,K. Lisman,,20,active,Poland,Left Winger,ATT,Venezia FC,IT1,600000,82,82,82,0,82,development,unsigned,,https://www.transfermarkt.com/kornel-lisman/profil/spieler/1148082
tbg-tm-01048452,1048452,Laurens Goemaere,Laurens Goemaere,L. Goemaere,L. Goemaere,,20,active,Belgium,Defensive Midfield,DEF,Standard Liège,BE1,600000,82,82,82,0,82,development,unsigned,,https://www.transfermarkt.com/laurens-goemaere/profil/spieler/1048452
tbg-tm-01109205,1109205,Tiago Quintal,Tiago Quintal,T. Quintal,T. Quintal,,20,active,Australia; Portugal,Attacking Midfield,MID,Sydney FC,AUS1,600000,82,82,82,0,82,development,unsigned,,https://www.transfermarkt.com/tiago-quintal/profil/spieler/1109205
tbg-tm-00988272,988272,Yoni Gomis,Yoni Gomis,Yoni Gomis,Yoni Gomis,,20,active,France; Senegal,Centre-Back,DEF,RC Strasbourg Alsace,FR1,600000,82,82,82,0,82,development,unsigned,,https://www.transfermarkt.com/yoni-gomis/profil/spieler/988272
tbg-tm-00812397,812397,Emre Tezgel,Emre James Vann Tezgel,Emre Tezgel,Emre Tezgel,,20,active,England; Türkiye,Centre-Forward,ATT,Stoke City,GB2,550000,82,82,82,0,82,development,unsigned,,https://www.transfermarkt.com/emre-tezgel/profil/spieler/812397
tbg-tm-01365020,1365020,Afonso Assis,Afonso Assis da Cunha Almeida,A. Assis,A. Assis,,20,active,Portugal,Defensive Midfield,DEF,Moreirense FC,PO1,500000,82,82,82,0,82,development,unsigned,,https://www.transfermarkt.com/afonso-assis/profil/spieler/1365020
tbg-tm-00897479,897479,Bennit Bröger,Bennit Bröger,B. Bröger,B. Bröger,,20,active,Germany,Attacking Midfield,MID,SC Fortuna Köln,L3,500000,82,82,82,0,82,development,unsigned,,https://www.transfermarkt.com/bennit-broeger/profil/spieler/897479
tbg-tm-01127043,1127043,Gabriel Pereira Justino,Gabriel Justino,Gabriel Justino,Gabriel Justino,Gabriel Justino,20,active,Brazil,Centre-Back,DEF,Botafogo de Futebol e Regatas,BRA1,500000,82,82,82,0,82,development,unsigned,,https://www.transfermarkt.com/gabriel-justino/profil/spieler/1127043
tbg-tm-00985691,985691,Harrison Murray-Campbell,Harrison Alexander Murray-Campbell,H. Murray-Campbell,H. Murray-Campbell,,20,active,England,Centre-Back,DEF,KV Kortrijk,BE1,500000,82,82,82,0,82,development,unsigned,,https://www.transfermarkt.com/harrison-murray-campbell/profil/spieler/985691
tbg-tm-01083239,1083239,Henrique Silva,Henrique Fernandes da Silva,H. Silva,H. Silva,,20,active,Brazil,Centre-Back,DEF,CD Santa Clara,PO1,500000,82,82,82,0,82,development,unsigned,,https://www.transfermarkt.com/henrique-silva/profil/spieler/1083239
tbg-tm-01367276,1367276,Ibrahim Alani,Ibrahim Akitunde Alani,I. Alani,I. Alani,,20,active,Nigeria,Central Midfield,MID,CS Marítimo,PO1,500000,82,82,82,0,82,development,unsigned,,https://www.transfermarkt.com/ibrahim-alani/profil/spieler/1367276
tbg-tm-01142382,1142382,Ibrahim Sabra,"Ibrahim Mohammad Abdallah Sabra, إبراهيم صبرة",I. Sabra,I. Sabra,,20,active,Jordan,Centre-Forward,ATT,Göztepe,TR1,500000,82,82,82,0,82,development,unsigned,,https://www.transfermarkt.com/ibrahim-sabra/profil/spieler/1142382
tbg-tm-01250522,1250522,Javi Morcillo,Javier Morcillo Rodrigálvarez,J. Morcillo,J. Morcillo,,20,active,Spain,Central Midfield,MID,Elche CF,ES1,500000,82,82,82,0,82,development,unsigned,,https://www.transfermarkt.com/javi-morcillo/profil/spieler/1250522
tbg-tm-01102159,1102159,José Silva,José Augusto Silva,José Silva,José Silva,,20,active,Portugal,Right-Back,DEF,Gil Vicente FC,PO1,500000,82,82,82,0,82,development,unsigned,,https://www.transfermarkt.com/jose-silva/profil/spieler/1102159
tbg-tm-00965924,965924,Kai Andrews,Kai Bernard James Andrews,Kai Andrews,Kai Andrews,,20,active,Wales; England,Central Midfield,MID,Coventry City,GB1,500000,82,82,82,0,82,development,unsigned,,https://www.transfermarkt.com/kai-andrews/profil/spieler/965924
tbg-tm-01116537,1116537,Kevyn Monteiro,Kevyn Henrique Monteiro de Souza,K. Monteiro,K. Monteiro,,20,active,Brazil,Centre-Back,DEF,Moreirense FC,PO1,500000,82,82,82,0,82,development,unsigned,,https://www.transfermarkt.com/kevyn-monteiro/profil/spieler/1116537
tbg-tm-00810789,810789,Lisandru Olmeta,Lisandru Olmeta,L. Olmeta,L. Olmeta,,20,active,France,Goalkeeper,GK,LOSC Lille,FR1,500000,82,82,82,0,82,development,unsigned,,https://www.transfermarkt.com/lisandru-olmeta/profil/spieler/810789
tbg-tm-00951659,951659,Osvald Søe,Osvald Gabriel Søe,Osvald Søe,Osvald Søe,,20,active,Denmark,Centre-Back,DEF,San Diego FC,MLS1,500000,82,82,82,0,82,development,unsigned,,https://www.transfermarkt.com/osvald-soee/profil/spieler/951659
tbg-tm-00937954,937954,Paco Esteban,Francisco Esteban Sánchez,P. Esteban,P. Esteban,,20,active,Spain,Centre-Forward,ATT,US Lecce,IT1,500000,82,82,82,0,82,development,unsigned,,https://www.transfermarkt.com/paco-esteban/profil/spieler/937954
tbg-tm-00910538,910538,Raif Adam,Raif Adam,Raif Adam,Raif Adam,,20,active,Germany,Right Winger,ATT,SV 07 Elversberg,L1,500000,82,82,82,0,82,development,unsigned,,https://www.transfermarkt.com/raif-adam/profil/spieler/910538
tbg-tm-01093811,1093811,Tiago Parente,Tiago Miguel Geraldes Parente,T. Parente,T. Parente,,20,active,Portugal,Left-Back,DEF,Swansea City,GB2,500000,82,82,82,0,82,development,unsigned,,https://www.transfermarkt.com/tiago-parente/profil/spieler/1093811
tbg-tm-01344793,1344793,Toni Tamarit,Toni Tamarit Tamarit,T. Tamarit,T. Tamarit,,20,active,Spain,Right-Back,DEF,FC Alverca,PO1,500000,82,82,82,0,82,development,unsigned,,https://www.transfermarkt.com/toni-tamarit/profil/spieler/1344793
tbg-tm-01031292,1031292,Walace dos Santos França,Walace França,Walace França,Walace França,Walace França,20,active,Brazil,Centre-Forward,ATT,Gil Vicente FC,PO1,500000,82,82,82,0,82,development,unsigned,,https://www.transfermarkt.com/walace-franca/profil/spieler/1031292
tbg-tm-00913136,913136,Zak Lovelace,Zakariya Lovelace,Z. Lovelace,Z. Lovelace,,20,active,England; Jamaica,Left Winger,ATT,Millwall FC,GB2,500000,82,82,82,0,82,development,unsigned,,https://www.transfermarkt.com/zak-lovelace/profil/spieler/913136
tbg-tm-01085270,1085270,Zalán Átrok,Zalán István Átrok,Zalán Átrok,Zalán Átrok,,20,active,Hungary,Left Winger,ATT,Zulte Waregem,BE1,500000,82,82,82,0,82,development,unsigned,,https://www.transfermarkt.com/zalan-atrok/profil/spieler/1085270
tbg-tm-01046963,1046963,Bryce Jamison,Bryce Everett Jamison,B. Jamison,B. Jamison,,20,active,United States,Right Winger,ATT,Colorado Rapids,MLS1,450000,82,82,82,0,82,development,unsigned,,https://www.transfermarkt.com/bryce-jamison/profil/spieler/1046963
tbg-tm-01158288,1158288,Wataru Kamijo,Wataru Kamijo,W. Kamijo,W. Kamijo,,20,active,Australia; Japan,Central Midfield,MID,Sydney FC,AUS1,450000,82,82,82,0,82,development,unsigned,,https://www.transfermarkt.com/wataru-kamijo/profil/spieler/1158288
tbg-tm-01088311,1088311,Yassir Salah Rahmouni,Yassir Salah Rahmouni,Y. Salah Rahmouni,Y. Salah Rahmouni,,20,active,Netherlands; Morocco,Central Midfield,MID,Go Ahead Eagles,NL1,450000,82,82,82,0,82,development,unsigned,,https://www.transfermarkt.com/yassir-salah-rahmouni/profil/spieler/1088311
tbg-tm-00898356,898356,Alessandro Berretta,Alessandro Berretta,A. Berretta,A. Berretta,,20,active,Italy,Central Midfield,MID,AC Monza,IT1,400000,82,82,82,0,82,development,unsigned,,https://www.transfermarkt.com/alessandro-berretta/profil/spieler/898356
tbg-tm-00885228,885228,Alessandro Vinciguerra,Alessandro Vinciguerra,A. Vinciguerra,A. Vinciguerra,,20,without_club,Italy,Left Winger,ATT,Without Club,,400000,82,82,82,0,82,development,unsigned,,https://www.transfermarkt.com/alessandro-vinciguerra/profil/spieler/885228
tbg-tm-01113308,1113308,Anas Tajaouart,أنس تاجوارت,A. Tajaouart,A. Tajaouart,,20,active,Morocco; Belgium,Central Midfield,MID,RAAL La Louvière,BE1,400000,82,82,82,0,82,development,unsigned,,https://www.transfermarkt.com/anas-tajaouart/profil/spieler/1113308
tbg-tm-01148887,1148887,Clemens Lippmann,Clemens Lippmann,C. Lippmann,C. Lippmann,,20,active,Germany,Right Midfield,MID,SC Paderborn 07,L1,400000,82,82,82,0,82,development,unsigned,,https://www.transfermarkt.com/clemens-lippmann/profil/spieler/1148887
tbg-tm-00847371,847371,Dajaune Brown,Dajaune Anthony Brown,D. Brown,D. Brown,,20,active,Jamaica; England,Centre-Forward,ATT,Derby County,GB2,400000,82,82,82,0,82,development,unsigned,,https://www.transfermarkt.com/dajaune-brown/profil/spieler/847371
tbg-tm-01104713,1104713,Daniel Bennie,Daniel Ian Bennie,D. Bennie,D. Bennie,,20,active,Australia; Hongkong,Left Winger,ATT,Queens Park Rangers,GB2,400000,82,82,82,0,82,development,unsigned,,https://www.transfermarkt.com/daniel-bennie/profil/spieler/1104713
tbg-tm-01159661,1159661,Eddy Doué,Eddy Gueladan Doué,Eddy Doué,Eddy Doué,,20,active,Cote d'Ivoire; France,Defensive Midfield,DEF,CF Estrela Amadora,PO1,400000,82,82,82,0,82,development,unsigned,,https://www.transfermarkt.com/eddy-doue/profil/spieler/1159661
tbg-tm-01172824,1172824,Errol Mundle-Smith,Errol Mundle-Smith,E. Mundle-Smith,E. Mundle-Smith,,20,active,England,Centre-Forward,ATT,Norwich City,GB2,400000,82,82,82,0,82,development,unsigned,,https://www.transfermarkt.com/errol-mundle-smith/profil/spieler/1172824
tbg-tm-00976207,976207,Federico Serra,Federico Serra,F. Serra,F. Serra,,20,active,Italy,Centre-Forward,ATT,SS Lazio,IT1,400000,82,82,82,0,82,development,unsigned,,https://www.transfermarkt.com/federico-serra/profil/spieler/976207
tbg-tm-00988711,988711,Halil Özdemir,Halil Özdemir,H. Özdemir,H. Özdemir,,20,active,Türkiye; Belgium,Second Striker,ATT,KV Mechelen,BE1,400000,82,82,82,0,82,development,unsigned,,https://www.transfermarkt.com/halil-oezdemir/profil/spieler/988711
tbg-tm-00986286,986286,Ismaïl Bouneb,Ismaïl Bouneb,I. Bouneb,I. Bouneb,,20,active,France; Algeria,Attacking Midfield,MID,Le Havre AC,FR1,400000,82,82,82,0,82,development,unsigned,,https://www.transfermarkt.com/ismail-bouneb/profil/spieler/986286
tbg-tm-01062475,1062475,Kenan Haroun,Kenan Baban Haroun,K. Haroun,K. Haroun,,20,active,Belgium; Türkiye,Central Midfield,MID,KRC Genk,BE1,400000,82,82,82,0,82,development,unsigned,,https://www.transfermarkt.com/kenan-haroun/profil/spieler/1062475
tbg-tm-01051737,1051737,Kevin Barcella,Kevin Barcella,K. Barcella,K. Barcella,,20,active,Italy,Right Winger,ATT,Frosinone Calcio,IT1,400000,82,82,82,0,82,development,unsigned,,https://www.transfermarkt.com/kevin-barcella/profil/spieler/1051737
tbg-tm-01130743,1130743,Lorenzo Berardi,Lorenzo Berardi,L. Berardi,L. Berardi,,20,active,Italy; France,Left Midfield,MID,Venezia FC,IT1,400000,82,82,82,0,82,development,unsigned,,https://www.transfermarkt.com/lorenzo-berardi/profil/spieler/1130743
tbg-tm-01220180,1220180,Mateus Iseppe,Mateus José Iseppe,M. Iseppe,M. Iseppe,,20,active,Brazil,Attacking Midfield,MID,CD Nacional,PO1,400000,82,82,82,0,82,development,unsigned,,https://www.transfermarkt.com/mateus-iseppe/profil/spieler/1220180
tbg-tm-00789091,789091,Mokrane Bentoumi,Mokrane Bentoumi,M. Bentoumi,M. Bentoumi,,20,active,Algeria; France,Attacking Midfield,MID,Le Havre AC,FR1,400000,82,82,82,0,82,development,unsigned,,https://www.transfermarkt.com/mokrane-bentoumi/profil/spieler/789091
tbg-tm-00688614,688614,Noah Streit,Noah Streit,Noah Streit,Noah Streit,,20,active,Switzerland,Right Winger,ATT,CF Montréal,MLS1,400000,82,82,82,0,82,development,unsigned,,https://www.transfermarkt.com/noah-streit/profil/spieler/688614
tbg-tm-00987122,987122,Peter Remmert,Peter Remmert,P. Remmert,P. Remmert,,20,active,Germany,Centre-Forward,ATT,MSV Duisburg,L3,400000,82,82,82,0,82,development,unsigned,,https://www.transfermarkt.com/peter-remmert/profil/spieler/987122
tbg-tm-01119338,1119338,Rayan Mandengue,Rayan Edwards Kwedi Mandengue Edeme,R. Mandengue,R. Mandengue,,20,active,Cameroon,Left Winger,ATT,AJ Auxerre,FR1,400000,82,82,82,0,82,development,unsigned,,https://www.transfermarkt.com/rayan-mandengue/profil/spieler/1119338
tbg-tm-01030528,1030528,Tim van der Leij,Tim van der Leij,T. van der Leij,T. van der Leij,,20,active,Netherlands,Centre-Forward,ATT,VfB Stuttgart,L1,400000,82,82,82,0,82,development,unsigned,,https://www.transfermarkt.com/tim-van-der-leij/profil/spieler/1030528
tbg-tm-00897425,897425,Timo Schlieck,Timo Schlieck,T. Schlieck,T. Schlieck,,20,active,Germany,Goalkeeper,GK,SC Verl,L3,400000,82,82,82,0,82,development,unsigned,,https://www.transfermarkt.com/timo-schlieck/profil/spieler/897425
tbg-tm-01231401,1231401,Victor Orakpo,Victor Orakpo,V. Orakpo,V. Orakpo,,20,active,Nigeria,Centre-Forward,ATT,OGC Nice,FR1,400000,82,82,82,0,82,development,unsigned,,https://www.transfermarkt.com/victor-orakpo/profil/spieler/1231401
tbg-tm-00673435,673435,Vojin Serafimovic,Војин Серафимовић,V. Serafimovic,V. Serafimovic,,20,active,Serbia,Centre-Back,DEF,FC Famalicão,PO1,400000,82,82,82,0,82,development,unsigned,,https://www.transfermarkt.com/vojin-serafimovic/profil/spieler/673435
tbg-tm-01074501,1074501,Cristhian Loor,Cristhian Joel Loor Santamaria,C. Loor,C. Loor,,20,active,Ecuador,Goalkeeper,GK,Botafogo de Futebol e Regatas,BRA1,350000,82,82,82,0,82,development,unsigned,,https://www.transfermarkt.com/cristhian-loor/profil/spieler/1074501
tbg-tm-00921306,921306,Eus Waayers,Eus Waayers,Eus Waayers,Eus Waayers,,20,active,Netherlands,Right-Back,DEF,Go Ahead Eagles,NL1,350000,82,82,82,0,82,development,unsigned,,https://www.transfermarkt.com/eus-waayers/profil/spieler/921306
tbg-tm-00936867,936867,Jimmy-Jay Morgan,Jimmy-Jay Morgan,J. Morgan,J. Morgan,,20,active,England,Centre-Forward,ATT,West Bromwich Albion,GB2,350000,82,82,82,0,82,development,unsigned,,https://www.transfermarkt.com/jimmy-jay-morgan/profil/spieler/936867
tbg-tm-00980417,980417,Nathan Lowe,Nathan Alexander Lowe,Nathan Lowe,Nathan Lowe,,20,active,England,Centre-Forward,ATT,Stoke City,GB2,350000,82,82,82,0,82,development,unsigned,,https://www.transfermarkt.com/nathan-lowe/profil/spieler/980417
tbg-tm-00891833,891833,Skye Vink,Skye Vink,Skye Vink,Skye Vink,,20,active,Netherlands; Suriname,Centre-Forward,ATT,SC Cambuur Leeuwarden,NL1,350000,82,82,82,0,82,development,unsigned,,https://www.transfermarkt.com/skye-vink/profil/spieler/891833
tbg-tm-01053908,1053908,Travis Hernes,Travis Enrique Hernes,T. Hernes,T. Hernes,,20,active,Norway; Jamaica,Central Midfield,MID,FC Groningen,NL1,350000,82,82,82,0,82,development,unsigned,,https://www.transfermarkt.com/travis-hernes/profil/spieler/1053908
tbg-tm-01052795,1052795,Uriël van Aalst,Uriël van Aalst,U. van Aalst,U. van Aalst,,20,active,Netherlands,Attacking Midfield,MID,Willem II Tilburg,NL1,350000,82,82,82,0,82,development,unsigned,,https://www.transfermarkt.com/uriel-van-aalst/profil/spieler/1052795
tbg-tm-01049104,1049104,Zakaria Taifi,زكريا طيفي,Z. Taifi,Z. Taifi,,20,active,Morocco; United States,Right-Back,DEF,Orlando City SC,MLS1,350000,82,82,82,0,82,development,unsigned,,https://www.transfermarkt.com/zakaria-taifi/profil/spieler/1049104
tbg-tm-01474898,1474898,Abdulaziz Al-Suwailem,Abdulaziz Anwar Abdulrahman Al-Suwailem; عبدالعزيز السويلم,A. Al-Suwailem,A. Al-Suwailem,,20,active,Saudi Arabia,Centre-Back,DEF,Al-Fateh SC,SA1,300000,82,82,82,0,82,development,unsigned,,https://www.transfermarkt.com/abdulaziz-al-suwailem/profil/spieler/1474898
tbg-tm-00932763,932763,Alessandro Di Bitonto,Alessandro Di Bitonto,A. Di Bitonto,A. Di Bitonto,,20,active,Italy,Centre-Back,DEF,US Sassuolo,IT1,300000,82,82,82,0,82,development,unsigned,,https://www.transfermarkt.com/alessandro-di-bitonto/profil/spieler/932763
tbg-tm-01006612,1006612,Andrew Rick,Andrew Rick,Andrew Rick,Andrew Rick,,20,active,United States,Goalkeeper,GK,Philadelphia Union,MLS1,300000,82,82,82,0,82,development,unsigned,,https://www.transfermarkt.com/andrew-rick/profil/spieler/1006612
tbg-tm-01027870,1027870,Andrik Markgraf,Andrik Markgraf,A. Markgraf,A. Markgraf,,20,active,Germany,Left-Back,DEF,1.FC Union Berlin,L1,300000,82,82,82,0,82,development,unsigned,,https://www.transfermarkt.com/andrik-markgraf/profil/spieler/1027870
tbg-tm-01099061,1099061,Dani Martín,Daniel Martín Rodríguez,Dani Martín,Dani Martín,,20,active,Spain,Goalkeeper,GK,Levante UD,ES1,300000,82,82,82,0,82,development,unsigned,,https://www.transfermarkt.com/dani-martin/profil/spieler/1099061
tbg-tm-01119880,1119880,Daren Mosengo,Daren Nbenbege Mosengo,D. Mosengo,D. Mosengo,,20,active,France; DR Congo,Defensive Midfield,DEF,Le Havre AC,FR1,300000,82,82,82,0,82,development,unsigned,,https://www.transfermarkt.com/daren-mosengo/profil/spieler/1119880
tbg-tm-01130941,1130941,Enzo Genton,Enzo Genton,Enzo Genton,Enzo Genton,,20,active,France,Centre-Back,DEF,FC Lorient,FR1,300000,82,82,82,0,82,development,unsigned,,https://www.transfermarkt.com/enzo-genton/profil/spieler/1130941
tbg-tm-01130961,1130961,Eran Tuypens,Eran Tuypens,E. Tuypens,E. Tuypens,,20,active,Belgium,Left-Back,DEF,Royal Antwerp FC,BE1,300000,82,82,82,0,82,development,unsigned,,https://www.transfermarkt.com/eran-tuypens/profil/spieler/1130961
tbg-tm-01133779,1133779,Jack Diarra,Jack Pantoulou Diarra,Jack Diarra,Jack Diarra,,20,active,Burkina Faso,Left Winger,ATT,Esperance Tunis,TUN1,300000,82,82,82,0,82,development,unsigned,,https://www.transfermarkt.com/jack-diarra/profil/spieler/1133779
tbg-tm-00738492,738492,Jevon Simons,Jevon Simons,J. Simons,J. Simons,,20,active,Netherlands; Suriname,Right Winger,ATT,Zulte Waregem,BE1,300000,82,82,82,0,82,development,unsigned,,https://www.transfermarkt.com/jevon-simons/profil/spieler/738492
tbg-tm-01401779,1401779,Jules Ahoka,Jules Ahoka,Jules Ahoka,Jules Ahoka,,20,active,DR Congo,Defensive Midfield,DEF,Royal Antwerp FC,BE1,300000,82,82,82,0,82,development,unsigned,,https://www.transfermarkt.com/jules-ahoka/profil/spieler/1401779
tbg-tm-00909961,909961,Jumpei Hayakawa,早川 隼平,J. Hayakawa,J. Hayakawa,,20,active,Japan,Attacking Midfield,MID,Urawa Red Diamonds,JAP1,300000,82,82,82,0,82,development,unsigned,,https://www.transfermarkt.com/jumpei-hayakawa/profil/spieler/909961
tbg-tm-00937072,937072,Kaïs Barry,Kaïs Houdoussi Barry,Kaïs Barry,Kaïs Barry,,20,active,Belgium; Guinea,Centre-Back,DEF,RSC Anderlecht,BE1,300000,82,82,82,0,82,development,unsigned,,https://www.transfermarkt.com/kais-barry/profil/spieler/937072
tbg-tm-01010899,1010899,Lazar Stefanović,Лазар Стефановић,L. Stefanović,L. Stefanović,,20,active,Canada; United States,Centre-Back,DEF,Toronto FC,MLS1,300000,82,82,82,0,82,development,unsigned,,https://www.transfermarkt.com/lazar-stefanovic/profil/spieler/1010899
tbg-tm-00845809,845809,Lewis Orford,Lewis William Orford,L. Orford,L. Orford,,20,active,England,Central Midfield,MID,West Ham United,GB2,300000,82,82,82,0,82,development,unsigned,,https://www.transfermarkt.com/lewis-orford/profil/spieler/845809
tbg-tm-00991751,991751,Lovro Golic,Lovro Golič,Lovro Golic,Lovro Golic,,20,active,Slovenia,Centre-Back,DEF,KV Mechelen,BE1,300000,82,82,82,0,82,development,unsigned,,https://www.transfermarkt.com/lovro-golic/profil/spieler/991751
tbg-tm-01238125,1238125,Mohamed El Sayed,محمد السيد,M. El Sayed,M. El Sayed,,20,active,Egypt,Central Midfield,MID,Zamalek SC,EGY1,300000,82,82,82,0,82,development,unsigned,,https://www.transfermarkt.com/mohamed-el-sayed/profil/spieler/1238125
tbg-tm-01099652,1099652,Patrick Ouotro,Vignon Mathieu Patrick Ouotro,P. Ouotro,P. Ouotro,,20,active,Cote d'Ivoire,Centre-Forward,ATT,Vitória Guimarães SC,PO1,300000,82,82,82,0,82,development,unsigned,,https://www.transfermarkt.com/patrick-ouotro/profil/spieler/1099652
tbg-tm-01010856,1010856,Ryan Rodin,Ryan Rodin,Ryan Rodin,Ryan Rodin,,20,active,France; Martinique,Centre-Forward,ATT,AJ Auxerre B,,300000,82,82,82,0,82,development,unsigned,,https://www.transfermarkt.com/ryan-rodin/profil/spieler/1010856
tbg-tm-01028959,1028959,Sam Parker,Samuel David Parker,Sam Parker,Sam Parker,,20,active,Wales,Right-Back,DEF,Swansea City,GB2,300000,82,82,82,0,82,development,unsigned,,https://www.transfermarkt.com/sam-parker/profil/spieler/1028959
tbg-tm-01384911,1384911,Samu Becerra,Samuel Becerra Gómez,S. Becerra,S. Becerra,,20,active,Spain,Central Midfield,MID,Rayo Vallecano B,,300000,82,82,82,0,82,development,unsigned,,https://www.transfermarkt.com/samu-becerra/profil/spieler/1384911
tbg-tm-01144614,1144614,Solomon Loubao,Salomon Takeacaba Loubao,S. Loubao,S. Loubao,,20,active,France; Cote d'Ivoire,Centre-Forward,ATT,AC Monza,IT1,300000,82,82,82,0,82,development,unsigned,,https://www.transfermarkt.com/solomon-loubao/profil/spieler/1144614
tbg-tm-00927933,927933,Velizar-Iliya Iliev,Велизар-Илия Светозаров Илиев,V. Iliev,V. Iliev,,20,active,Bulgaria,Goalkeeper,GK,Cagliari Calcio,IT1,300000,82,82,82,0,82,development,unsigned,,https://www.transfermarkt.com/velizar-iliya-iliev/profil/spieler/927933
tbg-tm-00946964,946964,Viktor Damjanic,Viktor Damjanić,V. Damjanic,V. Damjanic,,20,active,Croatia,Centre-Back,DEF,Oud-Heverlee Leuven,BE1,300000,82,82,82,0,82,development,unsigned,,https://www.transfermarkt.com/viktor-damjanic/profil/spieler/946964
tbg-tm-00929992,929992,Zaid Tchibara,Zaid Amoussou-Tchibara,Z. Tchibara,Z. Tchibara,,20,active,Togo; Germany,Right Winger,ATT,FC Schalke 04,L1,300000,82,82,82,0,82,development,unsigned,,https://www.transfermarkt.com/zaid-tchibara/profil/spieler/929992
tbg-tm-01242714,1242714,Fabian Kvam,Fabian Kvam,Fabian Kvam,Fabian Kvam,,20,active,Norway,Left Winger,ATT,SC Cambuur Leeuwarden,NL1,275000,81,81,81,0,81,development,unsigned,,https://www.transfermarkt.com/fabian-kvam/profil/spieler/1242714
tbg-tm-01086590,1086590,Alejandro Cichero,Alejandro Gabriel Cichero Terrero,A. Cichero,A. Cichero,,20,active,Venezuela; Italy,Centre-Forward,ATT,Frosinone Calcio,IT1,250000,82,82,82,0,82,development,unsigned,,https://www.transfermarkt.com/alejandro-cichero/profil/spieler/1086590
tbg-tm-01054634,1054634,Anass Zarrouk,Anass Zarrouk,A. Zarrouk,A. Zarrouk,,20,active,Netherlands; Morocco,Defensive Midfield,DEF,Willem II Tilburg,NL1,250000,82,82,82,0,82,development,unsigned,,https://www.transfermarkt.com/anass-zarrouk/profil/spieler/1054634
tbg-tm-00888639,888639,Ethan Wheatley,Ethan Joseph Wheatley,E. Wheatley,E. Wheatley,,20,active,England,Centre-Forward,ATT,Manchester United,GB1,250000,82,82,82,0,82,development,unsigned,,https://www.transfermarkt.com/ethan-wheatley/profil/spieler/888639
tbg-tm-00981197,981197,Frédéric Soèllé Soèllé,Frédéric Leroi Soèllé Soèllé,F. Soèllé Soèllé,F. Soèllé Soèllé,,20,active,Belgium; Cameroon,Centre-Forward,ATT,Sint-Truidense VV,BE1,250000,82,82,82,0,82,development,unsigned,,https://www.transfermarkt.com/frederic-soelle-soelle/profil/spieler/981197
tbg-tm-00827711,827711,Gabriël Reiziger,Gabriël Reiziger,G. Reiziger,G. Reiziger,,20,active,Netherlands; Suriname,Attacking Midfield,MID,PEC Zwolle,NL1,250000,82,82,82,0,82,development,unsigned,,https://www.transfermarkt.com/gabriel-reiziger/profil/spieler/827711
tbg-tm-00884821,884821,Gökdeniz Gürpüz,Gökdeniz Gürpüz,G. Gürpüz,G. Gürpüz,,20,active,Türkiye; Germany,Attacking Midfield,MID,1.FC Saarbrücken,L3,250000,82,82,82,0,82,development,unsigned,,https://www.transfermarkt.com/goekdeniz-guerpuez/profil/spieler/884821
tbg-tm-01074967,1074967,Gustavo Albarracín,Gustavo Hidalgo Albarracín,G. Albarracín,G. Albarracín,,20,active,Argentina; Italy,Central Midfield,MID,Deportivo Alavés,ES1,250000,82,82,82,0,82,development,unsigned,,https://www.transfermarkt.com/gustavo-albarracin/profil/spieler/1074967
tbg-tm-00998609,998609,Jake Azzopardi,Jake Azzopardi,J. Azzopardi,J. Azzopardi,,20,active,Malta,Midfielder,MID,Valletta FC,MT1N,250000,82,82,82,0,82,development,unsigned,,https://www.transfermarkt.com/jake-azzopardi/profil/spieler/998609
tbg-tm-01492798,1492798,Kwaku Agyabeng,Kwaku Agyabeng,K. Agyabeng,K. Agyabeng,,20,active,Ghana,Central Midfield,MID,Sporting Kansas City,MLS1,250000,82,82,82,0,82,development,unsigned,,https://www.transfermarkt.com/kwaku-agyabeng/profil/spieler/1492798
tbg-tm-01057839,1057839,Lapo Deli,Lapo Deli,Lapo Deli,Lapo Deli,,20,active,Italy,Defensive Midfield,DEF,ACF Fiorentina,IT1,250000,82,82,82,0,82,development,unsigned,,https://www.transfermarkt.com/lapo-deli/profil/spieler/1057839
tbg-tm-01391239,1391239,Mohamed Fofana,Mohamed Lei Fofana,M. Fofana,M. Fofana,,20,active,Cote d'Ivoire,Right-Back,DEF,KV Kortrijk,BE1,250000,82,82,82,0,82,development,unsigned,,https://www.transfermarkt.com/mohamed-fofana/profil/spieler/1391239
tbg-tm-00743377,743377,Noah Mawete,Noah Emmanuel Mawete Kinsiona,Noah Mawete,Noah Mawete,,20,active,DR Congo; Belgium,Defensive Midfield,DEF,SK Beveren,BE1,250000,82,82,82,0,82,development,unsigned,,https://www.transfermarkt.com/noah-mawete/profil/spieler/743377
tbg-tm-01049862,1049862,Samuele Capolupo,Samuele Capolupo,S. Capolupo,S. Capolupo,,20,active,Italy,Left-Back,DEF,AC Monza,IT1,250000,82,82,82,0,82,development,unsigned,,https://www.transfermarkt.com/samuele-capolupo/profil/spieler/1049862
tbg-tm-01180693,1180693,Thamer Al-Khaibri,"Thamer Fathi Mustafa Al-Dakheel Al-Khaibri , ثامر فتحي الخيبري",T. Al-Khaibri,T. Al-Khaibri,,20,active,Saudi Arabia,Centre-Forward,ATT,NEOM SC,SA1,250000,82,82,82,0,82,development,unsigned,,https://www.transfermarkt.com/thamer-al-khaibri/profil/spieler/1180693
tbg-tm-01248972,1248972,Zinedine Kada,زين الدين كادا,Z. Kada,Z. Kada,,20,active,Tunisia,Centre-Forward,ATT,Esperance Tunis,TUN1,250000,82,82,82,0,82,development,unsigned,,https://www.transfermarkt.com/zinedine-kada/profil/spieler/1248972
tbg-tm-00998664,998664,Adam Beaudry,Adam James Beaudry,A. Beaudry,A. Beaudry,,20,active,United States,Goalkeeper,GK,Colorado Rapids,MLS1,200000,82,82,82,0,82,development,unsigned,,https://www.transfermarkt.com/adam-beaudry/profil/spieler/998664
tbg-tm-01189317,1189317,Amadou Cissé,Amadou Cissé,A. Cissé,A. Cissé,,20,active,Guinea,Centre-Back,DEF,Amed SK,TR1,200000,82,82,82,0,82,development,unsigned,,https://www.transfermarkt.com/amadou-cisse/profil/spieler/1189317
tbg-tm-01261642,1261642,Deivison Souza Brito,Deivison,Deivison,Deivison,Deivison,20,active,Brazil,Central Midfield,MID,CD Nacional,PO1,200000,82,82,82,0,82,development,unsigned,,https://www.transfermarkt.com/deivison/profil/spieler/1261642
tbg-tm-01162205,1162205,Dylan Borso,Dylan Borso,Dylan Borso,Dylan Borso,,20,active,United States,Right Winger,ATT,Chicago Fire FC,MLS1,200000,82,82,82,0,82,development,unsigned,,https://www.transfermarkt.com/dylan-borso/profil/spieler/1162205
tbg-tm-01052274,1052274,Dzhaner Sadetinov,Джанер Назим Садетинов,D. Sadetinov,D. Sadetinov,,20,active,Bulgaria,Centre-Back,DEF,Hebar,BU2,200000,82,82,82,0,82,development,unsigned,,https://www.transfermarkt.com/dzhaner-sadetinov/profil/spieler/1052274
tbg-tm-00989448,989448,Ebbe De Vlaeminck,Ebbe De Vlaeminck,E. De Vlaeminck,E. De Vlaeminck,,20,active,Belgium,Goalkeeper,GK,KV Kortrijk,BE1,200000,82,82,82,0,82,development,unsigned,,https://www.transfermarkt.com/ebbe-de-vlaeminck/profil/spieler/989448
tbg-tm-00890532,890532,Fayssal Harchaoui,Fayssal Harchaoui,F. Harchaoui,F. Harchaoui,,20,active,Germany; Morocco,Defensive Midfield,DEF,1.FC Köln,L1,200000,82,82,82,0,82,development,unsigned,,https://www.transfermarkt.com/fayssal-harchaoui/profil/spieler/890532
tbg-tm-00923299,923299,Felipe Lima,Felipe de Almeida Lima,Felipe Lima,Felipe Lima,,20,active,Brazil,Centre-Forward,ATT,FC Alverca B,CPSC,200000,82,82,82,0,82,development,unsigned,,https://www.transfermarkt.com/felipe-lima/profil/spieler/923299
tbg-tm-00948932,948932,Gabe Forsyth,Gabriel Forsyth,G. Forsyth,G. Forsyth,,20,active,Scotland,Central Midfield,MID,Norwich City,GB2,200000,82,82,82,0,82,development,unsigned,,https://www.transfermarkt.com/gabe-forsyth/profil/spieler/948932
tbg-tm-00937727,937727,Gil Martins,Gil Pinto Martins,Gil Martins,Gil Martins,,20,active,Portugal,Attacking Midfield,MID,Gil Vicente FC,PO1,200000,82,82,82,0,82,development,unsigned,,https://www.transfermarkt.com/gil-martins/profil/spieler/937727
tbg-tm-01093809,1093809,José Guilherme Ribeiro,Gui,Gui,Gui,Gui,20,active,Portugal,Goalkeeper,GK,Vitória Guimarães SC B,PT3A,200000,82,82,82,0,82,development,unsigned,,https://www.transfermarkt.com/gui/profil/spieler/1093809
tbg-tm-00669379,669379,Kebba Sowe,Kebba Sowe,Kebba Sowe,Kebba Sowe,,20,active,The Gambia,Centre-Forward,ATT,Esperance Tunis,TUN1,200000,82,82,82,0,82,development,unsigned,,https://www.transfermarkt.com/kebba-sowe/profil/spieler/669379
tbg-tm-00842212,842212,Leon Lalic,Leon Lalić,Leon Lalic,Leon Lalic,,20,active,Croatia; Austria,Attacking Midfield,MID,Lommel SK,BE1,200000,82,82,82,0,82,development,unsigned,,https://www.transfermarkt.com/leon-lalic/profil/spieler/842212
tbg-tm-01047861,1047861,Martim Gustavo Silva Watts Rodrigues,Watts,Watts,Watts,Watts,20,active,Portugal; Brazil,Right Winger,ATT,CD Nacional,PO1,200000,82,82,82,0,82,development,unsigned,,https://www.transfermarkt.com/watts/profil/spieler/1047861
tbg-tm-00979761,979761,Mathys Silistrie,Mathys Silistrie,M. Silistrie,M. Silistrie,,20,active,France; Guadeloupe,Goalkeeper,GK,Quevilly - Rouen Métropole,FR3,200000,82,82,82,0,82,development,unsigned,,https://www.transfermarkt.com/mathys-silistrie/profil/spieler/979761
tbg-tm-00937107,937107,Matt Lendfers,Matt Lendfers,M. Lendfers,M. Lendfers,,20,active,Belgium; Netherlands,Goalkeeper,GK,Sint-Truidense VV,BE1,200000,82,82,82,0,82,development,unsigned,,https://www.transfermarkt.com/matt-lendfers/profil/spieler/937107
tbg-tm-01073176,1073176,Oumar Pona,Oumar Kalifa Pona,Oumar Pona,Oumar Pona,,20,active,Mali; France,Goalkeeper,GK,Angers SCO,FR1,200000,82,82,82,0,82,development,unsigned,,https://www.transfermarkt.com/oumar-pona/profil/spieler/1073176
tbg-tm-00988275,988275,Paul Argney,Paul Antoine Robin Stanislas Argney,Paul Argney,Paul Argney,,20,active,France,Goalkeeper,GK,Le Havre AC,FR1,200000,82,82,82,0,82,development,unsigned,,https://www.transfermarkt.com/paul-argney/profil/spieler/988275
tbg-tm-01025412,1025412,Ryan van de Pavert,Ryan van de Pavert,R. van de Pavert,R. van de Pavert,,20,active,Netherlands,Right-Back,DEF,SC Cambuur Leeuwarden,NL1,200000,82,82,82,0,82,development,unsigned,,https://www.transfermarkt.com/ryan-van-de-pavert/profil/spieler/1025412
tbg-tm-00741267,741267,Sam Curtis,Sam Curtis,Sam Curtis,Sam Curtis,,20,active,Ireland,Right-Back,DEF,Sheffield United,GB2,200000,82,82,82,0,82,development,unsigned,,https://www.transfermarkt.com/sam-curtis/profil/spieler/741267
tbg-tm-00998204,998204,Tahir Reid-Brown,Tahir Yazid Reid-Brown,T. Reid-Brown,T. Reid-Brown,,20,active,United States,Left-Back,DEF,St. Louis CITY SC,MLS1,200000,82,82,82,0,82,development,unsigned,,https://www.transfermarkt.com/tahir-reid-brown/profil/spieler/998204
tbg-tm-01142144,1142144,Tahsin Bülbül,Tahsin Bülbül,T. Bülbül,T. Bülbül,,20,active,Türkiye,Left Winger,ATT,Samsunspor,TR1,200000,82,82,82,0,82,development,unsigned,,https://www.transfermarkt.com/tahsin-buelbuel/profil/spieler/1142144
tbg-tm-01067930,1067930,Taylan Aydın,Taylan Utku Aydın,T. Aydın,T. Aydın,,20,active,Türkiye,Centre-Back,DEF,Kasimpasa,TR1,200000,82,82,82,0,82,development,unsigned,,https://www.transfermarkt.com/taylan-aydin/profil/spieler/1067930
tbg-tm-01149884,1149884,Wiebe Kooistra,Wiebe Kooistra,W. Kooistra,W. Kooistra,,20,active,Netherlands,Right Winger,ATT,SC Cambuur Leeuwarden,NL1,200000,82,82,82,0,82,development,unsigned,,https://www.transfermarkt.com/wiebe-kooistra/profil/spieler/1149884
tbg-tm-01298533,1298533,Facundo Valdez,Facundo Samuel Valdez,F. Valdez,F. Valdez,,20,active,Argentina,Left Winger,ATT,CA Independiente,ARGC,200000,81,81,81,0,81,development,unsigned,,https://www.transfermarkt.com/facundo-valdez/profil/spieler/1298533
tbg-tm-00932733,932733,Leonardo Baroncelli,Leonardo Baroncelli,L. Baroncelli,L. Baroncelli,,20,active,Italy,Centre-Back,DEF,AS Gubbio 1910,IT3B,175000,82,82,82,0,82,development,unsigned,,https://www.transfermarkt.com/leonardo-baroncelli/profil/spieler/932733
tbg-tm-00933914,933914,Mees Eppink,Mees Yunfei Eppink,Mees Eppink,Mees Eppink,,20,active,Netherlands; Thailand,Goalkeeper,GK,FC Utrecht,NL1,175000,82,82,82,0,82,development,unsigned,,https://www.transfermarkt.com/mees-eppink/profil/spieler/933914
tbg-tm-01091673,1091673,MJ Kamson-Kamara,Michael-John Valentino Kamson-Kamara,M. Kamson-Kamara,M. Kamson-Kamara,,20,active,England,Centre-Back,DEF,Heart of Midlothian FC,SC1,175000,82,82,82,0,82,development,unsigned,,https://www.transfermarkt.com/mj-kamson-kamara/profil/spieler/1091673
tbg-tm-01501596,1501596,Sultan Harun,"Sultan Ali Harun, سلطان علي عيسى هارون",S. Harun,S. Harun,,20,active,Sudan,Centre-Forward,ATT,Al-Qadsiah FC,SA1,175000,82,82,82,0,82,development,unsigned,,https://www.transfermarkt.com/sultan-harun/profil/spieler/1501596
tbg-tm-01104715,1104715,Zach De Jesus,Zachary Payne De Jesus,Z. De Jesus,Z. De Jesus,,20,active,Australia,Right-Back,DEF,Sydney FC,AUS1,175000,82,82,82,0,82,development,unsigned,,https://www.transfermarkt.com/zach-de-jesus/profil/spieler/1104715
tbg-tm-01159759,1159759,Adam Nhaili,Adam Nhaili,Adam Nhaili,Adam Nhaili,,20,active,Belgium,Attacking Midfield,MID,Sint-Truidense VV,BE1,150000,82,82,82,0,82,development,unsigned,,https://www.transfermarkt.com/adam-nhaili/profil/spieler/1159759
tbg-tm-01123952,1123952,Alama Bayo,Alama Bayo,Alama Bayo,Alama Bayo,,20,active,Belgium; Guinea,Right Winger,ATT,Cercle Brugge ,BE1,150000,82,82,82,0,82,development,unsigned,,https://www.transfermarkt.com/alama-bayo/profil/spieler/1123952
tbg-tm-00955354,955354,Dan Sinaté,Dan Sinaté,Dan Sinaté,Dan Sinaté,,20,active,Mali; France,Left-Back,DEF,Angers SCO,FR1,150000,82,82,82,0,82,development,unsigned,,https://www.transfermarkt.com/dan-sinate/profil/spieler/955354
tbg-tm-00981856,981856,Doğukan Tuzcu,Doğukan Tuzcu,D. Tuzcu,D. Tuzcu,,20,active,Türkiye,Left-Back,DEF,Basaksehir FK,TR1,150000,82,82,82,0,82,development,unsigned,,https://www.transfermarkt.com/dogukan-tuzcu/profil/spieler/981856
tbg-tm-01079595,1079595,Eoin Kenny,Eoin Kenny,Eoin Kenny,Eoin Kenny,,20,active,Northern Ireland; Ireland,Centre-Forward,ATT,Portsmouth FC,GB2,150000,82,82,82,0,82,development,unsigned,,https://www.transfermarkt.com/eoin-kenny/profil/spieler/1079595
tbg-tm-00930013,930013,Florian Pruhs,Florian Pruhs,F. Pruhs,F. Pruhs,,20,active,Germany,Goalkeeper,GK,SC Paderborn 07,L1,150000,82,82,82,0,82,development,unsigned,,https://www.transfermarkt.com/florian-pruhs/profil/spieler/930013
tbg-tm-01193460,1193460,Harry Ashfield,Harry Ashfield,H. Ashfield,H. Ashfield,,20,active,Wales,Attacking Midfield,MID,Wrexham AFC,GB2,150000,82,82,82,0,82,development,unsigned,,https://www.transfermarkt.com/harry-ashfield/profil/spieler/1193460
tbg-tm-01287151,1287151,Hugo Lambotte,Hugo Michel Lambotte,H. Lambotte,H. Lambotte,,20,active,Belgium,Centre-Back,DEF,Sint-Truidense VV,BE1,150000,82,82,82,0,82,development,unsigned,,https://www.transfermarkt.com/hugo-lambotte/profil/spieler/1287151
tbg-tm-01112486,1112486,Jhoan Hernández,Jhoan Hernández Mejía,J. Hernández,J. Hernández,,20,active,Colombia,Left-Back,DEF,Botafogo de Futebol e Regatas,BRA1,150000,82,82,82,0,82,development,unsigned,,https://www.transfermarkt.com/jhoan-hernandez/profil/spieler/1112486
tbg-tm-00895089,895089,Juliën Mesbahi,"Juliën Merijn Mesbahi, جوليان ميريجن مصباحي",J. Mesbahi,J. Mesbahi,,20,active,Morocco; Netherlands,Centre-Back,DEF,FC Twente Enschede,NL1,150000,82,82,82,0,82,development,unsigned,,https://www.transfermarkt.com/julien-mesbahi/profil/spieler/895089
tbg-tm-00907082,907082,Karl Steinmann,Karl Steinmann,K. Steinmann,K. Steinmann,,20,active,Germany,Right-Back,DEF,SC Freiburg,L1,150000,82,82,82,0,82,development,unsigned,,https://www.transfermarkt.com/karl-steinmann/profil/spieler/907082
tbg-tm-01245677,1245677,Majed Abdullah,"Majed Hani Abdullah, ماجد هاني عبدالله",M. Abdullah,M. Abdullah,,20,active,Saudi Arabia; United States,Centre-Forward,ATT,Al-Shabab FC,SA1,150000,82,82,82,0,82,development,unsigned,,https://www.transfermarkt.com/majed-abdullah/profil/spieler/1245677
tbg-tm-00934317,934317,Maxim Dal,Maxim Bora Dal,Maxim Dal,Maxim Dal,,20,active,Germany; Türkiye,Centre-Back,DEF,1.FSV Mainz 05,L1,150000,82,82,82,0,82,development,unsigned,,https://www.transfermarkt.com/maxim-dal/profil/spieler/934317
tbg-tm-00848755,848755,Sven Bouland,Sven Bouland,S. Bouland,S. Bouland,,20,active,Netherlands,Centre-Back,DEF,FC Groningen,NL1,150000,82,82,82,0,82,development,unsigned,,https://www.transfermarkt.com/sven-bouland/profil/spieler/848755
tbg-tm-00984373,984373,Tommaso Macchioni,Tommaso Macchioni,T. Macchioni,T. Macchioni,,20,active,Italy,Centre-Back,DEF,US Sassuolo,IT1,150000,82,82,82,0,82,development,unsigned,,https://www.transfermarkt.com/tommaso-macchioni/profil/spieler/984373
tbg-tm-01245251,1245251,Zakaria Kassary,زكرياء قصاري,Z. Kassary,Z. Kassary,,20,active,Morocco,Central Midfield,MID,FC Alverca,PO1,150000,82,82,82,0,82,development,unsigned,,https://www.transfermarkt.com/zakaria-kassary/profil/spieler/1245251
tbg-tm-01330427,1330427,Selemani Mwalimu,Selemani Mwalimu Abdala,S. Mwalimu,S. Mwalimu,,20,active,Tanzania,Centre-Forward,ATT,Wydad Casablanca,MAR1,150000,81,81,81,0,81,development,unsigned,,https://www.transfermarkt.com/selemani-mwalimu/profil/spieler/1330427
tbg-tm-01145325,1145325,Abdulrahman Al-Ghamdi,"Abdulrahman Ali A. Al-Ghamdi , عبدالرحمن علي الغامدي",A. Al-Ghamdi,A. Al-Ghamdi,,20,active,Saudi Arabia,Goalkeeper,GK,Al-Taawoun FC,SA1,125000,82,82,82,0,82,development,unsigned,,https://www.transfermarkt.com/abdulrahman-al-ghamdi/profil/spieler/1145325
tbg-tm-01046042,1046042,Cole Mrowka,Cole Mrowka,Cole Mrowka,Cole Mrowka,,20,active,Philippines; United States,Central Midfield,MID,Columbus Crew,MLS1,125000,82,82,82,0,82,development,unsigned,,https://www.transfermarkt.com/cole-mrowka/profil/spieler/1046042
tbg-tm-00886252,886252,Isaiah Ahmed,Isaiah Ahmed,I. Ahmed,I. Ahmed,,20,active,Curacao; Netherlands,Central Midfield,MID,SC Telstar,NL1,125000,82,82,82,0,82,development,unsigned,,https://www.transfermarkt.com/isaiah-ahmed/profil/spieler/886252
tbg-tm-01047294,1047294,Johannes Siebeking,Johannes Simon Siebeking,J. Siebeking,J. Siebeking,,20,active,Germany,Goalkeeper,GK,FC Schalke 04,L1,125000,82,82,82,0,82,development,unsigned,,https://www.transfermarkt.com/johannes-siebeking/profil/spieler/1047294
tbg-tm-01032924,1032924,Mats Heitmann,Mats Ole Heitmann,M. Heitmann,M. Heitmann,,20,active,Germany,Centre-Back,DEF,SV Werder Bremen,L1,125000,82,82,82,0,82,development,unsigned,,https://www.transfermarkt.com/mats-heitmann/profil/spieler/1032924
tbg-tm-01248998,1248998,Mohammed Al-Sahihi,"Mohammed Hussain Al-Sahihi, محمد حسين السحيحي",M. Al-Sahihi,M. Al-Sahihi,,20,active,Saudi Arabia,Central Midfield,MID,Al-Fateh SC,SA1,125000,82,82,82,0,82,development,unsigned,,https://www.transfermarkt.com/mohammed-al-sahihi/profil/spieler/1248998
tbg-tm-01451603,1451603,Moustapha Sémbène,Moustapha Sémbène,M. Sémbène,M. Sémbène,,20,active,Senegal,Centre-Back,DEF,Al-Taawoun FC,SA1,125000,82,82,82,0,82,development,unsigned,,https://www.transfermarkt.com/moustapha-sembene/profil/spieler/1451603
tbg-tm-01000274,1000274,Brian Romero,Brian Carmona Romero,B. Romero,B. Romero,,20,active,United States; Mexico,Right Winger,ATT,Charlotte FC,MLS1,125000,81,81,81,0,81,development,unsigned,,https://www.transfermarkt.com/brian-romero/profil/spieler/1000274
tbg-tm-00955355,955355,Arthur Tchaptchet,Arthur Daniel Tchaptchet,A. Tchaptchet,A. Tchaptchet,,20,active,France; Cameroon,Centre-Back,DEF,Gil Vicente FC,PO1,100000,82,82,82,0,82,development,unsigned,,https://www.transfermarkt.com/arthur-tchaptchet/profil/spieler/955355
tbg-tm-01017551,1017551,Bedirhan Çetin,Bedirhan Çetin,B. Çetin,B. Çetin,,20,active,Türkiye,Centre-Back,DEF,Samsunspor,TR1,100000,82,82,82,0,82,development,unsigned,,https://www.transfermarkt.com/bedirhan-cetin/profil/spieler/1017551
tbg-tm-00944086,944086,César Bustos,César Rodrigo Bustos Hernández,C. Bustos,C. Bustos,,20,active,Mexico,Centre-Back,DEF,CF Monterrey,MEXA,100000,82,82,82,0,82,development,unsigned,,https://www.transfermarkt.com/cesar-bustos/profil/spieler/944086
tbg-tm-01495694,1495694,El Sayed Osama,السيد أسامة,E. Osama,E. Osama,,20,active,Egypt,Defensive Midfield,DEF,Zamalek SC,EGY1,100000,82,82,82,0,82,development,unsigned,,https://www.transfermarkt.com/el-sayed-osama/profil/spieler/1495694
tbg-tm-01062863,1062863,Elijah Morrison,Elijah Morrison,E. Morrison,E. Morrison,,20,active,England,Left-Back,DEF,Bristol City,GB2,100000,82,82,82,0,82,development,unsigned,,https://www.transfermarkt.com/elijah-morrison/profil/spieler/1062863
tbg-tm-01313802,1313802,Emirhan Boz,Emirhan Boz,Emirhan Boz,Emirhan Boz,,20,active,Türkiye,Defensive Midfield,DEF,Kasimpasa,TR1,100000,82,82,82,0,82,development,unsigned,,https://www.transfermarkt.com/emirhan-boz/profil/spieler/1313802
tbg-tm-01089809,1089809,Gonçalo Maia,Gonçalo Maia Pereira,G. Maia,G. Maia,,20,active,Portugal,Central Midfield,MID,Gil Vicente U23,,100000,82,82,82,0,82,development,unsigned,,https://www.transfermarkt.com/goncalo-maia/profil/spieler/1089809
tbg-tm-01109829,1109829,Gus Hoefsloot,Gus Tinus Hoefsloot,G. Hoefsloot,G. Hoefsloot,,20,active,Australia; Netherlands,Goalkeeper,GK,Sydney FC,AUS1,100000,82,82,82,0,82,development,unsigned,,https://www.transfermarkt.com/gus-hoefsloot/profil/spieler/1109829
tbg-tm-00930547,930547,Harry Whitwell,Harry Whitwell,H. Whitwell,H. Whitwell,,20,active,England,Central Midfield,MID,West Bromwich Albion,GB2,100000,82,82,82,0,82,development,unsigned,,https://www.transfermarkt.com/harry-whitwell/profil/spieler/930547
tbg-tm-00975348,975348,Joan Tincrès,Joan Lenny Yannis Tincrès,J. Tincrès,J. Tincrès,,20,active,France,Centre-Forward,ATT,Le Havre AC,FR1,100000,82,82,82,0,82,development,unsigned,,https://www.transfermarkt.com/joan-tincres/profil/spieler/975348
tbg-tm-00981342,981342,Law McCabe,Law Marc McCabe,Law McCabe,Law McCabe,,20,active,England,Central Midfield,MID,Middlesbrough FC,GB2,100000,82,82,82,0,82,development,unsigned,,https://www.transfermarkt.com/law-mccabe/profil/spieler/981342
tbg-tm-01180062,1180062,Mehdi Al-Aboud,"Mehdi Mohammed Al-Aboud, مهدي محمد العبود",M. Al-Aboud,M. Al-Aboud,,20,active,Saudi Arabia,Defensive Midfield,DEF,Al-Fateh SC,SA1,100000,82,82,82,0,82,development,unsigned,,https://www.transfermarkt.com/mehdi-al-aboud/profil/spieler/1180062
tbg-tm-00775984,775984,Merijn van de Wiel,Merijn van de Wiel,M. van de Wiel,M. van de Wiel,,20,active,Netherlands,Centre-Back,DEF,NEC Nijmegen,NL1,100000,82,82,82,0,82,development,unsigned,,https://www.transfermarkt.com/merijn-van-de-wiel/profil/spieler/775984
tbg-tm-00994268,994268,Micah Burton,Micah Aiden Burton,M. Burton,M. Burton,,20,active,United States; Cambodia,Attacking Midfield,MID,Austin FC,MLS1,100000,82,82,82,0,82,development,unsigned,,https://www.transfermarkt.com/micah-burton/profil/spieler/994268
