transfermarkt_id,display_name,full_name,name_key,date_of_birth,age,nationality,position,position_category,foot,height_cm,current_club,current_club_id,current_competition_code,contract_until,market_value_eur,previous_market_value_eur,highest_market_value_eur,market_value_determined,international_team,international_caps,international_goals,total_transfer_fees_eur,profile_url,photo_url,source
188888,Sheraldo Becker,Sheraldo Rudi Salomo Willem Becker,sheraldo becker,1995-02-09,31,Suriname; Netherlands,Left Winger,Striker,right,180,1.FSV Mainz 05,39,L1,,1500000,1500000,17000000,2026-05-27,Suriname,23,5,3700000,https://www.transfermarkt.com/sheraldo-becker/profil/spieler/188888,https://img.a.transfermarkt.technology/portrait/big/188888-1692707512.jpg,apify-transfermarkt-global-player-scraper
182913,Adrien Rabiot,Adrien Rabiot-Provost,adrien rabiot,1995-04-03,31,France,Central Midfield,Midfielder,left,191,AC Milan,5,IT1,2028-06-30,18000000,20000000,50000000,2026-05-29,France,63,7,7000000,https://www.transfermarkt.com/adrien-rabiot/profil/spieler/182913,https://img.a.transfermarkt.technology/portrait/big/182913-1681462009.jpg,apify-transfermarkt-global-player-scraper
381950,Alexis Saelemaekers,Alexis Jesse Saelemaekers,alexis saelemaekers,1999-06-27,27,Belgium,Right Midfield,Midfielder,right,180,AC Milan,5,IT1,2031-06-30,20000000,25000000,25000000,2026-05-29,Belgium,26,3,11400000,https://www.transfermarkt.com/alexis-saelemaekers/profil/spieler/381950,https://img.a.transfermarkt.technology/portrait/big/381950-1757604189.jpg,apify-transfermarkt-global-player-scraper
964087,Alphadjo Cissè,Alphadjo Cissè,alphadjo cisse,2006-10-22,19,Italy; Guinea,Attacking Midfield,Midfielder,right,181,AC Milan,5,IT1,2030-06-30,7000000,7000000,7000000,2026-06-04,,0,0,8000000,https://www.transfermarkt.com/alphadjo-cisse/profil/spieler/964087,https://img.a.transfermarkt.technology/portrait/big/964087-1704901805.jpg,apify-transfermarkt-global-player-scraper
608172,Ardon Jashari,Ardon Jashari,ardon jashari,2002-07-30,23,Switzerland; North Macedonia,Defensive Midfield,Midfielder,left,181,AC Milan,5,IT1,2030-06-30,25000000,30000000,32000000,2026-05-29,Switzerland,9,0,42000000,https://www.transfermarkt.com/ardon-jashari/profil/spieler/608172,https://img.a.transfermarkt.technology/portrait/big/608172-1734438792.jpg,apify-transfermarkt-global-player-scraper
1058363,Christian Comotto,Christian Comotto,christian comotto,2008-04-25,18,Italy,Central Midfield,Midfielder,right,185,AC Milan,5,IT1,2028-06-30,5000000,4500000,5000000,2026-06-04,Italy U19,7,1,0,https://www.transfermarkt.com/christian-comotto/profil/spieler/1058363,https://img.a.transfermarkt.technology/portrait/big/1058363-1713979779.jpg,apify-transfermarkt-global-player-scraper
315779,Christian Pulisic,Christian Mate Pulišić,christian pulisic,1998-09-18,27,United States; Croatia,Right Winger,Striker,right,177,AC Milan,5,IT1,2027-06-30,40000000,50000000,60000000,2026-05-29,United States,89,33,84800000,https://www.transfermarkt.com/christian-pulisic/profil/spieler/315779,https://img.a.transfermarkt.technology/portrait/big/315779-1691696699.jpg,apify-transfermarkt-global-player-scraper
344381,Christopher Nkunku,Christopher Alan Nkunku,christopher nkunku,1997-11-14,28,France; DR Congo,Centre-Forward,Striker,right,177,AC Milan,5,IT1,2030-06-30,25000000,28000000,80000000,2026-05-29,,0,0,116500000,https://www.transfermarkt.com/christopher-nkunku/profil/spieler/344381,https://img.a.transfermarkt.technology/portrait/big/344381-1663686834.jpg,apify-transfermarkt-global-player-scraper
897423,David Odogu,David Uyoyo Odogu,david odogu,2006-06-03,20,Germany; Nigeria,Centre-Back,Defender,right,191,AC Milan,5,IT1,2029-06-30,5000000,5000000,5000000,2026-05-29,Germany U20,4,0,7000000,https://www.transfermarkt.com/david-odogu/profil/spieler/897423,https://img.a.transfermarkt.technology/portrait/big/897423-1724771146.jpg,apify-transfermarkt-global-player-scraper
887638,Davide Bartesaghi,Davide Bartesaghi,davide bartesaghi,2005-12-29,20,Italy,Left-Back,Defender,left,193,AC Milan,5,IT1,2030-06-30,22000000,23000000,23000000,2026-05-29,Italy,2,0,0,https://www.transfermarkt.com/davide-bartesaghi/profil/spieler/887638,https://img.a.transfermarkt.technology/portrait/big/887638-1695108454.jpg,apify-transfermarkt-global-player-scraper
303254,Fikayo Tomori,Oluwafikayomi Oluwadamilola Tomori,fikayo tomori,1997-12-19,28,England; Canada,Centre-Back,Defender,right,185,AC Milan,5,IT1,2027-06-30,17000000,20000000,50000000,2026-05-29,,0,0,35900000,https://www.transfermarkt.com/fikayo-tomori/profil/spieler/303254,https://img.a.transfermarkt.technology/portrait/big/303254-1684856117.jpg,apify-transfermarkt-global-player-scraper
631007,Filippo Terracciano,Filippo Terracciano,filippo terracciano,2003-02-08,23,Italy,Centre-Back,Defender,right,186,AC Milan,5,IT1,2028-06-30,4500000,4500000,4500000,2026-05-29,,0,0,5000000,https://www.transfermarkt.com/filippo-terracciano/profil/spieler/631007,https://img.a.transfermarkt.technology/portrait/big/631007-1739283881.jpg,apify-transfermarkt-global-player-scraper
1058368,Francesco Camarda,Francesco Camarda,francesco camarda,2008-03-10,18,Italy,Centre-Forward,Striker,right,189,AC Milan,5,IT1,2028-06-30,15000000,15000000,15000000,2026-05-29,Italy,2,0,1350000,https://www.transfermarkt.com/francesco-camarda/profil/spieler/1058368,https://img.a.transfermarkt.technology/portrait/big/1058368-1751957691.jpg,apify-transfermarkt-global-player-scraper
550550,Gonçalo Ramos,Gonçalo Matias Ramos,goncalo ramos,2001-06-20,25,Portugal,Centre-Forward,Striker,right,185,AC Milan,5,IT1,2031-06-30,30000000,35000000,50000000,2026-06-01,Portugal,27,11,139000000,https://www.transfermarkt.com/goncalo-ramos/profil/spieler/550550,https://img.a.transfermarkt.technology/portrait/big/550550-1681906158.jpg,apify-transfermarkt-global-player-scraper
351816,Ismaël Bennacer,اسماعيل بن ناصر,ismael bennacer,1997-12-01,28,Algeria; France,Defensive Midfield,Midfielder,left,175,AC Milan,5,IT1,2027-06-30,8000000,9000000,40000000,2026-05-29,,0,0,19450000,https://www.transfermarkt.com/ismael-bennacer/profil/spieler/351816,https://img.a.transfermarkt.technology/portrait/big/351816-1663575089.jpg,apify-transfermarkt-global-player-scraper
883349,Kevin Zeroli,Kevin Zeroli,kevin zeroli,2005-01-11,21,Italy; Nigeria,Central Midfield,Midfielder,right,187,AC Milan,5,IT1,2028-06-30,3300000,3800000,4000000,2026-06-04,Italy U21,2,0,0,https://www.transfermarkt.com/kevin-zeroli/profil/spieler/883349,https://img.a.transfermarkt.technology/portrait/big/883349-1696430935.jpg,apify-transfermarkt-global-player-scraper
490384,Koni De Winter,Koni De Winter,koni de winter,2002-06-12,24,Belgium; DR Congo,Centre-Back,Defender,right,191,AC Milan,5,IT1,2030-06-30,23000000,23000000,23000000,2026-05-29,Belgium,8,0,31000000,https://www.transfermarkt.com/koni-de-winter/profil/spieler/490384,https://img.a.transfermarkt.technology/portrait/big/490384-1730126791.jpg,apify-transfermarkt-global-player-scraper
939745,Lorenzo Torriani,Lorenzo Torriani,lorenzo torriani,2005-01-31,21,Italy,Goalkeeper,Goalkeeper,right,197,AC Milan,5,IT1,2030-06-30,800000,500000,800000,2026-05-29,Italy U21,1,0,0,https://www.transfermarkt.com/lorenzo-torriani/profil/spieler/939745,https://img.a.transfermarkt.technology/portrait/big/939745-1730184012.jpg,apify-transfermarkt-global-player-scraper
323167,Matteo Gabbia,Matteo Gabbia,matteo gabbia,1999-10-21,26,Italy,Centre-Back,Defender,right,185,AC Milan,5,IT1,2029-06-30,17000000,20000000,20000000,2026-05-29,,0,0,0,https://www.transfermarkt.com/matteo-gabbia/profil/spieler/323167,https://img.a.transfermarkt.technology/portrait/big/323167-1661351918.jpg,apify-transfermarkt-global-player-scraper
182906,Mike Maignan,Mike Peterson Maignan,mike maignan,1995-07-03,31,France; French Guiana,Goalkeeper,Goalkeeper,right,191,AC Milan,5,IT1,2031-06-30,20000000,25000000,45000000,2026-05-29,France,45,0,17400000,https://www.transfermarkt.com/mike-maignan/profil/spieler/182906,https://img.a.transfermarkt.technology/portrait/big/182906-1681459155.jpg,apify-transfermarkt-global-player-scraper
349599,Pervis Estupiñán,Pervis Josué Estupiñán Tenorio,pervis estupinan,1998-01-21,28,Ecuador; Spain,Left-Back,Defender,left,175,AC Milan,5,IT1,2030-06-30,12000000,14000000,35000000,2026-05-29,Ecuador,56,5,51700000,https://www.transfermarkt.com/pervis-estupinan/profil/spieler/349599,https://img.a.transfermarkt.technology/portrait/big/349599-1668498118.jpg,apify-transfermarkt-global-player-scraper
96254,Pietro Terracciano,Pietro Terracciano,pietro terracciano,1990-03-08,36,Italy,Goalkeeper,Goalkeeper,right,193,AC Milan,5,IT1,2027-06-30,900000,1000000,2500000,2026-05-29,,0,0,800000,https://www.transfermarkt.com/pietro-terracciano/profil/spieler/96254,https://img.a.transfermarkt.technology/portrait/big/96254-1753403934.jpg,apify-transfermarkt-global-player-scraper
357164,Rafael Leão,Rafael Alexandre da Conceição Leão,rafael leao,1999-06-10,27,Portugal; Angola,Left Winger,Striker,right,188,AC Milan,5,IT1,2028-06-30,50000000,65000000,90000000,2026-05-29,Portugal,48,6,69703000,https://www.transfermarkt.com/rafael-leao/profil/spieler/357164,https://img.a.transfermarkt.technology/portrait/big/357164-1730126553.jpg,apify-transfermarkt-global-player-scraper
202886,Ruben Loftus-Cheek,Ruben Ira Loftus-Cheek,ruben loftus cheek,1996-01-23,30,England; Guyana,Central Midfield,Midfielder,right,191,AC Milan,5,IT1,2027-06-30,8500000,10000000,30000000,2026-05-29,,0,0,18900000,https://www.transfermarkt.com/ruben-loftus-cheek/profil/spieler/202886,https://img.a.transfermarkt.technology/portrait/big/202886-1692879593.jpg,apify-transfermarkt-global-player-scraper
401922,Samuel Chukwueze,Samuel Chimerenka Chukwueze,samuel chukwueze,1999-05-22,27,Nigeria,Right Winger,Striker,left,172,AC Milan,5,IT1,2028-06-30,18000000,15000000,30000000,2026-06-03,,0,0,21600000,https://www.transfermarkt.com/samuel-chukwueze/profil/spieler/401922,https://img.a.transfermarkt.technology/portrait/big/401922-1767008430.jpg,apify-transfermarkt-global-player-scraper
467992,Samuele Ricci,Samuele Ricci,samuele ricci,2001-08-21,24,Italy,Defensive Midfield,Midfielder,right,181,AC Milan,5,IT1,2029-06-30,22000000,25000000,30000000,2026-05-29,,0,0,34800000,https://www.transfermarkt.com/samuele-ricci/profil/spieler/467992,https://img.a.transfermarkt.technology/portrait/big/467992-1730125512.jpg,apify-transfermarkt-global-player-scraper
552955,Santiago Gimenez,Santiago Tomás Giménez,santiago gimenez,2001-04-18,25,Mexico; Italy,Centre-Forward,Striker,left,180,AC Milan,5,IT1,2029-06-30,18000000,20000000,50000000,2026-05-29,Mexico,50,6,36200000,https://www.transfermarkt.com/santiago-gimenez/profil/spieler/552955,https://img.a.transfermarkt.technology/portrait/big/552955-1739903736.jpg,apify-transfermarkt-global-player-scraper
574671,Strahinja Pavlović,Страхиња Павловић,strahinja pavlovic,2001-05-24,25,Serbia,Centre-Back,Defender,left,194,AC Milan,5,IT1,2028-06-30,40000000,35000000,40000000,2026-05-29,Serbia,55,5,35500000,https://www.transfermarkt.com/strahinja-pavlovic/profil/spieler/574671,https://img.a.transfermarkt.technology/portrait/big/574671-1757664768.jpg,apify-transfermarkt-global-player-scraper
659516,Warren Bondo,Warren Pierre Bondo,warren bondo,2003-09-15,22,France; DR Congo,Central Midfield,Midfielder,right,177,AC Milan,5,IT1,2029-06-30,6000000,7500000,10000000,2026-05-29,,0,0,11000000,https://www.transfermarkt.com/warren-bondo/profil/spieler/659516,https://img.a.transfermarkt.technology/portrait/big/659516-1739281834.jpg,apify-transfermarkt-global-player-scraper
569598,Youssouf Fofana,Youssouf Fofana,youssouf fofana,1999-01-10,27,France; Mali,Defensive Midfield,Midfielder,right,185,AC Milan,5,IT1,2028-06-30,23000000,25000000,30000000,2026-05-29,,0,0,41000000,https://www.transfermarkt.com/youssouf-fofana/profil/spieler/569598,https://img.a.transfermarkt.technology/portrait/big/569598-1725528517.jpg,apify-transfermarkt-global-player-scraper
503991,Yunus Musah,Yunus Dimoara Musah,yunus musah,2002-11-29,23,United States; England,Central Midfield,Midfielder,right,178,AC Milan,5,IT1,2028-06-30,14000000,18000000,25000000,2026-05-29,,0,0,25200000,https://www.transfermarkt.com/yunus-musah/profil/spieler/503991,https://img.a.transfermarkt.technology/portrait/big/503991-1684913655.jpg,apify-transfermarkt-global-player-scraper
990637,Zachary Athekame,Zachary Athekame,zachary athekame,2004-12-13,21,Switzerland; Nigeria,Right-Back,Defender,right,181,AC Milan,5,IT1,2030-06-30,15000000,10000000,15000000,2026-05-29,Switzerland U21,17,0,11500000,https://www.transfermarkt.com/zachary-athekame/profil/spieler/990637,https://img.a.transfermarkt.technology/portrait/big/990637-1733948149.jpg,apify-transfermarkt-global-player-scraper
567454,Lorenzo Lucchesi,Lorenzo Lucchesi,lorenzo lucchesi,2003-05-09,23,Italy,Centre-Back,Defender,left,190,AC Monza,2919,IT1,2030-06-30,3300000,2500000,3300000,2026-06-04,,0,0,1250000,https://www.transfermarkt.com/lorenzo-lucchesi/profil/spieler/567454,https://img.a.transfermarkt.technology/portrait/big/567454-1643816062.jpg,apify-transfermarkt-global-player-scraper
265078,Patrick Cutrone,Patrick Cutrone,patrick cutrone,1998-01-03,28,Italy,Centre-Forward,Striker,right,183,AC Monza,2919,IT1,2029-06-30,4000000,4000000,30000000,2026-06-04,,0,0,27000000,https://www.transfermarkt.com/patrick-cutrone/profil/spieler/265078,https://img.a.transfermarkt.technology/portrait/big/265078-1714818222.jpg,apify-transfermarkt-global-player-scraper
305947,Albert Gudmundsson,Albert Guðmundsson,albert gudmundsson,1997-06-15,29,Iceland,Second Striker,Striker,right,177,ACF Fiorentina,430,IT1,2029-06-30,12000000,13000000,30000000,2026-05-29,,0,0,25950000,https://www.transfermarkt.com/albert-gudmundsson/profil/spieler/305947,https://img.a.transfermarkt.technology/portrait/big/305947-1705389252.jpg,apify-transfermarkt-global-player-scraper
602124,Alessandro Bianco,Alessandro Bianco,alessandro bianco,2002-10-01,23,Italy,Central Midfield,Midfielder,right,173,ACF Fiorentina,430,IT1,2027-06-30,4000000,4500000,5000000,2026-06-04,,0,0,40000,https://www.transfermarkt.com/alessandro-bianco/profil/spieler/602124,https://img.a.transfermarkt.technology/portrait/big/602124-1762637367.png,apify-transfermarkt-global-player-scraper
893675,Amir Richardson,"Michael Amir Junior Richardson, مايكل أمير جونيور ريتشاردسون",amir richardson,2002-01-24,24,Morocco; France,Central Midfield,Midfielder,left,197,ACF Fiorentina,430,IT1,2029-06-30,4000000,4500000,9000000,2026-05-25,,0,0,11000000,https://www.transfermarkt.com/amir-richardson/profil/spieler/893675,https://img.a.transfermarkt.technology/portrait/big/893675-1725529481.jpg,apify-transfermarkt-global-player-scraper
272261,Antonín Barák,Antonín Barák,antonin barak,1994-12-03,31,Czech Republic,Attacking Midfield,Midfielder,left,190,ACF Fiorentina,430,IT1,2027-06-30,800000,1000000,20000000,2026-06-04,,0,0,19220000,https://www.transfermarkt.com/antonin-barak/profil/spieler/272261,https://img.a.transfermarkt.technology/portrait/big/272261-1727699332.jpg,apify-transfermarkt-global-player-scraper
651005,Cher Ndour,Cher Ndour,cher ndour,2004-07-27,21,Italy; Senegal,Central Midfield,Midfielder,right,190,ACF Fiorentina,430,IT1,2029-06-30,20000000,10000000,20000000,2026-05-29,Italy,2,0,5000000,https://www.transfermarkt.com/cher-ndour/profil/spieler/651005,https://img.a.transfermarkt.technology/portrait/big/651005-1758718132.jpg,apify-transfermarkt-global-player-scraper
59377,David de Gea,David de Gea Quintana,david de gea,1990-11-07,35,Spain,Goalkeeper,Goalkeeper,right,192,ACF Fiorentina,430,IT1,2028-06-30,3500000,3500000,70000000,2026-05-29,,0,0,25000000,https://www.transfermarkt.com/david-de-gea/profil/spieler/59377,https://img.a.transfermarkt.technology/portrait/big/59377-1667548362.jpg,apify-transfermarkt-global-player-scraper
401529,Domilson Cordeiro dos Santos,Dodô,domilson cordeiro dos santos,1998-11-17,27,Brazil,Right-Back,Defender,right,166,ACF Fiorentina,430,IT1,2027-06-30,16000000,18000000,24000000,2026-05-29,,0,0,17400000,https://www.transfermarkt.com/dodo/profil/spieler/401529,https://img.a.transfermarkt.technology/portrait/big/401529-1663591985.jpg,apify-transfermarkt-global-player-scraper
957822,Eddy Kouadio,Eddy Nda Konan Kouadio,eddy kouadio,2006-05-07,20,Italy; Cote d'Ivoire,Centre-Back,Defender,right,191,ACF Fiorentina,430,IT1,2030-06-30,2500000,2500000,2500000,2026-05-29,,0,0,0,https://www.transfermarkt.com/eddy-kouadio/profil/spieler/957822,https://img.a.transfermarkt.technology/portrait/big/957822-1755840967.jpg,apify-transfermarkt-global-player-scraper
1015822,Eman Košpo,Eman Košpo,eman kospo,2007-05-17,19,Bosnia-Herzegovina; Switzerland,Centre-Back,Defender,right,191,ACF Fiorentina,430,IT1,2030-06-30,1500000,1500000,1500000,2026-05-29,Bosnia-Herzegovina U21,2,0,285000,https://www.transfermarkt.com/eman-kospo/profil/spieler/1015822,https://img.a.transfermarkt.technology/portrait/big/1015822-1699372371.jpg,apify-transfermarkt-global-player-scraper
547985,Fabiano Parisi,Fabiano Parisi,fabiano parisi,2000-11-09,25,Italy,Left-Back,Defender,left,178,ACF Fiorentina,430,IT1,2029-06-30,6000000,6000000,10000000,2026-05-29,,0,0,10450000,https://www.transfermarkt.com/fabiano-parisi/profil/spieler/547985,https://img.a.transfermarkt.technology/portrait/big/547985-1663677780.jpg,apify-transfermarkt-global-player-scraper
669915,Filippo Distefano,Filippo Distefano,filippo distefano,2003-08-28,22,Italy,Second Striker,Striker,right,176,ACF Fiorentina,430,IT1,2028-06-30,1200000,1300000,1800000,2026-06-04,,0,0,0,https://www.transfermarkt.com/filippo-distefano/profil/spieler/669915,https://img.a.transfermarkt.technology/portrait/big/669915-1673248566.jpg,apify-transfermarkt-global-player-scraper
633668,Giovanni Fabbian,Giovanni Fabbian,giovanni fabbian,2003-01-14,23,Italy,Attacking Midfield,Midfielder,right,190,ACF Fiorentina,430,IT1,2030-06-30,10000000,10000000,14000000,2026-05-29,,0,0,18560000,https://www.transfermarkt.com/giovanni-fabbian/profil/spieler/633668,https://img.a.transfermarkt.technology/portrait/big/633668-1695027735.jpg,apify-transfermarkt-global-player-scraper
691482,Jacopo Fazzini,Jacopo Fazzini,jacopo fazzini,2003-03-16,23,Italy,Central Midfield,Midfielder,right,178,ACF Fiorentina,430,IT1,2030-06-30,8500000,9000000,10000000,2026-05-29,,0,0,9300000,https://www.transfermarkt.com/jacopo-fazzini/profil/spieler/691482,https://img.a.transfermarkt.technology/portrait/big/691482-1673249779.jpg,apify-transfermarkt-global-player-scraper
932740,Jonas Harder,Jonas Harder,jonas harder,2005-09-30,20,Italy; Germany,Central Midfield,Midfielder,right,178,ACF Fiorentina,430,IT1,2029-06-30,2000000,1700000,2000000,2026-06-04,,0,0,0,https://www.transfermarkt.com/jonas-harder/profil/spieler/932740,https://img.a.transfermarkt.technology/portrait/big/932740-1707406029.jpg,apify-transfermarkt-global-player-scraper
707450,Lorenzo Amatucci,Lorenzo Amatucci,lorenzo amatucci,2004-02-05,22,Italy,Defensive Midfield,Midfielder,right,173,ACF Fiorentina,430,IT1,2028-06-30,8000000,5000000,8000000,2026-06-22,,0,0,0,https://www.transfermarkt.com/lorenzo-amatucci/profil/spieler/707450,https://img.a.transfermarkt.technology/portrait/big/707450-1751270499.jpg,apify-transfermarkt-global-player-scraper
899542,Lorenzo Romani,Lorenzo Romani,lorenzo romani,2005-02-28,21,Italy,Centre-Back,Defender,left,184,ACF Fiorentina,430,IT1,2027-06-30,400000,300000,400000,2026-06-19,Italy U20,2,0,0,https://www.transfermarkt.com/lorenzo-romani/profil/spieler/899542,https://img.a.transfermarkt.technology/portrait/big/899542-1715679763.jpg,apify-transfermarkt-global-player-scraper
135747,Luca Lezzerini,Luca Lezzerini,luca lezzerini,1995-03-24,31,Italy,Goalkeeper,Goalkeeper,right,195,ACF Fiorentina,430,IT1,2028-06-30,350000,350000,800000,2026-05-29,,0,0,1850000,https://www.transfermarkt.com/luca-lezzerini/profil/spieler/135747,https://img.a.transfermarkt.technology/portrait/big/135747-1757604338.jpg,apify-transfermarkt-global-player-scraper
346561,Luca Ranieri,Luca Ranieri,luca ranieri,1999-04-23,27,Italy,Centre-Back,Defender,left,187,ACF Fiorentina,430,IT1,2028-06-30,6000000,7000000,12000000,2026-05-29,,0,0,25000,https://www.transfermarkt.com/luca-ranieri/profil/spieler/346561,https://img.a.transfermarkt.technology/portrait/big/346561-1692962464.jpg,apify-transfermarkt-global-player-scraper
1012731,Luis Balbo,Luis Francisco Balbo Vieira,luis balbo,2006-03-28,20,Venezuela; Portugal,Left-Back,Defender,left,177,ACF Fiorentina,430,IT1,2028-06-30,3000000,500000,3000000,2026-05-29,Venezuela,4,0,0,https://www.transfermarkt.com/luis-balbo/profil/spieler/1012731,https://img.a.transfermarkt.technology/portrait/big/1012731-1770273851.jpg,apify-transfermarkt-global-player-scraper
354814,M'Bala Nzola,M'Bala Nzola,mbala nzola,1996-08-18,29,Angola; France,Centre-Forward,Striker,left,185,ACF Fiorentina,430,IT1,2027-06-30,4000000,4500000,10000000,2026-05-29,Angola,15,3,15950000,https://www.transfermarkt.com/m-bala-nzola/profil/spieler/354814,https://img.a.transfermarkt.technology/portrait/big/354814-1664974000.jpg,apify-transfermarkt-global-player-scraper
996453,Maat Daniel Caprini,Maat Daniel Caprini,maat daniel caprini,2006-02-11,20,Italy; France,Left Winger,Striker,right,180,ACF Fiorentina,430,IT1,2027-06-30,1800000,2000000,2000000,2026-06-04,,0,0,0,https://www.transfermarkt.com/maat-daniel-caprini/profil/spieler/996453,https://img.a.transfermarkt.technology/portrait/big/996453-1707214283.jpg,apify-transfermarkt-global-player-scraper
459128,Marco Brescianini,Marco Brescianini,marco brescianini,2000-01-20,26,Italy,Central Midfield,Midfielder,left,188,ACF Fiorentina,430,IT1,2030-06-30,9000000,9000000,9000000,2026-05-29,,0,0,29200000,https://www.transfermarkt.com/marco-brescianini/profil/spieler/459128,https://img.a.transfermarkt.technology/portrait/big/459128-1730183739.jpg,apify-transfermarkt-global-player-scraper
282144,Marin Pongracic,Marin Pongračić,marin pongracic,1997-09-11,28,Croatia; Germany,Centre-Back,Defender,right,193,ACF Fiorentina,430,IT1,2029-06-30,6500000,7500000,10000000,2026-05-29,Croatia,23,0,26600000,https://www.transfermarkt.com/marin-pongracic/profil/spieler/282144,https://img.a.transfermarkt.technology/portrait/big/282144-1657202331.jpg,apify-transfermarkt-global-player-scraper
1144700,Matías Moreno,Matías Agustín Moreno,matias moreno,2003-09-24,22,Argentina,Centre-Back,Defender,right,193,ACF Fiorentina,430,IT1,2029-06-30,6000000,4000000,6000000,2026-06-05,,0,0,5000000,https://www.transfermarkt.com/matias-moreno/profil/spieler/1144700,https://img.a.transfermarkt.technology/portrait/big/1144700-1730183072.jpg,apify-transfermarkt-global-player-scraper
364135,Moise Kean,Moise Bioty Kean,moise kean,2000-02-28,26,Italy; Cote d'Ivoire,Centre-Forward,Striker,right,183,ACF Fiorentina,430,IT1,2029-06-30,32000000,40000000,50000000,2026-05-29,,0,0,79000000,https://www.transfermarkt.com/moise-kean/profil/spieler/364135,https://img.a.transfermarkt.technology/portrait/big/364135-1725532147.jpg,apify-transfermarkt-global-player-scraper
984964,Niccolò Fortini,Niccolò Fortini,niccolo fortini,2006-02-13,20,Italy,Left-Back,Defender,right,185,ACF Fiorentina,430,IT1,2027-06-30,10000000,10000000,10000000,2026-05-29,,0,0,0,https://www.transfermarkt.com/niccolo-fortini/profil/spieler/984964,https://img.a.transfermarkt.technology/portrait/big/984964-1748503175.jpg,apify-transfermarkt-global-player-scraper
860992,Nicolás Valentini,Nicolás Valentini,nicolas valentini,2001-04-06,25,Argentina; Italy,Centre-Back,Defender,left,187,ACF Fiorentina,430,IT1,2029-06-30,3000000,3500000,6000000,2026-05-29,,0,0,200000,https://www.transfermarkt.com/nicolas-valentini/profil/spieler/860992,https://img.a.transfermarkt.technology/portrait/big/860992-1711028718.jpg,apify-transfermarkt-global-player-scraper
432090,Nicolò Fagioli,Nicolò Fagioli,nicolo fagioli,2001-02-12,25,Italy,Central Midfield,Midfielder,right,178,ACF Fiorentina,430,IT1,2028-06-30,16000000,16000000,35000000,2026-05-29,,0,0,16650000,https://www.transfermarkt.com/nicolo-fagioli/profil/spieler/432090,https://img.a.transfermarkt.technology/portrait/big/432090-1695025310.jpg,apify-transfermarkt-global-player-scraper
471936,Oliver Christensen,Oliver Christensen,oliver christensen,1999-03-22,27,Denmark,Goalkeeper,Goalkeeper,right,190,ACF Fiorentina,430,IT1,2028-06-30,1400000,1500000,4500000,2026-05-29,,0,0,6970000,https://www.transfermarkt.com/oliver-christensen/profil/spieler/471936,https://img.a.transfermarkt.technology/portrait/big/471936-1688647558.jpg,apify-transfermarkt-global-player-scraper
746712,Pietro Comuzzo,Pietro Comuzzo,pietro comuzzo,2005-02-20,21,Italy,Centre-Back,Defender,right,188,ACF Fiorentina,430,IT1,2029-06-30,18000000,23000000,25000000,2026-05-29,Italy,2,0,100000,https://www.transfermarkt.com/pietro-comuzzo/profil/spieler/746712,https://img.a.transfermarkt.technology/portrait/big/746712-1730183199.jpg,apify-transfermarkt-global-player-scraper
934514,Riccardo Braschi,Riccardo Braschi,riccardo braschi,2006-08-24,19,Italy,Centre-Forward,Striker,right,190,ACF Fiorentina,430,IT1,2027-06-30,2000000,600000,2000000,2026-05-29,,0,0,0,https://www.transfermarkt.com/riccardo-braschi/profil/spieler/934514,https://img.a.transfermarkt.technology/portrait/big/934514-1753770074.jpg,apify-transfermarkt-global-player-scraper
386455,Riccardo Sottil,Riccardo Sottil,riccardo sottil,1999-06-03,27,Italy,Left Winger,Striker,right,180,ACF Fiorentina,430,IT1,2027-06-30,3000000,3500000,9000000,2026-05-29,,0,0,3985000,https://www.transfermarkt.com/riccardo-sottil/profil/spieler/386455,https://img.a.transfermarkt.technology/portrait/big/386455-1663591627.jpg,apify-transfermarkt-global-player-scraper
432092,Roberto Piccoli,Roberto Piccoli,roberto piccoli,2001-01-27,25,Italy,Centre-Forward,Striker,right,190,ACF Fiorentina,430,IT1,2030-06-30,14000000,16000000,20000000,2026-05-29,,0,0,40600000,https://www.transfermarkt.com/roberto-piccoli/profil/spieler/432092,https://img.a.transfermarkt.technology/portrait/big/432092-1753438910.jpg,apify-transfermarkt-global-player-scraper
273132,Robin Gosens,Robin Everardus Gosens,robin gosens,1994-07-05,32,Germany; Netherlands,Left-Back,Defender,left,183,ACF Fiorentina,430,IT1,2028-06-30,4000000,4500000,35000000,2026-05-29,,0,0,49525000,https://www.transfermarkt.com/robin-gosens/profil/spieler/273132,https://img.a.transfermarkt.technology/portrait/big/273132-1686641124.jpg,apify-transfermarkt-global-player-scraper
308279,Rolando Mandragora,Rolando Mandragora,rolando mandragora,1997-06-29,29,Italy,Defensive Midfield,Midfielder,left,183,ACF Fiorentina,430,IT1,2028-06-30,9000000,10000000,15000000,2026-05-29,,0,0,53350000,https://www.transfermarkt.com/rolando-mandragora/profil/spieler/308279,https://img.a.transfermarkt.technology/portrait/big/308279-1663591807.jpg,apify-transfermarkt-global-player-scraper
507486,Simon Sohm,Simon Solomon Junior Sohm,simon sohm,2001-04-11,25,Switzerland; Nigeria,Central Midfield,Midfielder,right,188,ACF Fiorentina,430,IT1,2030-06-30,8000000,8000000,10000000,2026-05-29,,0,0,21400000,https://www.transfermarkt.com/simon-sohm/profil/spieler/507486,https://img.a.transfermarkt.technology/portrait/big/507486-1753435341.jpg,apify-transfermarkt-global-player-scraper
934159,Tommaso Martinelli,Tommaso Martinelli,tommaso martinelli,2006-01-06,20,Italy,Goalkeeper,Goalkeeper,right,194,ACF Fiorentina,430,IT1,2029-06-30,5000000,3500000,5000000,2026-06-04,Italy U20,1,0,0,https://www.transfermarkt.com/tommaso-martinelli/profil/spieler/934159,https://img.a.transfermarkt.technology/portrait/big/934159-1676018484.jpg,apify-transfermarkt-global-player-scraper
866247,Tommaso Rubino,Tommaso Rubino,tommaso rubino,2006-11-10,19,Italy,Attacking Midfield,Midfielder,right,179,ACF Fiorentina,430,IT1,2029-06-30,2500000,2500000,2500000,2026-06-04,,0,0,0,https://www.transfermarkt.com/tommaso-rubino/profil/spieler/866247,https://img.a.transfermarkt.technology/portrait/big/866247-1715679843.jpg,apify-transfermarkt-global-player-scraper
988977,Tommaso Vannucchi,Tommaso Vannucchi,tommaso vannucchi,2007-03-05,19,Italy,Goalkeeper,Goalkeeper,left,197,ACF Fiorentina,430,IT1,,500000,500000,800000,2026-06-19,Italy U19,3,0,0,https://www.transfermarkt.com/tommaso-vannucchi/profil/spieler/988977,https://img.a.transfermarkt.technology/portrait/big/988977-1695026842.jpg,apify-transfermarkt-global-player-scraper
950393,Viery Fernandes Santos Lopes,Viery,viery fernandes santos lopes,2005-01-02,21,Brazil,Centre-Back,Defender,left,187,ACF Fiorentina,430,IT1,2031-06-30,6000000,3000000,6000000,2026-05-26,,0,0,15000000,https://www.transfermarkt.com/viery/profil/spieler/950393,https://img.a.transfermarkt.technology/portrait/big/950393-1773183484.jpg,apify-transfermarkt-global-player-scraper
61841,Adam Smith,Adam James Smith,adam smith,1991-04-29,35,England,Right-Back,Defender,right,174,AFC Bournemouth,989,GB1,2027-06-30,300000,500000,9000000,2026-06-03,,0,0,0,https://www.transfermarkt.com/adam-smith/profil/spieler/61841,https://img.a.transfermarkt.technology/portrait/big/61841-1737920848.jpg,apify-transfermarkt-global-player-scraper
654539,Adrien Truffert,Adrien Truffert,adrien truffert,2001-11-20,24,France; Belgium,Left-Back,Defender,left,176,AFC Bournemouth,989,GB1,2030-06-30,30000000,25000000,30000000,2026-06-03,,0,0,13500000,https://www.transfermarkt.com/adrien-truffert/profil/spieler/654539,https://img.a.transfermarkt.technology/portrait/big/654539-1754901329.jpg,apify-transfermarkt-global-player-scraper
741257,Álex Jiménez,Alejandro Jiménez Sánchez,alex jimenez,2005-05-08,21,Spain,Right-Back,Defender,right,177,AFC Bournemouth,989,GB1,,22000000,22000000,22000000,2026-06-03,Spain U21,3,0,34750000,https://www.transfermarkt.com/alex-jimenez/profil/spieler/741257,https://img.a.transfermarkt.technology/portrait/big/741257-1751532035.jpg,apify-transfermarkt-global-player-scraper
617009,Alex Paulsen,Alexander Noah Paulsen,alex paulsen,2002-07-04,24,New Zealand; South Africa,Goalkeeper,Goalkeeper,right,193,AFC Bournemouth,989,GB1,2028-06-30,500000,750000,750000,2026-06-04,New Zealand,8,0,2270000,https://www.transfermarkt.com/alex-paulsen/profil/spieler/617009,https://img.a.transfermarkt.technology/portrait/big/617009-1765112812.png,apify-transfermarkt-global-player-scraper
855256,Alex Scott,Alex Jay Scott,alex scott,2003-08-21,22,England; Guernsey,Central Midfield,Midfielder,right,178,AFC Bournemouth,989,GB1,2028-06-30,50000000,40000000,50000000,2026-06-03,,0,0,23000000,https://www.transfermarkt.com/alex-scott/profil/spieler/855256,https://img.a.transfermarkt.technology/portrait/big/855256-1656922605.jpg,apify-transfermarkt-global-player-scraper
998101,Alex Tóth,Tóth Alex László,alex toth,2005-10-23,20,Hungary,Central Midfield,Midfielder,right,181,AFC Bournemouth,989,GB1,2031-06-30,12000000,12000000,12000000,2026-06-03,Hungary,13,0,12000000,https://www.transfermarkt.com/alex-toth/profil/spieler/998101,https://img.a.transfermarkt.technology/portrait/big/998101-1763730106.jpg,apify-transfermarkt-global-player-scraper
532776,Amine Adli,أمين عدلي,amine adli,2000-05-10,26,Morocco; France,Left Winger,Striker,left,180,AFC Bournemouth,989,GB1,2030-06-30,20000000,20000000,30000000,2026-06-03,,0,0,28500000,https://www.transfermarkt.com/amine-adli/profil/spieler/532776,https://img.a.transfermarkt.technology/portrait/big/532776-1689710574.jpg,apify-transfermarkt-global-player-scraper
463605,Bafodé Diakité,Bafodé Diakité,bafode diakite,2001-01-06,25,France; Guinea,Centre-Back,Defender,right,184,AFC Bournemouth,989,GB1,2030-06-30,25000000,30000000,35000000,2026-06-03,,0,0,38000000,https://www.transfermarkt.com/bafode-diakite/profil/spieler/463605,https://img.a.transfermarkt.technology/portrait/big/463605-1666691072.jpg,apify-transfermarkt-global-player-scraper
719673,Ben Gannon-Doak,Ben Gannon-Doak,ben gannon doak,2005-11-11,20,Scotland,Right Winger,Striker,right,173,AFC Bournemouth,989,GB1,2030-06-30,15000000,16000000,18000000,2026-06-03,Scotland,17,1,23910000,https://www.transfermarkt.com/ben-gannon-doak/profil/spieler/719673,https://img.a.transfermarkt.technology/portrait/big/719673-1780071350.jpg,apify-transfermarkt-global-player-scraper
854721,Ben Winterburn,Benjamin George Winterburn,ben winterburn,2004-09-04,21,England,Defensive Midfield,Midfielder,right,185,AFC Bournemouth,989,GB1,2027-06-30,350000,450000,500000,2026-05-15,,0,0,0,https://www.transfermarkt.com/ben-winterburn/profil/spieler/854721,https://img.a.transfermarkt.technology/portrait/big/854721-1746642717.jpg,apify-transfermarkt-global-player-scraper
746740,Daniel Jebbison,Daniel David Jebbison,daniel jebbison,2003-08-13,22,Canada; England,Centre-Forward,Striker,right,190,AFC Bournemouth,989,GB1,2028-06-30,6000000,6000000,6000000,2026-05-28,,0,0,0,https://www.transfermarkt.com/daniel-jebbison/profil/spieler/746740,https://img.a.transfermarkt.technology/portrait/big/746740-1743015657.jpg,apify-transfermarkt-global-player-scraper
277033,David Brooks,David Robert Brooks,david brooks,1997-07-08,28,Wales; England,Right Winger,Striker,left,173,AFC Bournemouth,989,GB1,2029-06-30,12000000,14000000,30000000,2026-06-03,Wales,45,7,11300000,https://www.transfermarkt.com/david-brooks/profil/spieler/277033,https://img.a.transfermarkt.technology/portrait/big/277033-1700650102.jpg,apify-transfermarkt-global-player-scraper
465555,Djordje Petrovic,Ђорђе Петровић,djordje petrovic,1999-10-08,26,Serbia,Goalkeeper,Goalkeeper,right,194,AFC Bournemouth,989,GB1,2030-06-30,28000000,28000000,28000000,2026-06-03,,0,0,45815000,https://www.transfermarkt.com/djordje-petrovic/profil/spieler/465555,https://img.a.transfermarkt.technology/portrait/big/465555-1775574265.jpg,apify-transfermarkt-global-player-scraper
251106,Enes Ünal,Enes Ünal,enes unal,1997-05-10,29,Türkiye,Centre-Forward,Striker,right,187,AFC Bournemouth,989,GB1,2028-06-30,7000000,8000000,25000000,2026-06-03,,0,0,43900000,https://www.transfermarkt.com/enes-uenal/profil/spieler/251106,https://img.a.transfermarkt.technology/portrait/big/251106-1669365680.jpg,apify-transfermarkt-global-player-scraper
711337,Francisco Evanilson de Lima Barbosa,Evanilson,francisco evanilson de lima barbosa,1999-10-06,26,Brazil,Centre-Forward,Striker,both,183,AFC Bournemouth,989,GB1,2029-06-30,35000000,35000000,40000000,2026-06-03,,0,0,56850000,https://www.transfermarkt.com/evanilson/profil/spieler/711337,https://img.a.transfermarkt.technology/portrait/big/711337-1737452098.jpg,apify-transfermarkt-global-player-scraper
52570,Fraser Forster,Fraser Gerard Forster,fraser forster,1988-03-17,38,England,Goalkeeper,Goalkeeper,right,201,AFC Bournemouth,989,GB1,2027-06-30,400000,600000,15000000,2026-06-03,,0,0,15865000,https://www.transfermarkt.com/fraser-forster/profil/spieler/52570,https://img.a.transfermarkt.technology/portrait/big/52570-1676412801.jpg,apify-transfermarkt-global-player-scraper
611793,James Hill,James Clayton Hill,james hill,2002-01-10,24,England,Centre-Back,Defender,right,184,AFC Bournemouth,989,GB1,2029-06-30,23000000,15000000,23000000,2026-06-03,,0,0,1200000,https://www.transfermarkt.com/james-hill/profil/spieler/611793,https://img.a.transfermarkt.technology/portrait/big/611793-1774469525.jpg,apify-transfermarkt-global-player-scraper
513970,Julián Araujo,Julián Vicente Araujo Zúñiga,julian araujo,2001-08-13,24,Mexico; United States,Right-Back,Defender,right,176,AFC Bournemouth,989,GB1,2029-06-30,8000000,10000000,10000000,2026-05-20,,0,0,15000000,https://www.transfermarkt.com/julian-araujo/profil/spieler/513970,https://img.a.transfermarkt.technology/portrait/big/513970-1771532648.jpg,apify-transfermarkt-global-player-scraper
1009658,Julio Soler,Julio César Soler Barreto,julio soler,2005-02-16,21,Argentina; Paraguay,Left-Back,Defender,left,175,AFC Bournemouth,989,GB1,2029-06-30,8000000,8000000,8000000,2026-06-03,,0,0,8000000,https://www.transfermarkt.com/julio-soler/profil/spieler/1009658,https://img.a.transfermarkt.technology/portrait/big/1009658-1721934099.png,apify-transfermarkt-global-player-scraper
955357,Junior Kroupi,Eli Junior Éric Anatole Rainha Kroupi,junior kroupi,2006-06-23,20,France; Portugal,Centre-Forward,Striker,right,179,AFC Bournemouth,989,GB1,2030-06-30,70000000,40000000,70000000,2026-06-03,,0,0,13000000,https://www.transfermarkt.com/junior-kroupi/profil/spieler/955357,https://img.a.transfermarkt.technology/portrait/big/955357-1727784350.jpg,apify-transfermarkt-global-player-scraper
330659,Justin Kluivert,Justin Dean Kluivert,justin kluivert,1999-05-05,27,Netherlands; Suriname,Attacking Midfield,Midfielder,both,173,AFC Bournemouth,989,GB1,2028-06-30,25000000,30000000,35000000,2026-06-03,Netherlands,14,0,29050000,https://www.transfermarkt.com/justin-kluivert/profil/spieler/330659,https://img.a.transfermarkt.technology/portrait/big/330659-1779893085.jpg,apify-transfermarkt-global-player-scraper
249089,Lewis Cook,Lewis John Cook,lewis cook,1997-02-03,29,England,Central Midfield,Midfielder,right,175,AFC Bournemouth,989,GB1,2028-06-30,11000000,13000000,20000000,2026-06-03,,0,0,7000000,https://www.transfermarkt.com/lewis-cook/profil/spieler/249089,https://img.a.transfermarkt.technology/portrait/big/249089-1700671190.jpg,apify-transfermarkt-global-player-scraper
399434,Marcus Tavernier,Marcus Joseph Tavernier,marcus tavernier,1999-03-22,27,England,Attacking Midfield,Midfielder,left,178,AFC Bournemouth,989,GB1,2029-06-30,25000000,23000000,25000000,2026-06-03,,0,0,11900000,https://www.transfermarkt.com/marcus-tavernier/profil/spieler/399434,https://img.a.transfermarkt.technology/portrait/big/399434-1700650360.jpg,apify-transfermarkt-global-player-scraper
994604,Matai Akinmboni,Matai Akinmboni,matai akinmboni,2006-10-17,19,United States; Nigeria,Centre-Back,Defender,left,188,AFC Bournemouth,989,GB1,2027-06-30,1000000,1000000,1000000,2026-06-03,,0,0,1500000,https://www.transfermarkt.com/matai-akinmboni/profil/spieler/994604,https://img.a.transfermarkt.technology/portrait/big/994604-1709490110.jpg,apify-transfermarkt-global-player-scraper
471690,Max Aarons,Maximilian James Aarons,max aarons,2000-01-04,26,England; Jamaica,Right-Back,Defender,right,177,AFC Bournemouth,989,GB1,2029-06-30,2500000,4000000,22000000,2026-05-20,,0,0,8100000,https://www.transfermarkt.com/max-aarons/profil/spieler/471690,https://img.a.transfermarkt.technology/portrait/big/471690-1736520346.jpg,apify-transfermarkt-global-player-scraper
1012564,Rayan Vitor Simplício Rocha,Rayan,rayan vitor simplicio rocha,2006-08-03,19,Brazil,Right Winger,Striker,left,187,AFC Bournemouth,989,GB1,2031-06-30,60000000,40000000,60000000,2026-06-03,Brazil,6,1,28500000,https://www.transfermarkt.com/rayan/profil/spieler/1012564,https://img.a.transfermarkt.technology/portrait/big/1012564-1780390891.jpg,apify-transfermarkt-global-player-scraper
188077,Ryan Christie,Ryan Christie,ryan christie,1995-02-22,31,Scotland,Central Midfield,Midfielder,left,178,AFC Bournemouth,989,GB1,2029-06-30,8000000,9000000,12000000,2026-06-03,Scotland,71,10,3580000,https://www.transfermarkt.com/ryan-christie/profil/spieler/188077,https://img.a.transfermarkt.technology/portrait/big/188077-1697450633.jpg,apify-transfermarkt-global-player-scraper
332705,Tyler Adams,Tyler Shaan Adams,tyler adams,1999-02-14,27,United States,Defensive Midfield,Midfielder,right,175,AFC Bournemouth,989,GB1,2028-06-30,25000000,25000000,25000000,2026-06-03,United States,57,2,46530000,https://www.transfermarkt.com/tyler-adams/profil/spieler/332705,https://img.a.transfermarkt.technology/portrait/big/332705-1754244571.jpg,apify-transfermarkt-global-player-scraper
989112,Veljko Milosavljevic,Вељко Милосављевић,veljko milosavljevic,2007-06-28,19,Serbia,Centre-Back,Defender,right,192,AFC Bournemouth,989,GB1,2030-06-30,20000000,20000000,20000000,2026-06-03,,0,0,15000000,https://www.transfermarkt.com/veljko-milosavljevic/profil/spieler/989112,https://img.a.transfermarkt.technology/portrait/big/989112-1756755375.jpg,apify-transfermarkt-global-player-scraper
582078,Will Dennis,William Jonathan Dennis,will dennis,2000-07-10,25,England,Goalkeeper,Goalkeeper,right,188,AFC Bournemouth,989,GB1,2028-06-30,325000,350000,350000,2026-05-12,,0,0,0,https://www.transfermarkt.com/will-dennis/profil/spieler/582078,https://img.a.transfermarkt.technology/portrait/big/582078-1651653108.jpg,apify-transfermarkt-global-player-scraper
8198,Cristiano Ronaldo dos Santos Aveiro,Cristiano Ronaldo,cristiano ronaldo dos santos aveiro,1985-02-05,41,Portugal,Centre-Forward,Striker,right,185,Al-Nassr FC,18544,SA1,2027-06-30,10000000,12000000,120000000,2026-06-04,Portugal,232,146,247002200,https://www.transfermarkt.com/cristiano-ronaldo/profil/spieler/8198,https://img.a.transfermarkt.technology/portrait/big/8198-1748102259.jpg,apify-transfermarkt-global-player-scraper
335721,Ben White,Benjamin William White,ben white,1997-10-08,28,England,Right-Back,Defender,right,186,Arsenal FC,11,GB1,2028-06-30,30000000,30000000,55000000,2026-06-03,,0,0,58500000,https://www.transfermarkt.com/ben-white/profil/spieler/335721,https://img.a.transfermarkt.technology/portrait/big/335721-1683275943.jpg,apify-transfermarkt-global-player-scraper
433177,Bukayo Saka,Bukayo Saka,bukayo saka,2001-09-05,24,England; Nigeria,Right Winger,Striker,left,178,Arsenal FC,11,GB1,2030-06-30,110000000,120000000,150000000,2026-06-03,England,53,14,0,https://www.transfermarkt.com/bukayo-saka/profil/spieler/433177,https://img.a.transfermarkt.technology/portrait/big/433177-1684155052.jpg,apify-transfermarkt-global-player-scraper
148367,Christian Nørgaard,Christian Thers Barsøe Nørgaard,christian norgaard,1994-03-10,32,Denmark,Defensive Midfield,Midfielder,right,187,Arsenal FC,11,GB1,2027-06-30,5000000,7000000,20000000,2026-06-03,,0,0,19350000,https://www.transfermarkt.com/christian-noergaard/profil/spieler/148367,https://img.a.transfermarkt.technology/portrait/big/148367-1699799827.jpg,apify-transfermarkt-global-player-scraper
646750,Cristhian Mosquera,Cristhian Andrey Mosquera Ibargüen,cristhian mosquera,2004-06-27,22,Spain; Colombia,Centre-Back,Defender,right,191,Arsenal FC,11,GB1,2030-06-30,40000000,35000000,40000000,2026-06-03,,0,0,15000000,https://www.transfermarkt.com/cristhian-mosquera/profil/spieler/646750,https://img.a.transfermarkt.technology/portrait/big/646750-1749739359.jpg,apify-transfermarkt-global-player-scraper
262749,David Raya,David Raya Martín,david raya,1995-09-15,30,Spain,Goalkeeper,Goalkeeper,right,186,Arsenal FC,11,GB1,2028-06-30,30000000,35000000,40000000,2026-06-03,Spain,13,0,38750000,https://www.transfermarkt.com/david-raya/profil/spieler/262749,https://img.a.transfermarkt.technology/portrait/big/262749-1780663789.jpg,apify-transfermarkt-global-player-scraper
357662,Declan Rice,Declan Rice,declan rice,1999-01-14,27,England; Ireland,Central Midfield,Midfielder,right,188,Arsenal FC,11,GB1,2028-06-30,120000000,120000000,120000000,2026-06-03,England,76,7,116600000,https://www.transfermarkt.com/declan-rice/profil/spieler/357662,https://img.a.transfermarkt.technology/portrait/big/357662-1687962936.jpg,apify-transfermarkt-global-player-scraper
479999,Eberechi Eze,Eberechi Oluchi Eze,eberechi eze,1998-06-29,28,England; Nigeria,Attacking Midfield,Midfielder,right,178,Arsenal FC,11,GB1,2029-06-30,65000000,60000000,65000000,2026-06-03,England,20,3,87100000,https://www.transfermarkt.com/eberechi-eze/profil/spieler/479999,https://img.a.transfermarkt.technology/portrait/big/479999-1761083931.jpg,apify-transfermarkt-global-player-scraper
890719,Ethan Nwaneri,Ethan Chidiebere Nwaneri,ethan nwaneri,2007-03-21,19,England; Nigeria,Attacking Midfield,Midfielder,left,176,Arsenal FC,11,GB1,2030-06-30,35000000,40000000,55000000,2026-06-01,England U21,15,5,1500000,https://www.transfermarkt.com/ethan-nwaneri/profil/spieler/890719,https://img.a.transfermarkt.technology/portrait/big/890719-1730794927.jpg,apify-transfermarkt-global-player-scraper
537598,Fábio Vieira,Fábio Daniel Ferreira Vieira,fabio vieira,2000-05-30,26,Portugal,Attacking Midfield,Midfielder,left,170,Arsenal FC,11,GB1,2027-06-30,18000000,18000000,30000000,2026-05-27,,0,0,35890000,https://www.transfermarkt.com/fabio-vieira/profil/spieler/537598,https://img.a.transfermarkt.technology/portrait/big/537598-1758188654.jpg,apify-transfermarkt-global-player-scraper
363205,Gabriel Jesus,Gabriel Fernando de Jesus,gabriel jesus,1997-04-03,29,Brazil,Centre-Forward,Striker,right,175,Arsenal FC,11,GB1,2027-06-30,17000000,20000000,80000000,2026-06-03,,0,0,84000000,https://www.transfermarkt.com/gabriel-jesus/profil/spieler/363205,https://img.a.transfermarkt.technology/portrait/big/363205-1669711141.jpg,apify-transfermarkt-global-player-scraper
435338,Gabriel Magalhães,Gabriel dos Santos Magalhães,gabriel magalhaes,1997-12-19,28,Brazil,Centre-Back,Defender,left,190,Arsenal FC,11,GB1,2029-06-30,75000000,75000000,75000000,2026-06-03,Brazil,22,1,29000000,https://www.transfermarkt.com/gabriel/profil/spieler/435338,https://img.a.transfermarkt.technology/portrait/big/435338-1684162833.jpg,apify-transfermarkt-global-player-scraper
655488,Gabriel Martinelli,Gabriel Teodoro Martinelli Silva,gabriel martinelli,2001-06-18,25,Brazil; Italy,Left Winger,Striker,right,178,Arsenal FC,11,GB1,2027-06-30,45000000,45000000,85000000,2026-06-03,Brazil,27,5,7100000,https://www.transfermarkt.com/gabriel-martinelli/profil/spieler/655488,https://img.a.transfermarkt.technology/portrait/big/655488-1682689091.jpg,apify-transfermarkt-global-player-scraper
420243,Jurriën Timber,Jurriën David Norman Timber,jurrien timber,2001-06-17,25,Netherlands; Curacao,Right-Back,Defender,right,179,Arsenal FC,11,GB1,2028-06-30,70000000,70000000,70000000,2026-06-03,,0,0,40000000,https://www.transfermarkt.com/jurrien-timber/profil/spieler/420243,https://img.a.transfermarkt.technology/portrait/big/420243-1702413077.jpg,apify-transfermarkt-global-player-scraper
309400,Kai Havertz,Kai Lukas Havertz,kai havertz,1999-06-11,27,Germany,Centre-Forward,Striker,left,193,Arsenal FC,11,GB1,2028-06-30,55000000,50000000,90000000,2026-06-03,Germany,62,25,175000000,https://www.transfermarkt.com/kai-havertz/profil/spieler/309400,https://img.a.transfermarkt.technology/portrait/big/309400-1782889722.jpg,apify-transfermarkt-global-player-scraper
192279,Kepa Arrizabalaga,Kepa Arrizabalaga Revuelta,kepa arrizabalaga,1994-10-03,31,Spain,Goalkeeper,Goalkeeper,right,188,Arsenal FC,11,GB1,2028-06-30,5000000,7000000,60000000,2026-06-03,,0,0,90400000,https://www.transfermarkt.com/kepa-arrizabalaga/profil/spieler/192279,https://img.a.transfermarkt.technology/portrait/big/192279-1661855851.jpg,apify-transfermarkt-global-player-scraper
144028,Leandro Trossard,Leandro Trossard,leandro trossard,1994-12-04,31,Belgium,Left Winger,Striker,right,172,Arsenal FC,11,GB1,2027-06-30,18000000,20000000,38000000,2026-06-03,Belgium,55,14,39555000,https://www.transfermarkt.com/leandro-trossard/profil/spieler/144028,https://img.a.transfermarkt.technology/portrait/big/144028-1702412939.jpg,apify-transfermarkt-global-player-scraper
316264,Martin Ødegaard,Martin Ødegaard,martin odegaard,1998-12-17,27,Norway,Attacking Midfield,Midfielder,left,178,Arsenal FC,11,GB1,2028-06-30,65000000,65000000,110000000,2026-06-03,Norway,72,5,41800000,https://www.transfermarkt.com/martin-oedegaard/profil/spieler/316264,https://img.a.transfermarkt.technology/portrait/big/316264-1782847069.jpg,apify-transfermarkt-global-player-scraper
423440,Martín Zubimendi,Martín Zubimendi Ibáñez,martin zubimendi,1999-02-02,27,Spain,Defensive Midfield,Midfielder,right,181,Arsenal FC,11,GB1,2030-06-30,75000000,80000000,80000000,2026-06-03,Spain,26,3,70000000,https://www.transfermarkt.com/martin-zubimendi/profil/spieler/423440,https://img.a.transfermarkt.technology/portrait/big/423440-1684149419.jpg,apify-transfermarkt-global-player-scraper
1187629,Max Dowman,Max Robert Dowman,max dowman,2009-12-31,16,England,Right Winger,Striker,left,183,Arsenal FC,11,GB1,,30000000,20000000,30000000,2026-06-03,England U19,10,2,0,https://www.transfermarkt.com/max-dowman/profil/spieler/1187629,https://img.a.transfermarkt.technology/portrait/big/1187629-1773914587.jpg,apify-transfermarkt-global-player-scraper
338424,Mikel Merino,Mikel Merino Zazón,mikel merino,1996-06-22,30,Spain,Central Midfield,Midfielder,left,188,Arsenal FC,11,GB1,2028-06-30,25000000,30000000,50000000,2026-06-03,Spain,47,10,57750000,https://www.transfermarkt.com/mikel-merino/profil/spieler/338424,https://img.a.transfermarkt.technology/portrait/big/338424-1716803831.jpg,apify-transfermarkt-global-player-scraper
890721,Myles Lewis-Skelly,Myles Anthony Lewis-Skelly,myles lewis skelly,2006-09-26,19,England; Barbados,Central Midfield,Midfielder,left,178,Arsenal FC,11,GB1,2030-06-30,45000000,35000000,45000000,2026-06-03,England U21,2,0,0,https://www.transfermarkt.com/myles-lewis-skelly/profil/spieler/890721,https://img.a.transfermarkt.technology/portrait/big/890721-1758053582.jpg,apify-transfermarkt-global-player-scraper
503987,Noni Madueke,Chukwunonso Azuka Tristan Madueke,noni madueke,2002-03-10,24,England; Nigeria,Right Winger,Striker,left,182,Arsenal FC,11,GB1,2030-06-30,50000000,50000000,50000000,2026-06-03,England,15,1,91000000,https://www.transfermarkt.com/noni-madueke/profil/spieler/503987,https://img.a.transfermarkt.technology/portrait/big/503987-1683102348.jpg,apify-transfermarkt-global-player-scraper
659813,Piero Hincapié,Piero Martín Hincapié Reyna,piero hincapie,2002-01-09,24,Ecuador,Centre-Back,Defender,left,183,Arsenal FC,11,GB1,2031-06-30,50000000,50000000,50000000,2026-06-03,Ecuador,56,3,61900000,https://www.transfermarkt.com/piero-hincapie/profil/spieler/659813,https://img.a.transfermarkt.technology/portrait/big/659813-1727377918.jpg,apify-transfermarkt-global-player-scraper
340325,Reiss Nelson,Reiss Luke Nelson,reiss nelson,1999-12-10,26,England; Jamaica,Left Winger,Striker,right,175,Arsenal FC,11,GB1,2027-06-30,8000000,12000000,18000000,2026-06-03,,0,0,500000,https://www.transfermarkt.com/reiss-nelson/profil/spieler/340325,https://img.a.transfermarkt.technology/portrait/big/340325-1667418642.jpg,apify-transfermarkt-global-player-scraper
502821,Riccardo Calafiori,Riccardo Calafiori,riccardo calafiori,2002-05-19,24,Italy,Left-Back,Defender,left,188,Arsenal FC,11,GB1,2029-06-30,55000000,50000000,55000000,2026-06-03,,0,0,78090000,https://www.transfermarkt.com/riccardo-calafiori/profil/spieler/502821,https://img.a.transfermarkt.technology/portrait/big/502821-1727382174.jpg,apify-transfermarkt-global-player-scraper
325443,Viktor Gyökeres,Viktor Einar Gyökeres,viktor gyokeres,1998-06-04,28,Sweden; Hungary,Centre-Forward,Striker,right,189,Arsenal FC,11,GB1,2030-06-30,65000000,65000000,75000000,2026-06-03,Sweden,37,21,93100000,https://www.transfermarkt.com/viktor-gyoekeres/profil/spieler/325443,https://img.a.transfermarkt.technology/portrait/big/325443-1737581896.jpg,apify-transfermarkt-global-player-scraper
495666,William Saliba,William Alain André Gabriel Saliba,william saliba,2001-03-24,25,France; Cameroon,Centre-Back,Defender,right,192,Arsenal FC,11,GB1,2030-06-30,100000000,90000000,100000000,2026-06-03,France,36,0,30000000,https://www.transfermarkt.com/william-saliba/profil/spieler/495666,https://img.a.transfermarkt.technology/portrait/big/495666-1718697201.jpg,apify-transfermarkt-global-player-scraper
932733,Leonardo Baroncelli,Leonardo Baroncelli,leonardo baroncelli,2005-08-13,20,Italy,Centre-Back,Defender,right,190,AS Gubbio 1910,4326,IT3B,,175000,200000,200000,2026-06-19,,0,0,0,https://www.transfermarkt.com/leonardo-baroncelli/profil/spieler/932733,https://img.a.transfermarkt.technology/portrait/big/932733-1724147453.jpg,apify-transfermarkt-global-player-scraper
466810,Ansu Fati,Anssumane Fati Vieira,ansu fati,2002-10-31,23,Spain; Guinea-Bissau,Left Winger,Striker,right,178,AS Monaco,162,FR1,2030-06-30,15000000,15000000,80000000,2026-06-01,,0,0,11000000,https://www.transfermarkt.com/ansu-fati/profil/spieler/466810,https://img.a.transfermarkt.technology/portrait/big/466810-1721828228.jpg,apify-transfermarkt-global-player-scraper
1171981,Mathys Detourbet,Mathys Detourbet,mathys detourbet,2007-04-29,19,France,Left Winger,Striker,right,178,AS Monaco,162,FR1,2027-06-30,15000000,10000000,15000000,2026-05-26,France U19,8,4,25000000,https://www.transfermarkt.com/mathys-detourbet/profil/spieler/1171981,https://img.a.transfermarkt.technology/portrait/big/1171981-1749199277.jpg,apify-transfermarkt-global-player-scraper
485584,Anass Salah-Eddine,أنس صلاح الدين,anass salah eddine,2002-01-18,24,Morocco; Netherlands,Left-Back,Defender,left,181,AS Roma,12,IT1,2028-06-30,12000000,12000000,12000000,2026-05-28,Morocco,12,0,9292000,https://www.transfermarkt.com/anass-salah-eddine/profil/spieler/485584,https://img.a.transfermarkt.technology/portrait/big/485584-1766406432.jpg,apify-transfermarkt-global-player-scraper
343537,Artem Dovbyk,Довбик Артем Олександрович,artem dovbyk,1997-06-21,29,Ukraine,Centre-Forward,Striker,left,189,AS Roma,12,IT1,2029-06-30,15000000,15000000,35000000,2026-05-29,Ukraine,41,11,60200000,https://www.transfermarkt.com/artem-dovbyk/profil/spieler/343537,https://img.a.transfermarkt.technology/portrait/big/343537-1719215184.jpg,apify-transfermarkt-global-player-scraper
199248,Bryan Cristante,Bryan Cristante,bryan cristante,1995-03-03,31,Italy; Canada,Defensive Midfield,Midfielder,right,186,AS Roma,12,IT1,2027-06-30,7000000,7000000,25000000,2026-05-29,,0,0,45300000,https://www.transfermarkt.com/bryan-cristante/profil/spieler/199248,https://img.a.transfermarkt.technology/portrait/big/199248-1724827920.jpg,apify-transfermarkt-global-player-scraper
701819,Daniele Ghilardi,Daniele Ghilardi,daniele ghilardi,2003-01-06,23,Italy,Centre-Back,Defender,right,189,AS Roma,12,IT1,2030-06-30,18000000,15000000,18000000,2026-05-29,,0,0,16130000,https://www.transfermarkt.com/daniele-ghilardi/profil/spieler/701819,https://img.a.transfermarkt.technology/portrait/big/701819-1725530673.jpg,apify-transfermarkt-global-player-scraper
495722,Devis Vásquez,Devis Estiven Vásquez Llach,devis vasquez,1998-05-12,28,Colombia,Goalkeeper,Goalkeeper,right,195,AS Roma,12,IT1,2027-06-30,1500000,1500000,4000000,2026-05-21,,0,0,1000000,https://www.transfermarkt.com/devis-vasquez/profil/spieler/495722,https://img.a.transfermarkt.technology/portrait/big/495722-1770806559.jpg,apify-transfermarkt-global-player-scraper
557407,Devyne Rensch,Devyne Fabian Jairo Rensch,devyne rensch,2003-01-18,23,Netherlands; Suriname,Right-Back,Defender,right,181,AS Roma,12,IT1,2029-06-30,8500000,8500000,12000000,2026-05-29,,0,0,6000000,https://www.transfermarkt.com/devyne-rensch/profil/spieler/557407,https://img.a.transfermarkt.technology/portrait/big/557407-1683881379.jpg,apify-transfermarkt-global-player-scraper
326029,Donyell Malen,Donyell Malen,donyell malen,1999-01-19,27,Netherlands; Suriname,Centre-Forward,Striker,right,178,AS Roma,12,IT1,2030-06-30,45000000,35000000,45000000,2026-05-29,Netherlands,56,13,82600000,https://www.transfermarkt.com/donyell-malen/profil/spieler/326029,https://img.a.transfermarkt.technology/portrait/big/326029-1711746104.jpg,apify-transfermarkt-global-player-scraper
371149,Evan Ndicka,Obite Evan Ndicka,evan ndicka,1999-08-20,26,Cote d'Ivoire; France,Centre-Back,Defender,left,192,AS Roma,12,IT1,2028-06-30,35000000,35000000,35000000,2026-05-29,Ivory Coast,27,0,5500000,https://www.transfermarkt.com/evan-ndicka/profil/spieler/371149,https://img.a.transfermarkt.technology/portrait/big/371149-1757605149.jpg,apify-transfermarkt-global-player-scraper
1053217,Filippo Reale,Filippo Reale,filippo reale,2006-02-24,20,Italy,Centre-Back,Defender,left,188,AS Roma,12,IT1,2027-06-30,750000,800000,800000,2026-06-04,,0,0,0,https://www.transfermarkt.com/filippo-reale/profil/spieler/1053217,https://img.a.transfermarkt.technology/portrait/big/1053217-1754287089.jpg,apify-transfermarkt-global-player-scraper
256448,Gianluca Mancini,Gianluca Mancini,gianluca mancini,1996-04-17,30,Italy,Centre-Back,Defender,right,190,AS Roma,12,IT1,2027-06-30,15000000,15000000,30000000,2026-05-29,,0,0,28050000,https://www.transfermarkt.com/gianluca-mancini/profil/spieler/256448,https://img.a.transfermarkt.technology/portrait/big/256448-1663581060.jpg,apify-transfermarkt-global-player-scraper
1046867,Jan Ziolkowski,Jan Ziółkowski,jan ziolkowski,2005-06-05,21,Poland,Centre-Back,Defender,right,194,AS Roma,12,IT1,2030-06-30,12000000,12000000,12000000,2026-05-29,,0,0,6600000,https://www.transfermarkt.com/jan-ziolkowski/profil/spieler/1046867,https://img.a.transfermarkt.technology/portrait/big/1046867-1757603793.jpg,apify-transfermarkt-global-player-scraper
277179,José Ángel Esmoris Tasende,Angeliño,jose angel esmoris tasende,1997-01-04,29,Spain,Left-Back,Defender,left,171,AS Roma,12,IT1,2028-06-30,4500000,10000000,35000000,2026-05-29,,0,0,48900000,https://www.transfermarkt.com/angelino/profil/spieler/277179,https://img.a.transfermarkt.technology/portrait/big/277179-1706626191.jpg,apify-transfermarkt-global-player-scraper
721227,Luigi Cherubini,Luigi Cherubini,luigi cherubini,2004-01-15,22,Italy,Left Winger,Striker,right,175,AS Roma,12,IT1,2027-06-30,3000000,2200000,3000000,2026-06-04,,0,0,0,https://www.transfermarkt.com/luigi-cherubini/profil/spieler/721227,https://img.a.transfermarkt.technology/portrait/big/721227-1698056763.jpg,apify-transfermarkt-global-player-scraper
624690,Manu Koné,Kouadio Emmanuel Boris Koné,manu kone,2001-05-17,25,France; Cote d'Ivoire,Central Midfield,Midfielder,right,185,AS Roma,12,IT1,2029-06-30,50000000,50000000,50000000,2026-05-29,France,17,0,27000000,https://www.transfermarkt.com/manu-kone/profil/spieler/624690,https://img.a.transfermarkt.technology/portrait/big/624690-1757931309.jpg,apify-transfermarkt-global-player-scraper
371371,Marash Kumbulla,Marash Kumbulla,marash kumbulla,2000-02-08,26,Albania; Italy,Centre-Back,Defender,right,191,AS Roma,12,IT1,2028-06-30,3000000,4000000,27000000,2026-06-05,,0,0,29500000,https://www.transfermarkt.com/marash-kumbulla/profil/spieler/371371,https://img.a.transfermarkt.technology/portrait/big/371371-1716969202.jpg,apify-transfermarkt-global-player-scraper
281769,Mario Hermoso,Mario Hermoso Canseco,mario hermoso,1995-06-18,31,Spain,Centre-Back,Defender,left,184,AS Roma,12,IT1,2027-06-30,7000000,7000000,35000000,2026-05-29,,0,0,37500000,https://www.transfermarkt.com/mario-hermoso/profil/spieler/281769,https://img.a.transfermarkt.technology/portrait/big/281769-1666818938.jpg,apify-transfermarkt-global-player-scraper
668951,Matías Soulé,Matías Soulé Malvano,matias soule,2003-04-15,23,Argentina; Italy,Right Winger,Striker,left,182,AS Roma,12,IT1,2029-06-30,35000000,35000000,35000000,2026-05-29,,0,0,28600000,https://www.transfermarkt.com/matias-soule/profil/spieler/668951,https://img.a.transfermarkt.technology/portrait/big/668951-1725529266.jpg,apify-transfermarkt-global-player-scraper
803005,Mattia Mannini,Mattia Mannini,mattia mannini,2006-07-08,19,Italy,Right-Back,Defender,right,172,AS Roma,12,IT1,2028-06-30,1000000,1000000,1000000,2026-06-04,Italy U21,1,0,0,https://www.transfermarkt.com/mattia-mannini/profil/spieler/803005,https://img.a.transfermarkt.technology/portrait/big/803005-1705653269.jpg,apify-transfermarkt-global-player-scraper
338670,Mile Svilar,Миле Свилар,mile svilar,1999-08-27,26,Serbia; Belgium,Goalkeeper,Goalkeeper,right,189,AS Roma,12,IT1,2030-06-30,35000000,35000000,35000000,2026-05-29,,0,0,2500000,https://www.transfermarkt.com/mile-svilar/profil/spieler/338670,https://img.a.transfermarkt.technology/portrait/big/338670-1725532174.jpg,apify-transfermarkt-global-player-scraper
901019,Neil El Aynaoui,"Neil Yoni El Aynaoui, نيل العيناوي",neil el aynaoui,2001-07-02,25,Morocco; France,Central Midfield,Midfielder,right,185,AS Roma,12,IT1,2030-06-30,23000000,20000000,23000000,2026-05-29,Morocco,21,2,24100000,https://www.transfermarkt.com/neil-el-aynaoui/profil/spieler/901019,https://img.a.transfermarkt.technology/portrait/big/901019-1757603917.jpg,apify-transfermarkt-global-player-scraper
813137,Niccolò Pisilli,Niccolò Pisilli,niccolo pisilli,2004-09-23,21,Italy,Central Midfield,Midfielder,right,180,AS Roma,12,IT1,2029-06-30,30000000,20000000,30000000,2026-05-29,Italy,4,0,0,https://www.transfermarkt.com/niccolo-pisilli/profil/spieler/813137,https://img.a.transfermarkt.technology/portrait/big/813137-1683527978.jpg,apify-transfermarkt-global-player-scraper
244192,Pierluigi Gollini,Pierluigi Gollini,pierluigi gollini,1995-03-18,31,Italy,Goalkeeper,Goalkeeper,right,194,AS Roma,12,IT1,2027-06-30,800000,800000,17000000,2026-05-29,,0,0,11090000,https://www.transfermarkt.com/pierluigi-gollini/profil/spieler/244192,https://img.a.transfermarkt.technology/portrait/big/244192-1695026486.jpg,apify-transfermarkt-global-player-scraper
1073023,Radoslaw Zelezny,Radosław Dominik Żelezny,radoslaw zelezny,2006-09-06,19,Poland,Goalkeeper,Goalkeeper,left,193,AS Roma,12,IT1,2029-06-30,200000,200000,200000,2026-05-29,,0,0,100000,https://www.transfermarkt.com/radoslaw-zelezny/profil/spieler/1073023,https://img.a.transfermarkt.technology/portrait/big/1073023-1753683100.jpg,apify-transfermarkt-global-player-scraper
659415,Riccardo Pagano,Riccardo Pagano,riccardo pagano,2004-11-28,21,Italy,Central Midfield,Midfielder,right,175,AS Roma,12,IT1,2027-06-30,1800000,2200000,2500000,2026-06-04,,0,0,0,https://www.transfermarkt.com/riccardo-pagano/profil/spieler/659415,https://img.a.transfermarkt.technology/portrait/big/659415-1696837644.jpg,apify-transfermarkt-global-player-scraper
1131161,Robinio Vaz,Robinio Vaz,robinio vaz,2007-02-17,19,France; Guinea-Bissau,Centre-Forward,Striker,right,185,AS Roma,12,IT1,2030-06-30,18000000,18000000,18000000,2026-05-29,,0,0,22200000,https://www.transfermarkt.com/robinio-vaz/profil/spieler/1131161,https://img.a.transfermarkt.technology/portrait/big/1131161-1761232363.jpg,apify-transfermarkt-global-player-scraper
964580,Wesley Vinícius França Lima,Wesley,wesley vinicius franca lima,2003-09-06,22,Brazil,Right-Back,Defender,right,178,AS Roma,12,IT1,2030-06-30,40000000,40000000,40000000,2026-05-29,,0,0,25000000,https://www.transfermarkt.com/wesley/profil/spieler/964580,https://img.a.transfermarkt.technology/portrait/big/964580-1743167536.jpg,apify-transfermarkt-global-player-scraper
1005583,Alysson Edward Franco da Rocha,Alysson,alysson edward franco da rocha,2006-05-05,20,Brazil,Right Winger,Striker,left,184,Aston Villa,405,GB1,2031-06-30,10000000,10000000,10000000,2026-06-03,,0,0,10000000,https://www.transfermarkt.com/alysson/profil/spieler/1005583,https://img.a.transfermarkt.technology/portrait/big/1005583-1756473897.png,apify-transfermarkt-global-player-scraper
485706,Amadou Onana,Amadou Zeund Georges Ba Mvom Onana,amadou onana,2001-08-16,24,Belgium; Senegal,Defensive Midfield,Midfielder,right,195,Aston Villa,405,GB1,2029-06-30,45000000,45000000,55000000,2026-06-03,Belgium,32,1,112790000,https://www.transfermarkt.com/amadou-onana/profil/spieler/485706,https://img.a.transfermarkt.technology/portrait/big/485706-1718697649.jpg,apify-transfermarkt-global-player-scraper
1063329,Andrés García,Andrés García Robledo,andres garcia,2003-02-07,23,Spain,Right-Back,Defender,right,185,Aston Villa,405,GB1,2029-06-30,6000000,7000000,7000000,2026-06-03,,0,0,7000000,https://www.transfermarkt.com/andres-garcia/profil/spieler/1063329,https://img.a.transfermarkt.technology/portrait/big/1063329-1698880585.jpg,apify-transfermarkt-global-player-scraper
394327,Boubacar Kamara,Boubacar Bernard Kamara,boubacar kamara,1999-11-23,26,France; Senegal,Defensive Midfield,Midfielder,right,184,Aston Villa,405,GB1,2030-06-30,40000000,40000000,40000000,2026-06-03,,0,0,0,https://www.transfermarkt.com/boubacar-kamara/profil/spieler/394327,https://img.a.transfermarkt.technology/portrait/big/394327-1736160460.jpg,apify-transfermarkt-global-player-scraper
321247,Emiliano Buendía,Emiliano Buendía Stati,emiliano buendia,1996-12-25,29,Argentina; Spain,Left Winger,Striker,right,172,Aston Villa,405,GB1,2027-06-30,16000000,18000000,35000000,2026-06-03,,0,0,39900000,https://www.transfermarkt.com/emiliano-buendia/profil/spieler/321247,https://img.a.transfermarkt.technology/portrait/big/321247-1696604099.jpg,apify-transfermarkt-global-player-scraper
111873,Emiliano Martínez,Damián Emiliano Martínez Romero,emiliano martinez,1992-09-02,33,Argentina; Spain,Goalkeeper,Goalkeeper,right,195,Aston Villa,405,GB1,2029-06-30,12000000,15000000,35000000,2026-06-03,Argentina,63,0,18900000,https://www.transfermarkt.com/emiliano-martinez/profil/spieler/111873,https://img.a.transfermarkt.technology/portrait/big/111873-1668180824.jpg,apify-transfermarkt-global-player-scraper
500689,Evann Guessand,Evann Ludovic Vidjannagni Guessand,evann guessand,2001-07-01,25,Cote d'Ivoire; France,Right Winger,Striker,right,188,Aston Villa,405,GB1,2030-06-30,25000000,28000000,30000000,2026-06-03,Ivory Coast,23,4,30000000,https://www.transfermarkt.com/evann-guessand/profil/spieler/500689,https://img.a.transfermarkt.technology/portrait/big/500689-1765812945.jpg,apify-transfermarkt-global-player-scraper
413403,Ezri Konsa,Ezri Konsa Ngoyo,ezri konsa,1997-10-23,28,England; DR Congo,Centre-Back,Defender,right,180,Aston Villa,405,GB1,2028-06-30,40000000,40000000,40000000,2026-06-03,England,24,1,16150000,https://www.transfermarkt.com/ezri-konsa/profil/spieler/413403,https://img.a.transfermarkt.technology/portrait/big/413403-1700651779.jpg,apify-transfermarkt-global-player-scraper
485585,Ian Maatsen,Ian Ethan Maatsen,ian maatsen,2002-03-10,24,Netherlands; Suriname,Left-Back,Defender,left,178,Aston Villa,405,GB1,2030-06-30,30000000,30000000,40000000,2026-06-03,,0,0,46936000,https://www.transfermarkt.com/ian-maatsen/profil/spieler/485585,https://img.a.transfermarkt.technology/portrait/big/485585-1704795222.jpg,apify-transfermarkt-global-player-scraper
591844,Joe Gauci,Joe Anthony Gauci,joe gauci,2000-07-04,26,Australia; New Zealand,Goalkeeper,Goalkeeper,right,194,Aston Villa,405,GB1,2028-06-30,1200000,1400000,1500000,2026-05-12,,0,0,1500000,https://www.transfermarkt.com/joe-gauci/profil/spieler/591844,https://img.a.transfermarkt.technology/portrait/big/591844-1703230842.jpg,apify-transfermarkt-global-player-scraper
193116,John McGinn,John McGinn,john mcginn,1994-10-18,31,Scotland,Central Midfield,Midfielder,left,178,Aston Villa,405,GB1,2028-06-30,13000000,15000000,32000000,2026-06-03,Scotland,89,21,4258000,https://www.transfermarkt.com/john-mcginn/profil/spieler/193116,https://img.a.transfermarkt.technology/portrait/big/193116-1689172405.jpg,apify-transfermarkt-global-player-scraper
848682,Kosta Nedeljkovic,Коста Недељковић,kosta nedeljkovic,2005-12-16,20,Serbia,Right-Back,Defender,right,184,Aston Villa,405,GB1,2029-06-30,6000000,6000000,10000000,2026-05-27,Serbia,11,0,7600000,https://www.transfermarkt.com/kosta-nedeljkovic/profil/spieler/848682,https://img.a.transfermarkt.technology/portrait/big/848682-1744279498.jpg,apify-transfermarkt-global-player-scraper
645686,Lamare Bogarde,Lamare Trenton Chansey Bogarde,lamare bogarde,2004-01-05,22,Netherlands; Suriname,Defensive Midfield,Midfielder,right,185,Aston Villa,405,GB1,2028-06-30,18000000,15000000,18000000,2026-06-03,Netherlands U21,4,0,600000,https://www.transfermarkt.com/lamare-bogarde/profil/spieler/645686,https://img.a.transfermarkt.technology/portrait/big/645686-1724484880.jpg,apify-transfermarkt-global-player-scraper
387626,Leon Bailey,Leon Patrick Bailey Butler,leon bailey,1997-08-09,28,Jamaica,Right Winger,Striker,left,178,Aston Villa,405,GB1,2027-06-30,14000000,16000000,45000000,2026-06-03,,0,0,53100000,https://www.transfermarkt.com/leon-bailey/profil/spieler/387626,https://img.a.transfermarkt.technology/portrait/big/387626-1767803367.jpg,apify-transfermarkt-global-player-scraper
627248,Lewis Dobbin,Lewis Norman Dobbin,lewis dobbin,2003-01-03,23,England,Left Winger,Striker,right,175,Aston Villa,405,GB1,2028-06-30,7000000,4000000,7000000,2026-05-28,,0,0,11800000,https://www.transfermarkt.com/lewis-dobbin/profil/spieler/627248,https://img.a.transfermarkt.technology/portrait/big/627248-1648482055.jpg,apify-transfermarkt-global-player-scraper
126664,Lucas Digne,Lucas Digne,lucas digne,1993-07-20,32,France,Left-Back,Defender,left,178,Aston Villa,405,GB1,2028-06-30,6000000,8000000,35000000,2026-06-03,France,61,0,84200000,https://www.transfermarkt.com/lucas-digne/profil/spieler/126664,https://img.a.transfermarkt.technology/portrait/big/126664-1736160616.jpg,apify-transfermarkt-global-player-scraper
124884,Marco Bizot,Marco Bizot,marco bizot,1991-03-10,35,Netherlands,Goalkeeper,Goalkeeper,right,193,Aston Villa,405,GB1,2027-06-30,1500000,2500000,7000000,2026-06-03,,0,0,3125000,https://www.transfermarkt.com/marco-bizot/profil/spieler/124884,https://img.a.transfermarkt.technology/portrait/big/124884-1707302509.jpg,apify-transfermarkt-global-player-scraper
425334,Matty Cash,Matthew Stuart Cash,matty cash,1997-08-07,28,Poland; England,Right-Back,Defender,right,185,Aston Villa,405,GB1,2029-06-30,22000000,22000000,28000000,2026-06-03,,0,0,15750000,https://www.transfermarkt.com/matty-cash/profil/spieler/425334,https://img.a.transfermarkt.technology/portrait/big/425334-1668091733.jpg,apify-transfermarkt-global-player-scraper
1282860,Modou Kéba Cissé,Modou Kéba Cissé,modou keba cisse,2005-08-04,20,Senegal,Centre-Back,Defender,,191,Aston Villa,405,GB1,2029-06-30,6000000,5500000,6000000,2026-05-26,,0,0,5500000,https://www.transfermarkt.com/modou-keba-cisse/profil/spieler/1282860,https://img.a.transfermarkt.technology/portrait/big/1282860-1754322716.png,apify-transfermarkt-global-player-scraper
503743,Morgan Rogers,Morgan Elliot Rogers,morgan rogers,2002-07-26,23,England,Attacking Midfield,Midfielder,right,187,Aston Villa,405,GB1,2031-06-30,90000000,80000000,90000000,2026-06-03,England,18,1,15000000,https://www.transfermarkt.com/morgan-rogers/profil/spieler/503743,https://img.a.transfermarkt.technology/portrait/big/503743-1706786450.jpg,apify-transfermarkt-global-player-scraper
555074,Oliwier Zych,Oliwier Zych,oliwier zych,2004-06-28,22,Poland,Goalkeeper,Goalkeeper,right,193,Aston Villa,405,GB1,2027-06-30,2000000,2000000,2000000,2026-06-04,Poland U21,1,0,0,https://www.transfermarkt.com/oliwier-zych/profil/spieler/555074,https://img.a.transfermarkt.technology/portrait/big/555074-1757087011.png,apify-transfermarkt-global-player-scraper
324358,Ollie Watkins,Oliver George Arthur Watkins,ollie watkins,1995-12-30,30,England,Centre-Forward,Striker,right,180,Aston Villa,405,GB1,2028-06-30,25000000,30000000,65000000,2026-06-03,England,23,7,41220000,https://www.transfermarkt.com/ollie-watkins/profil/spieler/324358,https://img.a.transfermarkt.technology/portrait/big/324358-1708341279.jpg,apify-transfermarkt-global-player-scraper
399776,Pau Torres,Pau Francisco Torres,pau torres,1997-01-16,29,Spain,Centre-Back,Defender,left,192,Aston Villa,405,GB1,2028-06-30,20000000,22000000,50000000,2026-06-03,,0,0,33000000,https://www.transfermarkt.com/pau-torres/profil/spieler/399776,https://img.a.transfermarkt.technology/portrait/big/399776-1765899002.jpg,apify-transfermarkt-global-player-scraper
131978,Ross Barkley,Ross Barkley,ross barkley,1993-12-05,32,England,Central Midfield,Midfielder,right,189,Aston Villa,405,GB1,2027-06-30,4000000,5000000,30000000,2026-06-03,,0,0,22700000,https://www.transfermarkt.com/ross-barkley/profil/spieler/131978,https://img.a.transfermarkt.technology/portrait/big/131978-1662368517.jpg,apify-transfermarkt-global-player-scraper
581672,Samuel Iling-Junior,Samuel Iling-Junior,samuel iling junior,2003-10-04,22,England; DR Congo,Left Midfield,Midfielder,left,182,Aston Villa,405,GB1,2029-06-30,6500000,8000000,13000000,2026-05-29,,0,0,15880000,https://www.transfermarkt.com/samuel-iling-junior/profil/spieler/581672,https://img.a.transfermarkt.technology/portrait/big/581672-1730183382.jpg,apify-transfermarkt-global-player-scraper
331726,Tammy Abraham,Kevin Oghenetega Tamaraebi Bakumo-Abraham,tammy abraham,1997-10-02,28,England; Nigeria,Centre-Forward,Striker,right,194,Aston Villa,405,GB1,2030-06-30,18000000,20000000,50000000,2026-06-03,,0,0,80500000,https://www.transfermarkt.com/tammy-abraham/profil/spieler/331726,https://img.a.transfermarkt.technology/portrait/big/331726-1761563884.jpg,apify-transfermarkt-global-player-scraper
253677,Tyrone Mings,Tyrone Deon Mings,tyrone mings,1993-03-13,33,England,Centre-Back,Defender,left,196,Aston Villa,405,GB1,2027-06-30,3000000,4000000,32000000,2026-06-03,,0,0,33600000,https://www.transfermarkt.com/tyrone-mings/profil/spieler/253677,https://img.a.transfermarkt.technology/portrait/big/253677-1746644991.jpg,apify-transfermarkt-global-player-scraper
184573,Victor Lindelöf,Victor Jörgen Nilsson-Lindelöf,victor lindelof,1994-07-17,31,Sweden,Centre-Back,Defender,right,187,Aston Villa,405,GB1,2027-06-30,5000000,6000000,35000000,2026-06-03,Sweden,80,3,38060000,https://www.transfermarkt.com/victor-lindeloef/profil/spieler/184573,https://img.a.transfermarkt.technology/portrait/big/184573-1695244778.jpg,apify-transfermarkt-global-player-scraper
249565,Youri Tielemans,Youri Tielemans,youri tielemans,1997-05-07,29,Belgium; DR Congo,Central Midfield,Midfielder,right,176,Aston Villa,405,GB1,2028-06-30,30000000,35000000,55000000,2026-06-03,Belgium,89,15,70000000,https://www.transfermarkt.com/youri-tielemans/profil/spieler/249565,https://img.a.transfermarkt.technology/portrait/big/249565-1716886438.jpg,apify-transfermarkt-global-player-scraper
165513,Berat Djimsiti,Berat Ridvan Gjimshiti,berat djimsiti,1993-02-19,33,Albania; Switzerland,Centre-Back,Defender,right,190,Atalanta BC,800,IT1,2027-06-30,4000000,5000000,22000000,2026-05-29,Albania,72,1,0,https://www.transfermarkt.com/berat-djimsiti/profil/spieler/165513,https://img.a.transfermarkt.technology/portrait/big/165513-1718627443.jpg,apify-transfermarkt-global-player-scraper
435772,Charles De Ketelaere,Charles De Ketelaere,charles de ketelaere,2001-03-10,25,Belgium,Attacking Midfield,Midfielder,left,192,Atalanta BC,800,IT1,2028-06-30,30000000,35000000,38000000,2026-05-29,Belgium,33,6,64200000,https://www.transfermarkt.com/charles-de-ketelaere/profil/spieler/435772,https://img.a.transfermarkt.technology/portrait/big/435772-1659601388.jpg,apify-transfermarkt-global-player-scraper
539134,Daniel Maldini,Daniel Maldini,daniel maldini,2001-10-11,24,Italy; Venezuela,Attacking Midfield,Midfielder,right,188,Atalanta BC,800,IT1,2029-06-30,9000000,10000000,10000000,2026-05-29,,0,0,20500000,https://www.transfermarkt.com/daniel-maldini/profil/spieler/539134,https://img.a.transfermarkt.technology/portrait/big/539134-1695031448.jpg,apify-transfermarkt-global-player-scraper
173859,Davide Zappacosta,Davide Zappacosta,davide zappacosta,1992-06-11,34,Italy,Right Midfield,Midfielder,right,182,Atalanta BC,800,IT1,2028-06-30,3500000,3500000,20000000,2026-05-29,,0,0,39300000,https://www.transfermarkt.com/davide-zappacosta/profil/spieler/173859,https://img.a.transfermarkt.technology/portrait/big/173859-1661268432.jpg,apify-transfermarkt-global-player-scraper
607854,Éderson José dos Santos Lourenço da Silva,Éderson,ederson jose dos santos lourenco da silva,1999-07-07,26,Brazil,Central Midfield,Midfielder,right,183,Atalanta BC,800,IT1,2027-06-30,45000000,40000000,50000000,2026-05-29,Brazil,4,0,29695000,https://www.transfermarkt.com/ederson/profil/spieler/607854,https://img.a.transfermarkt.technology/portrait/big/607854-1646648856.jpg,apify-transfermarkt-global-player-scraper
649016,El Bilal Touré,El Bilal Touré,el bilal toure,2001-10-03,24,Mali; Cote d'Ivoire,Left Winger,Striker,right,185,Atalanta BC,800,IT1,2028-06-30,13000000,15000000,20000000,2026-05-21,,0,0,42530000,https://www.transfermarkt.com/el-bilal-toure/profil/spieler/649016,https://img.a.transfermarkt.technology/portrait/big/649016-1770375726.png,apify-transfermarkt-global-player-scraper
126634,Francesco Rossi,Francesco Rossi,francesco rossi,1991-04-27,35,Italy,Goalkeeper,Goalkeeper,right,193,Atalanta BC,800,IT1,2027-06-30,100000,100000,175000,2026-05-29,,0,0,0,https://www.transfermarkt.com/francesco-rossi/profil/spieler/126634,https://img.a.transfermarkt.technology/portrait/big/126634-1757604568.jpg,apify-transfermarkt-global-player-scraper
405885,Giacomo Raspadori,Giacomo Raspadori,giacomo raspadori,2000-02-18,26,Italy,Second Striker,Striker,right,172,Atalanta BC,800,IT1,2030-06-30,22000000,22000000,35000000,2026-05-29,,0,0,77000000,https://www.transfermarkt.com/giacomo-raspadori/profil/spieler/405885,https://img.a.transfermarkt.technology/portrait/big/405885-1708552564.jpg,apify-transfermarkt-global-player-scraper
315867,Gianluca Scamacca,Gianluca Scamacca,gianluca scamacca,1999-01-01,27,Italy,Centre-Forward,Striker,right,195,Atalanta BC,800,IT1,2028-06-30,25000000,25000000,35000000,2026-05-29,,0,0,70970000,https://www.transfermarkt.com/gianluca-scamacca/profil/spieler/315867,https://img.a.transfermarkt.technology/portrait/big/315867-1659354755.jpg,apify-transfermarkt-global-player-scraper
571604,Giorgio Scalvini,Giorgio Scalvini,giorgio scalvini,2003-12-11,22,Italy,Centre-Back,Defender,right,194,Atalanta BC,800,IT1,2028-06-30,38000000,30000000,45000000,2026-05-29,,0,0,0,https://www.transfermarkt.com/giorgio-scalvini/profil/spieler/571604,https://img.a.transfermarkt.technology/portrait/big/571604-1701860841.jpg,apify-transfermarkt-global-player-scraper
663900,Giovanni Bonfanti,Giovanni Bonfanti,giovanni bonfanti,2003-01-17,23,Italy,Centre-Back,Defender,left,187,Atalanta BC,800,IT1,2028-06-30,3800000,4000000,4500000,2026-06-04,,0,0,550000,https://www.transfermarkt.com/giovanni-bonfanti/profil/spieler/663900,https://img.a.transfermarkt.technology/portrait/big/663900-1757604741.jpg,apify-transfermarkt-global-player-scraper
1077175,Honest Ahanor,Honest Ahanor,honest ahanor,2008-02-23,18,Italy; Nigeria,Centre-Back,Defender,left,184,Atalanta BC,800,IT1,2028-06-30,30000000,25000000,30000000,2026-05-29,Italy,2,0,16000000,https://www.transfermarkt.com/honest-ahanor/profil/spieler/1077175,https://img.a.transfermarkt.technology/portrait/big/1077175-1725265871.jpg,apify-transfermarkt-global-player-scraper
982267,Ibrahim Sulemana,Ibrahim Sulemana Kakari,ibrahim sulemana,2003-05-22,23,Ghana,Defensive Midfield,Midfielder,right,180,Atalanta BC,800,IT1,2028-06-30,6000000,6000000,7000000,2026-05-29,,0,0,11900000,https://www.transfermarkt.com/ibrahim-sulemana/profil/spieler/982267,https://img.a.transfermarkt.technology/portrait/big/982267-1695033715.jpg,apify-transfermarkt-global-player-scraper
503075,Isak Hien,Isak Malcolm Kwaku Hien,isak hien,1999-01-13,27,Sweden; Ghana,Centre-Back,Defender,right,191,Atalanta BC,800,IT1,2028-06-30,22000000,22000000,30000000,2026-05-29,Sweden,32,0,13460000,https://www.transfermarkt.com/isak-hien/profil/spieler/503075,https://img.a.transfermarkt.technology/portrait/big/503075-1725531359.jpg,apify-transfermarkt-global-player-scraper
746695,Kamaldeen Sulemana,Kamaldeen Sulemana,kamaldeen sulemana,2002-02-15,24,Ghana,Left Winger,Striker,right,174,Atalanta BC,800,IT1,2029-06-30,17000000,18000000,22000000,2026-05-29,Ghana,30,1,59500000,https://www.transfermarkt.com/kamaldeen-sulemana/profil/spieler/746695,https://img.a.transfermarkt.technology/portrait/big/746695-1751520001.jpg,apify-transfermarkt-global-player-scraper
528833,Lazar Samardžić,Лазар Самарџић,lazar samardzic,2002-02-24,24,Serbia; Germany,Attacking Midfield,Midfielder,left,184,Atalanta BC,800,IT1,2029-06-30,16000000,17000000,20000000,2026-05-29,,0,0,25100000,https://www.transfermarkt.com/lazar-samardzic/profil/spieler/528833,https://img.a.transfermarkt.technology/portrait/big/528833-1757605226.jpg,apify-transfermarkt-global-player-scraper
708635,Lorenzo Bernasconi,Lorenzo Bernasconi,lorenzo bernasconi,2003-11-16,22,Italy,Left Midfield,Midfielder,left,190,Atalanta BC,800,IT1,2028-06-30,20000000,15000000,20000000,2026-05-29,,0,0,1150000,https://www.transfermarkt.com/lorenzo-bernasconi/profil/spieler/708635,https://img.a.transfermarkt.technology/portrait/big/708635-1773300882.jpg,apify-transfermarkt-global-player-scraper
459763,Marco Carnesecchi,Marco Carnesecchi,marco carnesecchi,2000-07-01,26,Italy,Goalkeeper,Goalkeeper,right,191,Atalanta BC,800,IT1,2028-06-30,30000000,25000000,30000000,2026-05-29,,0,0,1870000,https://www.transfermarkt.com/marco-carnesecchi/profil/spieler/459763,https://img.a.transfermarkt.technology/portrait/big/459763-1695027944.jpg,apify-transfermarkt-global-player-scraper
199976,Marco Sportiello,Marco Sportiello,marco sportiello,1992-05-10,34,Italy,Goalkeeper,Goalkeeper,right,192,Atalanta BC,800,IT1,2028-06-30,800000,1000000,10000000,2026-05-29,,0,0,1430000,https://www.transfermarkt.com/marco-sportiello/profil/spieler/199976,https://img.a.transfermarkt.technology/portrait/big/199976-1661351013.jpg,apify-transfermarkt-global-player-scraper
205938,Mario Pašalić,Mario Pašalić,mario pasalic,1995-02-09,31,Croatia,Central Midfield,Midfielder,right,188,Atalanta BC,800,IT1,2028-06-30,6000000,7000000,28000000,2026-05-29,Croatia,89,12,20500000,https://www.transfermarkt.com/mario-pasalic/profil/spieler/205938,https://img.a.transfermarkt.technology/portrait/big/205938-1716240830.jpg,apify-transfermarkt-global-player-scraper
133179,Marten de Roon,Marten Elco de Roon,marten de roon,1991-03-29,35,Netherlands,Defensive Midfield,Midfielder,right,186,Atalanta BC,800,IT1,2027-06-30,3200000,3500000,24000000,2026-05-29,Netherlands,44,1,28500000,https://www.transfermarkt.com/marten-de-roon/profil/spieler/133179,https://img.a.transfermarkt.technology/portrait/big/133179-1779892536.jpg,apify-transfermarkt-global-player-scraper
361065,Mitchel Bakker,Mitchel Bakker,mitchel bakker,2000-06-20,26,Netherlands,Left Midfield,Midfielder,left,189,Atalanta BC,800,IT1,2027-06-30,2500000,4000000,14000000,2026-05-29,,0,0,16640000,https://www.transfermarkt.com/mitchel-bakker/profil/spieler/361065,https://img.a.transfermarkt.technology/portrait/big/361065-1658913284.jpg,apify-transfermarkt-global-player-scraper
550108,Nicola Zalewski,Nicola Zalewski,nicola zalewski,2002-01-23,24,Poland; Italy,Left Midfield,Midfielder,right,175,Atalanta BC,800,IT1,2029-06-30,20000000,20000000,20000000,2026-05-29,Poland,36,4,26100000,https://www.transfermarkt.com/nicola-zalewski/profil/spieler/550108,https://img.a.transfermarkt.technology/portrait/big/550108-1725530902.jpg,apify-transfermarkt-global-player-scraper
434433,Nikola Krstović,Никола Крстовић,nikola krstovic,2000-04-05,26,Montenegro; Serbia,Centre-Forward,Striker,right,185,Atalanta BC,800,IT1,2030-06-30,30000000,25000000,30000000,2026-05-29,Montenegro,34,8,33850000,https://www.transfermarkt.com/nikola-krstovic/profil/spieler/434433,https://img.a.transfermarkt.technology/portrait/big/434433-1730126208.jpg,apify-transfermarkt-global-player-scraper
644771,Odilon Kossounou,Odilon Kossounou Kouakou,odilon kossounou,2001-01-04,25,Cote d'Ivoire,Centre-Back,Defender,right,191,Atalanta BC,800,IT1,2029-06-30,15000000,18000000,35000000,2026-05-29,Ivory Coast,39,0,51650000,https://www.transfermarkt.com/odilon-kossounou/profil/spieler/644771,https://img.a.transfermarkt.technology/portrait/big/644771-1730183693.jpg,apify-transfermarkt-global-player-scraper
357992,Raoul Bellanova,Raoul Bellanova,raoul bellanova,2000-05-17,26,Italy,Right Midfield,Midfielder,right,188,Atalanta BC,800,IT1,2029-06-30,15000000,18000000,24000000,2026-05-29,,0,0,35890000,https://www.transfermarkt.com/raoul-bellanova/profil/spieler/357992,https://img.a.transfermarkt.technology/portrait/big/357992-1695028689.jpg,apify-transfermarkt-global-player-scraper
94005,Sead Kolasinac,Sead Kolašinac,sead kolasinac,1993-06-20,33,Bosnia-Herzegovina; Germany,Centre-Back,Defender,left,183,Atalanta BC,800,IT1,2027-06-30,4000000,6000000,20000000,2026-05-29,Bosnia-Herzegovina,69,0,0,https://www.transfermarkt.com/sead-kolasinac/profil/spieler/94005,https://img.a.transfermarkt.technology/portrait/big/94005-1666815100.jpg,apify-transfermarkt-global-player-scraper
710671,Adama Boiro,Adama Boiro Boiro,adama boiro,2002-06-22,24,Spain; Senegal,Left-Back,Defender,left,183,Athletic Bilbao,621,ES1,2029-06-30,2500000,3000000,3000000,2026-06-05,,0,0,2000000,https://www.transfermarkt.com/adama-boiro/profil/spieler/710671,https://img.a.transfermarkt.technology/portrait/big/710671-1709677000.png,apify-transfermarkt-global-player-scraper
591916,Aitor Paredes,Aitor Paredes Casamichana,aitor paredes,2000-04-29,26,Spain,Centre-Back,Defender,right,185,Athletic Bilbao,621,ES1,2029-06-30,7500000,15000000,22000000,2026-06-05,,0,0,0,https://www.transfermarkt.com/aitor-paredes/profil/spieler/591916,https://img.a.transfermarkt.technology/portrait/big/591916-1709675052.png,apify-transfermarkt-global-player-scraper
834491,Alejandro Rego,Alejandro Rego Mora,alejandro rego,2003-06-11,23,Spain,Central Midfield,Midfielder,right,192,Athletic Bilbao,621,ES1,2030-06-30,5000000,3000000,5000000,2026-06-05,,0,0,0,https://www.transfermarkt.com/alejandro-rego/profil/spieler/834491,https://img.a.transfermarkt.technology/portrait/big/834491-1709677367.png,apify-transfermarkt-global-player-scraper
338425,Álex Berenguer,Alejandro Berenguer Remiro,alex berenguer,1995-07-04,31,Spain,Left Winger,Striker,right,175,Athletic Bilbao,621,ES1,2027-06-30,4000000,5000000,15000000,2026-06-05,,0,0,18125000,https://www.transfermarkt.com/alex-berenguer/profil/spieler/338425,https://img.a.transfermarkt.technology/portrait/big/338425-1709676212.png,apify-transfermarkt-global-player-scraper
834483,Álex Padilla,Alejandro Padilla Pérez,alex padilla,2003-09-01,22,Mexico; Spain,Goalkeeper,Goalkeeper,right,190,Athletic Bilbao,621,ES1,2029-06-30,3000000,3000000,3000000,2026-06-05,Mexico U23,3,0,350000,https://www.transfermarkt.com/alex-padilla/profil/spieler/834483,https://img.a.transfermarkt.technology/portrait/big/834483-1709676711.png,apify-transfermarkt-global-player-scraper
671649,Álvaro Djaló,Álvaro Djaló Dias Fernandes,alvaro djalo,1999-08-16,26,Guinea-Bissau; Spain,Left Winger,Striker,right,175,Athletic Bilbao,621,ES1,2029-06-30,4000000,4500000,15000000,2026-05-14,Guinea-Bissau,1,0,18000000,https://www.transfermarkt.com/alvaro-djalo/profil/spieler/671649,https://img.a.transfermarkt.technology/portrait/big/671649-1762259842.jpg,apify-transfermarkt-global-player-scraper
289255,Andoni Gorosabel,Andoni Gorosabel Espinosa,andoni gorosabel,1996-08-04,29,Spain,Right-Back,Defender,right,174,Athletic Bilbao,621,ES1,2028-06-30,3000000,4000000,10000000,2026-06-05,,0,0,1500000,https://www.transfermarkt.com/andoni-gorosabel/profil/spieler/289255,https://img.a.transfermarkt.technology/portrait/big/289255-1739190147.jpeg,apify-transfermarkt-global-player-scraper
176553,Aymeric Laporte,Aymeric Jean Louis Gérard Alphonse Laporte,aymeric laporte,1994-05-27,32,Spain; France,Centre-Back,Defender,left,191,Athletic Bilbao,621,ES1,2028-06-30,8000000,9000000,75000000,2026-06-05,Spain,50,2,102500000,https://www.transfermarkt.com/aymeric-laporte/profil/spieler/176553,https://img.a.transfermarkt.technology/portrait/big/176553-1685546335.jpg,apify-transfermarkt-global-player-scraper
709214,Beñat Gerenabarrena,Beñat Gerenabarrena Zendoia,benat gerenabarrena,2003-03-29,23,Spain,Central Midfield,Midfielder,right,173,Athletic Bilbao,621,ES1,2027-06-30,1000000,1000000,1000000,2026-06-22,,0,0,0,https://www.transfermarkt.com/benat-gerenabarrena/profil/spieler/709214,https://img.a.transfermarkt.technology/portrait/big/709214-1709677208.png,apify-transfermarkt-global-player-scraper
625047,Beñat Prados,Beñat Prados Díaz,benat prados,2001-02-08,25,Spain,Central Midfield,Midfielder,right,180,Athletic Bilbao,621,ES1,2031-06-30,15000000,18000000,20000000,2026-06-05,,0,0,0,https://www.transfermarkt.com/benat-prados/profil/spieler/625047,https://img.a.transfermarkt.technology/portrait/big/625047-1709675858.png,apify-transfermarkt-global-player-scraper
524000,Dani Vivian,Daniel Vivian Moreno,dani vivian,1999-07-05,27,Spain,Centre-Back,Defender,right,184,Athletic Bilbao,621,ES1,2032-06-30,20000000,25000000,40000000,2026-06-05,,0,0,0,https://www.transfermarkt.com/dani-vivian/profil/spieler/524000,https://img.a.transfermarkt.technology/portrait/big/524000-1709674998.png,apify-transfermarkt-global-player-scraper
340205,Gorka Guruzeta,Gorka Guruzeta Rodríguez,gorka guruzeta,1996-09-12,29,Spain,Centre-Forward,Striker,right,188,Athletic Bilbao,621,ES1,2028-06-30,5000000,5000000,18000000,2026-06-05,,0,0,0,https://www.transfermarkt.com/gorka-guruzeta/profil/spieler/340205,https://img.a.transfermarkt.technology/portrait/big/340205-1709676375.png,apify-transfermarkt-global-player-scraper
834487,Hugo Rincón,Hugo Rincón Lumbreras,hugo rincon,2003-01-27,23,Spain,Right-Back,Defender,right,183,Athletic Bilbao,621,ES1,2028-06-30,3500000,3500000,3500000,2026-06-05,,0,0,200000,https://www.transfermarkt.com/hugo-rincon/profil/spieler/834487,https://img.a.transfermarkt.technology/portrait/big/834487-1709677097.png,apify-transfermarkt-global-player-scraper
255508,Iñaki Williams,Iñaki Williams Arthuer,inaki williams,1994-06-15,32,Ghana; Spain,Right Winger,Striker,right,186,Athletic Bilbao,621,ES1,2028-06-30,8000000,10000000,50000000,2026-06-05,Ghana,28,2,0,https://www.transfermarkt.com/inaki-williams/profil/spieler/255508,https://img.a.transfermarkt.technology/portrait/big/255508-1709676323.png,apify-transfermarkt-global-player-scraper
126751,Iñigo Ruiz de Galarreta,Iñigo Ruiz de Galarreta Etxeberria,inigo ruiz de galarreta,1993-08-06,32,Spain,Central Midfield,Midfielder,right,175,Athletic Bilbao,621,ES1,2027-06-30,2000000,2500000,5000000,2026-06-05,,0,0,1200000,https://www.transfermarkt.com/inigo-ruiz-de-galarreta/profil/spieler/126751,https://img.a.transfermarkt.technology/portrait/big/126751-1709675810.png,apify-transfermarkt-global-player-scraper
488626,Jesús Areso,Jesús Areso Blanco,jesus areso,1999-07-02,27,Spain,Right-Back,Defender,right,182,Athletic Bilbao,621,ES1,2031-06-30,5000000,8000000,12000000,2026-06-05,,0,0,12450000,https://www.transfermarkt.com/jesus-areso/profil/spieler/488626,https://img.a.transfermarkt.technology/portrait/big/488626-1675800186.jpg,apify-transfermarkt-global-player-scraper
625014,Julen Agirrezabala,Julen Agirrezabala Astúlez,julen agirrezabala,2000-12-26,25,Spain,Goalkeeper,Goalkeeper,left,187,Athletic Bilbao,621,ES1,2027-06-30,9000000,15000000,15000000,2026-06-05,,0,0,1000000,https://www.transfermarkt.com/julen-agirrezabala/profil/spieler/625014,https://img.a.transfermarkt.technology/portrait/big/625014-1709674945.png,apify-transfermarkt-global-player-scraper
1054934,Maroan Sannadi,مروان سنادي حروش,maroan sannadi,2001-02-01,25,Morocco; Spain,Centre-Forward,Striker,right,192,Athletic Bilbao,621,ES1,2029-06-30,3000000,5000000,10000000,2026-06-05,,0,0,3000000,https://www.transfermarkt.com/maroan-sannadi/profil/spieler/1054934,https://img.a.transfermarkt.technology/portrait/big/1054934-1736857054.jpg,apify-transfermarkt-global-player-scraper
938729,Mikel Jauregizar,Mikel Jauregizar Alboniga,mikel jauregizar,2003-11-13,22,Spain,Central Midfield,Midfielder,right,177,Athletic Bilbao,621,ES1,2031-06-30,30000000,35000000,35000000,2026-06-05,,0,0,0,https://www.transfermarkt.com/mikel-jauregizar/profil/spieler/938729,https://img.a.transfermarkt.technology/portrait/big/938729-1709675994.png,apify-transfermarkt-global-player-scraper
300168,Mikel Vesga,Mikel Vesga Arruti,mikel vesga,1993-04-08,33,Spain,Defensive Midfield,Midfielder,left,191,Athletic Bilbao,621,ES1,2027-06-30,1200000,1500000,6000000,2026-06-05,,0,0,0,https://www.transfermarkt.com/mikel-vesga/profil/spieler/300168,https://img.a.transfermarkt.technology/portrait/big/300168-1709675412.png,apify-transfermarkt-global-player-scraper
668183,Nico Serrano,Nicolás Serrano Galdeano,nico serrano,2003-03-05,23,Spain,Left Winger,Striker,left,176,Athletic Bilbao,621,ES1,2028-06-30,1500000,1500000,2500000,2026-06-05,,0,0,300000,https://www.transfermarkt.com/nico-serrano/profil/spieler/668183,https://img.a.transfermarkt.technology/portrait/big/668183-1731352737.png,apify-transfermarkt-global-player-scraper
709187,Nico Williams,Nicholas Williams Arthuer,nico williams,2002-07-12,23,Spain; Ghana,Left Winger,Striker,right,181,Athletic Bilbao,621,ES1,2035-06-30,40000000,50000000,70000000,2026-06-05,Spain,33,6,0,https://www.transfermarkt.com/nico-williams/profil/spieler/709187,https://img.a.transfermarkt.technology/portrait/big/709187-1709676169.png,apify-transfermarkt-global-player-scraper
571020,Oihan Sancet,Oihan Sancet Tirapu,oihan sancet,2000-04-25,26,Spain,Attacking Midfield,Midfielder,right,188,Athletic Bilbao,621,ES1,2032-06-30,25000000,35000000,60000000,2026-06-05,,0,0,300000,https://www.transfermarkt.com/oihan-sancet/profil/spieler/571020,https://img.a.transfermarkt.technology/portrait/big/571020-1709676037.png,apify-transfermarkt-global-player-scraper
1056966,Peio Canales,Peio Canales Urtasun,peio canales,2005-01-17,21,Spain,Attacking Midfield,Midfielder,right,175,Athletic Bilbao,621,ES1,2027-06-30,10000000,8000000,10000000,2026-06-22,Spain U21,6,0,0,https://www.transfermarkt.com/peio-canales/profil/spieler/1056966,https://img.a.transfermarkt.technology/portrait/big/1056966-1709678026.png,apify-transfermarkt-global-player-scraper
563137,Robert Navarro,Robert Navarro Muñoz,robert navarro,2002-04-12,24,Spain,Right Winger,Striker,right,178,Athletic Bilbao,621,ES1,2030-06-30,6000000,6000000,6000000,2026-06-05,,0,0,6850000,https://www.transfermarkt.com/robert-navarro/profil/spieler/563137,https://img.a.transfermarkt.technology/portrait/big/563137-1567246327.jpg,apify-transfermarkt-global-player-scraper
1312698,Selton Sánchez,Selton Sued Sánchez Camilo,selton sanchez,2007-02-20,19,Spain; Brazil,Central Midfield,Midfielder,right,185,Athletic Bilbao,621,ES1,2029-06-30,2800000,3000000,3000000,2026-06-05,,0,0,0,https://www.transfermarkt.com/selton-sanchez/profil/spieler/1312698,https://img.a.transfermarkt.technology/portrait/big/1312698-1731353776.png,apify-transfermarkt-global-player-scraper
834485,Unai Egiluz,Unai Egiluz Arroyo,unai egiluz,2002-03-19,24,Spain,Centre-Back,Defender,right,186,Athletic Bilbao,621,ES1,2028-06-30,400000,600000,600000,2026-06-05,,0,0,0,https://www.transfermarkt.com/unai-egiluz/profil/spieler/834485,https://img.a.transfermarkt.technology/portrait/big/834485-1709676798.png,apify-transfermarkt-global-player-scraper
834752,Unai Gómez,Unai Gómez Etxebarria,unai gomez,2003-05-25,23,Spain,Attacking Midfield,Midfielder,left,183,Athletic Bilbao,621,ES1,2028-06-30,5000000,5000000,8000000,2026-06-05,,0,0,0,https://www.transfermarkt.com/unai-gomez/profil/spieler/834752,https://img.a.transfermarkt.technology/portrait/big/834752-1709676122.png,apify-transfermarkt-global-player-scraper
262396,Unai Simón,Unai Simón Mendibil,unai simon,1997-06-11,29,Spain,Goalkeeper,Goalkeeper,right,190,Athletic Bilbao,621,ES1,2029-06-30,22000000,25000000,30000000,2026-06-05,Spain,62,0,0,https://www.transfermarkt.com/unai-simon/profil/spieler/262396,https://img.a.transfermarkt.technology/portrait/big/262396-1709674901.png,apify-transfermarkt-global-player-scraper
610083,Unai Vencedor,Unai Vencedor Paris,unai vencedor,2000-11-15,25,Spain,Central Midfield,Midfielder,right,176,Athletic Bilbao,621,ES1,2027-06-30,1600000,1800000,20000000,2026-06-05,,0,0,0,https://www.transfermarkt.com/unai-vencedor/profil/spieler/610083,https://img.a.transfermarkt.technology/portrait/big/610083-1671998817.png,apify-transfermarkt-global-player-scraper
610622,Urko Iruretagoiena Lertxundi,Urko Izeta,urko iruretagoiena lertxundi,1999-09-29,26,Spain,Centre-Forward,Striker,right,175,Athletic Bilbao,621,ES1,2027-06-30,1400000,1500000,2000000,2026-06-05,,0,0,0,https://www.transfermarkt.com/urko-izeta/profil/spieler/610622,https://img.a.transfermarkt.technology/portrait/big/610622-1709678226.png,apify-transfermarkt-global-player-scraper
255488,Yeray Álvarez,Yeray Álvarez López,yeray alvarez,1995-01-24,31,Spain,Centre-Back,Defender,right,182,Athletic Bilbao,621,ES1,2028-06-30,900000,1000000,30000000,2026-06-05,,0,0,0,https://www.transfermarkt.com/yeray-alvarez/profil/spieler/255488,https://img.a.transfermarkt.technology/portrait/big/255488-1709675129.png,apify-transfermarkt-global-player-scraper
61812,Yuri Berchiche,Yuri Berchiche Izeta,yuri berchiche,1990-02-10,36,Spain; Algeria,Left-Back,Defender,left,181,Athletic Bilbao,621,ES1,2027-06-30,1000000,1200000,20000000,2026-06-05,,0,0,40750000,https://www.transfermarkt.com/yuri-berchiche/profil/spieler/61812,https://img.a.transfermarkt.technology/portrait/big/61812-1709675167.png,apify-transfermarkt-global-player-scraper
406040,Ademola Lookman,Ademola Olajade Alade Aylola Lookman,ademola lookman,1997-10-20,28,Nigeria; England,Left Winger,Striker,right,174,Atlético de Madrid,13,ES1,2030-06-30,40000000,40000000,60000000,2026-06-05,,0,0,80400000,https://www.transfermarkt.com/ademola-lookman/profil/spieler/406040,https://img.a.transfermarkt.technology/portrait/big/406040-1769763751.jpg,apify-transfermarkt-global-player-scraper
193082,Alejandro Grimaldo,Alejandro Grimaldo García,alejandro grimaldo,1995-09-20,30,Spain,Left-Back,Defender,left,171,Atlético de Madrid,13,ES1,2030-06-30,20000000,24000000,45000000,2026-05-27,Spain,14,0,24100000,https://www.transfermarkt.com/alejandro-grimaldo/profil/spieler/193082,https://img.a.transfermarkt.technology/portrait/big/193082-1689710805.jpg,apify-transfermarkt-global-player-scraper
548111,Álex Baena,Alejandro Baena Rodríguez,alex baena,2001-07-20,24,Spain,Left Winger,Striker,right,172,Atlético de Madrid,13,ES1,2030-06-30,40000000,45000000,55000000,2026-06-05,Spain,20,3,42000000,https://www.transfermarkt.com/alex-baena/profil/spieler/548111,https://img.a.transfermarkt.technology/portrait/big/548111-1761821030.jpg,apify-transfermarkt-global-player-scraper
238407,Alexander Sørloth,Alexander Sørloth,alexander sorloth,1995-12-05,30,Norway,Centre-Forward,Striker,left,196,Atlético de Madrid,13,ES1,2028-06-30,18000000,20000000,25000000,2026-06-05,Norway,76,26,93225000,https://www.transfermarkt.com/alexander-soerloth/profil/spieler/238407,https://img.a.transfermarkt.technology/portrait/big/238407-1716403969.jpg,apify-transfermarkt-global-player-scraper
125781,Antoine Griezmann,Antoine Griezmann,antoine griezmann,1991-03-21,35,France,Second Striker,Striker,left,176,Atlético de Madrid,13,ES1,2027-06-30,8000000,10000000,150000000,2026-06-05,,0,0,206000000,https://www.transfermarkt.com/antoine-griezmann/profil/spieler/125781,https://img.a.transfermarkt.technology/portrait/big/125781-1775233998.jpg,apify-transfermarkt-global-player-scraper
618813,Carlos Martín,Carlos Martín Domínguez,carlos martin,2002-04-22,24,Spain,Left Winger,Striker,right,184,Atlético de Madrid,13,ES1,2029-06-30,1500000,2000000,4000000,2026-06-05,,0,0,0,https://www.transfermarkt.com/carlos-martin/profil/spieler/618813,https://img.a.transfermarkt.technology/portrait/big/618813-1707924109.jpg,apify-transfermarkt-global-player-scraper
404418,Dávid Hancko,Dávid Hancko,david hancko,1997-12-13,28,Slovakia,Centre-Back,Defender,left,188,Atlético de Madrid,13,ES1,2030-06-30,35000000,35000000,35000000,2026-06-05,,0,0,40600000,https://www.transfermarkt.com/david-hancko/profil/spieler/404418,https://img.a.transfermarkt.technology/portrait/big/404418-1722415670.jpg,apify-transfermarkt-global-player-scraper
742201,Giuliano Simeone,Giuliano Simeone Baldini,giuliano simeone,2002-12-18,23,Argentina; Italy,Right Winger,Striker,right,174,Atlético de Madrid,13,ES1,2030-06-30,40000000,40000000,40000000,2026-06-05,Argentina,14,2,0,https://www.transfermarkt.com/giuliano-simeone/profil/spieler/742201,https://img.a.transfermarkt.technology/portrait/big/742201-1741120599.jpg,apify-transfermarkt-global-player-scraper
525438,Horațiu Moldovan,Horațiu Alexandru Moldovan,horatiu moldovan,1998-01-20,28,Romania,Goalkeeper,Goalkeeper,right,193,Atlético de Madrid,13,ES1,2027-06-30,1800000,2000000,2600000,2026-06-05,,0,0,1050000,https://www.transfermarkt.com/horatiu-moldovan/profil/spieler/525438,https://img.a.transfermarkt.technology/portrait/big/525438-1718199207.jpg,apify-transfermarkt-global-player-scraper
121483,Jan Oblak,Jan Oblak,jan oblak,1993-01-07,33,Slovenia,Goalkeeper,Goalkeeper,right,188,Atlético de Madrid,13,ES1,2028-06-30,15000000,17000000,100000000,2026-06-05,Slovenia,84,0,20000000,https://www.transfermarkt.com/jan-oblak/profil/spieler/121483,https://img.a.transfermarkt.technology/portrait/big/121483-1719350076.jpg,apify-transfermarkt-global-player-scraper
689505,Johnny Cardoso,João Lucas de Souza Cardoso,johnny cardoso,2001-09-20,24,United States; Italy,Central Midfield,Midfielder,right,186,Atlético de Madrid,13,ES1,2030-06-30,20000000,22000000,25000000,2026-06-05,,0,0,30000000,https://www.transfermarkt.com/johnny-cardoso/profil/spieler/689505,https://img.a.transfermarkt.technology/portrait/big/689505-1742036970.jpg,apify-transfermarkt-global-player-scraper
74229,Jorge Resurrección Merodio,Koke,jorge resurreccion merodio,1992-01-08,34,Spain,Central Midfield,Midfielder,right,176,Atlético de Madrid,13,ES1,2027-06-30,5000000,6000000,70000000,2026-06-05,,0,0,0,https://www.transfermarkt.com/koke/profil/spieler/74229,https://img.a.transfermarkt.technology/portrait/big/74229-1664970397.jpg,apify-transfermarkt-global-player-scraper
250845,José María Giménez,José María Giménez de Vargas,jose maria gimenez,1995-01-20,31,Uruguay; Spain,Centre-Back,Defender,right,186,Atlético de Madrid,13,ES1,2028-06-30,9000000,12000000,70000000,2026-06-05,Uruguay,99,8,995000,https://www.transfermarkt.com/jose-maria-gimenez/profil/spieler/250845,https://img.a.transfermarkt.technology/portrait/big/250845-1664970029.jpg,apify-transfermarkt-global-player-scraper
242359,Juan Musso,Juan Agustín Musso,juan musso,1994-05-06,32,Argentina; Italy,Goalkeeper,Goalkeeper,right,193,Atlético de Madrid,13,ES1,2028-06-30,3000000,3000000,20000000,2026-06-05,Argentina,4,0,29000000,https://www.transfermarkt.com/juan-musso/profil/spieler/242359,https://img.a.transfermarkt.technology/portrait/big/242359-1663583047.jpg,apify-transfermarkt-global-player-scraper
576024,Julián Alvarez,Julián Alvarez,julian alvarez,2000-01-31,26,Argentina; Italy,Centre-Forward,Striker,right,170,Atlético de Madrid,13,ES1,2030-06-30,100000000,90000000,100000000,2026-06-05,Argentina,55,14,96400000,https://www.transfermarkt.com/julian-alvarez/profil/spieler/576024,https://img.a.transfermarkt.technology/portrait/big/576024-1684920938.jpg,apify-transfermarkt-global-player-scraper
844637,Marc Pubill,Marc Pubill Pagés,marc pubill,2003-06-20,23,Spain,Centre-Back,Defender,right,191,Atlético de Madrid,13,ES1,2030-06-30,35000000,28000000,35000000,2026-06-05,Spain,3,0,23750000,https://www.transfermarkt.com/marc-pubill/profil/spieler/844637,https://img.a.transfermarkt.technology/portrait/big/844637-1779789749.jpg,apify-transfermarkt-global-player-scraper
282411,Marcos Llorente,Marcos Llorente Moreno,marcos llorente,1995-01-30,31,Spain,Right-Back,Defender,right,183,Atlético de Madrid,13,ES1,2027-06-30,20000000,22000000,80000000,2026-06-05,Spain,26,0,30000000,https://www.transfermarkt.com/marcos-llorente/profil/spieler/282411,https://img.a.transfermarkt.technology/portrait/big/282411-1773182531.jpg,apify-transfermarkt-global-player-scraper
616631,Matteo Ruggeri,Matteo Ruggeri,matteo ruggeri,2002-07-11,23,Italy,Left-Back,Defender,left,187,Atlético de Madrid,13,ES1,2030-06-30,28000000,20000000,28000000,2026-06-05,,0,0,17000000,https://www.transfermarkt.com/matteo-ruggeri/profil/spieler/616631,https://img.a.transfermarkt.technology/portrait/big/616631-1742497680.jpg,apify-transfermarkt-global-player-scraper
424042,Nahuel Molina,Nahuel Molina Lucero,nahuel molina,1998-04-06,28,Argentina,Right-Back,Defender,right,179,Atlético de Madrid,13,ES1,2027-06-30,15000000,15000000,50000000,2026-06-05,Argentina,61,1,20000000,https://www.transfermarkt.com/nahuel-molina/profil/spieler/424042,https://img.a.transfermarkt.technology/portrait/big/424042-1697037362.jpg,apify-transfermarkt-global-player-scraper
889435,Obed Vargas,Obed Gómez Vargas,obed vargas,2005-08-05,20,Mexico; Spain,Central Midfield,Midfielder,right,175,Atlético de Madrid,13,ES1,2030-06-30,10000000,8000000,10000000,2026-06-05,Mexico,9,0,3000000,https://www.transfermarkt.com/obed-vargas/profil/spieler/889435,https://img.a.transfermarkt.technology/portrait/big/889435-1740863407.jpg,apify-transfermarkt-global-player-scraper
775605,Pablo Barrios,Pablo Barrios Rivas,pablo barrios,2003-06-15,23,Spain,Central Midfield,Midfielder,right,181,Atlético de Madrid,13,ES1,2030-06-30,55000000,60000000,60000000,2026-06-05,,0,0,0,https://www.transfermarkt.com/pablo-barrios/profil/spieler/775605,https://img.a.transfermarkt.technology/portrait/big/775605-1699431384.jpg,apify-transfermarkt-global-player-scraper
351809,Robin Le Normand,Robin Le Normand,robin le normand,1996-11-11,29,Spain; France,Centre-Back,Defender,right,187,Atlético de Madrid,13,ES1,2029-06-30,20000000,25000000,40000000,2026-06-05,,0,0,34500000,https://www.transfermarkt.com/robin-le-normand/profil/spieler/351809,https://img.a.transfermarkt.technology/portrait/big/351809-1707948228.jpg,apify-transfermarkt-global-player-scraper
961297,Rodrigo Mendoza,Rodrigo Mendoza Martinez Moya,rodrigo mendoza,2005-03-15,21,Spain,Central Midfield,Midfielder,right,182,Atlético de Madrid,13,ES1,2031-06-30,20000000,20000000,20000000,2026-06-05,,0,0,16000000,https://www.transfermarkt.com/rodrigo-mendoza/profil/spieler/961297,https://img.a.transfermarkt.technology/portrait/big/961297-1765462791.jpg,apify-transfermarkt-global-player-scraper
576028,Thiago Almada,Thiago Ezequiel Almada,thiago almada,2001-04-26,25,Argentina; Italy,Left Winger,Striker,right,171,Atlético de Madrid,13,ES1,2030-06-30,15000000,20000000,27000000,2026-06-05,Argentina,20,5,59650000,https://www.transfermarkt.com/thiago-almada/profil/spieler/576028,https://img.a.transfermarkt.technology/portrait/big/576028-1773174386.jpg,apify-transfermarkt-global-player-scraper
205562,Thomas Lemar,Thomas Lemar,thomas lemar,1995-11-12,30,France; Guadeloupe,Attacking Midfield,Midfielder,left,171,Atlético de Madrid,13,ES1,2027-06-30,1800000,2000000,70000000,2026-06-05,,0,0,76000000,https://www.transfermarkt.com/thomas-lemar/profil/spieler/205562,https://img.a.transfermarkt.technology/portrait/big/205562-1686662075.jpg,apify-transfermarkt-global-player-scraper
358166,Eldor Shomurodov,Эльдор Аъзамат ўғли Шомуродов,eldor shomurodov,1995-06-29,31,Uzbekistan,Centre-Forward,Striker,right,190,Basaksehir FK,6890,TR1,2028-06-30,7000000,7000000,14000000,2026-05-21,Uzbekistan,95,45,37710000,https://www.transfermarkt.com/eldor-shomurodov/profil/spieler/358166,https://img.a.transfermarkt.technology/portrait/big/358166-1759747995.jpg,apify-transfermarkt-global-player-scraper
867909,Harry Vaughan,Harry Patrick Vaughan,harry vaughan,2004-04-06,22,Ireland; England,Attacking Midfield,Midfielder,right,170,Bohemian Football Club,9211,IR1,2026-11-30,400000,400000,400000,2026-06-10,Republic of Ireland U21,6,0,0,https://www.transfermarkt.com/harry-vaughan/profil/spieler/867909,https://img.a.transfermarkt.technology/portrait/big/867909-1716402175.jpg,apify-transfermarkt-global-player-scraper
818888,Antonio Raimondo,Antonio Raimondo,antonio raimondo,2004-03-18,22,Italy,Centre-Forward,Striker,left,185,Bologna FC 1909,1025,IT1,2029-06-30,4000000,3500000,4500000,2026-06-04,,0,0,0,https://www.transfermarkt.com/antonio-raimondo/profil/spieler/818888,https://img.a.transfermarkt.technology/portrait/big/818888-1663656468.jpg,apify-transfermarkt-global-player-scraper
961022,Benja Domínguez,Benjamín Domínguez,benja dominguez,2003-09-19,22,Argentina,Left Winger,Striker,right,172,Bologna FC 1909,1025,IT1,2029-06-30,9000000,10000000,15000000,2026-05-29,,0,0,5220000,https://www.transfermarkt.com/benja-dominguez/profil/spieler/961022,https://img.a.transfermarkt.technology/portrait/big/961022-1757664923.png,apify-transfermarkt-global-player-scraper
1129198,Eivind Helland,Eivind Fauske Helland,eivind helland,2005-04-25,21,Norway,Centre-Back,Defender,right,196,Bologna FC 1909,1025,IT1,2030-06-30,8000000,7000000,8000000,2026-05-29,Norway U21,13,1,7000000,https://www.transfermarkt.com/eivind-helland/profil/spieler/1129198,https://img.a.transfermarkt.technology/portrait/big/1129198-1720826278.jpg,apify-transfermarkt-global-player-scraper
496745,Emil Holm,Emil Holm,emil holm,2000-05-13,26,Sweden,Right-Back,Defender,right,191,Bologna FC 1909,1025,IT1,2028-06-30,10000000,13000000,13000000,2026-05-29,,0,0,13182400,https://www.transfermarkt.com/emil-holm/profil/spieler/496745,https://img.a.transfermarkt.technology/portrait/big/496745-1688450376.jpg,apify-transfermarkt-global-player-scraper
197300,Federico Bernardeschi,Federico Bernardeschi,federico bernardeschi,1994-02-16,32,Italy,Right Winger,Striker,left,183,Bologna FC 1909,1025,IT1,2027-06-30,3500000,3500000,45000000,2026-05-29,,0,0,40000000,https://www.transfermarkt.com/federico-bernardeschi/profil/spieler/197300,https://img.a.transfermarkt.technology/portrait/big/197300-1740819052.jpg,apify-transfermarkt-global-player-scraper
390304,Federico Ravaglia,Federico Ravaglia,federico ravaglia,1999-11-11,26,Italy,Goalkeeper,Goalkeeper,right,196,Bologna FC 1909,1025,IT1,2028-06-30,1800000,2000000,2000000,2026-05-29,,0,0,0,https://www.transfermarkt.com/federico-ravaglia/profil/spieler/390304,https://img.a.transfermarkt.technology/portrait/big/390304-1701253429.jpg,apify-transfermarkt-global-player-scraper
345590,Jens Odgaard,Jens Odgaard,jens odgaard,1999-03-31,27,Denmark,Attacking Midfield,Midfielder,left,188,Bologna FC 1909,1025,IT1,2029-06-30,12000000,15000000,15000000,2026-05-29,,0,0,16260000,https://www.transfermarkt.com/jens-odgaard/profil/spieler/345590,https://img.a.transfermarkt.technology/portrait/big/345590-1706697621.jpg,apify-transfermarkt-global-player-scraper
367992,Jesper Karlsson,Karl Jesper Karlsson,jesper karlsson,1998-07-25,27,Sweden,Left Winger,Striker,right,179,Bologna FC 1909,1025,IT1,2028-06-30,3000000,4000000,18000000,2026-05-28,,0,0,13750000,https://www.transfermarkt.com/jesper-karlsson/profil/spieler/367992,https://img.a.transfermarkt.technology/portrait/big/367992-1739281929.jpg,apify-transfermarkt-global-player-scraper
413565,Jhon Lucumí,Jhon Janer Lucumí Bonilla,jhon lucumi,1998-06-26,28,Colombia,Centre-Back,Defender,left,187,Bologna FC 1909,1025,IT1,2027-06-30,22000000,25000000,25000000,2026-05-29,Colombia,41,1,10500000,https://www.transfermarkt.com/jhon-lucumi/profil/spieler/413565,https://img.a.transfermarkt.technology/portrait/big/413565-1753445789.jpg,apify-transfermarkt-global-player-scraper
672381,Jonathan Rowe,Jonathan David Henry Rowe,jonathan rowe,2003-04-30,23,England; Jamaica,Left Winger,Striker,right,173,Bologna FC 1909,1025,IT1,2029-06-30,28000000,20000000,28000000,2026-05-29,,0,0,33500000,https://www.transfermarkt.com/jonathan-rowe/profil/spieler/672381,https://img.a.transfermarkt.technology/portrait/big/672381-1750074903.jpg,apify-transfermarkt-global-player-scraper
341227,Juan Miranda,Juan Miranda González,juan miranda,2000-01-19,26,Spain,Left-Back,Defender,left,185,Bologna FC 1909,1025,IT1,2028-06-30,15000000,15000000,15000000,2026-05-29,,0,0,0,https://www.transfermarkt.com/juan-miranda/profil/spieler/341227,https://img.a.transfermarkt.technology/portrait/big/341227-1752838396.jpg,apify-transfermarkt-global-player-scraper
428563,Lewis Ferguson,Lewis Ferguson,lewis ferguson,1999-08-24,26,Scotland,Central Midfield,Midfielder,right,181,Bologna FC 1909,1025,IT1,2028-06-30,14000000,18000000,28000000,2026-05-29,Scotland,27,1,2265000,https://www.transfermarkt.com/lewis-ferguson/profil/spieler/428563,https://img.a.transfermarkt.technology/portrait/big/428563-1753445535.jpg,apify-transfermarkt-global-player-scraper
815787,Luigi Caccavo,Luigi Caccavo,luigi caccavo,2004-02-03,22,Italy,Centre-Forward,Striker,right,192,Bologna FC 1909,1025,IT1,2030-06-30,400000,75000,400000,2026-06-19,,0,0,300000,https://www.transfermarkt.com/luigi-caccavo/profil/spieler/815787,https://img.a.transfermarkt.technology/portrait/big/815787-1752499407.jpg,apify-transfermarkt-global-player-scraper
80894,Lukasz Skorupski,Łukasz Skorupski,lukasz skorupski,1991-05-05,35,Poland,Goalkeeper,Goalkeeper,right,188,Bologna FC 1909,1025,IT1,2027-06-30,2000000,2500000,7000000,2026-05-29,,0,0,9890000,https://www.transfermarkt.com/lukasz-skorupski/profil/spieler/80894,https://img.a.transfermarkt.technology/portrait/big/80894-1724827036.jpg,apify-transfermarkt-global-player-scraper
652054,Martin Vitík,Martin Vitík,martin vitik,2003-01-21,23,Czech Republic,Centre-Back,Defender,right,193,Bologna FC 1909,1025,IT1,2029-06-30,13000000,10000000,15000000,2026-05-29,,0,0,11000000,https://www.transfermarkt.com/martin-vitik/profil/spieler/652054,https://img.a.transfermarkt.technology/portrait/big/652054-1716965526.jpg,apify-transfermarkt-global-player-scraper
992569,Massimo Pessina,Massimo Pessina,massimo pessina,2007-12-25,18,Italy,Goalkeeper,Goalkeeper,right,188,Bologna FC 1909,1025,IT1,2029-06-30,3500000,1000000,3500000,2026-05-29,Italy U19,11,0,0,https://www.transfermarkt.com/massimo-pessina/profil/spieler/992569,https://img.a.transfermarkt.technology/portrait/big/992569-1762757870.jpg,apify-transfermarkt-global-player-scraper
845566,Mihajlo Ilić,Михајло Илић,mihajlo ilic,2003-06-04,23,Serbia,Centre-Back,Defender,right,192,Bologna FC 1909,1025,IT1,2028-06-30,2000000,2500000,4000000,2026-06-04,,0,0,4800000,https://www.transfermarkt.com/mihajlo-ilic/profil/spieler/845566,https://img.a.transfermarkt.technology/portrait/big/845566-1678309962.jpg,apify-transfermarkt-global-player-scraper
392966,Nadir Zortea,Nadir Zortea,nadir zortea,1999-06-19,27,Italy,Right-Back,Defender,right,187,Bologna FC 1909,1025,IT1,2029-06-30,7000000,7500000,7500000,2026-05-29,,0,0,13302000,https://www.transfermarkt.com/nadir-zortea/profil/spieler/392966,https://img.a.transfermarkt.technology/portrait/big/392966-1730186481.jpg,apify-transfermarkt-global-player-scraper
459151,Nicolò Cambiaghi,Nicolò Cambiaghi,nicolo cambiaghi,2000-12-28,25,Italy,Left Winger,Striker,right,176,Bologna FC 1909,1025,IT1,2029-06-30,14000000,16000000,18000000,2026-05-29,,0,0,11500000,https://www.transfermarkt.com/nicolo-cambiaghi/profil/spieler/459151,https://img.a.transfermarkt.technology/portrait/big/459151-1695031545.jpg,apify-transfermarkt-global-player-scraper
389837,Nicolò Casale,Nicolò Casale,nicolo casale,1998-02-14,28,Italy,Centre-Back,Defender,right,191,Bologna FC 1909,1025,IT1,2028-06-30,3800000,5000000,22000000,2026-05-29,,0,0,16000000,https://www.transfermarkt.com/nicolo-casale/profil/spieler/389837,https://img.a.transfermarkt.technology/portrait/big/389837-1695026993.jpg,apify-transfermarkt-global-player-scraper
679754,Niklas Pyyhtiä,Niklas Anton Juhana Pyyhtiä,niklas pyyhtia,2003-09-25,22,Finland,Central Midfield,Midfielder,left,188,Bologna FC 1909,1025,IT1,,1300000,1500000,1700000,2026-06-04,Finland,2,1,500000,https://www.transfermarkt.com/niklas-pyyhtiae/profil/spieler/679754,https://img.a.transfermarkt.technology/portrait/big/679754-1758100281.png,apify-transfermarkt-global-player-scraper
316934,Nikola Moro,Nikola Moro,nikola moro,1998-03-12,28,Croatia,Defensive Midfield,Midfielder,right,183,Bologna FC 1909,1025,IT1,2027-06-30,7000000,6500000,9000000,2026-05-29,Croatia,10,0,12500000,https://www.transfermarkt.com/nikola-moro/profil/spieler/316934,https://img.a.transfermarkt.technology/portrait/big/316934-1692964241.jpg,apify-transfermarkt-global-player-scraper
531065,Oussama El Azzouzi,أسامة العزوزي,oussama el azzouzi,2001-05-29,25,Morocco; Netherlands,Defensive Midfield,Midfielder,right,189,Bologna FC 1909,1025,IT1,2027-06-30,1800000,1800000,2500000,2026-06-01,,0,0,2390000,https://www.transfermarkt.com/oussama-el-azzouzi/profil/spieler/531065,https://img.a.transfermarkt.technology/portrait/big/531065-1707127581.jpg,apify-transfermarkt-global-player-scraper
368482,Riccardo Orsolini,Riccardo Orsolini,riccardo orsolini,1997-01-24,29,Italy,Right Winger,Striker,left,186,Bologna FC 1909,1025,IT1,2027-06-30,15000000,18000000,25000000,2026-05-29,,0,0,21000000,https://www.transfermarkt.com/riccardo-orsolini/profil/spieler/368482,https://img.a.transfermarkt.technology/portrait/big/368482-1724827463.jpg,apify-transfermarkt-global-player-scraper
849520,Santiago Castro,Santiago Tomás Castro,santiago castro,2004-09-18,21,Argentina; Italy,Centre-Forward,Striker,right,179,Bologna FC 1909,1025,IT1,2030-06-30,32000000,35000000,35000000,2026-05-29,,0,0,13200000,https://www.transfermarkt.com/santiago-castro/profil/spieler/849520,https://img.a.transfermarkt.technology/portrait/big/849520-1724827267.jpg,apify-transfermarkt-global-player-scraper
538964,Thijs Dallinga,Thijs Dallinga,thijs dallinga,2000-08-03,25,Netherlands,Centre-Forward,Striker,right,190,Bologna FC 1909,1025,IT1,2028-06-30,9000000,12000000,18000000,2026-05-29,,0,0,18800000,https://www.transfermarkt.com/thijs-dallinga/profil/spieler/538964,https://img.a.transfermarkt.technology/portrait/big/538964-1737495076.jpg,apify-transfermarkt-global-player-scraper
392538,Tommaso Pobega,Tommaso Pobega,tommaso pobega,1999-07-15,26,Italy,Central Midfield,Midfielder,left,188,Bologna FC 1909,1025,IT1,2028-06-30,8000000,9000000,18000000,2026-05-29,,0,0,8000000,https://www.transfermarkt.com/tommaso-pobega/profil/spieler/392538,https://img.a.transfermarkt.technology/portrait/big/392538-1661767249.jpg,apify-transfermarkt-global-player-scraper
464469,Torbjørn Heggem,Torbjørn Lysaker Heggem,torbjorn heggem,1999-01-12,27,Norway,Centre-Back,Defender,left,192,Bologna FC 1909,1025,IT1,2029-06-30,13000000,14000000,14000000,2026-05-29,Norway,19,0,8100000,https://www.transfermarkt.com/torbjoern-heggem/profil/spieler/464469,https://img.a.transfermarkt.technology/portrait/big/464469-1702050091.jpg,apify-transfermarkt-global-player-scraper
818878,Wisdom Amey,Wisdom Amey,wisdom amey,2005-08-11,20,Italy; Togo,Centre-Back,Defender,right,182,Bologna FC 1909,1025,IT1,2027-06-30,800000,300000,800000,2026-06-19,Italy U21,1,0,0,https://www.transfermarkt.com/wisdom-amey/profil/spieler/818878,https://img.a.transfermarkt.technology/portrait/big/818878-1620856266.jpg,apify-transfermarkt-global-player-scraper
425713,Akin Famewo,Akinlolu Richard Olamide Famewo,akin famewo,1998-11-09,27,England; Nigeria,Centre-Back,Defender,left,188,Bolton Wanderers,355,GB2,2029-06-30,800000,800000,800000,2026-05-28,,0,0,60000,https://www.transfermarkt.com/akin-famewo/profil/spieler/425713,https://img.a.transfermarkt.technology/portrait/big/425713-1782246025.jpg,apify-transfermarkt-global-player-scraper
591949,Aaron Hickey,Aaron Buchanan Hickey,aaron hickey,2002-06-10,24,Scotland,Right-Back,Defender,both,185,Brentford FC,1148,GB1,2028-06-30,16000000,16000000,30000000,2026-06-03,Scotland,22,0,15950000,https://www.transfermarkt.com/aaron-hickey/profil/spieler/591949,https://img.a.transfermarkt.technology/portrait/big/591949-1780070754.jpg,apify-transfermarkt-global-player-scraper
683620,Antoni Milambo,Antoni-Djibu Milambo,antoni milambo,2005-04-03,21,Netherlands; DR Congo,Attacking Midfield,Midfielder,right,179,Brentford FC,1148,GB1,2030-06-30,15000000,20000000,20000000,2026-06-03,,0,0,20000000,https://www.transfermarkt.com/antoni-milambo/profil/spieler/683620,https://img.a.transfermarkt.technology/portrait/big/683620-1691146656.jpg,apify-transfermarkt-global-player-scraper
1144158,Benjamin Arthur,Benjamin Kristian Arthur,benjamin arthur,2005-10-09,20,England,Centre-Back,Defender,right,192,Brentford FC,1148,GB1,2031-06-30,100000,100000,100000,2026-05-20,,0,0,1100000,https://www.transfermarkt.com/benjamin-arthur/profil/spieler/1144158,https://img.a.transfermarkt.technology/portrait/big/1144158-1746643399.jpg,apify-transfermarkt-global-player-scraper
340918,Caoimhín Kelleher,Caoimhín Odhrán Kelleher,caoimhin kelleher,1998-11-23,27,Ireland,Goalkeeper,Goalkeeper,right,188,Brentford FC,1148,GB1,2030-06-30,28000000,25000000,28000000,2026-06-03,Republic of Ireland,32,0,14800000,https://www.transfermarkt.com/caoimhin-kelleher/profil/spieler/340918,https://img.a.transfermarkt.technology/portrait/big/340918-1708933663.jpg,apify-transfermarkt-global-player-scraper
823231,Dango Ouattara,Dango Aboubacar Faissal Ouattara,dango ouattara,2002-02-11,24,Burkina Faso,Right Winger,Striker,left,177,Brentford FC,1148,GB1,2030-06-30,35000000,35000000,35000000,2026-06-03,Burkina Faso,40,12,65300000,https://www.transfermarkt.com/dango-ouattara/profil/spieler/823231,https://img.a.transfermarkt.technology/portrait/big/823231-1737452292.jpg,apify-transfermarkt-global-player-scraper
456292,Ellery Balcombe,Ellery Ronald Balcombe,ellery balcombe,1999-10-15,26,England; St. Vincent & Grenadinen,Goalkeeper,Goalkeeper,right,190,Brentford FC,1148,GB1,2027-06-30,400000,400000,400000,2026-06-03,,0,0,0,https://www.transfermarkt.com/ellery-balcombe/profil/spieler/456292,https://img.a.transfermarkt.technology/portrait/big/456292-1659706694.jpg,apify-transfermarkt-global-player-scraper
442248,Ethan Pinnock,Ethan Rupert Pinnock,ethan pinnock,1993-05-29,33,Jamaica; England,Centre-Back,Defender,left,194,Brentford FC,1148,GB1,2027-06-30,3000000,4000000,15000000,2026-06-03,,0,0,3920000,https://www.transfermarkt.com/ethan-pinnock/profil/spieler/442248,https://img.a.transfermarkt.technology/portrait/big/442248-1719836196.jpg,apify-transfermarkt-global-player-scraper
559263,Fábio Carvalho,Fábio Leandro Freitas Gouveia Carvalho,fabio carvalho,2002-08-30,23,Portugal,Attacking Midfield,Midfielder,right,170,Brentford FC,1148,GB1,2029-06-30,8000000,10000000,20000000,2026-06-03,,0,0,32800000,https://www.transfermarkt.com/fabio-carvalho/profil/spieler/559263,https://img.a.transfermarkt.technology/portrait/big/559263-1687517452.jpg,apify-transfermarkt-global-player-scraper
1086375,Gustavo Nunes,Gustavo Nunes Fernandes Gomes,gustavo nunes,2005-11-20,20,Brazil,Left Winger,Striker,right,173,Brentford FC,1148,GB1,2030-06-30,8000000,10000000,10000000,2026-05-28,,0,0,12000000,https://www.transfermarkt.com/gustavo-nunes/profil/spieler/1086375,https://img.a.transfermarkt.technology/portrait/big/1086375-1717523011.jpg,apify-transfermarkt-global-player-scraper
488935,Hákon Valdimarsson,Hákon Rafn Valdimarsson,hakon valdimarsson,2001-10-13,24,Iceland,Goalkeeper,Goalkeeper,right,195,Brentford FC,1148,GB1,2030-06-30,2500000,2500000,2500000,2026-06-03,Iceland,22,0,3000000,https://www.transfermarkt.com/hakon-valdimarsson/profil/spieler/488935,https://img.a.transfermarkt.technology/portrait/big/488935-1689319830.jpg,apify-transfermarkt-global-player-scraper
739443,Igor Thiago Nascimento Rodrigues,Igor Thiago,igor thiago nascimento rodrigues,2001-06-26,25,Brazil; Bulgaria,Centre-Forward,Striker,right,190,Brentford FC,1148,GB1,2031-06-30,65000000,50000000,65000000,2026-06-03,Brazil,5,2,45320000,https://www.transfermarkt.com/igor-thiago/profil/spieler/739443,https://img.a.transfermarkt.technology/portrait/big/739443-1770372295.jpg,apify-transfermarkt-global-player-scraper
915418,Jannik Schuster,Jannik Schuster,jannik schuster,2006-05-16,20,Austria,Centre-Back,Defender,right,190,Brentford FC,1148,GB1,2031-06-30,18000000,3500000,18000000,2026-05-26,,0,0,18000000,https://www.transfermarkt.com/jannik-schuster/profil/spieler/915418,https://img.a.transfermarkt.technology/portrait/big/915418-1754993245.png,apify-transfermarkt-global-player-scraper
954104,Jayden Meghoma,Jayden Ade Trindade Meghoma,jayden meghoma,2006-06-28,20,England; Nigeria,Left-Back,Defender,left,176,Brentford FC,1148,GB1,2028-06-30,2000000,2000000,2000000,2026-05-20,England U20,3,0,5900000,https://www.transfermarkt.com/jayden-meghoma/profil/spieler/954104,https://img.a.transfermarkt.technology/portrait/big/954104-1725051533.jpg,apify-transfermarkt-global-player-scraper
709767,Ji-soo Kim,김지수,ji soo kim,2004-12-24,21,"Korea, South",Centre-Back,Defender,both,192,Brentford FC,1148,GB1,2027-06-30,1800000,2000000,2000000,2026-06-01,South Korea U23,5,0,640000,https://www.transfermarkt.com/ji-soo-kim/profil/spieler/709767,https://img.a.transfermarkt.technology/portrait/big/709767-1754511861.jpg,apify-transfermarkt-global-player-scraper
61651,Jordan Henderson,Jordan Brian Henderson,jordan henderson,1990-06-17,36,England,Defensive Midfield,Midfielder,right,182,Brentford FC,1148,GB1,2027-06-30,1200000,2000000,35000000,2026-06-03,England,90,3,32000000,https://www.transfermarkt.com/jordan-henderson/profil/spieler/61651,https://img.a.transfermarkt.technology/portrait/big/61651-1662621084.jpg,apify-transfermarkt-global-player-scraper
340321,Josh Dasilva,Pelenda Joshua Tunga Dasilva,josh dasilva,1998-10-23,27,England; Angola,Central Midfield,Midfielder,left,184,Brentford FC,1148,GB1,2027-06-30,1500000,2000000,16000000,2026-06-03,,0,0,0,https://www.transfermarkt.com/josh-dasilva/profil/spieler/340321,https://img.a.transfermarkt.technology/portrait/big/340321-1769112312.jpg,apify-transfermarkt-global-player-scraper
1011936,Kaye Furo,Kaye Furo Tamuno Iyowuna,kaye furo,2007-02-06,19,Belgium; Nigeria,Centre-Forward,Striker,right,190,Brentford FC,1148,GB1,2031-06-30,8000000,8000000,8000000,2026-06-03,Belgium U19,13,7,10000000,https://www.transfermarkt.com/kaye-furo/profil/spieler/1011936,https://img.a.transfermarkt.technology/portrait/big/1011936-1754510728.jpg,apify-transfermarkt-global-player-scraper
644401,Keane Lewis-Potter,Keane William Lewis-Potter,keane lewis potter,2001-02-22,25,England,Left Midfield,Midfielder,right,170,Brentford FC,1148,GB1,2031-06-30,25000000,25000000,25000000,2026-06-03,,0,0,19000000,https://www.transfermarkt.com/keane-lewis-potter/profil/spieler/644401,https://img.a.transfermarkt.technology/portrait/big/644401-1767003558.jpg,apify-transfermarkt-global-player-scraper
473050,Kevin Schade,Kevin Schade,kevin schade,2001-11-27,24,Germany; Nigeria,Left Winger,Striker,right,185,Brentford FC,1148,GB1,2028-06-30,35000000,35000000,35000000,2026-06-03,,0,0,26250000,https://www.transfermarkt.com/kevin-schade/profil/spieler/473050,https://img.a.transfermarkt.technology/portrait/big/473050-1700560328.jpg,apify-transfermarkt-global-player-scraper
328658,Kristoffer Ajer,Kristoffer Vassbakk Köpp Ajer,kristoffer ajer,1998-04-17,28,Norway,Centre-Back,Defender,right,198,Brentford FC,1148,GB1,2030-06-30,18000000,18000000,18000000,2026-06-03,Norway,56,2,16300000,https://www.transfermarkt.com/kristoffer-ajer/profil/spieler/328658,https://img.a.transfermarkt.technology/portrait/big/328658-1700649482.jpg,apify-transfermarkt-global-player-scraper
319859,Mathias Jensen,Mathias Jensen,mathias jensen,1996-01-01,30,Denmark,Central Midfield,Midfielder,right,180,Brentford FC,1148,GB1,2027-06-30,10000000,12000000,30000000,2026-06-03,,0,0,8800000,https://www.transfermarkt.com/mathias-jensen/profil/spieler/319859,https://img.a.transfermarkt.technology/portrait/big/319859-1684771732.jpg,apify-transfermarkt-global-player-scraper
741236,Matthew Cox,Matthew Aidan Cox,matthew cox,2003-05-02,23,England,Goalkeeper,Goalkeeper,right,183,Brentford FC,1148,GB1,2028-06-30,700000,800000,800000,2026-05-15,,0,0,500000,https://www.transfermarkt.com/matthew-cox/profil/spieler/741236,https://img.a.transfermarkt.technology/portrait/big/741236-1754901218.jpg,apify-transfermarkt-global-player-scraper
823486,Michael Kayode,Michael Olabode Kayode,michael kayode,2004-07-10,21,Italy; Nigeria,Right-Back,Defender,right,179,Brentford FC,1148,GB1,2032-06-30,40000000,35000000,40000000,2026-06-03,,0,0,18000000,https://www.transfermarkt.com/michael-kayode/profil/spieler/823486,https://img.a.transfermarkt.technology/portrait/big/823486-1725531169.jpg,apify-transfermarkt-global-player-scraper
540941,Mikkel Damsgaard,Mikkel Krogh Damsgaard,mikkel damsgaard,2000-07-03,26,Denmark,Attacking Midfield,Midfielder,right,180,Brentford FC,1148,GB1,2030-06-30,30000000,30000000,30000000,2026-06-03,,0,0,21750000,https://www.transfermarkt.com/mikkel-damsgaard/profil/spieler/540941,https://img.a.transfermarkt.technology/portrait/big/540941-1668183899.jpg,apify-transfermarkt-global-player-scraper
469050,Nathan Collins,Nathan Michael Collins,nathan collins,2001-04-30,25,Ireland,Centre-Back,Defender,right,193,Brentford FC,1148,GB1,2029-06-30,30000000,30000000,35000000,2026-06-03,Republic of Ireland,40,3,65150000,https://www.transfermarkt.com/nathan-collins/profil/spieler/469050,https://img.a.transfermarkt.technology/portrait/big/469050-1688381729.jpg,apify-transfermarkt-global-player-scraper
339556,Rico Henry,Rico Antonio Henry,rico henry,1997-07-08,28,Jamaica; England,Left-Back,Defender,left,170,Brentford FC,1148,GB1,2027-06-30,13000000,15000000,28000000,2026-06-03,,0,0,1800000,https://www.transfermarkt.com/rico-henry/profil/spieler/339556,https://img.a.transfermarkt.technology/portrait/big/339556-1684771012.jpg,apify-transfermarkt-global-player-scraper
1091562,Romelle Donovan,Romelle Donovan,romelle donovan,2006-11-30,19,England; St. Kitts & Nevis,Right Winger,Striker,left,171,Brentford FC,1148,GB1,2030-06-30,3500000,3500000,3500000,2026-06-03,England U20,1,0,3600000,https://www.transfermarkt.com/romelle-donovan/profil/spieler/1091562,https://img.a.transfermarkt.technology/portrait/big/1091562-1754902556.jpg,apify-transfermarkt-global-player-scraper
541231,Sepp van den Berg,Sepp van den Berg,sepp van den berg,2001-12-20,24,Netherlands,Centre-Back,Defender,right,192,Brentford FC,1148,GB1,2029-06-30,32000000,32000000,32000000,2026-06-03,,0,0,25500000,https://www.transfermarkt.com/sepp-van-den-berg/profil/spieler/541231,https://img.a.transfermarkt.technology/portrait/big/541231-1692000386.jpg,apify-transfermarkt-global-player-scraper
270171,Vitaly Janelt,Vitaly Janelt,vitaly janelt,1998-05-10,28,Germany; Bosnia-Herzegovina,Defensive Midfield,Midfielder,left,184,Brentford FC,1148,GB1,2030-06-30,16000000,18000000,22000000,2026-06-03,,0,0,850000,https://www.transfermarkt.com/vitaly-janelt/profil/spieler/270171,https://img.a.transfermarkt.technology/portrait/big/270171-1649932358.jpg,apify-transfermarkt-global-player-scraper
717411,Yegor Yarmolyuk,Ярмолюк Єгор Романович,yegor yarmolyuk,2004-03-01,22,Ukraine,Central Midfield,Midfielder,right,180,Brentford FC,1148,GB1,2031-06-30,32000000,30000000,32000000,2026-06-03,,0,0,1500000,https://www.transfermarkt.com/yegor-yarmolyuk/profil/spieler/717411,https://img.a.transfermarkt.technology/portrait/big/717411-1740606151.jpg,apify-transfermarkt-global-player-scraper
1141628,Yunus Konak,Yunus Emre Konak,yunus konak,2006-01-10,20,Türkiye,Defensive Midfield,Midfielder,right,181,Brentford FC,1148,GB1,2029-06-30,3500000,4000000,4500000,2026-05-28,Türkiye U21,16,0,4500000,https://www.transfermarkt.com/yunus-konak/profil/spieler/1141628,https://img.a.transfermarkt.technology/portrait/big/1141628-1746436952.jpg,apify-transfermarkt-global-player-scraper
878150,Amario Cozier-Duberry,Amario Oswald Gerardo Cozier-Duberry,amario cozier duberry,2005-05-29,21,England; Montserrat,Right Winger,Striker,left,170,Brighton & Hove Albion,1237,GB1,2028-06-30,5000000,3000000,5000000,2026-05-12,,0,0,0,https://www.transfermarkt.com/amario-cozier-duberry/profil/spieler/878150,https://img.a.transfermarkt.technology/portrait/big/878150-1709147559.jpg,apify-transfermarkt-global-player-scraper
565093,Bart Verbruggen,Bart Verbruggen,bart verbruggen,2002-08-18,23,Netherlands,Goalkeeper,Goalkeeper,right,193,Brighton & Hove Albion,1237,GB1,2028-06-30,40000000,40000000,40000000,2026-06-03,Netherlands,33,0,22300000,https://www.transfermarkt.com/bart-verbruggen/profil/spieler/565093,https://img.a.transfermarkt.technology/portrait/big/565093-1716990260.jpg,apify-transfermarkt-global-player-scraper
700106,Brajan Gruda,Brajan Gruda,brajan gruda,2004-05-31,22,Germany; Albania,Attacking Midfield,Midfielder,left,178,Brighton & Hove Albion,1237,GB1,2028-06-30,28000000,28000000,28000000,2026-05-27,Germany U21,20,3,32500000,https://www.transfermarkt.com/brajan-gruda/profil/spieler/700106,https://img.a.transfermarkt.technology/portrait/big/700106-1770733562.jpg,apify-transfermarkt-global-player-scraper
646353,Carl Rushworth,Carl Andrew Rushworth,carl rushworth,2001-07-02,25,England,Goalkeeper,Goalkeeper,left,191,Brighton & Hove Albion,1237,GB1,2027-06-30,16000000,10000000,16000000,2026-05-28,,0,0,0,https://www.transfermarkt.com/carl-rushworth/profil/spieler/646353,https://img.a.transfermarkt.technology/portrait/big/646353-1664348532.jpg,apify-transfermarkt-global-player-scraper
973085,Carlos Baleba,Carlos Noom Quomah Baleba,carlos baleba,2004-01-03,22,Cameroon,Defensive Midfield,Midfielder,left,179,Brighton & Hove Albion,1237,GB1,2028-06-30,55000000,55000000,60000000,2026-06-03,,0,0,27000000,https://www.transfermarkt.com/carlos-baleba/profil/spieler/973085,https://img.a.transfermarkt.technology/portrait/big/973085-1666690662.jpg,apify-transfermarkt-global-player-scraper
1060087,Charalampos Kostoulas,Χαράλαμπος Κωστούλας,charalampos kostoulas,2007-05-30,19,Greece,Centre-Forward,Striker,right,185,Brighton & Hove Albion,1237,GB1,2030-06-30,25000000,25000000,25000000,2026-06-03,Greece,4,0,36000000,https://www.transfermarkt.com/charalampos-kostoulas/profil/spieler/1060087,https://img.a.transfermarkt.technology/portrait/big/1060087-1750779518.jpg,apify-transfermarkt-global-player-scraper
67063,Danny Welbeck,Daniel Nii Tackie Mensah Welbeck,danny welbeck,1990-11-26,35,England; Ghana,Centre-Forward,Striker,right,185,Brighton & Hove Albion,1237,GB1,2027-06-30,3000000,4000000,18000000,2026-06-03,,0,0,20000000,https://www.transfermarkt.com/danny-welbeck/profil/spieler/67063,https://img.a.transfermarkt.technology/portrait/big/67063-1746437656.jpg,apify-transfermarkt-global-player-scraper
660860,Diego Coppola,Diego Coppola,diego coppola,2003-12-28,22,Italy; Netherlands,Centre-Back,Defender,right,193,Brighton & Hove Albion,1237,GB1,2030-06-30,18000000,10000000,18000000,2026-06-01,,0,0,11000000,https://www.transfermarkt.com/diego-coppola/profil/spieler/660860,https://img.a.transfermarkt.technology/portrait/big/660860-1663671800.jpg,apify-transfermarkt-global-player-scraper
996897,Diego Gómez,Diego Alexander Gómez Amarilla,diego gomez,2003-03-27,23,Paraguay,Central Midfield,Midfielder,right,183,Brighton & Hove Albion,1237,GB1,2030-06-30,25000000,25000000,25000000,2026-06-03,Paraguay,28,3,15700000,https://www.transfermarkt.com/diego-gomez/profil/spieler/996897,https://img.a.transfermarkt.technology/portrait/big/996897-1710077684.jpg,apify-transfermarkt-global-player-scraper
1015959,Do-young Yoon,윤도영,do young yoon,2006-10-28,19,"Korea, South",Right Winger,Striker,left,173,Brighton & Hove Albion,1237,GB1,2030-06-30,700000,700000,800000,2026-05-21,South Korea U23,1,0,2000000,https://www.transfermarkt.com/do-young-yoon/profil/spieler/1015959,https://img.a.transfermarkt.technology/portrait/big/1015959-1688143416.jpg,apify-transfermarkt-global-player-scraper
581330,Eiran Cashin,Eiran Joe Cashin,eiran cashin,2001-11-09,24,Ireland; England,Centre-Back,Defender,left,184,Brighton & Hove Albion,1237,GB1,2030-06-30,5000000,5000000,8000000,2026-05-28,,0,0,10750000,https://www.transfermarkt.com/eiran-cashin/profil/spieler/581330,https://img.a.transfermarkt.technology/portrait/big/581330-1699341875.jpg,apify-transfermarkt-global-player-scraper
648046,Evan Ferguson,Evan Joe Ferguson,evan ferguson,2004-10-19,21,Ireland; England,Centre-Forward,Striker,right,188,Brighton & Hove Albion,1237,GB1,2029-06-30,20000000,25000000,65000000,2026-05-29,,0,0,3000000,https://www.transfermarkt.com/evan-ferguson/profil/spieler/648046,https://img.a.transfermarkt.technology/portrait/big/648046-1681739980.jpg,apify-transfermarkt-global-player-scraper
983989,Facundo Buonanotte,Facundo Valentín Buonanotte,facundo buonanotte,2004-12-23,21,Argentina; Italy,Attacking Midfield,Midfielder,left,174,Brighton & Hove Albion,1237,GB1,2028-06-30,12000000,16000000,22000000,2026-06-03,,0,0,8300000,https://www.transfermarkt.com/facundo-buonanotte/profil/spieler/983989,https://img.a.transfermarkt.technology/portrait/big/983989-1682588141.jpg,apify-transfermarkt-global-player-scraper
369316,Ferdi Kadıoğlu,Ferdi Erenay Kadıoğlu,ferdi kad oglu,1999-10-07,26,Türkiye; Netherlands,Left-Back,Defender,right,174,Brighton & Hove Albion,1237,GB1,2028-06-30,35000000,30000000,35000000,2026-06-03,Turkiye,32,2,34400000,https://www.transfermarkt.com/ferdi-kadioglu/profil/spieler/369316,https://img.a.transfermarkt.technology/portrait/big/369316-1724792538.jpg,apify-transfermarkt-global-player-scraper
538977,Georginio Rutter,Georginio Rutter,georginio rutter,2002-04-20,24,France; Martinique,Centre-Forward,Striker,left,182,Brighton & Hove Albion,1237,GB1,2028-06-30,30000000,30000000,32000000,2026-06-03,,0,0,87950000,https://www.transfermarkt.com/georginio-rutter/profil/spieler/538977,https://img.a.transfermarkt.technology/portrait/big/538977-1727785742.jpg,apify-transfermarkt-global-player-scraper
1110406,Ibrahim Osman,Ibrahim Osman,ibrahim osman,2004-11-29,21,Ghana,Left Winger,Striker,right,179,Brighton & Hove Albion,1237,GB1,2029-06-30,7000000,8000000,16000000,2026-05-28,,0,0,19500000,https://www.transfermarkt.com/ibrahim-osman/profil/spieler/1110406,https://img.a.transfermarkt.technology/portrait/big/1110406-1697036818.jpg,apify-transfermarkt-global-player-scraper
380350,Igor Julio dos Santos de Paulo,Igor Julio,igor julio dos santos de paulo,1998-02-07,28,Brazil,Centre-Back,Defender,left,188,Brighton & Hove Albion,1237,GB1,2027-06-30,10000000,12000000,22000000,2026-06-03,,0,0,28550000,https://www.transfermarkt.com/igor-julio/profil/spieler/380350,https://img.a.transfermarkt.technology/portrait/big/380350-1700737326.jpg,apify-transfermarkt-global-player-scraper
867688,Jack Hinshelwood,Jack Luca Hinshelwood,jack hinshelwood,2005-04-11,21,England,Defensive Midfield,Midfielder,right,182,Brighton & Hove Albion,1237,GB1,2029-06-30,28000000,22000000,28000000,2026-06-03,England U21,11,0,0,https://www.transfermarkt.com/jack-hinshelwood/profil/spieler/867688,https://img.a.transfermarkt.technology/portrait/big/867688-1698353957.jpg,apify-transfermarkt-global-player-scraper
670860,James Beadle,James Giles Beadle,james beadle,2004-07-16,21,England,Goalkeeper,Goalkeeper,right,201,Brighton & Hove Albion,1237,GB1,2028-06-30,6000000,5000000,6000000,2026-05-28,England U21,16,0,0,https://www.transfermarkt.com/james-beadle/profil/spieler/670860,https://img.a.transfermarkt.technology/portrait/big/670860-1669114553.jpg,apify-transfermarkt-global-player-scraper
73564,Jason Steele,Jason Sean Steele,jason steele,1990-08-18,35,England; Scotland,Goalkeeper,Goalkeeper,right,188,Brighton & Hove Albion,1237,GB1,2027-06-30,500000,750000,4000000,2026-06-03,,0,0,1685000,https://www.transfermarkt.com/jason-steele/profil/spieler/73564,https://img.a.transfermarkt.technology/portrait/big/73564-1681383960.jpg,apify-transfermarkt-global-player-scraper
539252,João Pedro Loureiro da Costa,Costinha,joao pedro loureiro da costa,2000-03-26,26,Portugal,Right-Back,Defender,right,181,Brighton & Hove Albion,1237,GB1,2031-06-30,7000000,6000000,7000000,2026-06-04,,0,0,15200000,https://www.transfermarkt.com/costinha/profil/spieler/539252,https://img.a.transfermarkt.technology/portrait/big/539252-1781598083.jpg,apify-transfermarkt-global-player-scraper
504849,Kaoru Mitoma,三笘 薫,kaoru mitoma,1997-05-20,29,Japan,Left Winger,Striker,right,178,Brighton & Hove Albion,1237,GB1,2027-06-30,22000000,25000000,50000000,2026-06-03,,0,0,3000000,https://www.transfermarkt.com/kaoru-mitoma/profil/spieler/504849,https://img.a.transfermarkt.technology/portrait/big/504849-1731683095.jpg,apify-transfermarkt-global-player-scraper
148153,Lewis Dunk,Lewis Carl Dunk,lewis dunk,1991-11-21,34,England,Centre-Back,Defender,right,192,Brighton & Hove Albion,1237,GB1,2027-06-30,3500000,4000000,27000000,2026-06-03,,0,0,0,https://www.transfermarkt.com/lewis-dunk/profil/spieler/148153,https://img.a.transfermarkt.technology/portrait/big/148153-1716297176.jpg,apify-transfermarkt-global-player-scraper
1178758,Malick Yalcouyé,Malick Junior Yalcouyé,malick yalcouye,2005-11-18,20,Cote d'Ivoire; Mali,Central Midfield,Midfielder,right,169,Brighton & Hove Albion,1237,GB1,2029-06-30,12000000,12000000,17000000,2026-05-28,Ivory Coast U23,6,0,7000000,https://www.transfermarkt.com/malick-yalcouye/profil/spieler/1178758,https://img.a.transfermarkt.technology/portrait/big/1178758-1736777511.jpg,apify-transfermarkt-global-player-scraper
415381,Mats Wieffer,Mats Wieffer,mats wieffer,1999-11-16,26,Netherlands,Right-Back,Defender,right,189,Brighton & Hove Albion,1237,GB1,2029-06-30,25000000,25000000,30000000,2026-06-03,Netherlands,15,1,32575000,https://www.transfermarkt.com/mats-wieffer/profil/spieler/415381,https://img.a.transfermarkt.technology/portrait/big/415381-1779892289.jpg,apify-transfermarkt-global-player-scraper
406634,Matt O'Riley,Matthew Sean O'Riley,matt oriley,2000-11-21,25,Denmark; England,Central Midfield,Midfielder,left,189,Brighton & Hove Albion,1237,GB1,2029-06-30,18000000,20000000,22000000,2026-06-03,,0,0,33300000,https://www.transfermarkt.com/matt-o-riley/profil/spieler/406634,https://img.a.transfermarkt.technology/portrait/big/406634-1661800636.jpg,apify-transfermarkt-global-player-scraper
429915,Maxim De Cuyper,Maxim De Cuyper,maxim de cuyper,2000-12-22,25,Belgium,Left-Back,Defender,left,182,Brighton & Hove Albion,1237,GB1,2030-06-30,22000000,22000000,22000000,2026-06-03,Belgium,23,4,20000000,https://www.transfermarkt.com/maxim-de-cuyper/profil/spieler/429915,https://img.a.transfermarkt.technology/portrait/big/429915-1733899691.jpg,apify-transfermarkt-global-player-scraper
438961,Michael Svoboda,Michael Svoboda,michael svoboda,1998-10-15,27,Austria,Centre-Back,Defender,right,195,Brighton & Hove Albion,1237,GB1,2030-06-30,3500000,3000000,3500000,2026-06-04,Austria,4,0,5000000,https://www.transfermarkt.com/michael-svoboda/profil/spieler/438961,https://img.a.transfermarkt.technology/portrait/big/438961-1717659180.jpg,apify-transfermarkt-global-player-scraper
318508,Olivier Boscagli,Olivier Boscagli,olivier boscagli,1997-11-18,28,France; Monaco,Centre-Back,Defender,left,181,Brighton & Hove Albion,1237,GB1,2030-06-30,15000000,15000000,27000000,2026-06-03,,0,0,2000000,https://www.transfermarkt.com/olivier-boscagli/profil/spieler/318508,https://img.a.transfermarkt.technology/portrait/big/318508-1763637922.jpg,apify-transfermarkt-global-player-scraper
82873,Pascal Groß,Pascal Alexander Groß,pascal gross,1991-06-15,35,Germany,Central Midfield,Midfielder,right,181,Brighton & Hove Albion,1237,GB1,2027-06-30,2500000,3500000,12000000,2026-06-03,Germany,19,1,12000000,https://www.transfermarkt.com/pascal-gross/profil/spieler/82873,https://img.a.transfermarkt.technology/portrait/big/82873-1746195832.jpg,apify-transfermarkt-global-player-scraper
410708,Pascal Struijk,Pascal Augustus Struijk,pascal struijk,1999-08-11,26,Netherlands; Belgium,Centre-Back,Defender,left,190,Brighton & Hove Albion,1237,GB1,2031-06-30,22000000,22000000,22000000,2026-06-03,,0,0,23200000,https://www.transfermarkt.com/pascal-struijk/profil/spieler/410708,https://img.a.transfermarkt.technology/portrait/big/410708-1708002225.jpg,apify-transfermarkt-global-player-scraper
984544,Rodrigo Rêgo,Rodrigo Miguel Ferreira Rêgo,rodrigo rego,2005-01-03,21,Portugal,Right Winger,Striker,left,173,Brighton & Hove Albion,1237,GB1,2031-06-30,1500000,900000,1500000,2026-06-24,Portugal U21,2,0,3500000,https://www.transfermarkt.com/rodrigo-rego/profil/spieler/984544,https://img.a.transfermarkt.technology/portrait/big/984544-1763560582.jpg,apify-transfermarkt-global-player-scraper
950091,Stefanos Tzimas,Στέφανος Τζίμας,stefanos tzimas,2006-01-06,20,Greece,Centre-Forward,Striker,both,186,Brighton & Hove Albion,1237,GB1,2030-06-30,18000000,20000000,22000000,2026-06-03,,0,0,44500000,https://www.transfermarkt.com/stefanos-tzimas/profil/spieler/950091,https://img.a.transfermarkt.technology/portrait/big/950091-1722955946.jpg,apify-transfermarkt-global-player-scraper
406556,Tom McGill,Thomas Peter Wayne McGill,tom mcgill,2000-03-25,26,Canada; England,Goalkeeper,Goalkeeper,right,185,Brighton & Hove Albion,1237,GB1,2027-06-30,500000,500000,600000,2026-06-03,,0,0,0,https://www.transfermarkt.com/tom-mcgill/profil/spieler/406556,https://img.a.transfermarkt.technology/portrait/big/406556-1718472851.jpg,apify-transfermarkt-global-player-scraper
933018,Tom Watson,Thomas Watson,tom watson,2006-04-08,20,England,Left Winger,Striker,right,190,Brighton & Hove Albion,1237,GB1,2029-06-30,7000000,10000000,10000000,2026-05-28,England U20,1,2,12000000,https://www.transfermarkt.com/tom-watson/profil/spieler/933018,https://img.a.transfermarkt.technology/portrait/big/933018-1739871162.jpg,apify-transfermarkt-global-player-scraper
1012534,Yankuba Minteh,Yankuba Minteh,yankuba minteh,2004-07-22,21,The Gambia,Right Winger,Striker,left,180,Brighton & Hove Albion,1237,GB1,2029-06-30,45000000,40000000,45000000,2026-06-03,The Gambia,20,7,43000000,https://www.transfermarkt.com/yankuba-minteh/profil/spieler/1012534,https://img.a.transfermarkt.technology/portrait/big/1012534-1694774813.jpg,apify-transfermarkt-global-player-scraper
667287,Yasin Ayari,ياسين عباس عياري,yasin ayari,2003-10-06,22,Sweden; Tunisia,Central Midfield,Midfielder,right,172,Brighton & Hove Albion,1237,GB1,2027-06-30,35000000,30000000,35000000,2026-06-03,Sweden,25,5,4000000,https://www.transfermarkt.com/yasin-ayari/profil/spieler/667287,https://img.a.transfermarkt.technology/portrait/big/667287-1746438362.jpg,apify-transfermarkt-global-player-scraper
1421433,Zadok Yohanna,Zadok Yohanna,zadok yohanna,2007-06-29,19,Nigeria,Right Winger,Striker,left,184,Brighton & Hove Albion,1237,GB1,2031-06-30,18000000,500000,18000000,2026-06-29,,0,0,28750000,https://www.transfermarkt.com/zadok-yohanna/profil/spieler/1421433,https://img.a.transfermarkt.technology/portrait/big/1421433-1774883072.jpg,apify-transfermarkt-global-player-scraper
658115,Abel Bretones,Abel Bretones Cruz,abel bretones,2000-08-21,25,Spain,Left-Back,Defender,left,188,CA Osasuna,331,ES1,2029-06-30,3500000,4000000,4500000,2026-06-05,,0,0,2800000,https://www.transfermarkt.com/abel-bretones/profil/spieler/658115,https://img.a.transfermarkt.technology/portrait/big/658115-1690301272.jpg,apify-transfermarkt-global-player-scraper
634131,Aimar Oroz,Aimar Oroz Huarte,aimar oroz,2001-11-27,24,Spain,Attacking Midfield,Midfielder,right,177,CA Osasuna,331,ES1,2029-06-30,7500000,9000000,15000000,2026-06-05,,0,0,0,https://www.transfermarkt.com/aimar-oroz/profil/spieler/634131,https://img.a.transfermarkt.technology/portrait/big/634131-1732220023.jpg,apify-transfermarkt-global-player-scraper
118997,Aitor Fernández,Aitor Fernández Abarisketa,aitor fernandez,1991-05-03,35,Spain,Goalkeeper,Goalkeeper,right,182,CA Osasuna,331,ES1,2027-06-30,500000,600000,10000000,2026-06-05,,0,0,1200000,https://www.transfermarkt.com/aitor-fernandez/profil/spieler/118997,https://img.a.transfermarkt.technology/portrait/big/118997-1683281584.jpg,apify-transfermarkt-global-player-scraper
449796,Alejandro Catena,Alejandro Catena Marugán,alejandro catena,1994-10-28,31,Spain,Centre-Back,Defender,right,194,CA Osasuna,331,ES1,2028-06-30,2600000,2800000,8000000,2026-06-05,,0,0,0,https://www.transfermarkt.com/alejandro-catena/profil/spieler/449796,https://img.a.transfermarkt.technology/portrait/big/449796-1732220159.jpg,apify-transfermarkt-global-player-scraper
46413,Ante Budimir,Ante Budimir,ante budimir,1991-07-22,34,Croatia,Centre-Forward,Striker,left,190,CA Osasuna,331,ES1,2027-06-30,2800000,3000000,15000000,2026-06-05,Croatia,41,7,16020000,https://www.transfermarkt.com/ante-budimir/profil/spieler/46413,https://img.a.transfermarkt.technology/portrait/big/46413-1732219707.jpg,apify-transfermarkt-global-player-scraper
1038512,Asier Osambela,Asier Osambela Larraya,asier osambela,2004-10-30,21,Spain,Central Midfield,Midfielder,right,186,CA Osasuna,331,ES1,2029-06-30,1000000,1000000,1000000,2026-06-05,,0,0,0,https://www.transfermarkt.com/asier-osambela/profil/spieler/1038512,https://img.a.transfermarkt.technology/portrait/big/1038512-1700857716.png,apify-transfermarkt-global-player-scraper
541555,Enzo Boyomo,Flavien Enzo Thiedort Boyomo,enzo boyomo,2001-10-07,24,Cameroon; France,Centre-Back,Defender,right,184,CA Osasuna,331,ES1,2029-06-30,15000000,20000000,20000000,2026-06-05,,0,0,7600000,https://www.transfermarkt.com/enzo-boyomo/profil/spieler/541555,https://img.a.transfermarkt.technology/portrait/big/541555-1728038860.jpg,apify-transfermarkt-global-player-scraper
710679,Iker Benito,Iker Benito Sánchez,iker benito,2002-08-10,23,Spain,Right Winger,Striker,right,176,CA Osasuna,331,ES1,2027-06-30,1400000,1500000,1500000,2026-06-05,,0,0,0,https://www.transfermarkt.com/iker-benito/profil/spieler/710679,https://img.a.transfermarkt.technology/portrait/big/710679-1732219683.jpg,apify-transfermarkt-global-player-scraper
710677,Iker Muñoz,Iker Muñoz Cameros,iker munoz,2002-09-05,23,Spain,Defensive Midfield,Midfielder,right,180,CA Osasuna,331,ES1,2030-06-30,2000000,2000000,5000000,2026-06-05,,0,0,0,https://www.transfermarkt.com/iker-munoz/profil/spieler/710677,https://img.a.transfermarkt.technology/portrait/big/710677-1697557434.jpg,apify-transfermarkt-global-player-scraper
1065442,Iñigo Arguibide,Iñigo Arguibide Goñi,inigo arguibide,2005-04-19,21,Spain,Right-Back,Defender,right,178,CA Osasuna,331,ES1,2027-06-30,800000,800000,800000,2026-06-05,,0,0,0,https://www.transfermarkt.com/inigo-arguibide/profil/spieler/1065442,https://img.a.transfermarkt.technology/portrait/big/1065442-1700857321.png,apify-transfermarkt-global-player-scraper
552425,Jon Moncayola,Jon Moncayola Tollar,jon moncayola,1998-05-13,28,Spain,Central Midfield,Midfielder,right,182,CA Osasuna,331,ES1,2031-06-30,7000000,7000000,12000000,2026-06-05,,0,0,0,https://www.transfermarkt.com/jon-moncayola/profil/spieler/552425,https://img.a.transfermarkt.technology/portrait/big/552425-1583310847.jpg,apify-transfermarkt-global-player-scraper
555500,Jorge Herrando,Jorge Herrando Oroz,jorge herrando,2001-02-28,25,Spain,Centre-Back,Defender,left,192,CA Osasuna,331,ES1,2030-06-30,3500000,4000000,6000000,2026-06-05,,0,0,0,https://www.transfermarkt.com/jorge-herrando/profil/spieler/555500,https://img.a.transfermarkt.technology/portrait/big/555500-1732219992.jpg,apify-transfermarkt-global-player-scraper
298575,Kike Barja,Enrique Barja Alfonso,kike barja,1997-04-01,29,Spain,Right Winger,Striker,right,179,CA Osasuna,331,ES1,2028-06-30,1500000,1500000,4000000,2026-06-05,,0,0,0,https://www.transfermarkt.com/kike-barja/profil/spieler/298575,https://img.a.transfermarkt.technology/portrait/big/298575-1583310743.jpg,apify-transfermarkt-global-player-scraper
213670,Lucas Torró,Lucas Torró Marset,lucas torro,1994-07-19,31,Spain,Defensive Midfield,Midfielder,right,190,CA Osasuna,331,ES1,2027-06-30,2500000,2800000,8000000,2026-06-05,,0,0,7350000,https://www.transfermarkt.com/lucas-torro/profil/spieler/213670,https://img.a.transfermarkt.technology/portrait/big/213670-1732219931.jpg,apify-transfermarkt-global-player-scraper
175449,Moi Gómez,Moisés Gómez Bordonado,moi gomez,1994-06-23,32,Spain,Attacking Midfield,Midfielder,right,176,CA Osasuna,331,ES1,2027-06-30,1500000,1800000,10000000,2026-06-05,,0,0,3100000,https://www.transfermarkt.com/moi-gomez/profil/spieler/175449,https://img.a.transfermarkt.technology/portrait/big/175449-1664970613.jpg,apify-transfermarkt-global-player-scraper
631002,Raúl García,Raúl García de Haro,raul garcia,2000-11-03,25,Spain,Centre-Forward,Striker,right,192,CA Osasuna,331,ES1,2031-06-30,3000000,3000000,4000000,2026-06-05,,0,0,7000000,https://www.transfermarkt.com/raul-garcia/profil/spieler/631002,https://img.a.transfermarkt.technology/portrait/big/631002-1614090749.jpg,apify-transfermarkt-global-player-scraper
624942,Raúl Moro,Raúl Moro Prescoli,raul moro,2002-12-05,23,Spain,Left Winger,Striker,right,169,CA Osasuna,331,ES1,2031-06-30,3500000,5000000,7500000,2026-06-05,,0,0,24830000,https://www.transfermarkt.com/raul-moro/profil/spieler/624942,https://img.a.transfermarkt.technology/portrait/big/624942-1750837010.jpg,apify-transfermarkt-global-player-scraper
213260,Rubén García,Rubén García Santos,ruben garcia,1993-07-14,32,Spain,Right Winger,Striker,left,172,CA Osasuna,331,ES1,2027-06-30,1600000,1800000,10000000,2026-06-05,,0,0,3500000,https://www.transfermarkt.com/ruben-garcia/profil/spieler/213260,https://img.a.transfermarkt.technology/portrait/big/213260-1583310204.jpg,apify-transfermarkt-global-player-scraper
248738,Sergio Herrera,Sergio Herrera Pirón,sergio herrera,1993-06-05,33,Spain,Goalkeeper,Goalkeeper,right,192,CA Osasuna,331,ES1,2028-06-30,2800000,3000000,8000000,2026-06-05,,0,0,300000,https://www.transfermarkt.com/sergio-herrera/profil/spieler/248738,https://img.a.transfermarkt.technology/portrait/big/248738-1732220099.jpg,apify-transfermarkt-global-player-scraper
441170,Valentin Rosier,Valentin André Henri Rosier,valentin rosier,1996-08-19,29,France; Guadeloupe,Right-Back,Defender,right,175,CA Osasuna,331,ES1,2028-06-30,3000000,3000000,8000000,2026-06-05,,0,0,10300000,https://www.transfermarkt.com/valentin-rosier/profil/spieler/441170,https://img.a.transfermarkt.technology/portrait/big/441170-1666619891.png,apify-transfermarkt-global-player-scraper
628366,Lucas Beltrán,Lucas Beltrán,lucas beltran,2001-03-29,25,Argentina; Italy,Centre-Forward,Striker,right,176,CA River Plate,209,ARGC,2027-06-30,8000000,8000000,18000000,2026-06-05,,0,0,21100000,https://www.transfermarkt.com/lucas-beltran/profil/spieler/628366,https://img.a.transfermarkt.technology/portrait/big/628366-1692881138.jpg,apify-transfermarkt-global-player-scraper
290249,Mauro Arambarri,Mauro Wilney Arambarri Rosa,mauro arambarri,1995-09-30,30,Uruguay; Spain,Central Midfield,Midfielder,right,175,CA River Plate,209,ARGC,2028-12-31,8000000,10000000,25000000,2026-06-05,,0,0,9150000,https://www.transfermarkt.com/mauro-arambarri/profil/spieler/290249,https://img.a.transfermarkt.technology/portrait/big/290249-1669365106.jpg,apify-transfermarkt-global-player-scraper
379548,Jokin Ezkieta,Jokin Ezkieta Mendiburu,jokin ezkieta,1996-08-17,29,Spain,Goalkeeper,Goalkeeper,right,193,Cádiz CF,2687,ES2,2027-06-30,2500000,2500000,2500000,2026-06-22,,0,0,0,https://www.transfermarkt.com/jokin-ezkieta/profil/spieler/379548,https://img.a.transfermarkt.technology/portrait/big/379548-1605894574.jpg,apify-transfermarkt-global-player-scraper
568333,Adam Obert,Adam Obert,adam obert,2002-08-23,23,Slovakia,Left-Back,Defender,left,188,Cagliari Calcio,1390,IT1,2030-06-30,7000000,6500000,7000000,2026-05-29,Slovakia,21,1,50000,https://www.transfermarkt.com/adam-obert/profil/spieler/568333,https://img.a.transfermarkt.technology/portrait/big/568333-1695033793.jpg,apify-transfermarkt-global-player-scraper
1104206,Agustín Albarracín,Agustín Albarracín Basil,agustin albarracin,2005-08-29,20,Uruguay; Italy,Left Winger,Striker,left,178,Cagliari Calcio,1390,IT1,2030-06-30,2300000,2300000,2300000,2026-05-29,Uruguay U20,12,1,2390000,https://www.transfermarkt.com/agustin-albarracin/profil/spieler/1104206,https://img.a.transfermarkt.technology/portrait/big/1104206-1769528142.png,apify-transfermarkt-global-player-scraper
304144,Alen Sherri,Alen Sherri,alen sherri,1997-12-15,28,Albania,Goalkeeper,Goalkeeper,right,197,Cagliari Calcio,1390,IT1,2028-06-30,800000,1000000,1000000,2026-05-29,Albania,3,0,360000,https://www.transfermarkt.com/alen-sherri/profil/spieler/304144,https://img.a.transfermarkt.technology/portrait/big/304144-1730124783.jpg,apify-transfermarkt-global-player-scraper
235931,Alessandro Deiola,Alessandro Deiola,alessandro deiola,1995-08-01,30,Italy,Central Midfield,Midfielder,right,190,Cagliari Calcio,1390,IT1,2029-06-30,1500000,1600000,2000000,2026-05-29,,0,0,0,https://www.transfermarkt.com/alessandro-deiola/profil/spieler/235931,https://img.a.transfermarkt.technology/portrait/big/235931-1692964002.jpg,apify-transfermarkt-global-player-scraper
911224,Alessandro Romano,Alessandro Gianni Romano,alessandro romano,2006-06-17,20,Switzerland; Italy,Defensive Midfield,Midfielder,left,180,Cagliari Calcio,1390,IT1,2027-06-30,2000000,1000000,2000000,2026-06-04,,0,0,500000,https://www.transfermarkt.com/alessandro-romano/profil/spieler/911224,https://img.a.transfermarkt.technology/portrait/big/911224-1736759506.jpg,apify-transfermarkt-global-player-scraper
885228,Alessandro Vinciguerra,Alessandro Vinciguerra,alessandro vinciguerra,2005-08-18,20,Italy,Left Winger,Striker,right,167,Cagliari Calcio,1390,IT1,2028-06-30,400000,400000,400000,2026-06-19,,0,0,0,https://www.transfermarkt.com/alessandro-vinciguerra/profil/spieler/885228,https://img.a.transfermarkt.technology/portrait/big/885228-1747033715.jpg,apify-transfermarkt-global-player-scraper
258482,Boris Radunović,Борис Радуновић,boris radunovic,1996-05-26,30,Serbia,Goalkeeper,Goalkeeper,right,194,Cagliari Calcio,1390,IT1,2029-06-30,500000,800000,1500000,2026-06-04,,0,0,1585000,https://www.transfermarkt.com/boris-radunovic/profil/spieler/258482,https://img.a.transfermarkt.technology/portrait/big/258482-1757604393.jpg,apify-transfermarkt-global-player-scraper
705097,Davide Veroli,Davide Veroli,davide veroli,2003-01-29,23,Italy,Centre-Back,Defender,left,188,Cagliari Calcio,1390,IT1,2029-06-30,800000,800000,1700000,2026-06-04,,0,0,455000,https://www.transfermarkt.com/davide-veroli/profil/spieler/705097,https://img.a.transfermarkt.technology/portrait/big/705097-1695047244.jpg,apify-transfermarkt-global-player-scraper
421873,Elia Caprile,Elia Caprile,elia caprile,2001-08-25,24,Italy,Goalkeeper,Goalkeeper,right,191,Cagliari Calcio,1390,IT1,2029-06-30,15000000,15000000,15000000,2026-05-29,,0,0,12650000,https://www.transfermarkt.com/elia-caprile/profil/spieler/421873,https://img.a.transfermarkt.technology/portrait/big/421873-1704902651.jpg,apify-transfermarkt-global-player-scraper
887650,Francesco Gallea,Francesco Beidi Gallea,francesco gallea,2005-03-29,21,Mali; Italy,Centre-Back,Defender,right,192,Cagliari Calcio,1390,IT1,2029-06-30,200000,125000,200000,2026-06-19,,0,0,0,https://www.transfermarkt.com/francesco-gallea/profil/spieler/887650,,apify-transfermarkt-global-player-scraper
392569,Gabriele Zappa,Gabriele Zappa,gabriele zappa,1999-12-22,26,Italy,Right-Back,Defender,right,187,Cagliari Calcio,1390,IT1,2030-06-30,3000000,3500000,7000000,2026-05-29,,0,0,6200000,https://www.transfermarkt.com/gabriele-zappa/profil/spieler/392569,https://img.a.transfermarkt.technology/portrait/big/392569-1695033763.jpg,apify-transfermarkt-global-player-scraper
459988,Gennaro Borrelli,Gennaro Borrelli,gennaro borrelli,2000-03-10,26,Italy,Centre-Forward,Striker,right,194,Cagliari Calcio,1390,IT1,2029-06-30,3000000,3000000,3000000,2026-05-29,,0,0,3830000,https://www.transfermarkt.com/gennaro-borrelli/profil/spieler/459988,https://img.a.transfermarkt.technology/portrait/big/459988-1756452626.jpg,apify-transfermarkt-global-player-scraper
358008,Gianluca Gaetano,Gianluca Gaetano,gianluca gaetano,2000-05-05,26,Italy,Defensive Midfield,Midfielder,right,183,Cagliari Calcio,1390,IT1,2029-06-30,6500000,5000000,6500000,2026-05-29,,0,0,6400000,https://www.transfermarkt.com/gianluca-gaetano/profil/spieler/358008,https://img.a.transfermarkt.technology/portrait/big/358008-1757604842.jpg,apify-transfermarkt-global-player-scraper
535740,Giuseppe Ciocci,Giuseppe Ciocci,giuseppe ciocci,2002-01-24,24,Italy,Goalkeeper,Goalkeeper,right,193,Cagliari Calcio,1390,IT1,2027-06-30,100000,100000,300000,2026-05-29,,0,0,0,https://www.transfermarkt.com/giuseppe-ciocci/profil/spieler/535740,https://img.a.transfermarkt.technology/portrait/big/535740-1767802954.jpg,apify-transfermarkt-global-player-scraper
406151,José Pedro da Silva Figueiredo Freitas,Zé Pedro,jose pedro da silva figueiredo freitas,1997-06-06,29,Portugal,Centre-Back,Defender,right,187,Cagliari Calcio,1390,IT1,2028-06-30,3000000,2500000,4000000,2026-05-29,,0,0,2250000,https://www.transfermarkt.com/ze-pedro/profil/spieler/406151,https://img.a.transfermarkt.technology/portrait/big/406151-1756792343.jpg,apify-transfermarkt-global-player-scraper
1134304,Joseph Liteta,Joseph Liteta,joseph liteta,2006-02-22,20,Zambia,Central Midfield,Midfielder,right,175,Cagliari Calcio,1390,IT1,2030-06-30,3500000,3500000,3500000,2026-05-29,,0,0,50000,https://www.transfermarkt.com/joseph-liteta/profil/spieler/1134304,https://img.a.transfermarkt.technology/portrait/big/1134304-1752133481.jpg,apify-transfermarkt-global-player-scraper
1228231,Juan Rodríguez,Juan Martín Rodríguez Camejo,juan rodriguez,2005-05-30,21,Uruguay,Centre-Back,Defender,left,190,Cagliari Calcio,1390,IT1,2030-06-30,10000000,5000000,10000000,2026-05-29,Uruguay U20,9,1,4000000,https://www.transfermarkt.com/juan-rodriguez/profil/spieler/1228231,https://img.a.transfermarkt.technology/portrait/big/1228231-1767769559.jpg,apify-transfermarkt-global-player-scraper
1111663,Kingstone Mutandwa,Kingstone Mutandwa,kingstone mutandwa,2003-01-05,23,Zambia,Centre-Forward,Striker,right,180,Cagliari Calcio,1390,IT1,2028-06-30,3500000,2000000,3500000,2026-05-26,Zambia,3,0,318000,https://www.transfermarkt.com/kingstone-mutandwa/profil/spieler/1111663,https://img.a.transfermarkt.technology/portrait/big/1111663-1753367462.png,apify-transfermarkt-global-player-scraper
208172,Mateusz Wieteska,Mateusz Wieteska,mateusz wieteska,1997-02-11,29,Poland,Centre-Back,Defender,right,187,Cagliari Calcio,1390,IT1,2027-06-30,1000000,1200000,4000000,2026-05-21,,0,0,6870000,https://www.transfermarkt.com/mateusz-wieteska/profil/spieler/208172,https://img.a.transfermarkt.technology/portrait/big/208172-1746022660.png,apify-transfermarkt-global-player-scraper
876298,Matteo Prati,Matteo Prati,matteo prati,2003-12-28,22,Italy,Defensive Midfield,Midfielder,right,185,Cagliari Calcio,1390,IT1,2028-06-30,5500000,6000000,10000000,2026-05-29,,0,0,6255000,https://www.transfermarkt.com/matteo-prati/profil/spieler/876298,https://img.a.transfermarkt.technology/portrait/big/876298-1686214955.jpg,apify-transfermarkt-global-player-scraper
600041,Mattia Felici,Mattia Felici,mattia felici,2001-04-17,25,Italy,Left Winger,Striker,right,182,Cagliari Calcio,1390,IT1,2027-06-30,2500000,2800000,3000000,2026-05-29,,0,0,2100000,https://www.transfermarkt.com/mattia-felici/profil/spieler/600041,https://img.a.transfermarkt.technology/portrait/big/600041-1730125232.jpg,apify-transfermarkt-global-player-scraper
564305,Michel Adopo,Michel Ndary Adopo,michel adopo,2000-07-19,25,France; Cote d'Ivoire,Central Midfield,Midfielder,right,187,Cagliari Calcio,1390,IT1,2029-06-30,7000000,6000000,7000000,2026-05-29,,0,0,3800000,https://www.transfermarkt.com/michel-adopo/profil/spieler/564305,https://img.a.transfermarkt.technology/portrait/big/564305-1730186534.jpg,apify-transfermarkt-global-player-scraper
885230,Nicola Pintus,Nicola Pintus,nicola pintus,2005-05-25,21,Italy,Centre-Back,Defender,right,189,Cagliari Calcio,1390,IT1,2029-06-30,350000,400000,400000,2026-06-19,,0,0,0,https://www.transfermarkt.com/nicola-pintus/profil/spieler/885230,https://img.a.transfermarkt.technology/portrait/big/885230-1745908959.jpg,apify-transfermarkt-global-player-scraper
701842,Nicolò Cavuoti,Nicolò Cavuoti,nicolo cavuoti,2003-04-04,23,Italy,Attacking Midfield,Midfielder,left,177,Cagliari Calcio,1390,IT1,2030-06-30,400000,400000,400000,2026-06-04,,0,0,157000,https://www.transfermarkt.com/nicolo-cavuoti/profil/spieler/701842,https://img.a.transfermarkt.technology/portrait/big/701842-1753403818.jpg,apify-transfermarkt-global-player-scraper
997478,Othniël Raterink,Othniël Raterink,othniel raterink,2006-04-07,20,Netherlands; DR Congo,Right-Back,Defender,right,189,Cagliari Calcio,1390,IT1,2030-06-30,1000000,1000000,1000000,2026-05-29,,0,0,1100000,https://www.transfermarkt.com/othniel-raterink/profil/spieler/997478,https://img.a.transfermarkt.technology/portrait/big/997478-1767882208.jpg,apify-transfermarkt-global-player-scraper
1371793,Paul Mendy,Paul Mendy,paul mendy,2007-01-13,19,Senegal,Centre-Forward,Striker,left,0,Cagliari Calcio,1390,IT1,2031-06-30,7000000,800000,7000000,2026-05-29,,0,0,15000,https://www.transfermarkt.com/paul-mendy/profil/spieler/1371793,https://img.a.transfermarkt.technology/portrait/big/1371793-1757603190.jpg,apify-transfermarkt-global-player-scraper
885226,Riyad Idrissi,Riyad Idrissi,riyad idrissi,2005-06-13,21,Italy; Morocco,Left-Back,Defender,left,182,Cagliari Calcio,1390,IT1,2030-06-30,4000000,4000000,4000000,2026-05-29,,0,0,100000,https://www.transfermarkt.com/riyad-idrissi/profil/spieler/885226,https://img.a.transfermarkt.technology/portrait/big/885226-1730128832.jpg,apify-transfermarkt-global-player-scraper
967814,Sebastiano Di Paolo,Sebastiano Vlad Di Paolo,sebastiano di paolo,2006-10-09,19,Italy; Romania,Right Winger,Striker,left,0,Cagliari Calcio,1390,IT1,2029-06-30,400000,75000,400000,2026-06-19,,0,0,310000,https://www.transfermarkt.com/sebastiano-di-paolo/profil/spieler/967814,,apify-transfermarkt-global-player-scraper
538918,Sebastiano Esposito,Sebastiano Esposito,sebastiano esposito,2002-07-02,24,Italy,Second Striker,Striker,right,183,Cagliari Calcio,1390,IT1,2030-06-30,15000000,12000000,15000000,2026-05-29,,0,0,4000000,https://www.transfermarkt.com/sebastiano-esposito/profil/spieler/538918,https://img.a.transfermarkt.technology/portrait/big/538918-1730127469.jpg,apify-transfermarkt-global-player-scraper
927933,Velizar-Iliya Iliev,Велизар-Илия Светозаров Илиев,velizar iliya iliev,2005-07-20,20,Bulgaria,Goalkeeper,Goalkeeper,right,194,Cagliari Calcio,1390,IT1,2028-06-30,300000,250000,300000,2026-06-19,,0,0,40000,https://www.transfermarkt.com/velizar-iliya-iliev/profil/spieler/927933,https://img.a.transfermarkt.technology/portrait/big/927933-1752169209.jpeg,apify-transfermarkt-global-player-scraper
1099924,Yael Trepy,Yael Fritz Junior Trepy,yael trepy,2006-05-20,20,France,Centre-Forward,Striker,left,191,Cagliari Calcio,1390,IT1,2030-06-30,2000000,1500000,2000000,2026-05-29,,0,0,0,https://www.transfermarkt.com/yael-trepy/profil/spieler/1099924,https://img.a.transfermarkt.technology/portrait/big/1099924-1757602928.jpg,apify-transfermarkt-global-player-scraper
289446,Yerry Mina,Yerry Fernando Mina González,yerry mina,1994-09-23,31,Colombia,Centre-Back,Defender,right,195,Cagliari Calcio,1390,IT1,2028-06-30,2500000,3000000,30000000,2026-05-29,Colombia,54,8,46350000,https://www.transfermarkt.com/yerry-mina/profil/spieler/289446,https://img.a.transfermarkt.technology/portrait/big/289446-1730186402.jpg,apify-transfermarkt-global-player-scraper
666547,Zito Luvumbo,Zito André Sebastião Luvumbo,zito luvumbo,2002-03-09,24,Angola,Right Winger,Striker,left,171,Cagliari Calcio,1390,IT1,2029-06-30,3000000,3500000,7500000,2026-06-05,Angola,31,1,1180000,https://www.transfermarkt.com/zito-luvumbo/profil/spieler/666547,https://img.a.transfermarkt.technology/portrait/big/666547-1655123282.jpg,apify-transfermarkt-global-player-scraper
217144,Aleix Febas,Aleix Febas Pérez,aleix febas,1996-02-02,30,Spain,Central Midfield,Midfielder,right,172,Celta de Vigo,940,ES1,2029-06-30,5000000,5000000,5000000,2026-06-05,,0,0,0,https://www.transfermarkt.com/aleix-febas/profil/spieler/217144,https://img.a.transfermarkt.technology/portrait/big/217144-1448531418.jpg,apify-transfermarkt-global-player-scraper
626953,Álvaro Núñez,Álvaro Núñez Cobo,alvaro nunez,2000-07-07,25,Spain,Right-Back,Defender,right,177,Celta de Vigo,940,ES1,2030-06-30,4000000,6000000,6000000,2026-06-05,,0,0,1000000,https://www.transfermarkt.com/alvaro-nunez/profil/spieler/626953,https://img.a.transfermarkt.technology/portrait/big/626953-1752919393.jpg,apify-transfermarkt-global-player-scraper
278359,Borja Iglesias,Borja Iglesias Quintas,borja iglesias,1993-01-17,33,Spain,Centre-Forward,Striker,right,187,Celta de Vigo,940,ES1,2027-06-30,2800000,3000000,28000000,2026-06-05,Spain,8,0,41000000,https://www.transfermarkt.com/borja-iglesias/profil/spieler/278359,https://img.a.transfermarkt.technology/portrait/big/278359-1686661509.jpg,apify-transfermarkt-global-player-scraper
258987,Carl Starfelt,Carl Anders Theodor Starfelt,carl starfelt,1995-06-01,31,Sweden,Centre-Back,Defender,right,185,Celta de Vigo,940,ES1,2027-06-30,4500000,5000000,6500000,2026-06-05,Sweden,19,0,11500000,https://www.transfermarkt.com/carl-starfelt/profil/spieler/258987,https://img.a.transfermarkt.technology/portrait/big/258987-1758827268.jpg,apify-transfermarkt-global-player-scraper
282810,Carles Pérez,Carles Pérez Sayol,carles perez,1998-02-16,28,Spain,Right Winger,Striker,left,173,Celta de Vigo,940,ES1,2027-06-30,1800000,1800000,10000000,2026-06-04,,0,0,20200000,https://www.transfermarkt.com/carles-perez/profil/spieler/282810,https://img.a.transfermarkt.technology/portrait/big/282810-1698852701.jpg,apify-transfermarkt-global-player-scraper
636093,Carlos Domínguez,Carlos Domínguez Cáceres,carlos dominguez,2001-02-11,25,Spain,Centre-Back,Defender,left,187,Celta de Vigo,940,ES1,2028-06-30,2000000,3000000,3000000,2026-06-05,,0,0,0,https://www.transfermarkt.com/carlos-dominguez/profil/spieler/636093,https://img.a.transfermarkt.technology/portrait/big/636093-1629886975.jpg,apify-transfermarkt-global-player-scraper
623524,Carlos Dotor,Carlos Dotor Gonzalez,carlos dotor,2001-03-15,25,Spain,Central Midfield,Midfielder,right,180,Celta de Vigo,940,ES1,2028-06-30,1200000,1000000,3000000,2026-06-22,,0,0,3000000,https://www.transfermarkt.com/carlos-dotor/profil/spieler/623524,https://img.a.transfermarkt.technology/portrait/big/623524-1739477790.jpg,apify-transfermarkt-global-player-scraper
715628,Damián Rodríguez,Damián Rodríguez Sousa,damian rodriguez,2003-03-17,23,Spain,Defensive Midfield,Midfielder,left,180,Celta de Vigo,940,ES1,2028-06-30,2000000,2000000,3000000,2026-06-22,,0,0,0,https://www.transfermarkt.com/damian-rodriguez/profil/spieler/715628,https://img.a.transfermarkt.technology/portrait/big/715628-1732612000.jpg,apify-transfermarkt-global-player-scraper
599231,Ferran Jutglà,Ferran Jutglà Blanch,ferran jutgla,1999-02-01,27,Spain,Right Winger,Striker,right,175,Celta de Vigo,940,ES1,2029-06-30,10000000,7000000,14000000,2026-06-05,,0,0,10000000,https://www.transfermarkt.com/ferran-jutgla/profil/spieler/599231,https://img.a.transfermarkt.technology/portrait/big/599231-1666292299.jpg,apify-transfermarkt-global-player-scraper
892929,Hugo Álvarez,Hugo Álvarez Antúnez,hugo alvarez,2003-07-02,23,Spain,Left Winger,Striker,right,176,Celta de Vigo,940,ES1,2028-06-30,8000000,8000000,10000000,2026-06-05,,0,0,0,https://www.transfermarkt.com/hugo-alvarez/profil/spieler/892929,https://img.a.transfermarkt.technology/portrait/big/892929-1715867247.jpg,apify-transfermarkt-global-player-scraper
892221,Hugo Sotelo,Hugo Sotelo Gómez,hugo sotelo,2003-12-19,22,Spain,Central Midfield,Midfielder,right,180,Celta de Vigo,940,ES1,2028-06-30,5000000,7500000,12000000,2026-06-05,,0,0,0,https://www.transfermarkt.com/hugo-sotelo/profil/spieler/892221,https://img.a.transfermarkt.technology/portrait/big/892221-1758827715.jpg,apify-transfermarkt-global-player-scraper
72047,Iago Aspas,Iago Aspas Juncal,iago aspas,1987-08-01,38,Spain,Centre-Forward,Striker,left,176,Celta de Vigo,940,ES1,2027-06-30,1600000,1800000,25000000,2026-06-05,,0,0,22100000,https://www.transfermarkt.com/iago-aspas/profil/spieler/72047,https://img.a.transfermarkt.technology/portrait/big/72047-1758827533.jpg,apify-transfermarkt-global-player-scraper
617074,Ilaix Moriba,Moriba Kourouma Kourouma,ilaix moriba,2003-01-19,23,Guinea; Spain,Central Midfield,Midfielder,right,185,Celta de Vigo,940,ES1,2029-06-30,15000000,10000000,25000000,2026-06-05,,0,0,22600000,https://www.transfermarkt.com/ilaix-moriba/profil/spieler/617074,https://img.a.transfermarkt.technology/portrait/big/617074-1758827372.jpg,apify-transfermarkt-global-player-scraper
303657,Ionuț Radu,Ionuț Andrei Radu,ionut radu,1997-05-28,29,Romania,Goalkeeper,Goalkeeper,right,188,Celta de Vigo,940,ES1,2029-06-30,9000000,8000000,15000000,2026-06-05,,0,0,18500000,https://www.transfermarkt.com/ionut-radu/profil/spieler/303657,https://img.a.transfermarkt.technology/portrait/big/303657-1699432718.jpg,apify-transfermarkt-global-player-scraper
297194,Iván Villar,Iván Villar Martínez,ivan villar,1997-07-09,28,Spain,Goalkeeper,Goalkeeper,right,183,Celta de Vigo,940,ES1,2027-06-30,900000,900000,2500000,2026-06-05,,0,0,0,https://www.transfermarkt.com/ivan-villar/profil/spieler/297194,https://img.a.transfermarkt.technology/portrait/big/297194-1516876837.jpg,apify-transfermarkt-global-player-scraper
448628,Javi Galán,Javier Galán Gil,javi galan,1994-11-19,31,Spain,Left-Back,Defender,left,172,Celta de Vigo,940,ES1,2028-06-30,1800000,2000000,12000000,2026-06-05,,0,0,10500000,https://www.transfermarkt.com/javi-galan/profil/spieler/448628,https://img.a.transfermarkt.technology/portrait/big/448628-1706112804.jpg,apify-transfermarkt-global-player-scraper
1076815,Javi Rodríguez,Javier Rodríguez Galiano,javi rodriguez,2003-06-27,23,Spain,Centre-Back,Defender,right,183,Celta de Vigo,940,ES1,2028-06-30,18000000,15000000,18000000,2026-06-05,,0,0,0,https://www.transfermarkt.com/javi-rodriguez/profil/spieler/1076815,https://img.a.transfermarkt.technology/portrait/big/1076815-1732611843.jpg,apify-transfermarkt-global-player-scraper
652331,Javi Rueda,Javier Rueda García,javi rueda,2002-05-08,24,Spain,Right-Back,Defender,right,177,Celta de Vigo,940,ES1,2029-06-30,6000000,4000000,6000000,2026-06-05,,0,0,0,https://www.transfermarkt.com/javi-rueda/profil/spieler/652331,https://img.a.transfermarkt.technology/portrait/big/652331-1773949798.jpg,apify-transfermarkt-global-player-scraper
960571,Jones El-Abdellaoui,يونس عبد اللاوي,jones el abdellaoui,2006-01-12,20,Morocco; Norway,Right Winger,Striker,right,184,Celta de Vigo,940,ES1,2029-06-30,8000000,8000000,8000000,2026-06-05,Morocco U23,2,0,4200000,https://www.transfermarkt.com/jones-el-abdellaoui/profil/spieler/960571,https://img.a.transfermarkt.technology/portrait/big/960571-1720825911.jpg,apify-transfermarkt-global-player-scraper
638124,Manu Fernández,Manuel Fernández Arroyo,manu fernandez,2001-04-23,25,Spain,Centre-Back,Defender,right,185,Celta de Vigo,940,ES1,2028-06-30,1500000,1500000,2000000,2026-06-05,,0,0,0,https://www.transfermarkt.com/manu-fernandez/profil/spieler/638124,https://img.a.transfermarkt.technology/portrait/big/638124-1769759285.jpg,apify-transfermarkt-global-player-scraper
618809,Manu Sánchez,Manuel Sánchez de la Peña,manu sanchez,2000-08-24,25,Spain,Left-Back,Defender,left,171,Celta de Vigo,940,ES1,2028-06-30,6000000,6000000,10000000,2026-06-05,,0,0,200000,https://www.transfermarkt.com/manu-sanchez/profil/spieler/618809,https://img.a.transfermarkt.technology/portrait/big/618809-1673281847.jpg,apify-transfermarkt-global-player-scraper
112515,Marcos Alonso,Marcos Alonso Mendoza,marcos alonso,1990-12-28,35,Spain,Centre-Back,Defender,left,188,Celta de Vigo,940,ES1,2026-06-30,1200000,1400000,45000000,2026-06-05,,0,0,25400000,https://www.transfermarkt.com/marcos-alonso/profil/spieler/112515,https://img.a.transfermarkt.technology/portrait/big/112515-1694505734.jpg,apify-transfermarkt-global-player-scraper
143812,Matías Vecino,Matías Vecino Falero,matias vecino,1991-08-24,34,Uruguay; Italy,Central Midfield,Midfielder,right,187,Celta de Vigo,940,ES1,2027-06-30,1000000,1500000,25000000,2026-06-05,,0,0,26627283,https://www.transfermarkt.com/matias-vecino/profil/spieler/143812,https://img.a.transfermarkt.technology/portrait/big/143812-1695026891.jpg,apify-transfermarkt-global-player-scraper
892932,Miguel Román,Miguel Román González,miguel roman,2002-12-26,23,Spain,Central Midfield,Midfielder,right,178,Celta de Vigo,940,ES1,2028-06-30,15000000,15000000,15000000,2026-06-05,,0,0,0,https://www.transfermarkt.com/miguel-roman/profil/spieler/892932,https://img.a.transfermarkt.technology/portrait/big/892932-1769759183.jpg,apify-transfermarkt-global-player-scraper
905997,Pablo Durán,Pablo Durán Fernández,pablo duran,2001-05-25,25,Spain,Centre-Forward,Striker,right,176,Celta de Vigo,940,ES1,2028-06-30,4000000,4000000,4000000,2026-06-05,,0,0,0,https://www.transfermarkt.com/pablo-duran/profil/spieler/905997,https://img.a.transfermarkt.technology/portrait/big/905997-1761577329.jpg,apify-transfermarkt-global-player-scraper
545647,Sergio Carreira,Sergio Carreira Vilariño,sergio carreira,2000-10-13,25,Spain,Right-Back,Defender,right,170,Celta de Vigo,940,ES1,2029-06-30,12000000,8000000,12000000,2026-06-05,,0,0,0,https://www.transfermarkt.com/sergio-carreira/profil/spieler/545647,https://img.a.transfermarkt.technology/portrait/big/545647-1773950983.jpg,apify-transfermarkt-global-player-scraper
338285,Unai Núñez,Unai Núñez Gestoso,unai nunez,1997-01-30,29,Spain,Centre-Back,Defender,right,186,Celta de Vigo,940,ES1,2029-06-30,3500000,3500000,20000000,2026-06-05,,0,0,7000000,https://www.transfermarkt.com/unai-nunez/profil/spieler/338285,https://img.a.transfermarkt.technology/portrait/big/338285-1753679771.jpg,apify-transfermarkt-global-player-scraper
764859,Williot Swedberg,Williot Theo Swedberg,williot swedberg,2004-02-01,22,Sweden,Left Winger,Striker,right,187,Celta de Vigo,940,ES1,2029-06-30,20000000,15000000,20000000,2026-06-05,,0,0,5500000,https://www.transfermarkt.com/williot-swedberg/profil/spieler/764859,https://img.a.transfermarkt.technology/portrait/big/764859-1765193019.jpg,apify-transfermarkt-global-player-scraper
939374,Yoel Lago,Yoel Lago Amil,yoel lago,2004-03-25,22,Spain,Centre-Back,Defender,right,185,Celta de Vigo,940,ES1,2029-06-30,4000000,2500000,4000000,2026-06-05,,0,0,0,https://www.transfermarkt.com/yoel-lago/profil/spieler/939374,https://img.a.transfermarkt.technology/portrait/big/939374-1758827211.jpg,apify-transfermarkt-global-player-scraper
1145504,Aarón Anselmino,Aarón Anselmino,aaron anselmino,2005-04-29,21,Argentina,Centre-Back,Defender,right,186,Chelsea FC,631,GB1,2031-06-30,10000000,12000000,12000000,2026-06-01,,0,0,16500000,https://www.transfermarkt.com/aaron-anselmino/profil/spieler/1145504,https://img.a.transfermarkt.technology/portrait/big/1145504-1766483410.jpg,apify-transfermarkt-global-player-scraper
811779,Alejandro Garnacho,Alejandro Garnacho Ferreyra,alejandro garnacho,2004-07-01,22,Argentina; Spain,Left Winger,Striker,right,180,Chelsea FC,631,GB1,2032-06-30,28000000,40000000,50000000,2026-06-03,,0,0,46665000,https://www.transfermarkt.com/alejandro-garnacho/profil/spieler/811779,https://img.a.transfermarkt.technology/portrait/big/811779-1703629085.jpg,apify-transfermarkt-global-player-scraper
743600,Andrey Santos,Andrey Nascimento dos Santos,andrey santos,2004-05-03,22,Brazil,Central Midfield,Midfielder,right,180,Chelsea FC,631,GB1,2030-06-30,40000000,45000000,45000000,2026-06-03,,0,0,12500000,https://www.transfermarkt.com/andrey-santos/profil/spieler/743600,https://img.a.transfermarkt.technology/portrait/big/743600-1732576153.png,apify-transfermarkt-global-player-scraper
386047,Axel Disasi,Axel Disasi,axel disasi,1998-03-11,28,France; DR Congo,Centre-Back,Defender,right,191,Chelsea FC,631,GB1,2029-06-30,15000000,15000000,42000000,2026-06-03,,0,0,66000000,https://www.transfermarkt.com/axel-disasi/profil/spieler/386047,https://img.a.transfermarkt.technology/portrait/big/386047-1727785671.jpg,apify-transfermarkt-global-player-scraper
463603,Benoît Badiashile,Benoît Ntambue Badiashile Mukinayi,benoit badiashile,2001-03-26,25,France; DR Congo,Centre-Back,Defender,left,194,Chelsea FC,631,GB1,2030-06-30,15000000,18000000,40000000,2026-06-03,,0,0,38000000,https://www.transfermarkt.com/benoit-badiashile/profil/spieler/463603,https://img.a.transfermarkt.technology/portrait/big/463603-1714721596.jpg,apify-transfermarkt-global-player-scraper
746833,Caleb Wiley,Caleb Ryan Wiley,caleb wiley,2004-12-22,21,United States,Left-Back,Defender,left,180,Chelsea FC,631,GB1,2030-06-30,8000000,8000000,8000000,2026-06-03,,0,0,10100000,https://www.transfermarkt.com/caleb-wiley/profil/spieler/746833,https://img.a.transfermarkt.technology/portrait/big/746833-1732575786.png,apify-transfermarkt-global-player-scraper
568177,Cole Palmer,Cole Jermaine Palmer,cole palmer,2002-05-06,24,England; St. Kitts & Nevis,Attacking Midfield,Midfielder,left,185,Chelsea FC,631,GB1,2033-06-30,100000000,110000000,130000000,2026-06-03,,0,0,47000000,https://www.transfermarkt.com/cole-palmer/profil/spieler/568177,https://img.a.transfermarkt.technology/portrait/big/568177-1712320986.jpg,apify-transfermarkt-global-player-scraper
670717,Dário Essugo,Dário Cassia Luís Essugo,dario essugo,2005-03-14,21,Portugal; Angola,Defensive Midfield,Midfielder,right,178,Chelsea FC,631,GB1,2033-06-30,15000000,17000000,20000000,2026-06-03,,0,0,22272275,https://www.transfermarkt.com/dario-essugo/profil/spieler/670717,https://img.a.transfermarkt.technology/portrait/big/670717-1742314930.jpg,apify-transfermarkt-global-player-scraper
787232,David Datro Fofana,David Datro Fofana,david datro fofana,2002-12-22,23,Cote d'Ivoire,Centre-Forward,Striker,right,182,Chelsea FC,631,GB1,2029-06-30,4000000,5000000,12000000,2026-06-01,,0,0,12000000,https://www.transfermarkt.com/david-datro-fofana/profil/spieler/787232,https://img.a.transfermarkt.technology/portrait/big/787232-1691614259.jpg,apify-transfermarkt-global-player-scraper
559328,Emmanuel Emegha,Emmanuel Esseh Emegha,emmanuel emegha,2003-02-03,23,Netherlands; Nigeria,Centre-Forward,Striker,right,196,Chelsea FC,631,GB1,2033-06-30,25000000,28000000,28000000,2026-06-01,,0,0,18240000,https://www.transfermarkt.com/emmanuel-emegha/profil/spieler/559328,https://img.a.transfermarkt.technology/portrait/big/559328-1732575392.png,apify-transfermarkt-global-player-scraper
648195,Enzo Fernández,Enzo Jeremías Fernández,enzo fernandez,2001-01-17,25,Argentina,Central Midfield,Midfielder,right,178,Chelsea FC,631,GB1,2032-06-30,90000000,90000000,90000000,2026-06-03,Argentina,45,6,165250000,https://www.transfermarkt.com/enzo-fernandez/profil/spieler/648195,https://img.a.transfermarkt.technology/portrait/big/648195-1669894717.jpg,apify-transfermarkt-global-player-scraper
1056993,Estêvão Willian Almeida de Oliveira Gonçalves,Estêvão,estevao willian almeida de oliveira goncalves,2007-04-24,19,Brazil,Right Winger,Striker,left,178,Chelsea FC,631,GB1,2033-06-30,80000000,80000000,80000000,2026-06-03,,0,0,45000000,https://www.transfermarkt.com/estevao/profil/spieler/1056993,https://img.a.transfermarkt.technology/portrait/big/1056993-1766148652.jpg,apify-transfermarkt-global-player-scraper
585323,Filip Jørgensen,Filip Jørgensen,filip jorgensen,2002-04-16,24,Denmark; Sweden,Goalkeeper,Goalkeeper,right,192,Chelsea FC,631,GB1,2031-06-30,15000000,15000000,20000000,2026-06-03,Denmark,2,0,24500000,https://www.transfermarkt.com/filip-joergensen/profil/spieler/585323,https://img.a.transfermarkt.technology/portrait/big/585323-1718280485.jpg,apify-transfermarkt-global-player-scraper
656316,Gabriel Slonina,Gabriel Paweł Słonina,gabriel slonina,2004-05-15,22,United States; Poland,Goalkeeper,Goalkeeper,right,193,Chelsea FC,631,GB1,2028-06-30,3000000,3500000,9000000,2026-06-03,United States U23,1,0,9090000,https://www.transfermarkt.com/gabriel-slonina/profil/spieler/656316,https://img.a.transfermarkt.technology/portrait/big/656316-1645958054.jpg,apify-transfermarkt-global-player-scraper
1138758,Geovany Quenda,Geovany Tcherno Quenda,geovany quenda,2007-04-30,19,Portugal; Guinea-Bissau,Right Winger,Striker,left,172,Chelsea FC,631,GB1,2032-06-30,42000000,42000000,45000000,2026-05-28,,0,0,50000000,https://www.transfermarkt.com/geovany-quenda/profil/spieler/1138758,https://img.a.transfermarkt.technology/portrait/big/1138758-1761232238.jpg,apify-transfermarkt-global-player-scraper
670882,Jamie Gittens,Jamie Jermaine Bynoe-Gittens,jamie gittens,2004-08-08,21,England; Barbados,Left Winger,Striker,right,178,Chelsea FC,631,GB1,2032-06-30,30000000,35000000,50000000,2026-06-03,,0,0,56000000,https://www.transfermarkt.com/jamie-gittens/profil/spieler/670882,https://img.a.transfermarkt.technology/portrait/big/670882-1736780080.jpg,apify-transfermarkt-global-player-scraper
626724,João Pedro Junqueira de Jesus,João Pedro,joao pedro junqueira de jesus,2001-09-26,24,Brazil,Centre-Forward,Striker,right,186,Chelsea FC,631,GB1,2033-06-30,80000000,75000000,80000000,2026-06-03,,0,0,109400000,https://www.transfermarkt.com/joao-pedro/profil/spieler/626724,https://img.a.transfermarkt.technology/portrait/big/626724-1724792744.jpg,apify-transfermarkt-global-player-scraper
904802,Jorrel Hato,Jorrel Evan Hato,jorrel hato,2006-03-07,20,Netherlands; Curacao,Left-Back,Defender,left,182,Chelsea FC,631,GB1,2032-06-30,40000000,35000000,40000000,2026-06-03,Netherlands,9,0,44180000,https://www.transfermarkt.com/jorrel-hato/profil/spieler/904802,https://img.a.transfermarkt.technology/portrait/big/904802-1701361717.jpg,apify-transfermarkt-global-player-scraper
1004708,Josh Acheampong,Joshua Kofi Acheampong,josh acheampong,2006-05-05,20,England; Ghana,Right-Back,Defender,right,190,Chelsea FC,631,GB1,2029-06-30,25000000,25000000,25000000,2026-06-03,England U21,6,0,0,https://www.transfermarkt.com/josh-acheampong/profil/spieler/1004708,https://img.a.transfermarkt.technology/portrait/big/1004708-1715156243.jpg,apify-transfermarkt-global-player-scraper
614258,Levi Colwill,Levi Lemar Samuel Colwill,levi colwill,2003-02-26,23,England,Centre-Back,Defender,left,187,Chelsea FC,631,GB1,2029-06-30,50000000,50000000,55000000,2026-06-03,,0,0,0,https://www.transfermarkt.com/levi-colwill/profil/spieler/614258,https://img.a.transfermarkt.technology/portrait/big/614258-1694614507.jpg,apify-transfermarkt-global-player-scraper
610849,Liam Delap,Liam Rory Delap,liam delap,2003-02-08,23,England; Ireland,Centre-Forward,Striker,right,186,Chelsea FC,631,GB1,2031-06-30,28000000,32000000,40000000,2026-06-03,,0,0,54650000,https://www.transfermarkt.com/liam-delap/profil/spieler/610849,https://img.a.transfermarkt.technology/portrait/big/610849-1746646306.jpg,apify-transfermarkt-global-player-scraper
620322,Malo Gusto,Malo Arthur Gusto,malo gusto,2003-05-19,23,France; Martinique,Right-Back,Defender,right,178,Chelsea FC,631,GB1,2030-06-30,35000000,35000000,35000000,2026-06-03,France,14,0,30000000,https://www.transfermarkt.com/malo-gusto/profil/spieler/620322,https://img.a.transfermarkt.technology/portrait/big/620322-1752061866.jpg,apify-transfermarkt-global-player-scraper
910905,Mamadou Sarr,Mamadou Sarr,mamadou sarr,2005-08-29,20,Senegal; France,Centre-Back,Defender,right,194,Chelsea FC,631,GB1,2033-06-30,22000000,25000000,25000000,2026-06-03,Senegal,8,0,24000000,https://www.transfermarkt.com/mamadou-sarr/profil/spieler/910905,https://img.a.transfermarkt.technology/portrait/big/910905-1773787147.jpg,apify-transfermarkt-global-player-scraper
938158,Marc Guiu,Marc Guiu Paz,marc guiu,2006-01-04,20,Spain,Centre-Forward,Striker,right,187,Chelsea FC,631,GB1,2029-06-30,12000000,12000000,12000000,2026-06-03,,0,0,6000000,https://www.transfermarkt.com/marc-guiu/profil/spieler/938158,https://img.a.transfermarkt.technology/portrait/big/938158-1719846394.jpg,apify-transfermarkt-global-player-scraper
895937,Marco Palestra,Marco Palestra,marco palestra,2005-03-03,21,Italy,Right-Back,Defender,both,186,Chelsea FC,631,GB1,2033-06-30,35000000,30000000,35000000,2026-05-29,,0,0,58100000,https://www.transfermarkt.com/marco-palestra/profil/spieler/895937,https://img.a.transfermarkt.technology/portrait/big/895937-1704902310.jpg,apify-transfermarkt-global-player-scraper
834397,Mike Penders,Mike Louis Penders,mike penders,2005-07-31,20,Belgium,Goalkeeper,Goalkeeper,left,200,Chelsea FC,631,GB1,2032-06-30,25000000,22000000,25000000,2026-06-01,Belgium,0,0,20000000,https://www.transfermarkt.com/mike-penders/profil/spieler/834397,https://img.a.transfermarkt.technology/portrait/big/834397-1782074650.jpg,apify-transfermarkt-global-player-scraper
687626,Moisés Caicedo,Moisés Isaac Caicedo Corozo,moises caicedo,2001-11-02,24,Ecuador,Defensive Midfield,Midfielder,right,178,Chelsea FC,631,GB1,2033-06-30,100000000,110000000,110000000,2026-06-03,Ecuador,65,3,144200000,https://www.transfermarkt.com/moises-caicedo/profil/spieler/687626,https://img.a.transfermarkt.technology/portrait/big/687626-1660729724.jpg,apify-transfermarkt-global-player-scraper
776890,Nicolas Jackson,Nicolas Jackson,nicolas jackson,2001-06-20,25,Senegal; The Gambia,Centre-Forward,Striker,right,187,Chelsea FC,631,GB1,2033-06-30,40000000,40000000,55000000,2026-05-27,Senegal,37,8,53500000,https://www.transfermarkt.com/nicolas-jackson/profil/spieler/776890,https://img.a.transfermarkt.technology/portrait/big/776890-1757939139.jpg,apify-transfermarkt-global-player-scraper
487465,Pedro Neto,Pedro Lomba Neto,pedro neto,2000-03-09,26,Portugal,Right Winger,Striker,left,174,Chelsea FC,631,GB1,2031-06-30,60000000,60000000,60000000,2026-06-03,Portugal,29,3,96400000,https://www.transfermarkt.com/pedro-neto/profil/spieler/487465,https://img.a.transfermarkt.technology/portrait/big/487465-1763106447.jpg,apify-transfermarkt-global-player-scraper
472423,Reece James,Reece Lewis James,reece james,1999-12-08,26,England,Right-Back,Defender,right,180,Chelsea FC,631,GB1,2032-06-30,60000000,60000000,70000000,2026-06-03,England,26,1,0,https://www.transfermarkt.com/reece-james/profil/spieler/472423,https://img.a.transfermarkt.technology/portrait/big/472423-1683900849.jpg,apify-transfermarkt-global-player-scraper
403151,Robert Sánchez,Robert Sánchez Lynch,robert sanchez,1997-11-18,28,Spain; England,Goalkeeper,Goalkeeper,right,197,Chelsea FC,631,GB1,2030-06-30,22000000,22000000,32000000,2026-06-03,,0,0,23000000,https://www.transfermarkt.com/robert-sanchez/profil/spieler/403151,https://img.a.transfermarkt.technology/portrait/big/403151-1695028195.jpg,apify-transfermarkt-global-player-scraper
628451,Roméo Lavia,Roméo Lavia,romeo lavia,2004-01-06,22,Belgium; Ghana,Defensive Midfield,Midfielder,right,181,Chelsea FC,631,GB1,2030-06-30,22000000,25000000,50000000,2026-06-03,,0,0,84360000,https://www.transfermarkt.com/romeo-lavia/profil/spieler/628451,https://img.a.transfermarkt.technology/portrait/big/628451-1683898478.jpg,apify-transfermarkt-global-player-scraper
731466,Teddy Sharman-Lowe,Teddy Samuel Sharman-Lowe,teddy sharman lowe,2003-03-30,23,England,Goalkeeper,Goalkeeper,right,189,Chelsea FC,631,GB1,2028-06-30,500000,550000,550000,2026-06-03,,0,0,0,https://www.transfermarkt.com/teddy-sharman-lowe/profil/spieler/731466,https://img.a.transfermarkt.technology/portrait/big/731466-1656922515.jpg,apify-transfermarkt-global-player-scraper
258878,Tosin Adarabioyo,Abdul-Nasir Oluwatosin Oluwadoyinsolami Adarabioyo,tosin adarabioyo,1997-09-24,28,England; Nigeria,Centre-Back,Defender,right,197,Chelsea FC,631,GB1,2028-06-30,16000000,18000000,20000000,2026-06-03,,0,0,1650000,https://www.transfermarkt.com/tosin-adarabioyo/profil/spieler/258878,https://img.a.transfermarkt.technology/portrait/big/258878-1646903871.jpg,apify-transfermarkt-global-player-scraper
346314,Trevoh Chalobah,Trevoh Thomas Chalobah,trevoh chalobah,1999-07-05,27,England; Sierra Leone,Centre-Back,Defender,right,192,Chelsea FC,631,GB1,2028-06-30,40000000,40000000,40000000,2026-06-03,England,1,0,0,https://www.transfermarkt.com/trevoh-chalobah/profil/spieler/346314,https://img.a.transfermarkt.technology/portrait/big/346314-1773301391.jpg,apify-transfermarkt-global-player-scraper
936874,Tyrique George,Tyrique Aaron Delali Yusuff George,tyrique george,2006-02-04,20,England; Nigeria,Left Winger,Striker,right,181,Chelsea FC,631,GB1,2027-06-30,20000000,22000000,22000000,2026-06-03,England U21,6,2,0,https://www.transfermarkt.com/tyrique-george/profil/spieler/936874,https://img.a.transfermarkt.technology/portrait/big/936874-1731016609.jpg,apify-transfermarkt-global-player-scraper
475411,Wesley Fofana,Wesley Fofana,wesley fofana,2000-12-17,25,France; Cote d'Ivoire,Centre-Back,Defender,right,188,Chelsea FC,631,GB1,2029-06-30,28000000,28000000,65000000,2026-06-03,,0,0,115400000,https://www.transfermarkt.com/wesley-fofana/profil/spieler/475411,https://img.a.transfermarkt.technology/portrait/big/475411-1683899212.jpg,apify-transfermarkt-global-player-scraper
555015,Ruan Tressoldi Netto,Ruan,ruan tressoldi netto,1999-06-07,27,Brazil,Centre-Back,Defender,right,187,Clube Atlético Mineiro,330,BRA1,2030-06-30,4000000,2500000,5000000,2026-05-26,,0,0,8900000,https://www.transfermarkt.com/ruan/profil/spieler/555015,https://img.a.transfermarkt.technology/portrait/big/555015-1695028065.jpg,apify-transfermarkt-global-player-scraper
1231993,Adrian Lahdo,Adrian Adriano Lahdo,adrian lahdo,2007-12-26,18,Sweden; Lebanon,Central Midfield,Midfielder,right,179,Como 1907,1047,IT1,2031-06-30,10000000,10000000,10000000,2026-05-29,Sweden U19,10,1,11940000,https://www.transfermarkt.com/adrian-lahdo/profil/spieler/1231993,https://img.a.transfermarkt.technology/portrait/big/1231993-1770014850.jpg,apify-transfermarkt-global-player-scraper
385394,Alberto Dossena,Alberto Dossena,alberto dossena,1998-10-13,27,Italy,Centre-Back,Defender,right,195,Como 1907,1047,IT1,2028-06-30,6000000,7000000,8000000,2026-05-29,,0,0,9610000,https://www.transfermarkt.com/alberto-dossena/profil/spieler/385394,https://img.a.transfermarkt.technology/portrait/big/385394-1686510717.jpg,apify-transfermarkt-global-player-scraper
311333,Alessandro Gabrielloni,Alessandro Gabrielloni,alessandro gabrielloni,1994-07-10,31,Italy,Centre-Forward,Striker,right,178,Como 1907,1047,IT1,2028-06-30,400000,500000,1000000,2026-06-04,,0,0,0,https://www.transfermarkt.com/alessandro-gabrielloni/profil/spieler/311333,https://img.a.transfermarkt.technology/portrait/big/311333-1714813246.jpg,apify-transfermarkt-global-player-scraper
709957,Álex Valle,Álex Valle Gómez,alex valle,2004-04-25,22,Spain,Left-Back,Defender,left,178,Como 1907,1047,IT1,2029-06-30,12000000,10000000,12000000,2026-05-29,Spain U21,6,0,6000000,https://www.transfermarkt.com/alex-valle/profil/spieler/709957,https://img.a.transfermarkt.technology/portrait/big/709957-1757603064.jpg,apify-transfermarkt-global-player-scraper
877672,Ali Jasim,"Ali-Jasim El-Aibi Al-Tameemi, علي جاسم",ali jasim,2004-01-20,22,Iraq,Left Winger,Striker,right,178,Como 1907,1047,IT1,2027-06-30,500000,550000,550000,2026-06-04,Iraq,38,2,0,https://www.transfermarkt.com/ali-jasim/profil/spieler/877672,https://img.a.transfermarkt.technology/portrait/big/877672-1738057702.jpg,apify-transfermarkt-global-player-scraper
749552,Alieu Fadera,Alieu Fadera,alieu fadera,2001-11-03,24,The Gambia,Left Winger,Striker,right,182,Como 1907,1047,IT1,2028-06-30,4500000,4500000,5000000,2026-05-29,,0,0,10800000,https://www.transfermarkt.com/alieu-fadera/profil/spieler/749552,https://img.a.transfermarkt.technology/portrait/big/749552-1753767931.jpg,apify-transfermarkt-global-player-scraper
128223,Álvaro Morata,Álvaro Borja Morata Martín,alvaro morata,1992-10-23,33,Spain,Centre-Forward,Striker,right,189,Como 1907,1047,IT1,2029-06-30,6000000,8000000,65000000,2026-05-29,,0,0,229200000,https://www.transfermarkt.com/alvaro-morata/profil/spieler/128223,https://img.a.transfermarkt.technology/portrait/big/128223-1719989301.jpg,apify-transfermarkt-global-player-scraper
523318,Anastasios Douvikas,Αναστάσιος Δουβίκας,anastasios douvikas,1999-08-02,26,Greece,Centre-Forward,Striker,right,186,Como 1907,1047,IT1,2029-06-30,25000000,18000000,25000000,2026-05-29,Greece,22,2,27800000,https://www.transfermarkt.com/anastasios-douvikas/profil/spieler/523318,https://img.a.transfermarkt.technology/portrait/big/523318-1682331342.jpg,apify-transfermarkt-global-player-scraper
1204163,Andréa Le Borgne,Andréa Le Borgne,andrea le borgne,2006-07-27,19,France,Defensive Midfield,Midfielder,right,189,Como 1907,1047,IT1,2028-06-30,2500000,2500000,2500000,2026-06-04,France U20,6,3,0,https://www.transfermarkt.com/andrea-le-borgne/profil/spieler/1204163,https://img.a.transfermarkt.technology/portrait/big/1204163-1767802091.jpg,apify-transfermarkt-global-player-scraper
962111,Andrés Cuenca,Andrés Cuenca Cejudo,andres cuenca,2007-06-11,19,Spain,Centre-Back,Defender,left,187,Como 1907,1047,IT1,2030-06-30,500000,500000,500000,2026-06-22,Spain U19,23,0,500000,https://www.transfermarkt.com/andres-cuenca/profil/spieler/962111,https://img.a.transfermarkt.technology/portrait/big/962111-1745401649.jpg,apify-transfermarkt-global-player-scraper
1061282,Assane Diao,Assane Diao Diaoune,assane diao,2005-09-07,20,Senegal; Spain,Left Winger,Striker,right,185,Como 1907,1047,IT1,2029-06-30,30000000,30000000,30000000,2026-05-29,Senegal,6,0,12000000,https://www.transfermarkt.com/assane-diao/profil/spieler/1061282,https://img.a.transfermarkt.technology/portrait/big/1061282-1699273116.jpg,apify-transfermarkt-global-player-scraper
242940,Edoardo Goldaniga,Edoardo Goldaniga,edoardo goldaniga,1993-11-02,32,Italy,Centre-Back,Defender,right,193,Como 1907,1047,IT1,2028-06-30,2000000,2500000,3000000,2026-05-29,,0,0,9650000,https://www.transfermarkt.com/edoardo-goldaniga/profil/spieler/242940,https://img.a.transfermarkt.technology/portrait/big/242940-1725530007.jpg,apify-transfermarkt-global-player-scraper
256339,Emil Audero,Emil Audero Mulyadi,emil audero,1997-01-18,29,Indonesia; Italy,Goalkeeper,Goalkeeper,right,192,Como 1907,1047,IT1,2028-06-30,2800000,3200000,15000000,2026-05-29,Indonesia,6,0,27000000,https://www.transfermarkt.com/emil-audero/profil/spieler/256339,https://img.a.transfermarkt.technology/portrait/big/256339-1663679682.jpg,apify-transfermarkt-global-player-scraper
981136,Fabio Rispoli,Fabio Rispoli,fabio rispoli,2006-09-28,19,Italy,Central Midfield,Midfielder,right,169,Como 1907,1047,IT1,,4500000,4500000,4500000,2026-06-04,Italy U21,1,0,0,https://www.transfermarkt.com/fabio-rispoli/profil/spieler/981136,https://img.a.transfermarkt.technology/portrait/big/981136-1730128894.jpg,apify-transfermarkt-global-player-scraper
1004723,Fellipe Jack,Fellipe Jack Ozilio Moreira Pacheco,fellipe jack,2006-01-12,20,Italy; Brazil,Centre-Back,Defender,left,190,Como 1907,1047,IT1,2028-06-30,2500000,1800000,2500000,2026-06-04,,0,0,2200000,https://www.transfermarkt.com/fellipe-jack/profil/spieler/1004723,https://img.a.transfermarkt.technology/portrait/big/1004723-1680450497.jpg,apify-transfermarkt-global-player-scraper
490423,Ignace Van der Brempt,Ignace Van der Brempt,ignace van der brempt,2002-04-01,24,Belgium,Right-Back,Defender,right,187,Como 1907,1047,IT1,2028-06-30,3000000,3500000,4000000,2026-05-29,,0,0,10300000,https://www.transfermarkt.com/ignace-van-der-brempt/profil/spieler/490423,https://img.a.transfermarkt.technology/portrait/big/490423-1757664819.jpg,apify-transfermarkt-global-player-scraper
633306,Iván Azón,Iván Azón Monzón,ivan azon,2002-12-24,23,Spain,Centre-Forward,Striker,right,182,Como 1907,1047,IT1,2029-06-30,5000000,4000000,5000000,2026-05-28,,0,0,2000000,https://www.transfermarkt.com/ivan-azon/profil/spieler/633306,https://img.a.transfermarkt.technology/portrait/big/633306-1732367699.jpg,apify-transfermarkt-global-player-scraper
571271,Ivan Smolcic,Ivan Smolčić,ivan smolcic,2000-08-17,25,Croatia,Right-Back,Defender,right,181,Como 1907,1047,IT1,2031-06-30,3500000,2500000,3500000,2026-05-29,,0,0,1600000,https://www.transfermarkt.com/ivan-smolcic/profil/spieler/571271,https://img.a.transfermarkt.technology/portrait/big/571271-1738499181.jpg,apify-transfermarkt-global-player-scraper
948278,Jacobo Ramón,Jacobo Ramón Naveros,jacobo ramon,2005-01-06,21,Spain,Centre-Back,Defender,right,196,Como 1907,1047,IT1,2030-06-30,30000000,25000000,30000000,2026-05-29,,0,0,2500000,https://www.transfermarkt.com/jacobo-ramon/profil/spieler/948278,https://img.a.transfermarkt.technology/portrait/big/948278-1759837942.jpg,apify-transfermarkt-global-player-scraper
747720,Jayden Addai,Jayden Osei Addai,jayden addai,2005-08-26,20,Netherlands; Ghana,Right Winger,Striker,left,177,Como 1907,1047,IT1,2030-06-30,20000000,20000000,20000000,2026-05-29,,0,0,14000000,https://www.transfermarkt.com/jayden-addai/profil/spieler/747720,https://img.a.transfermarkt.technology/portrait/big/747720-1723819872.jpg,apify-transfermarkt-global-player-scraper
290537,Jean Butez,Jean Butez,jean butez,1995-06-08,31,France,Goalkeeper,Goalkeeper,right,189,Como 1907,1047,IT1,2030-06-30,8000000,8000000,8000000,2026-05-29,,0,0,3300000,https://www.transfermarkt.com/jean-butez/profil/spieler/290537,https://img.a.transfermarkt.technology/portrait/big/290537-1704961364.jpg,apify-transfermarkt-global-player-scraper
1190411,Jesús Rodríguez,Jesús Rodríguez Caraballo,jesus rodriguez,2005-11-21,20,Spain,Left Winger,Striker,right,185,Como 1907,1047,IT1,2030-06-30,30000000,30000000,30000000,2026-05-29,,0,0,22500000,https://www.transfermarkt.com/jesus-rodriguez/profil/spieler/1190411,https://img.a.transfermarkt.technology/portrait/big/1190411-1744375833.jpg,apify-transfermarkt-global-player-scraper
879217,Kaiki Bruno da Silva,Kaiki,kaiki bruno da silva,2003-03-08,23,Brazil,Left-Back,Defender,left,172,Como 1907,1047,IT1,2027-06-30,14000000,12000000,14000000,2026-05-26,,0,0,0,https://www.transfermarkt.com/kaiki/profil/spieler/879217,https://img.a.transfermarkt.technology/portrait/big/879217-1678847563.jpg,apify-transfermarkt-global-player-scraper
226025,Luca Mazzitelli,Luca Mazzitelli,luca mazzitelli,1995-11-15,30,Italy,Central Midfield,Midfielder,right,184,Como 1907,1047,IT1,2027-06-30,1200000,1400000,4000000,2026-05-29,,0,0,7085000,https://www.transfermarkt.com/luca-mazzitelli/profil/spieler/226025,https://img.a.transfermarkt.technology/portrait/big/226025-1730185840.jpg,apify-transfermarkt-global-player-scraper
495667,Lucas Da Cunha,Lucas Da Cunha,lucas da cunha,2001-06-09,25,France; Portugal,Central Midfield,Midfielder,left,174,Como 1907,1047,IT1,2029-06-30,20000000,20000000,20000000,2026-05-29,,0,0,1750000,https://www.transfermarkt.com/lucas-da-cunha/profil/spieler/495667,https://img.a.transfermarkt.technology/portrait/big/495667-1778088169.jpg,apify-transfermarkt-global-player-scraper
281989,Luis Milla,Luis Milla Manzanares,luis milla,1994-10-07,31,Spain,Central Midfield,Midfielder,right,175,Como 1907,1047,IT1,2029-06-30,3500000,3500000,6000000,2026-06-05,,0,0,16500000,https://www.transfermarkt.com/luis-milla/profil/spieler/281989,https://img.a.transfermarkt.technology/portrait/big/281989-1669364960.jpg,apify-transfermarkt-global-player-scraper
160938,Marc Oliver Kempf,Marc Oliver Kempf,marc oliver kempf,1995-01-28,31,Germany,Centre-Back,Defender,left,186,Como 1907,1047,IT1,2027-06-30,3500000,3500000,8000000,2026-05-29,,0,0,3800000,https://www.transfermarkt.com/marc-oliver-kempf/profil/spieler/160938,https://img.a.transfermarkt.technology/portrait/big/160938-1753445146.jpg,apify-transfermarkt-global-player-scraper
532495,Marlon Mustapha,Suliman-Marlon Mustapha,marlon mustapha,2001-05-24,25,Austria,Centre-Forward,Striker,right,185,Como 1907,1047,IT1,2027-06-30,400000,600000,1000000,2026-05-26,,0,0,900000,https://www.transfermarkt.com/marlon-mustapha/profil/spieler/532495,https://img.a.transfermarkt.technology/portrait/big/532495-1752849763.jpg,apify-transfermarkt-global-player-scraper
580451,Martin Baturina,Martin Baturina,martin baturina,2003-02-16,23,Croatia,Attacking Midfield,Midfielder,right,172,Como 1907,1047,IT1,2030-06-30,30000000,24000000,30000000,2026-05-29,Croatia,23,2,18000000,https://www.transfermarkt.com/martin-baturina/profil/spieler/580451,https://img.a.transfermarkt.technology/portrait/big/580451-1716240952.jpg,apify-transfermarkt-global-player-scraper
488052,Matthias Braunöder,Matthias Braunöder,matthias braunoder,2002-03-27,24,Austria,Central Midfield,Midfielder,right,174,Como 1907,1047,IT1,2027-06-30,750000,1200000,3500000,2026-06-04,,0,0,1650000,https://www.transfermarkt.com/matthias-braunoeder/profil/spieler/488052,https://img.a.transfermarkt.technology/portrait/big/488052-1692968166.png,apify-transfermarkt-global-player-scraper
395237,Maxence Caqueret,Maxence Caqueret,maxence caqueret,2000-02-15,26,France,Central Midfield,Midfielder,right,174,Como 1907,1047,IT1,2029-06-30,13000000,15000000,25000000,2026-05-29,,0,0,15000000,https://www.transfermarkt.com/maxence-caqueret/profil/spieler/395237,https://img.a.transfermarkt.technology/portrait/big/395237-1739281407.jpg,apify-transfermarkt-global-player-scraper
668547,Máximo Perrone,Máximo Perrone,maximo perrone,2003-01-07,23,Argentina; Spain,Defensive Midfield,Midfielder,left,177,Como 1907,1047,IT1,2029-06-30,35000000,30000000,35000000,2026-05-29,,0,0,24000000,https://www.transfermarkt.com/maximo-perrone/profil/spieler/668547,https://img.a.transfermarkt.technology/portrait/big/668547-1681246573.jpg,apify-transfermarkt-global-player-scraper
336125,Mërgim Vojvoda,Mërgim Vojvoda,mergim vojvoda,1995-02-01,31,Kosovo; Albania,Right-Back,Defender,right,187,Como 1907,1047,IT1,2028-06-30,2500000,3000000,5500000,2026-05-29,Kosovo,75,3,8400000,https://www.transfermarkt.com/mergim-vojvoda/profil/spieler/336125,https://img.a.transfermarkt.technology/portrait/big/336125-1661351703.jpg,apify-transfermarkt-global-player-scraper
948294,Nico Paz,Nicolás Paz Martínez,nico paz,2004-09-08,21,Argentina; Spain,Attacking Midfield,Midfielder,left,185,Como 1907,1047,IT1,2028-06-30,80000000,65000000,80000000,2026-05-29,Argentina,11,1,66000000,https://www.transfermarkt.com/nico-paz/profil/spieler/948294,https://img.a.transfermarkt.technology/portrait/big/948294-1699472504.jpg,apify-transfermarkt-global-player-scraper
336012,Nicolas Kühn,Nicolas-Gerrit Kühn,nicolas kuhn,2000-01-01,26,Germany,Right Winger,Striker,left,174,Como 1907,1047,IT1,2029-06-30,10000000,12000000,17000000,2026-05-29,,0,0,26600000,https://www.transfermarkt.com/nicolas-kuehn/profil/spieler/336012,https://img.a.transfermarkt.technology/portrait/big/336012-1752477155.jpg,apify-transfermarkt-global-player-scraper
730531,Noel Törnqvist,Noel Törnqvist,noel tornqvist,2002-02-01,24,Sweden,Goalkeeper,Goalkeeper,left,195,Como 1907,1047,IT1,,2000000,2000000,2000000,2026-05-29,,0,0,2000000,https://www.transfermarkt.com/noel-toernqvist/profil/spieler/730531,https://img.a.transfermarkt.technology/portrait/big/730531-1743175380.jpg,apify-transfermarkt-global-player-scraper
223974,Stefan Posch,Stefan Posch,stefan posch,1997-05-14,29,Austria,Centre-Back,Defender,right,188,Como 1907,1047,IT1,2029-06-30,6000000,5500000,14000000,2026-05-27,Austria,56,5,12750000,https://www.transfermarkt.com/stefan-posch/profil/spieler/223974,https://img.a.transfermarkt.technology/portrait/big/223974-1725531246.jpg,apify-transfermarkt-global-player-scraper
691678,Tommaso Fumagalli,Tommaso Fumagalli,tommaso fumagalli,2000-02-20,26,Italy,Centre-Forward,Striker,right,185,Como 1907,1047,IT1,2027-06-30,300000,400000,500000,2026-06-04,,0,0,380000,https://www.transfermarkt.com/tommaso-fumagalli/profil/spieler/691678,https://img.a.transfermarkt.technology/portrait/big/691678-1565895735.jpg,apify-transfermarkt-global-player-scraper
405670,Yannik Engelhardt,Yannik Engelhardt,yannik engelhardt,2001-02-07,25,Germany,Defensive Midfield,Midfielder,right,184,Como 1907,1047,IT1,2027-06-30,7000000,6000000,7000000,2026-05-27,,0,0,12700000,https://www.transfermarkt.com/yannik-engelhardt/profil/spieler/405670,https://img.a.transfermarkt.technology/portrait/big/405670-1760966867.jpg,apify-transfermarkt-global-player-scraper
1064391,Egoitz Muñoz,Egoitz Muñoz Larrea,egoitz munoz,2004-04-14,22,Spain,Right-Back,Defender,right,0,Córdoba CF,993,ES2,2027-06-30,250000,200000,250000,2026-06-08,,0,0,0,https://www.transfermarkt.com/egoitz-munoz/profil/spieler/1064391,,apify-transfermarkt-global-player-scraper
121352,Ben Wilson,Ben Wilson,ben wilson,1992-08-09,33,England,Goalkeeper,Goalkeeper,right,186,Coventry City,990,GB1,2027-06-30,300000,500000,900000,2026-05-28,,0,0,0,https://www.transfermarkt.com/ben-wilson/profil/spieler/121352,https://img.a.transfermarkt.technology/portrait/big/121352-1663853572.jpg,apify-transfermarkt-global-player-scraper
788283,Bobby Thomas,Bobby Craig Thomas,bobby thomas,2001-01-30,25,England,Centre-Back,Defender,right,186,Coventry City,990,GB1,2029-06-30,16000000,14000000,16000000,2026-05-28,,0,0,2300000,https://www.transfermarkt.com/bobby-thomas/profil/spieler/788283,https://img.a.transfermarkt.technology/portrait/big/788283-1709161995.jpg,apify-transfermarkt-global-player-scraper
451747,Brandon Thomas-Asante,Solomon Brandon Michael Clarke Thomas-Asante,brandon thomas asante,1998-12-29,27,Ghana; England,Centre-Forward,Striker,right,182,Coventry City,990,GB1,2028-06-30,16000000,14000000,16000000,2026-05-28,Ghana,10,1,3295000,https://www.transfermarkt.com/brandon-thomas-asante/profil/spieler/451747,https://img.a.transfermarkt.technology/portrait/big/451747-1780387464.jpg,apify-transfermarkt-global-player-scraper
511550,Ellis Simms,Ellis Reco Simms,ellis simms,2001-01-05,25,England; Poland,Centre-Forward,Striker,right,191,Coventry City,990,GB1,2027-06-30,12000000,10000000,12000000,2026-05-28,,0,0,7000000,https://www.transfermarkt.com/ellis-simms/profil/spieler/511550,https://img.a.transfermarkt.technology/portrait/big/511550-1741273537.jpg,apify-transfermarkt-global-player-scraper
466637,Ephron Mason-Clark,Ephron Jardell Mason-Clark,ephron mason clark,1999-08-25,26,Jamaica; England,Left Midfield,Midfielder,right,178,Coventry City,990,GB1,2028-06-30,16000000,10000000,16000000,2026-05-28,,0,0,5971000,https://www.transfermarkt.com/ephron-mason-clark/profil/spieler/466637,https://img.a.transfermarkt.technology/portrait/big/466637-1705419779.jpg,apify-transfermarkt-global-player-scraper
421637,Frank Onyeka,Ogochukwu Frank Onyeka,frank onyeka,1998-01-01,28,Nigeria,Central Midfield,Midfielder,right,183,Coventry City,990,GB1,2030-06-30,8000000,7000000,10000000,2026-05-28,Nigeria,45,3,17000000,https://www.transfermarkt.com/frank-onyeka/profil/spieler/421637,https://img.a.transfermarkt.technology/portrait/big/421637-1726605377.jpg,apify-transfermarkt-global-player-scraper
315291,Haji Wright,Haji Amir Wright,haji wright,1998-03-27,28,United States; Liberia,Centre-Forward,Striker,right,191,Coventry City,990,GB1,2027-06-30,16000000,14000000,16000000,2026-05-28,United States,21,7,12880000,https://www.transfermarkt.com/haji-wright/profil/spieler/315291,https://img.a.transfermarkt.technology/portrait/big/315291-1709161726.jpg,apify-transfermarkt-global-player-scraper
662476,Jack Rudoni,Jack Edward Rudoni,jack rudoni,2001-06-14,25,England; United States,Attacking Midfield,Midfielder,left,185,Coventry City,990,GB1,2028-06-30,20000000,18000000,20000000,2026-05-28,,0,0,7840000,https://www.transfermarkt.com/jack-rudoni/profil/spieler/662476,https://img.a.transfermarkt.technology/portrait/big/662476-1782245903.jpg,apify-transfermarkt-global-player-scraper
677382,Jahnoah Markelo,Jahnoah Guevara Markelo,jahnoah markelo,2003-01-04,23,Suriname; Netherlands,Right Winger,Striker,left,181,Coventry City,990,GB1,2030-06-30,3500000,5000000,5000000,2026-05-28,,0,0,5000000,https://www.transfermarkt.com/jahnoah-markelo/profil/spieler/677382,https://img.a.transfermarkt.technology/portrait/big/677382-1754376775.jpg,apify-transfermarkt-global-player-scraper
121250,Jake Bidwell,Jake Brian Bidwell,jake bidwell,1993-03-21,33,England,Left-Back,Defender,left,183,Coventry City,990,GB1,2027-06-30,600000,800000,2000000,2026-05-28,,0,0,1600000,https://www.transfermarkt.com/jake-bidwell/profil/spieler/121250,https://img.a.transfermarkt.technology/portrait/big/121250-1663853596.jpg,apify-transfermarkt-global-player-scraper
258915,Jay Dasilva,Jay Rhys Dasilva,jay dasilva,1998-04-22,28,Wales; England,Left-Back,Defender,left,170,Coventry City,990,GB1,2027-06-30,9000000,6000000,9000000,2026-05-28,Wales,10,0,2400000,https://www.transfermarkt.com/jay-dasilva/profil/spieler/258915,https://img.a.transfermarkt.technology/portrait/big/258915-1740580680.jpg,apify-transfermarkt-global-player-scraper
412823,Joel Latibeaudiere,Joel Owen Latibeaudiere,joel latibeaudiere,2000-01-06,26,Jamaica; England,Centre-Back,Defender,right,180,Coventry City,990,GB1,2027-06-30,3000000,3000000,3000000,2026-05-28,Jamaica,31,0,0,https://www.transfermarkt.com/joel-latibeaudiere/profil/spieler/412823,https://img.a.transfermarkt.technology/portrait/big/412823-1694712983.jpg,apify-transfermarkt-global-player-scraper
618903,Josh Eccles,Joshua Elliot Eccles,josh eccles,2000-04-06,26,England,Central Midfield,Midfielder,right,181,Coventry City,990,GB1,2028-06-30,9000000,7000000,9000000,2026-05-28,,0,0,0,https://www.transfermarkt.com/josh-eccles/profil/spieler/618903,https://img.a.transfermarkt.technology/portrait/big/618903-1684494966.jpg,apify-transfermarkt-global-player-scraper
965924,Kai Andrews,Kai Bernard James Andrews,kai andrews,2006-08-06,19,Wales; England,Central Midfield,Midfielder,right,185,Coventry City,990,GB1,,500000,400000,500000,2026-05-20,Wales,3,0,0,https://www.transfermarkt.com/kai-andrews/profil/spieler/965924,https://img.a.transfermarkt.technology/portrait/big/965924-1709162331.jpg,apify-transfermarkt-global-player-scraper
626888,Kaine Kesler-Hayden,Kaine Kesler-Hayden,kaine kesler hayden,2002-10-23,23,England,Right-Back,Defender,right,175,Coventry City,990,GB1,2029-06-30,3000000,4000000,4000000,2026-05-28,,0,0,4000000,https://www.transfermarkt.com/kaine-kesler-hayden/profil/spieler/626888,https://img.a.transfermarkt.technology/portrait/big/626888-1633425896.jpg,apify-transfermarkt-global-player-scraper
534701,Liam Kitching,Liam James Kitching,liam kitching,1999-09-25,26,England; Ireland,Centre-Back,Defender,left,186,Coventry City,990,GB1,2027-06-30,14000000,12000000,14000000,2026-05-28,,0,0,4600000,https://www.transfermarkt.com/liam-kitching/profil/spieler/534701,https://img.a.transfermarkt.technology/portrait/big/534701-1709161897.jpg,apify-transfermarkt-global-player-scraper
527425,Luke Woolfenden,Luke Matthew Woolfenden,luke woolfenden,1998-10-21,27,England,Centre-Back,Defender,right,193,Coventry City,990,GB1,2028-06-30,2000000,2000000,2000000,2026-05-28,,0,0,4600000,https://www.transfermarkt.com/luke-woolfenden/profil/spieler/527425,https://img.a.transfermarkt.technology/portrait/big/527425-1664180037.jpg,apify-transfermarkt-global-player-scraper
265471,Matt Grimes,Matthew Jacob Grimes,matt grimes,1995-07-15,30,England,Defensive Midfield,Midfielder,left,178,Coventry City,990,GB1,2028-06-30,5000000,5000000,7000000,2026-05-28,,0,0,6240000,https://www.transfermarkt.com/matt-grimes/profil/spieler/265471,https://img.a.transfermarkt.technology/portrait/big/265471-1724942342.jpg,apify-transfermarkt-global-player-scraper
713649,Miguel Ángel Brau,Miguel Ángel Brau Blánquez,miguel angel brau,2001-12-27,24,Spain,Left-Back,Defender,left,183,Coventry City,990,GB1,2029-06-30,1000000,1000000,1000000,2026-05-28,,0,0,0,https://www.transfermarkt.com/miguel-angel-brau/profil/spieler/713649,https://img.a.transfermarkt.technology/portrait/big/713649-1733831034.jpg,apify-transfermarkt-global-player-scraper
587335,Milan van Ewijk,Milan Fabrizio van Ewijk,milan van ewijk,2000-09-08,25,Netherlands; Suriname,Right-Back,Defender,right,175,Coventry City,990,GB1,2027-06-30,22000000,18000000,22000000,2026-05-28,,0,0,5950000,https://www.transfermarkt.com/milan-van-ewijk/profil/spieler/587335,https://img.a.transfermarkt.technology/portrait/big/587335-1723021003.jpg,apify-transfermarkt-global-player-scraper
802997,Norman Bassette,Norman Jaquy Bassette Van Acker,norman bassette,2004-11-09,21,Belgium,Centre-Forward,Striker,left,186,Coventry City,990,GB1,2028-06-30,1500000,1800000,2200000,2026-06-01,Belgium U21,10,6,2700000,https://www.transfermarkt.com/norman-bassette/profil/spieler/802997,https://img.a.transfermarkt.technology/portrait/big/802997-1726294081.jpg,apify-transfermarkt-global-player-scraper
527329,Oliver Dovin,Oliver Lukas Dozae Nnonyelu Dovin,oliver dovin,2002-07-11,23,Sweden; England,Goalkeeper,Goalkeeper,right,188,Coventry City,990,GB1,2028-06-30,2000000,2500000,2500000,2026-05-28,,0,0,1900000,https://www.transfermarkt.com/oliver-dovin/profil/spieler/527329,https://img.a.transfermarkt.technology/portrait/big/527329-1637671679.jpg,apify-transfermarkt-global-player-scraper
704398,Raphael Borges Rodrigues,Raphael Borges Rodrigues,raphael borges rodrigues,2003-09-11,22,Australia; Brazil,Left Winger,Striker,right,173,Coventry City,990,GB1,2028-06-30,450000,400000,450000,2026-05-12,,0,0,0,https://www.transfermarkt.com/raphael-borges-rodrigues/profil/spieler/704398,https://img.a.transfermarkt.technology/portrait/big/704398-1722950332.jpg,apify-transfermarkt-global-player-scraper
617408,Tatsuhiro Sakamoto,坂元 達裕,tatsuhiro sakamoto,1996-10-22,29,Japan,Right Winger,Striker,left,170,Coventry City,990,GB1,2027-06-30,4500000,4500000,4500000,2026-05-28,,0,0,2250000,https://www.transfermarkt.com/tatsuhiro-sakamoto/profil/spieler/617408,https://img.a.transfermarkt.technology/portrait/big/617408-1709162238.jpg,apify-transfermarkt-global-player-scraper
403692,Victor Torp,Victor Torp Overgaard,victor torp,1999-07-30,26,Denmark,Central Midfield,Midfielder,right,178,Coventry City,990,GB1,,14000000,12000000,14000000,2026-05-28,,0,0,2900000,https://www.transfermarkt.com/victor-torp/profil/spieler/403692,https://img.a.transfermarkt.technology/portrait/big/403692-1782246244.jpg,apify-transfermarkt-global-player-scraper
512385,Luis Sinisterra,Luis Fernando Sinisterra Lucumí,luis sinisterra,1999-06-17,27,Colombia,Left Winger,Striker,right,172,Cruzeiro Esporte Clube,609,BRA1,2028-12-31,11000000,11000000,25000000,2026-05-26,,0,0,56600000,https://www.transfermarkt.com/luis-sinisterra/profil/spieler/512385,https://img.a.transfermarkt.technology/portrait/big/512385-1674557520.jpg,apify-transfermarkt-global-player-scraper
744149,Adam Wharton,Adam James Wharton,adam wharton,2004-02-06,22,England,Defensive Midfield,Midfielder,left,182,Crystal Palace,873,GB1,2029-06-30,70000000,60000000,70000000,2026-06-03,,0,0,21100000,https://www.transfermarkt.com/adam-wharton/profil/spieler/744149,https://img.a.transfermarkt.technology/portrait/big/744149-1716297290.jpg,apify-transfermarkt-global-player-scraper
293194,Borna Sosa,Borna Sosa,borna sosa,1998-01-21,28,Croatia; Germany,Left-Back,Defender,left,187,Crystal Palace,873,GB1,2028-06-30,3000000,4000000,23000000,2026-06-03,,0,0,16300000,https://www.transfermarkt.com/borna-sosa/profil/spieler/293194,https://img.a.transfermarkt.technology/portrait/big/293194-1716241200.jpg,apify-transfermarkt-global-player-scraper
470607,Brennan Johnson,Brennan Price Johnson,brennan johnson,2001-05-23,25,Wales; England,Right Winger,Striker,right,186,Crystal Palace,873,GB1,2030-06-30,30000000,35000000,50000000,2026-06-03,Wales,45,7,95000000,https://www.transfermarkt.com/brennan-johnson/profil/spieler/470607,https://img.a.transfermarkt.technology/portrait/big/470607-1692959021.jpg,apify-transfermarkt-global-player-scraper
1047261,Caleb Kporha,Caleb Billy Mawuko Kporha,caleb kporha,2006-07-15,19,England; Ghana,Right-Back,Defender,right,0,Crystal Palace,873,GB1,2029-06-30,1000000,1000000,1000000,2026-06-03,,0,0,0,https://www.transfermarkt.com/caleb-kporha/profil/spieler/1047261,https://img.a.transfermarkt.technology/portrait/big/1047261-1736159500.jpg,apify-transfermarkt-global-player-scraper
689637,Chadi Riad,"Chadi Riad Dnanou, شادي رياض دنانو",chadi riad,2003-06-17,23,Morocco; Spain,Centre-Back,Defender,left,186,Crystal Palace,873,GB1,2029-06-30,15000000,12000000,15000000,2026-06-03,Morocco,10,1,24000000,https://www.transfermarkt.com/chadi-riad/profil/spieler/689637,https://img.a.transfermarkt.technology/portrait/big/689637-1782376649.jpg,apify-transfermarkt-global-player-scraper
543387,Cheick Doucouré,Cheick Oumar Doucouré,cheick doucoure,2000-01-08,26,Mali,Defensive Midfield,Midfielder,right,180,Crystal Palace,873,GB1,2029-06-30,10000000,13000000,35000000,2026-06-03,,0,0,22600000,https://www.transfermarkt.com/cheick-doucoure/profil/spieler/543387,https://img.a.transfermarkt.technology/portrait/big/543387-1693826399.jpg,apify-transfermarkt-global-player-scraper
578539,Chris Richards,Christopher Jeffrey Richards,chris richards,2000-03-28,26,United States,Centre-Back,Defender,right,189,Crystal Palace,873,GB1,2027-06-30,28000000,25000000,28000000,2026-06-03,United States,39,3,17550000,https://www.transfermarkt.com/chris-richards/profil/spieler/578539,https://img.a.transfermarkt.technology/portrait/big/578539-1754244701.jpg,apify-transfermarkt-global-player-scraper
493003,Daniel Muñoz,Daniel Muñoz Mejía,daniel munoz,1996-05-26,30,Colombia,Right-Back,Defender,right,180,Crystal Palace,873,GB1,2028-06-30,22000000,27000000,27000000,2026-06-03,Colombia,50,5,12500000,https://www.transfermarkt.com/daniel-munoz/profil/spieler/493003,https://img.a.transfermarkt.technology/portrait/big/493003-1718642628.jpg,apify-transfermarkt-global-player-scraper
865993,David Ozoh,David Ikechukwu Ozoh,david ozoh,2005-05-06,21,England; Spain,Defensive Midfield,Midfielder,right,189,Crystal Palace,873,GB1,2027-06-30,2200000,1800000,2200000,2026-05-28,,0,0,0,https://www.transfermarkt.com/david-ozoh/profil/spieler/865993,https://img.a.transfermarkt.technology/portrait/big/865993-1681476430.jpg,apify-transfermarkt-global-player-scraper
258919,Dean Henderson,Dean Bradley Henderson,dean henderson,1997-03-12,29,England,Goalkeeper,Goalkeeper,right,188,Crystal Palace,873,GB1,2028-06-30,28000000,28000000,28000000,2026-06-03,England,5,0,17500000,https://www.transfermarkt.com/dean-henderson/profil/spieler/258919,https://img.a.transfermarkt.technology/portrait/big/258919-1716297478.jpg,apify-transfermarkt-global-player-scraper
340324,Eddie Nketiah,Edward Keddar Nketiah,eddie nketiah,1999-05-30,27,England; Ghana,Centre-Forward,Striker,right,175,Crystal Palace,873,GB1,2029-06-30,10000000,14000000,35000000,2026-06-03,,0,0,29700000,https://www.transfermarkt.com/eddie-nketiah/profil/spieler/340324,https://img.a.transfermarkt.technology/portrait/big/340324-1730795033.jpg,apify-transfermarkt-global-player-scraper
410225,Ismaïla Sarr,Ismaïla Sarr,ismaila sarr,1998-02-25,28,Senegal,Right Winger,Striker,right,185,Crystal Palace,873,GB1,2029-06-30,40000000,35000000,40000000,2026-06-03,Senegal,87,23,75000000,https://www.transfermarkt.com/ismaila-sarr/profil/spieler/410225,https://img.a.transfermarkt.technology/portrait/big/410225-1765811669.jpg,apify-transfermarkt-global-player-scraper
1006411,Jaydee Canvot,Jaydee Canvot,jaydee canvot,2006-07-29,19,France; Senegal,Centre-Back,Defender,right,188,Crystal Palace,873,GB1,2029-06-30,28000000,20000000,28000000,2026-06-03,France U21,6,0,23000000,https://www.transfermarkt.com/jaydee-canvot/profil/spieler/1006411,https://img.a.transfermarkt.technology/portrait/big/1006411-1741897197.jpg,apify-transfermarkt-global-player-scraper
420002,Jean-Philippe Mateta,Jean-Philippe Mateta,jean philippe mateta,1997-06-28,29,France; DR Congo,Centre-Forward,Striker,right,192,Crystal Palace,873,GB1,2027-06-30,30000000,35000000,40000000,2026-06-03,France,6,2,26600000,https://www.transfermarkt.com/jean-philippe-mateta/profil/spieler/420002,https://img.a.transfermarkt.technology/portrait/big/420002-1723202650.jpg,apify-transfermarkt-global-player-scraper
262980,Jefferson Lerma,Jefferson Andrés Lerma Solís,jefferson lerma,1994-10-25,31,Colombia,Defensive Midfield,Midfielder,right,180,Crystal Palace,873,GB1,2027-06-30,6000000,8000000,25000000,2026-06-03,Colombia,69,5,31400000,https://www.transfermarkt.com/jefferson-lerma/profil/spieler/262980,https://img.a.transfermarkt.technology/portrait/big/262980-1693334146.jpg,apify-transfermarkt-global-player-scraper
586834,Jesurun Rak-Sakyi,Jesurun Rak-Sakyi,jesurun rak sakyi,2002-10-05,23,Ghana; England,Right Winger,Striker,left,178,Crystal Palace,873,GB1,2027-06-30,6000000,6000000,6000000,2026-05-28,,0,0,0,https://www.transfermarkt.com/jesurun-rak-sakyi/profil/spieler/586834,https://img.a.transfermarkt.technology/portrait/big/586834-1758535649.jpg,apify-transfermarkt-global-player-scraper
429983,Jørgen Strand Larsen,Jørgen Strand Larsen,jorgen strand larsen,2000-02-06,26,Norway,Centre-Forward,Striker,right,193,Crystal Palace,873,GB1,2030-06-30,40000000,45000000,45000000,2026-06-03,Norway,29,6,95840000,https://www.transfermarkt.com/joergen-strand-larsen/profil/spieler/429983,https://img.a.transfermarkt.technology/portrait/big/429983-1743541067.jpg,apify-transfermarkt-global-player-scraper
747009,Justin Devenny,Justin Devenny,justin devenny,2003-10-11,22,Northern Ireland; Scotland,Attacking Midfield,Midfielder,left,184,Crystal Palace,873,GB1,2027-06-30,12000000,12000000,12000000,2026-06-03,Northern Ireland,14,1,0,https://www.transfermarkt.com/justin-devenny/profil/spieler/747009,https://img.a.transfermarkt.technology/portrait/big/747009-1736159687.jpg,apify-transfermarkt-global-player-scraper
743597,Matheus França,Matheus França de Oliveira,matheus franca,2004-04-01,22,Brazil,Attacking Midfield,Midfielder,right,184,Crystal Palace,873,GB1,2028-06-30,6000000,7000000,15000000,2026-05-26,,0,0,20000000,https://www.transfermarkt.com/matheus-franca/profil/spieler/743597,https://img.a.transfermarkt.technology/portrait/big/743597-1708426107.jpg,apify-transfermarkt-global-player-scraper
434224,Maxence Lacroix,Guy Maxence Lacroix,maxence lacroix,2000-04-06,26,France; Guadeloupe,Centre-Back,Defender,right,190,Crystal Palace,873,GB1,2029-06-30,50000000,40000000,50000000,2026-06-03,France,5,0,23000000,https://www.transfermarkt.com/maxence-lacroix/profil/spieler/434224,https://img.a.transfermarkt.technology/portrait/big/434224-1657202248.jpg,apify-transfermarkt-global-player-scraper
85177,Nathaniel Clyne,Nathaniel Edwin Clyne,nathaniel clyne,1991-04-05,35,England; Grenada,Right-Back,Defender,right,175,Crystal Palace,873,GB1,2026-06-30,300000,500000,21000000,2026-06-03,,0,0,20900000,https://www.transfermarkt.com/nathaniel-clyne/profil/spieler/85177,https://img.a.transfermarkt.technology/portrait/big/85177-1700648209.jpg,apify-transfermarkt-global-player-scraper
814848,Owen Goodman,Owen Olamidayo Goodman,owen goodman,2003-11-27,22,Canada; England,Goalkeeper,Goalkeeper,left,193,Crystal Palace,873,GB1,2026-06-30,550000,550000,600000,2026-05-12,Canada,0,0,0,https://www.transfermarkt.com/owen-goodman/profil/spieler/814848,https://img.a.transfermarkt.technology/portrait/big/814848-1780911605.jpg,apify-transfermarkt-global-player-scraper
196722,Remi Matthews,Remi Luke Matthews,remi matthews,1994-02-10,32,England,Goalkeeper,Goalkeeper,right,183,Crystal Palace,873,GB1,2027-06-30,200000,300000,500000,2026-06-03,,0,0,0,https://www.transfermarkt.com/remi-matthews/profil/spieler/196722,https://img.a.transfermarkt.technology/portrait/big/196722-1669021601.jpg,apify-transfermarkt-global-player-scraper
1047257,Rio Cardines,Rio Solomon Cardines,rio cardines,2006-07-01,20,Trinidad and Tobago; England,Left-Back,Defender,left,175,Crystal Palace,873,GB1,2028-06-30,300000,300000,300000,2026-06-03,,0,0,0,https://www.transfermarkt.com/rio-cardines/profil/spieler/1047257,https://img.a.transfermarkt.technology/portrait/big/1047257-1749200047.jpg,apify-transfermarkt-global-player-scraper
967319,Romain Esse,Romain Joy Kouakou Esse,romain esse,2005-05-13,21,England; Cote d'Ivoire,Right Winger,Striker,left,178,Crystal Palace,873,GB1,2030-06-30,10000000,10000000,12000000,2026-05-28,England U21,3,1,14200000,https://www.transfermarkt.com/romain-esse/profil/spieler/967319,https://img.a.transfermarkt.technology/portrait/big/967319-1725993442.jpg,apify-transfermarkt-global-player-scraper
730893,Tyrick Mitchell,Tyrick Kwon Mitchell,tyrick mitchell,1999-09-01,26,England; Jamaica,Left-Back,Defender,left,181,Crystal Palace,873,GB1,2027-06-30,25000000,25000000,28000000,2026-06-03,,0,0,0,https://www.transfermarkt.com/tyrick-mitchell/profil/spieler/730893,https://img.a.transfermarkt.technology/portrait/big/730893-1693826944.jpg,apify-transfermarkt-global-player-scraper
296802,Walter Benítez,Walter Daniel Benítez,walter benitez,1993-01-19,33,Argentina; France,Goalkeeper,Goalkeeper,right,191,Crystal Palace,873,GB1,2028-06-30,4000000,5000000,14000000,2026-06-03,,0,0,0,https://www.transfermarkt.com/walter-benitez/profil/spieler/296802,https://img.a.transfermarkt.technology/portrait/big/296802-1682332928.jpg,apify-transfermarkt-global-player-scraper
207014,Will Hughes,William James Hughes,will hughes,1995-04-17,31,England,Central Midfield,Midfielder,left,185,Crystal Palace,873,GB1,2027-06-30,5000000,6000000,18000000,2026-06-03,,0,0,16100000,https://www.transfermarkt.com/will-hughes/profil/spieler/207014,https://img.a.transfermarkt.technology/portrait/big/207014-1700672424.jpg,apify-transfermarkt-global-player-scraper
568157,Yéremy Pino,Yéremy Jesús Pino Santos,yeremy pino,2002-10-20,23,Spain,Right Winger,Striker,right,174,Crystal Palace,873,GB1,2030-06-30,30000000,35000000,40000000,2026-06-03,Spain,25,4,30000000,https://www.transfermarkt.com/yeremy-pino/profil/spieler/568157,https://img.a.transfermarkt.technology/portrait/big/568157-1686664370.jpg,apify-transfermarkt-global-player-scraper
466807,Adrià Altimira,Adrià Altimira Reynaldos,adria altimira,2001-03-28,25,Spain,Right-Back,Defender,right,170,Deportivo A Coruña,897,ES1,2029-06-30,1800000,1400000,2000000,2026-06-22,,0,0,0,https://www.transfermarkt.com/adria-altimira/profil/spieler/466807,https://img.a.transfermarkt.technology/portrait/big/466807-1761075979.jpg,apify-transfermarkt-global-player-scraper
527838,Álex Petxarroman,Alexander Petxarroman Eizagirre,alex petxarroman,1997-02-06,29,Spain,Right-Back,Defender,right,180,Deportivo A Coruña,897,ES1,2028-06-30,500000,500000,1000000,2026-06-22,,0,0,500000,https://www.transfermarkt.com/alex-petxarroman/profil/spieler/527838,https://img.a.transfermarkt.technology/portrait/big/527838-1660202029.jpg,apify-transfermarkt-global-player-scraper
453704,Álvaro Ferllo,Álvaro Fernández Llorente,alvaro ferllo,1998-04-13,28,Spain,Goalkeeper,Goalkeeper,right,185,Deportivo A Coruña,897,ES1,2027-06-30,2000000,1800000,4000000,2026-06-22,,0,0,1775000,https://www.transfermarkt.com/alvaro-ferllo/profil/spieler/453704,https://img.a.transfermarkt.technology/portrait/big/453704-1694431085.jpg,apify-transfermarkt-global-player-scraper
388542,Arnau Comas,Arnau Comas Feixas,arnau comas,2000-04-11,26,Spain,Centre-Back,Defender,right,191,Deportivo A Coruña,897,ES1,2028-06-30,500000,500000,1500000,2026-06-22,,0,0,0,https://www.transfermarkt.com/arnau-comas/profil/spieler/388542,https://img.a.transfermarkt.technology/portrait/big/388542-1588012945.jpg,apify-transfermarkt-global-player-scraper
1299392,Bil Nsongo,Bil Dornol Nsongo Tonfack,bil nsongo,2004-09-21,21,Cameroon,Centre-Forward,Striker,,182,Deportivo A Coruña,897,ES1,2030-06-30,3000000,500000,3000000,2026-06-22,,0,0,0,https://www.transfermarkt.com/bil-nsongo/profil/spieler/1299392,https://img.a.transfermarkt.technology/portrait/big/1299392-1779655212.jpg,apify-transfermarkt-global-player-scraper
581674,Charlie Patiño,Charlie Michael Patiño,charlie patino,2003-10-17,22,England; Spain,Central Midfield,Midfielder,left,182,Deportivo A Coruña,897,ES1,2028-06-30,600000,600000,12000000,2026-06-22,,0,0,1211000,https://www.transfermarkt.com/charlie-patino/profil/spieler/581674,https://img.a.transfermarkt.technology/portrait/big/581674-1683023729.jpg,apify-transfermarkt-global-player-scraper
857949,Dani Barcia,Daniel Barcia Rama,dani barcia,2003-01-19,23,Spain,Centre-Back,Defender,left,186,Deportivo A Coruña,897,ES1,2028-06-30,1200000,1200000,1200000,2026-06-22,,0,0,0,https://www.transfermarkt.com/dani-barcia/profil/spieler/857949,https://img.a.transfermarkt.technology/portrait/big/857949-1702404739.jpg,apify-transfermarkt-global-player-scraper
741256,David Mella,David Mella Boullón,david mella,2005-05-23,21,Spain,Right Winger,Striker,left,169,Deportivo A Coruña,897,ES1,2029-06-30,5000000,5000000,5000000,2026-06-22,,0,0,0,https://www.transfermarkt.com/david-mella/profil/spieler/741256,https://img.a.transfermarkt.technology/portrait/big/741256-1733934484.jpg,apify-transfermarkt-global-player-scraper
941104,Diego Gómez,Diego Gómez Pérez,diego gomez,2004-07-31,21,Spain,Right Winger,Striker,left,177,Deportivo A Coruña,897,ES1,2030-06-30,200000,200000,200000,2026-06-23,,0,0,0,https://www.transfermarkt.com/diego-gomez/profil/spieler/941104,,apify-transfermarkt-global-player-scraper
590687,Diego Villares,Diego Villares Yáñez,diego villares,1996-06-17,30,Spain,Central Midfield,Midfielder,right,180,Deportivo A Coruña,897,ES1,2028-06-30,1000000,800000,1000000,2026-06-22,,0,0,0,https://www.transfermarkt.com/diego-villares/profil/spieler/590687,https://img.a.transfermarkt.technology/portrait/big/590687-1702404812.jpg,apify-transfermarkt-global-player-scraper
786130,Eric Puerto,Eric Puerto Huerta,eric puerto,2002-10-28,23,Spain,Goalkeeper,Goalkeeper,right,185,Deportivo A Coruña,897,ES1,2027-06-30,200000,200000,200000,2026-06-22,,0,0,30000,https://www.transfermarkt.com/eric-puerto/profil/spieler/786130,https://img.a.transfermarkt.technology/portrait/big/786130-1700588718.jpg,apify-transfermarkt-global-player-scraper
126746,Germán Parreño,Germán Parreño Boix,german parreno,1993-02-16,33,Spain,Goalkeeper,Goalkeeper,right,191,Deportivo A Coruña,897,ES1,2028-06-30,250000,300000,300000,2026-06-22,,0,0,0,https://www.transfermarkt.com/german-parreno/profil/spieler/126746,https://img.a.transfermarkt.technology/portrait/big/126746-1447228190.jpg,apify-transfermarkt-global-player-scraper
458777,Giacomo Quagliata,Giacomo Quagliata,giacomo quagliata,2000-02-19,26,Italy,Left-Back,Defender,left,180,Deportivo A Coruña,897,ES1,2028-06-30,2000000,1500000,2000000,2026-06-22,,0,0,2000000,https://www.transfermarkt.com/giacomo-quagliata/profil/spieler/458777,https://img.a.transfermarkt.technology/portrait/big/458777-1658899170.jpg,apify-transfermarkt-global-player-scraper
891931,Jairo Noriega,Jairo Noriega Figueroa,jairo noriega,2003-08-14,22,Spain,Attacking Midfield,Midfielder,left,182,Deportivo A Coruña,897,ES1,2028-06-30,300000,300000,300000,2026-06-23,,0,0,0,https://www.transfermarkt.com/jairo-noriega/profil/spieler/891931,https://img.a.transfermarkt.technology/portrait/big/891931-1742404807.png,apify-transfermarkt-global-player-scraper
187673,José Ángel Jurado,José Ángel Jurado de la Torre,jose angel jurado,1992-06-21,34,Spain,Central Midfield,Midfielder,left,183,Deportivo A Coruña,897,ES1,2027-06-30,150000,200000,500000,2026-06-22,,0,0,150000,https://www.transfermarkt.com/jose-angel-jurado/profil/spieler/187673,https://img.a.transfermarkt.technology/portrait/big/187673-1702407781.jpg,apify-transfermarkt-global-player-scraper
1064139,Kevin Sánchez,Kevin Sánchez Rey,kevin sanchez,2005-02-20,21,Spain,Centre-Forward,Striker,right,169,Deportivo A Coruña,897,ES1,2028-06-30,400000,400000,400000,2026-06-23,,0,0,0,https://www.transfermarkt.com/kevin-sanchez/profil/spieler/1064139,,apify-transfermarkt-global-player-scraper
562742,Leo Román,Leonardo Román Riquelme,leo roman,2000-07-06,25,Spain,Goalkeeper,Goalkeeper,right,189,Deportivo A Coruña,897,ES1,2031-06-30,6000000,6000000,6000000,2026-06-05,,0,0,9000000,https://www.transfermarkt.com/leo-roman/profil/spieler/562742,https://img.a.transfermarkt.technology/portrait/big/562742-1745395600.jpg,apify-transfermarkt-global-player-scraper
743379,Lucas Noubi,Lucas Dominique Noubi Ngnokam,lucas noubi,2005-01-15,21,Belgium; Cameroon,Centre-Back,Defender,right,184,Deportivo A Coruña,897,ES1,2029-06-30,1500000,1500000,3000000,2026-06-22,Belgium U21,4,0,0,https://www.transfermarkt.com/lucas-noubi/profil/spieler/743379,https://img.a.transfermarkt.technology/portrait/big/743379-1663871275.jpg,apify-transfermarkt-global-player-scraper
473402,Luis Chacón,Luis Rodríguez Chacón,luis chacon,2000-05-30,26,Spain,Left Winger,Striker,right,174,Deportivo A Coruña,897,ES1,2028-06-30,1000000,1000000,1000000,2026-06-22,,0,0,0,https://www.transfermarkt.com/luis-chacon/profil/spieler/473402,https://img.a.transfermarkt.technology/portrait/big/473402-1732224580.jpg,apify-transfermarkt-global-player-scraper
610461,Luismi Cruz,Luis Miguel Cruz Hernández,luismi cruz,2001-05-23,25,Spain,Right Winger,Striker,left,166,Deportivo A Coruña,897,ES1,2029-06-30,2000000,1400000,2000000,2026-06-22,,0,0,1600000,https://www.transfermarkt.com/luismi-cruz/profil/spieler/610461,https://img.a.transfermarkt.technology/portrait/big/610461-1647594517.jpg,apify-transfermarkt-global-player-scraper
568148,Mario Soriano,Mario Soriano Carreño,mario soriano,2002-04-22,24,Spain,Attacking Midfield,Midfielder,right,163,Deportivo A Coruña,897,ES1,2028-06-30,5000000,3000000,5000000,2026-06-22,,0,0,0,https://www.transfermarkt.com/mario-soriano/profil/spieler/568148,https://img.a.transfermarkt.technology/portrait/big/568148-1724424505.jpg,apify-transfermarkt-global-player-scraper
400104,Miguel Loureiro,Miguel Loureiro Ameijenda,miguel loureiro,1996-11-21,29,Spain,Right-Back,Defender,right,182,Deportivo A Coruña,897,ES1,2028-06-30,1200000,1000000,1200000,2026-06-22,,0,0,800000,https://www.transfermarkt.com/miguel-loureiro/profil/spieler/400104,https://img.a.transfermarkt.technology/portrait/big/400104-1694422710.jpg,apify-transfermarkt-global-player-scraper
211628,Mohamed Bouldini,محمد بولديني,mohamed bouldini,1995-11-27,30,Morocco,Centre-Forward,Striker,right,187,Deportivo A Coruña,897,ES1,2028-06-30,400000,400000,2500000,2026-06-22,,0,0,1715000,https://www.transfermarkt.com/mohamed-bouldini/profil/spieler/211628,https://img.a.transfermarkt.technology/portrait/big/211628-1534832744.jpg,apify-transfermarkt-global-player-scraper
1309177,Noé Carrillo,Noé Carrillo Collazo,noe carrillo,2006-12-28,19,Spain,Central Midfield,Midfielder,,0,Deportivo A Coruña,897,ES1,2029-06-30,1000000,300000,1000000,2026-06-22,,0,0,0,https://www.transfermarkt.com/noe-carrillo/profil/spieler/1309177,,apify-transfermarkt-global-player-scraper
596899,Riki Rodríguez,Ricardo Rodríguez Gil-Carcedo,riki rodriguez,1997-09-25,28,Spain,Central Midfield,Midfielder,right,175,Deportivo A Coruña,897,ES1,2029-06-30,1500000,1400000,1500000,2026-06-22,,0,0,500000,https://www.transfermarkt.com/riki-rodriguez/profil/spieler/596899,https://img.a.transfermarkt.technology/portrait/big/596899-1745337795.jpg,apify-transfermarkt-global-player-scraper
941115,Rubén López,Rubén López Durán,ruben lopez,2004-08-26,21,Spain,Left Winger,Striker,left,175,Deportivo A Coruña,897,ES1,2028-06-30,500000,500000,500000,2026-06-23,,0,0,0,https://www.transfermarkt.com/ruben-lopez/profil/spieler/941115,,apify-transfermarkt-global-player-scraper
738477,Teun Gijselhart,Teun Gijselhart,teun gijselhart,2005-04-06,21,Netherlands,Central Midfield,Midfielder,right,176,Deportivo A Coruña,897,ES1,2030-06-30,650000,400000,650000,2026-05-21,,0,0,1000000,https://www.transfermarkt.com/teun-gijselhart/profil/spieler/738477,https://img.a.transfermarkt.technology/portrait/big/738477-1724750611.jpg,apify-transfermarkt-global-player-scraper
184767,Ximo Navarro,Joaquín Navarro Jiménez,ximo navarro,1990-01-23,36,Spain,Right-Back,Defender,right,176,Deportivo A Coruña,897,ES1,2027-06-30,100000,100000,3000000,2026-06-22,,0,0,1500000,https://www.transfermarkt.com/ximo-navarro/profil/spieler/184767,https://img.a.transfermarkt.technology/portrait/big/184767-1647530854.jpg,apify-transfermarkt-global-player-scraper
636385,Yeremay Hernández,Yeremay Hernández Cubas,yeremay hernandez,2002-12-10,23,Spain,Left Winger,Striker,right,170,Deportivo A Coruña,897,ES1,2030-06-30,25000000,25000000,25000000,2026-06-22,,0,0,0,https://www.transfermarkt.com/yeremay-hernandez/profil/spieler/636385,https://img.a.transfermarkt.technology/portrait/big/636385-1762939146.jpg,apify-transfermarkt-global-player-scraper
519651,Zakaria Eddahchouri,زكرياء الدهشوري,zakaria eddahchouri,2000-05-11,26,Netherlands; Morocco,Centre-Forward,Striker,right,187,Deportivo A Coruña,897,ES1,2028-06-30,2500000,2000000,2500000,2026-06-22,,0,0,300000,https://www.transfermarkt.com/zakaria-eddahchouri/profil/spieler/519651,https://img.a.transfermarkt.technology/portrait/big/519651-1599332479.jpg,apify-transfermarkt-global-player-scraper
718034,Abde Rebbach,"عبد الرحمن ريباخ , Abderrahman Rebbach",abde rebbach,1998-08-11,27,Algeria; Spain,Left Winger,Striker,right,176,Deportivo Alavés,1108,ES1,2028-06-30,2500000,1500000,2500000,2026-06-05,,0,0,0,https://www.transfermarkt.com/abde-rebbach/profil/spieler/718034,https://img.a.transfermarkt.technology/portrait/big/718034-1705337308.jpg,apify-transfermarkt-global-player-scraper
895458,Adrián Pica,Adrián Hernández Hernández,adrian pica,2002-04-25,24,Spain,Centre-Back,Defender,right,190,Deportivo Alavés,1108,ES1,2028-06-30,500000,600000,1500000,2026-06-22,,0,0,0,https://www.transfermarkt.com/adrian-pica/profil/spieler/895458,https://img.a.transfermarkt.technology/portrait/big/895458-1751442592.jpg,apify-transfermarkt-global-player-scraper
608382,Adrián Rodríguez,Adrián Rodríguez Giménez,adrian rodriguez,2000-12-12,25,Argentina; Spain,Goalkeeper,Goalkeeper,right,195,Deportivo Alavés,1108,ES1,2027-06-30,200000,200000,200000,2026-06-22,,0,0,0,https://www.transfermarkt.com/adrian-rodriguez/profil/spieler/608382,https://img.a.transfermarkt.technology/portrait/big/608382-1779142396.jpg,apify-transfermarkt-global-player-scraper
935232,Aitor Mañas,Aitor Mañas Buenadicha,aitor manas,2003-01-05,23,Spain,Centre-Forward,Striker,left,185,Deportivo Alavés,1108,ES1,2030-06-30,600000,600000,600000,2026-06-05,,0,0,0,https://www.transfermarkt.com/aitor-manas/profil/spieler/935232,,apify-transfermarkt-global-player-scraper
465967,Ander Guevara,Ander Guevara Lajo,ander guevara,1997-07-07,28,Spain,Central Midfield,Midfielder,right,180,Deportivo Alavés,1108,ES1,2027-06-30,2500000,3000000,7500000,2026-06-05,,0,0,1800000,https://www.transfermarkt.com/ander-guevara/profil/spieler/465967,https://img.a.transfermarkt.technology/portrait/big/465967-1705338008.jpg,apify-transfermarkt-global-player-scraper
1124136,Ángel Pérez,Ángel Pérez Hidalgo,angel perez,2002-06-08,24,Spain,Right Winger,Striker,right,183,Deportivo Alavés,1108,ES1,2030-06-30,3000000,1000000,3000000,2026-06-05,,0,0,1000000,https://www.transfermarkt.com/angel-perez/profil/spieler/1124136,https://img.a.transfermarkt.technology/portrait/big/1124136-1757571837.png,apify-transfermarkt-global-player-scraper
495621,Antonio Blanco,Antonio Blanco Conde,antonio blanco,2000-07-23,25,Spain,Defensive Midfield,Midfielder,right,176,Deportivo Alavés,1108,ES1,2027-06-30,10000000,10000000,10000000,2026-06-05,,0,0,4000000,https://www.transfermarkt.com/antonio-blanco/profil/spieler/495621,https://img.a.transfermarkt.technology/portrait/big/495621-1705337231.jpg,apify-transfermarkt-global-player-scraper
298197,Antonio Sivera,Antonio Sivera Salvá,antonio sivera,1996-08-11,29,Spain,Goalkeeper,Goalkeeper,right,185,Deportivo Alavés,1108,ES1,2027-06-30,6000000,6000000,6000000,2026-06-05,,0,0,2000000,https://www.transfermarkt.com/antonio-sivera/profil/spieler/298197,https://img.a.transfermarkt.technology/portrait/big/298197-1713856039.jpg,apify-transfermarkt-global-player-scraper
284854,Carles Aleñá,Carles Aleñá Castillo,carles alena,1998-01-05,28,Spain,Central Midfield,Midfielder,left,180,Deportivo Alavés,1108,ES1,2029-06-30,3000000,3500000,30000000,2026-06-05,,0,0,6000000,https://www.transfermarkt.com/carles-alena/profil/spieler/284854,https://img.a.transfermarkt.technology/portrait/big/284854-1669364902.jpg,apify-transfermarkt-global-player-scraper
431190,Carlos Protesoni,Carlos Nahuel Benavidez Protesoni,carlos protesoni,1998-03-30,28,Uruguay; Italy,Defensive Midfield,Midfielder,right,185,Deportivo Alavés,1108,ES1,2028-06-30,1000000,1000000,2000000,2026-06-05,,0,0,2150000,https://www.transfermarkt.com/carlos-protesoni/profil/spieler/431190,https://img.a.transfermarkt.technology/portrait/big/431190-1635923163.JPG,apify-transfermarkt-global-player-scraper
165007,Denis Suárez,Denis Suárez Fernández,denis suarez,1994-01-06,32,Spain,Attacking Midfield,Midfielder,right,176,Deportivo Alavés,1108,ES1,2027-06-30,1000000,1200000,18000000,2026-06-05,,0,0,25350000,https://www.transfermarkt.com/denis-suarez/profil/spieler/165007,https://img.a.transfermarkt.technology/portrait/big/165007-1687272769.jpg,apify-transfermarkt-global-player-scraper
1074967,Gustavo Albarracín,Gustavo Hidalgo Albarracín,gustavo albarracin,2006-04-28,20,Argentina; Italy,Central Midfield,Midfielder,right,178,Deportivo Alavés,1108,ES1,2029-06-30,250000,300000,300000,2026-05-29,,0,0,320000,https://www.transfermarkt.com/gustavo-albarracin/profil/spieler/1074967,https://img.a.transfermarkt.technology/portrait/big/1074967-1758268198.png,apify-transfermarkt-global-player-scraper
668276,Hugo Novoa,Hugo Novoa Ramos,hugo novoa,2003-01-24,23,Spain,Right-Back,Defender,right,182,Deportivo Alavés,1108,ES1,2029-06-30,800000,800000,5000000,2026-06-22,,0,0,1500000,https://www.transfermarkt.com/hugo-novoa/profil/spieler/668276,https://img.a.transfermarkt.technology/portrait/big/668276-1606146927.jpg,apify-transfermarkt-global-player-scraper
631693,Jesús Owono,Jesús Lázaro Owono Ngua Akeng,jesus owono,2001-03-01,25,Equatorial Guinea; Spain,Goalkeeper,Goalkeeper,both,186,Deportivo Alavés,1108,ES1,2029-06-30,900000,900000,1000000,2026-06-22,Equatorial Guinea,44,0,0,https://www.transfermarkt.com/jesus-owono/profil/spieler/631693,https://img.a.transfermarkt.technology/portrait/big/631693-1767009098.jpg,apify-transfermarkt-global-player-scraper
175446,Jonny Otto,Jonathan Castro Otto,jonny otto,1994-03-03,32,Spain,Right-Back,Defender,both,175,Deportivo Alavés,1108,ES1,2027-06-30,2200000,2500000,20000000,2026-06-05,,0,0,28000000,https://www.transfermarkt.com/jonny-otto/profil/spieler/175446,https://img.a.transfermarkt.technology/portrait/big/175446-1727967204.png,apify-transfermarkt-global-player-scraper
334222,Lucas Boyé,Lucas Ariel Boyé,lucas boye,1996-02-28,30,Argentina; Italy,Centre-Forward,Striker,right,183,Deportivo Alavés,1108,ES1,2029-06-30,5000000,5000000,15000000,2026-06-05,,0,0,17990000,https://www.transfermarkt.com/lucas-boye/profil/spieler/334222,https://img.a.transfermarkt.technology/portrait/big/334222-1734010923.jpg,apify-transfermarkt-global-player-scraper
225020,Mariano Díaz,Mariano Díaz Mejía,mariano diaz,1993-08-01,32,Dominican Republic; Spain,Centre-Forward,Striker,right,180,Deportivo Alavés,1108,ES1,2027-06-30,300000,400000,22000000,2026-06-05,Dominican Republic,4,3,29540000,https://www.transfermarkt.com/mariano-diaz/profil/spieler/225020,https://img.a.transfermarkt.technology/portrait/big/225020-1684487196.jpg,apify-transfermarkt-global-player-scraper
694509,Moussa Diarra,Moussa Diarra,moussa diarra,2000-11-10,25,Mali; France,Centre-Back,Defender,left,185,Deportivo Alavés,1108,ES1,2028-06-30,2000000,1500000,2000000,2026-06-04,,0,0,0,https://www.transfermarkt.com/moussa-diarra/profil/spieler/694509,https://img.a.transfermarkt.technology/portrait/big/694509-1708555512.jpg,apify-transfermarkt-global-player-scraper
533568,Nahuel Tenaglia,Facundo Nahuel Tenaglia,nahuel tenaglia,1996-02-21,30,Argentina; Italy,Right-Back,Defender,right,181,Deportivo Alavés,1108,ES1,2029-06-30,3000000,3000000,5200000,2026-06-05,,0,0,1450000,https://www.transfermarkt.com/nahuel-tenaglia/profil/spieler/533568,https://img.a.transfermarkt.technology/portrait/big/533568-1647530141.jpg,apify-transfermarkt-global-player-scraper
258475,Nikola Maras,Никола Мараш,nikola maras,1995-12-19,30,Serbia,Centre-Back,Defender,right,189,Deportivo Alavés,1108,ES1,2027-06-30,600000,800000,2000000,2026-06-22,,0,0,3200000,https://www.transfermarkt.com/nikola-maras/profil/spieler/258475,https://img.a.transfermarkt.technology/portrait/big/258475-1726303551.jpg,apify-transfermarkt-global-player-scraper
785353,Pablo Ibáñez,Pablo Ibáñez Lumbreras,pablo ibanez,1998-09-20,27,Spain,Central Midfield,Midfielder,right,179,Deportivo Alavés,1108,ES1,2030-06-30,4000000,4000000,4000000,2026-06-05,,0,0,0,https://www.transfermarkt.com/pablo-ibanez/profil/spieler/785353,https://img.a.transfermarkt.technology/portrait/big/785353-1680676751.jpg,apify-transfermarkt-global-player-scraper
1054931,Selu Diallo,Mamadou Selu Diallo,selu diallo,2003-10-01,22,Guinea; Spain,Central Midfield,Midfielder,right,187,Deportivo Alavés,1108,ES1,2028-06-30,400000,400000,400000,2026-06-22,,0,0,0,https://www.transfermarkt.com/selu-diallo/profil/spieler/1054931,https://img.a.transfermarkt.technology/portrait/big/1054931-1731932772.jpg,apify-transfermarkt-global-player-scraper
646734,Tomás Mendes,Tomás Mendes Mendes,tomas mendes,2004-11-21,21,Guinea-Bissau; Spain,Defensive Midfield,Midfielder,right,189,Deportivo Alavés,1108,ES1,2027-06-30,500000,500000,500000,2026-05-28,,0,0,0,https://www.transfermarkt.com/tomas-mendes/profil/spieler/646734,,apify-transfermarkt-global-player-scraper
302371,Toni Martínez,Antonio Martínez López,toni martinez,1997-06-30,29,Spain,Centre-Forward,Striker,right,187,Deportivo Alavés,1108,ES1,2028-06-30,7500000,4000000,7500000,2026-06-05,,0,0,8200000,https://www.transfermarkt.com/toni-martinez/profil/spieler/302371,https://img.a.transfermarkt.technology/portrait/big/302371-1606396665.png,apify-transfermarkt-global-player-scraper
718029,Unai Ropero,Unai Ropero Pérez,unai ropero,2001-11-20,24,Spain,Right Winger,Striker,right,188,Deportivo Alavés,1108,ES1,2028-06-30,500000,500000,500000,2026-06-23,,0,0,0,https://www.transfermarkt.com/unai-ropero/profil/spieler/718029,,apify-transfermarkt-global-player-scraper
591957,Victor Parada,Victor Parada González,victor parada,2002-04-04,24,Spain,Left-Back,Defender,left,185,Deportivo Alavés,1108,ES1,2029-06-30,4000000,2000000,4000000,2026-06-05,,0,0,0,https://www.transfermarkt.com/victor-parada/profil/spieler/591957,https://img.a.transfermarkt.technology/portrait/big/591957-1664570831.jpg,apify-transfermarkt-global-player-scraper
581326,Ville Koski,Ville Aleksi Jukanpoika Koski,ville koski,2002-01-27,24,Finland,Centre-Back,Defender,right,185,Deportivo Alavés,1108,ES1,2031-06-30,1500000,1500000,1500000,2026-06-05,Finland,11,0,3000000,https://www.transfermarkt.com/ville-koski/profil/spieler/581326,https://img.a.transfermarkt.technology/portrait/big/581326-1768659999.jpg,apify-transfermarkt-global-player-scraper
741289,Youssef Enríquez,"Youssef Enríquez Lekhedim, يوسف انريكيز الخديم",youssef enriquez,2005-10-07,20,Morocco; Spain,Left-Back,Defender,left,170,Deportivo Alavés,1108,ES1,2029-06-30,4000000,5000000,5000000,2026-06-05,Morocco U23,2,0,3000000,https://www.transfermarkt.com/youssef-enriquez/profil/spieler/741289,https://img.a.transfermarkt.technology/portrait/big/741289-1733863618.jpg,apify-transfermarkt-global-player-scraper
991773,Abiel Osorio,Abiel Alessio Osorio,abiel osorio,2002-06-13,24,Argentina,Centre-Forward,Striker,right,182,Elche CF,1531,ES1,2029-06-30,1500000,1800000,2500000,2026-05-22,,0,0,0,https://www.transfermarkt.com/abiel-osorio/profil/spieler/991773,https://img.a.transfermarkt.technology/portrait/big/991773-1770650623.jpg,apify-transfermarkt-global-player-scraper
1064506,Adam Boayar,آدم بوعيار بنعيسى,adam boayar,2005-10-13,20,Morocco; Spain,Second Striker,Striker,right,180,Elche CF,1531,ES1,2027-06-30,800000,800000,800000,2026-06-05,,0,0,0,https://www.transfermarkt.com/adam-boayar/profil/spieler/1064506,,apify-transfermarkt-global-player-scraper
618801,Alejandro Iturbe,Alejandro Iturbe Encabo,alejandro iturbe,2003-09-02,22,Spain,Goalkeeper,Goalkeeper,right,186,Elche CF,1531,ES1,2029-06-30,1400000,1500000,2000000,2026-06-05,,0,0,0,https://www.transfermarkt.com/alejandro-iturbe/profil/spieler/618801,https://img.a.transfermarkt.technology/portrait/big/618801-1731931020.jpg,apify-transfermarkt-global-player-scraper
1064538,Ali Houary,"Ali Houary Jeddoub, علي هواري جدوب",ali houary,2005-08-05,20,Morocco; Spain,Second Striker,Striker,right,178,Elche CF,1531,ES1,2028-06-30,300000,300000,300000,2026-06-22,Morocco U23,1,0,0,https://www.transfermarkt.com/ali-houary/profil/spieler/1064538,,apify-transfermarkt-global-player-scraper
948275,Álvaro Rodríguez,Álvaro Daniel Rodríguez Muñoz,alvaro rodriguez,2004-07-14,21,Uruguay; Spain,Centre-Forward,Striker,left,193,Elche CF,1531,ES1,2029-06-30,10000000,5000000,10000000,2026-06-05,,0,0,2000000,https://www.transfermarkt.com/alvaro-rodriguez/profil/spieler/948275,https://img.a.transfermarkt.technology/portrait/big/948275-1660124773.jpg,apify-transfermarkt-global-player-scraper
435493,Bambo Diaby,Bambo Diaby Diaby,bambo diaby,1997-12-17,28,Spain; Senegal,Centre-Back,Defender,right,188,Elche CF,1531,ES1,2027-06-30,800000,800000,800000,2026-06-22,,0,0,400000,https://www.transfermarkt.com/bambo-diaby/profil/spieler/435493,https://img.a.transfermarkt.technology/portrait/big/435493-1723551440.jpg,apify-transfermarkt-global-player-scraper
962125,Buba Sangaré,Aboubacar Sangaré Traoré,buba sangare,2007-08-06,18,Spain; Mali,Right-Back,Defender,right,183,Elche CF,1531,ES1,2031-06-30,4500000,1000000,4500000,2026-06-05,Spain U19,8,0,6675000,https://www.transfermarkt.com/buba-sangare/profil/spieler/962125,https://img.a.transfermarkt.technology/portrait/big/962125-1739283835.jpg,apify-transfermarkt-global-player-scraper
452483,David Affengruber,David Leopold Affengruber,david affengruber,2001-03-19,25,Austria,Centre-Back,Defender,right,185,Elche CF,1531,ES1,2027-06-30,20000000,9000000,20000000,2026-06-05,Austria,1,0,400000,https://www.transfermarkt.com/david-affengruber/profil/spieler/452483,https://img.a.transfermarkt.technology/portrait/big/452483-1779272314.jpg,apify-transfermarkt-global-player-scraper
909758,Federico Redondo,Federico Redondo Solari,federico redondo,2003-01-18,23,Argentina; Spain,Defensive Midfield,Midfielder,right,188,Elche CF,1531,ES1,2030-06-30,2500000,3500000,9000000,2026-06-05,,0,0,9600000,https://www.transfermarkt.com/federico-redondo/profil/spieler/909758,https://img.a.transfermarkt.technology/portrait/big/909758-1740775355.jpg,apify-transfermarkt-global-player-scraper
548188,Germán Valera,Germán Valera Karabinaite,german valera,2002-03-16,24,Spain; Lithuania,Left Winger,Striker,left,170,Elche CF,1531,ES1,2027-06-30,6000000,6000000,6000000,2026-06-05,,0,0,125000,https://www.transfermarkt.com/german-valera/profil/spieler/548188,https://img.a.transfermarkt.technology/portrait/big/548188-1588605205.jpg,apify-transfermarkt-global-player-scraper
398163,Gonzalo Villar,Gonzalo Villar del Fraile,gonzalo villar,1998-03-23,28,Spain,Central Midfield,Midfielder,right,181,Elche CF,1531,ES1,2029-06-30,1800000,1800000,15000000,2026-06-05,,0,0,14975000,https://www.transfermarkt.com/gonzalo-villar/profil/spieler/398163,https://img.a.transfermarkt.technology/portrait/big/398163-1611584180.jpg,apify-transfermarkt-global-player-scraper
342048,Grady Diangana,Grady George Diangana,grady diangana,1998-04-19,28,DR Congo; England,Right Winger,Striker,left,180,Elche CF,1531,ES1,2027-06-30,2000000,2500000,12000000,2026-06-05,,0,0,13500000,https://www.transfermarkt.com/grady-diangana/profil/spieler/342048,https://img.a.transfermarkt.technology/portrait/big/342048-1723555515.jpg,apify-transfermarkt-global-player-scraper
627290,John Donald,John Chetauya Nwankwo Donald Okeh,john donald,2000-09-25,25,Spain; Nigeria,Centre-Back,Defender,right,182,Elche CF,1531,ES1,2028-06-30,1000000,1000000,1200000,2026-06-05,,0,0,0,https://www.transfermarkt.com/john-donald/profil/spieler/627290,https://img.a.transfermarkt.technology/portrait/big/627290-1680535903.jpg,apify-transfermarkt-global-player-scraper
277533,José Antonio Ferrández Pomares,Josan,jose antonio ferrandez pomares,1989-12-03,36,Spain,Right Winger,Striker,right,176,Elche CF,1531,ES1,2026-06-30,100000,100000,1000000,2026-06-05,,0,0,0,https://www.transfermarkt.com/josan/profil/spieler/277533,https://img.a.transfermarkt.technology/portrait/big/277533-1601023578.jpg,apify-transfermarkt-global-player-scraper
339816,José Antonio Morente Oliva,Tete Morente,jose antonio morente oliva,1996-12-04,29,Spain,Left Winger,Striker,right,184,Elche CF,1531,ES1,2028-06-30,1800000,1800000,3000000,2026-06-05,,0,0,500000,https://www.transfermarkt.com/tete-morente/profil/spieler/339816,https://img.a.transfermarkt.technology/portrait/big/339816-1730123532.jpg,apify-transfermarkt-global-player-scraper
912392,Lucas Cepeda,Lucas Antonio Cepeda Barturen,lucas cepeda,2002-10-31,23,Chile,Left Winger,Striker,left,177,Elche CF,1531,ES1,2030-06-30,2500000,3500000,3500000,2026-06-05,Chile,16,4,3313000,https://www.transfermarkt.com/lucas-cepeda/profil/spieler/912392,https://img.a.transfermarkt.technology/portrait/big/912392-1707516783.jpg,apify-transfermarkt-global-player-scraper
531404,Marc Aguado,Marc Aguado Pallarés,marc aguado,2000-02-22,26,Spain,Defensive Midfield,Midfielder,left,182,Elche CF,1531,ES1,2027-06-30,3500000,3500000,3500000,2026-06-05,,0,0,0,https://www.transfermarkt.com/marc-aguado/profil/spieler/531404,https://img.a.transfermarkt.technology/portrait/big/531404-1709050897.jpg,apify-transfermarkt-global-player-scraper
549027,Martim Neto,Martim Carvalho Neto,martim neto,2003-01-14,23,Portugal,Central Midfield,Midfielder,right,185,Elche CF,1531,ES1,2028-06-30,4000000,5000000,5000000,2026-06-05,,0,0,1500000,https://www.transfermarkt.com/martim-neto/profil/spieler/549027,https://img.a.transfermarkt.technology/portrait/big/549027-1737124895.jpg,apify-transfermarkt-global-player-scraper
1060456,Matia Barzic,Matia Barzić Gutiérrez,matia barzic,2004-05-31,22,Croatia; Spain,Centre-Back,Defender,right,190,Elche CF,1531,ES1,2028-06-30,1000000,1000000,1000000,2026-06-22,Croatia U21,6,1,0,https://www.transfermarkt.com/matia-barzic/profil/spieler/1060456,https://img.a.transfermarkt.technology/portrait/big/1060456-1761232760.jpg,apify-transfermarkt-global-player-scraper
144128,Matías Dituro,Matías Ezequiel Dituro Curto,matias dituro,1987-05-08,39,Argentina; Chile,Goalkeeper,Goalkeeper,right,191,Elche CF,1531,ES1,2027-06-30,100000,200000,1000000,2026-06-05,,0,0,1502000,https://www.transfermarkt.com/matias-dituro/profil/spieler/144128,https://img.a.transfermarkt.technology/portrait/big/144128-1695219400.png,apify-transfermarkt-global-player-scraper
203043,Pedro Bigas,Pedro Bigas Rigo,pedro bigas,1990-05-15,36,Spain,Centre-Back,Defender,left,181,Elche CF,1531,ES1,2027-06-30,300000,400000,5000000,2026-06-05,,0,0,3000000,https://www.transfermarkt.com/pedro-bigas/profil/spieler/203043,https://img.a.transfermarkt.technology/portrait/big/203043-1447321397.jpg,apify-transfermarkt-global-player-scraper
589456,Rafa Núñez,Rafael Leonardo Núñez Mata,rafa nunez,2002-01-25,24,Dominican Republic; Spain,Left Winger,Striker,right,178,Elche CF,1531,ES1,2027-06-30,200000,200000,300000,2026-06-23,,0,0,0,https://www.transfermarkt.com/rafa-nunez/profil/spieler/589456,https://img.a.transfermarkt.technology/portrait/big/589456-1629022489.jpg,apify-transfermarkt-global-player-scraper
495625,Víctor Chust,Víctor Chust García,victor chust,2000-03-05,26,Spain,Centre-Back,Defender,both,184,Elche CF,1531,ES1,2029-06-30,3500000,4000000,4000000,2026-06-05,,0,0,2000000,https://www.transfermarkt.com/victor-chust/profil/spieler/495625,https://img.a.transfermarkt.technology/portrait/big/495625-1725990797.jpg,apify-transfermarkt-global-player-scraper
706947,Yago Santiago,Yago de Santiago Alonso,yago santiago,2003-04-15,23,Spain,Left Winger,Striker,right,180,Elche CF,1531,ES1,2027-06-30,1000000,1000000,1000000,2026-06-05,,0,0,0,https://www.transfermarkt.com/yago-santiago/profil/spieler/706947,https://img.a.transfermarkt.technology/portrait/big/706947-1705304254.jpg,apify-transfermarkt-global-player-scraper
888493,Alejo Veliz,Alejo Veliz,alejo veliz,2003-09-19,22,Argentina,Centre-Forward,Striker,right,186,Esporte Clube Bahia,10010,BRA1,2031-12-31,4000000,3500000,11000000,2026-05-22,,0,0,24000000,https://www.transfermarkt.com/alejo-veliz/profil/spieler/888493,https://img.a.transfermarkt.technology/portrait/big/888493-1674736266.JPG,apify-transfermarkt-global-player-scraper
938146,Adam Aznou,آدم أزنو,adam aznou,2006-06-02,20,Morocco; Spain,Left-Back,Defender,left,178,Everton FC,29,GB1,2029-06-30,6000000,7000000,7000000,2026-06-03,Morocco U23,2,1,9000000,https://www.transfermarkt.com/adam-aznou/profil/spieler/938146,https://img.a.transfermarkt.technology/portrait/big/938146-1739807816.jpg,apify-transfermarkt-global-player-scraper
748319,Carlos Alcaraz,Carlos Jonás Alcaraz,carlos alcaraz,2002-11-30,23,Argentina,Central Midfield,Midfielder,right,176,Everton FC,29,GB1,2027-06-30,15000000,15000000,15000000,2026-06-03,,0,0,50550000,https://www.transfermarkt.com/carlos-alcaraz/profil/spieler/748319,https://img.a.transfermarkt.technology/portrait/big/748319-1694617058.jpg,apify-transfermarkt-global-player-scraper
584769,Dwight McNeil,Dwight James Matthew McNeil,dwight mcneil,1999-11-22,26,England; Jamaica,Left Winger,Striker,left,183,Everton FC,29,GB1,2027-06-30,18000000,20000000,25000000,2026-06-03,,0,0,17000000,https://www.transfermarkt.com/dwight-mcneil/profil/spieler/584769,https://img.a.transfermarkt.technology/portrait/big/584769-1700651579.jpg,apify-transfermarkt-global-player-scraper
1107733,Harrison Armstrong,Harrison David Armstrong,harrison armstrong,2007-01-19,19,England,Central Midfield,Midfielder,right,185,Everton FC,29,GB1,2028-06-30,12000000,12000000,12000000,2026-06-03,England U19,8,2,0,https://www.transfermarkt.com/harrison-armstrong/profil/spieler/1107733,https://img.a.transfermarkt.technology/portrait/big/1107733-1736161319.jpg,apify-transfermarkt-global-player-scraper
538216,Hayden Hackney,Hayden Rhys Hackney,hayden hackney,2002-06-26,24,England; Scotland,Defensive Midfield,Midfielder,right,178,Everton FC,29,GB1,2031-06-30,32000000,28000000,32000000,2026-05-28,,0,0,19300000,https://www.transfermarkt.com/hayden-hackney/profil/spieler/538216,https://img.a.transfermarkt.technology/portrait/big/538216-1679665183.jpg,apify-transfermarkt-global-player-scraper
623570,Iliman Ndiaye,Iliman Cheikh Baroy Ndiaye,iliman ndiaye,2000-03-06,26,Senegal; France,Right Winger,Striker,right,180,Everton FC,29,GB1,2029-06-30,55000000,50000000,55000000,2026-06-03,Senegal,43,5,35000000,https://www.transfermarkt.com/iliman-ndiaye/profil/spieler/623570,https://img.a.transfermarkt.technology/portrait/big/623570-1765811829.jpg,apify-transfermarkt-global-player-scraper
711544,Jake O'Brien,Jake Patrick O'Brien,jake obrien,2001-05-15,25,Ireland,Right-Back,Defender,right,197,Everton FC,29,GB1,2028-06-30,18000000,18000000,18000000,2026-06-03,Republic of Ireland,17,0,20500000,https://www.transfermarkt.com/jake-o-brien/profil/spieler/711544,https://img.a.transfermarkt.technology/portrait/big/711544-1662362868.jpg,apify-transfermarkt-global-player-scraper
505219,James Garner,James David Garner,james garner,2001-03-13,25,England,Defensive Midfield,Midfielder,right,182,Everton FC,29,GB1,2030-06-30,45000000,35000000,45000000,2026-06-03,,0,0,10400000,https://www.transfermarkt.com/james-garner/profil/spieler/505219,https://img.a.transfermarkt.technology/portrait/big/505219-1662067244.jpg,apify-transfermarkt-global-player-scraper
173504,James Tarkowski,James Alan Tarkowski,james tarkowski,1992-11-19,33,England; Poland,Centre-Back,Defender,right,185,Everton FC,29,GB1,2028-06-30,5000000,7000000,28000000,2026-06-03,,0,0,4000000,https://www.transfermarkt.com/james-tarkowski/profil/spieler/173504,https://img.a.transfermarkt.technology/portrait/big/173504-1655979328.jpg,apify-transfermarkt-global-player-scraper
661053,Jarrad Branthwaite,Jarrad Paul Branthwaite,jarrad branthwaite,2002-06-27,24,England,Centre-Back,Defender,left,195,Everton FC,29,GB1,2030-06-30,40000000,45000000,50000000,2026-06-03,,0,0,1100000,https://www.transfermarkt.com/jarrad-branthwaite/profil/spieler/661053,https://img.a.transfermarkt.technology/portrait/big/661053-1687975679.jpg,apify-transfermarkt-global-player-scraper
130164,Jordan Pickford,Jordan Lee Pickford,jordan pickford,1994-03-07,32,England,Goalkeeper,Goalkeeper,left,185,Everton FC,29,GB1,2029-06-30,13000000,15000000,40000000,2026-06-03,England,88,0,28500000,https://www.transfermarkt.com/jordan-pickford/profil/spieler/130164,https://img.a.transfermarkt.technology/portrait/big/130164-1668499964.jpg,apify-transfermarkt-global-player-scraper
475188,Kiernan Dewsbury-Hall,Kiernan Frank Dewsbury-Hall,kiernan dewsbury hall,1998-09-06,27,England; Ireland,Central Midfield,Midfielder,left,176,Everton FC,29,GB1,2030-06-30,35000000,32000000,35000000,2026-06-03,,0,0,64050000,https://www.transfermarkt.com/kiernan-dewsbury-hall/profil/spieler/475188,https://img.a.transfermarkt.technology/portrait/big/475188-1774470020.jpg,apify-transfermarkt-global-player-scraper
357658,Mark Travers,Mark Travers,mark travers,1999-05-18,27,Ireland,Goalkeeper,Goalkeeper,right,191,Everton FC,29,GB1,2029-06-30,3000000,4000000,4000000,2026-06-03,Republic of Ireland,6,0,4600000,https://www.transfermarkt.com/mark-travers/profil/spieler/357658,https://img.a.transfermarkt.technology/portrait/big/357658-1702296610.jpg,apify-transfermarkt-global-player-scraper
608832,Merlin Röhl,Merlin Röhl,merlin rohl,2002-07-05,24,Germany,Attacking Midfield,Midfielder,right,192,Everton FC,29,GB1,,16000000,16000000,18000000,2026-06-03,,0,0,29900000,https://www.transfermarkt.com/merlin-roehl/profil/spieler/608832,https://img.a.transfermarkt.technology/portrait/big/608832-1726649794.jpg,apify-transfermarkt-global-player-scraper
118534,Michael Keane,Michael Vincent Keane,michael keane,1993-01-11,33,England; Ireland,Centre-Back,Defender,right,188,Everton FC,29,GB1,2027-06-30,3000000,4000000,30000000,2026-06-03,,0,0,31060000,https://www.transfermarkt.com/michael-keane/profil/spieler/118534,https://img.a.transfermarkt.technology/portrait/big/118534-1687967021.jpg,apify-transfermarkt-global-player-scraper
424015,Nathan Patterson,Nathan Patterson,nathan patterson,2001-10-16,24,Scotland,Right-Back,Defender,right,183,Everton FC,29,GB1,2027-06-30,10000000,10000000,16000000,2026-06-03,Scotland,29,1,14000000,https://www.transfermarkt.com/nathan-patterson/profil/spieler/424015,https://img.a.transfermarkt.technology/portrait/big/424015-1736161412.jpg,apify-transfermarkt-global-player-scraper
595809,Norberto Bercique Gomes Betuncal,Beto,norberto bercique gomes betuncal,1998-01-31,28,Guinea-Bissau; Portugal,Centre-Forward,Striker,right,194,Everton FC,29,GB1,2027-06-30,18000000,20000000,25000000,2026-06-03,Guinea-Bissau,10,1,40000000,https://www.transfermarkt.com/beto/profil/spieler/595809,https://img.a.transfermarkt.technology/portrait/big/595809-1711746870.jpg,apify-transfermarkt-global-player-scraper
937941,Thierno Barry,Thierno Mamadou Barry,thierno barry,2002-10-21,23,France; Guinea,Centre-Forward,Striker,right,195,Everton FC,29,GB1,2029-06-30,30000000,30000000,30000000,2026-06-03,,0,0,53000000,https://www.transfermarkt.com/thierno-barry/profil/spieler/937941,https://img.a.transfermarkt.technology/portrait/big/937941-1743672693.jpg,apify-transfermarkt-global-player-scraper
696589,Tim Iroegbunam,Timothy Emeka Iroegbunam,tim iroegbunam,2003-06-30,23,England; Nigeria,Central Midfield,Midfielder,right,183,Everton FC,29,GB1,2027-06-30,18000000,15000000,18000000,2026-06-03,,0,0,10700000,https://www.transfermarkt.com/tim-iroegbunam/profil/spieler/696589,https://img.a.transfermarkt.technology/portrait/big/696589-1650877564.jpg,apify-transfermarkt-global-player-scraper
215810,Tom King,Thomas Lloyd King,tom king,1995-03-09,31,Wales; England,Goalkeeper,Goalkeeper,right,194,Everton FC,29,GB1,2027-06-30,100000,150000,200000,2026-06-03,Wales,1,0,0,https://www.transfermarkt.com/tom-king/profil/spieler/215810,https://img.a.transfermarkt.technology/portrait/big/215810-1774468851.jpg,apify-transfermarkt-global-player-scraper
866655,Tyler Dibling,Tyler-Jay Robert Dibling,tyler dibling,2006-02-17,20,England,Right Winger,Striker,left,178,Everton FC,29,GB1,2029-06-30,17000000,22000000,35000000,2026-06-03,England U21,8,0,42200000,https://www.transfermarkt.com/tyler-dibling/profil/spieler/866655,https://img.a.transfermarkt.technology/portrait/big/866655-1724485194.jpg,apify-transfermarkt-global-player-scraper
404842,Vitaliy Mykolenko,Миколенко Віталій Сергійович,vitaliy mykolenko,1999-05-29,27,Ukraine,Left-Back,Defender,left,180,Everton FC,29,GB1,2029-06-30,25000000,25000000,28000000,2026-06-03,Ukraine,54,1,23500000,https://www.transfermarkt.com/vitaliy-mykolenko/profil/spieler/404842,https://img.a.transfermarkt.technology/portrait/big/404842-1708012303.jpg,apify-transfermarkt-global-player-scraper
1061283,Mateo Flores,Mateo Flores Lozano,mateo flores,2004-04-07,22,Spain,Central Midfield,Midfielder,left,178,FC Arouca,8024,PO1,2029-06-30,1000000,1000000,1000000,2026-05-28,,0,0,1400000,https://www.transfermarkt.com/mateo-flores/profil/spieler/1061283,https://img.a.transfermarkt.technology/portrait/big/1061283-1744633163.jpg,apify-transfermarkt-global-player-scraper
636688,Alejandro Balde,Alejandro Balde Martínez,alejandro balde,2003-10-18,22,Spain,Left-Back,Defender,left,177,FC Barcelona,131,ES1,2028-06-30,50000000,55000000,60000000,2026-06-05,,0,0,0,https://www.transfermarkt.com/alejandro-balde/profil/spieler/636688,https://img.a.transfermarkt.technology/portrait/big/636688-1662836200.jpg,apify-transfermarkt-global-player-scraper
924610,Álvaro Cortés,Álvaro Cortés Moyano,alvaro cortes,2005-03-17,21,Spain,Centre-Back,Defender,left,190,FC Barcelona,131,ES1,2028-06-30,4000000,2000000,4000000,2026-06-08,,0,0,0,https://www.transfermarkt.com/alvaro-cortes/profil/spieler/924610,https://img.a.transfermarkt.technology/portrait/big/924610-1759223668.jpg,apify-transfermarkt-global-player-scraper
196948,Andreas Christensen,Andreas Bødtker Christensen,andreas christensen,1996-04-10,30,Denmark,Centre-Back,Defender,right,189,FC Barcelona,131,ES1,2028-06-30,8000000,9000000,40000000,2026-06-05,Denmark,82,4,0,https://www.transfermarkt.com/andreas-christensen/profil/spieler/196948,https://img.a.transfermarkt.technology/portrait/big/196948-1668183241.jpg,apify-transfermarkt-global-player-scraper
503733,Anthony Gordon,Anthony Michael Gordon,anthony gordon,2001-02-24,25,England; Scotland,Left Winger,Striker,right,183,FC Barcelona,131,ES1,2031-06-30,65000000,60000000,65000000,2026-06-03,England,22,3,125600000,https://www.transfermarkt.com/anthony-gordon/profil/spieler/503733,https://img.a.transfermarkt.technology/portrait/big/503733-1761080304.jpg,apify-transfermarkt-global-player-scraper
938145,Áron Yaakobishvili,Áron Yaakobishvili,aron yaakobishvili,2006-03-06,20,Hungary; Georgia,Goalkeeper,Goalkeeper,both,187,FC Barcelona,131,ES1,2028-06-30,3000000,3000000,3000000,2026-06-22,Hungary,1,0,0,https://www.transfermarkt.com/aron-yaakobishvili/profil/spieler/938145,https://img.a.transfermarkt.technology/portrait/big/938145-1699371976.jpg,apify-transfermarkt-global-player-scraper
293385,Dani Olmo,Daniel Olmo Carvajal,dani olmo,1998-05-07,28,Spain,Attacking Midfield,Midfielder,right,179,FC Barcelona,131,ES1,2030-06-30,60000000,60000000,60000000,2026-06-05,Spain,54,12,95200000,https://www.transfermarkt.com/dani-olmo/profil/spieler/293385,https://img.a.transfermarkt.technology/portrait/big/293385-1780663091.jpg,apify-transfermarkt-global-player-scraper
466794,Eric García,Eric García Martret,eric garcia,2001-01-09,25,Spain,Centre-Back,Defender,right,183,FC Barcelona,131,ES1,2031-06-30,40000000,35000000,40000000,2026-06-05,Spain,21,0,1700000,https://www.transfermarkt.com/eric-garcia/profil/spieler/466794,https://img.a.transfermarkt.technology/portrait/big/466794-1693604801.jpg,apify-transfermarkt-global-player-scraper
636703,Fermín López,Fermín López Marín,fermin lopez,2003-05-11,23,Spain,Attacking Midfield,Midfielder,right,176,FC Barcelona,131,ES1,2031-06-30,100000000,100000000,100000000,2026-06-05,,0,0,0,https://www.transfermarkt.com/fermin-lopez/profil/spieler/636703,https://img.a.transfermarkt.technology/portrait/big/636703-1698086824.jpg,apify-transfermarkt-global-player-scraper
398184,Ferran Torres,Ferran Torres García,ferran torres,2000-02-29,26,Spain,Centre-Forward,Striker,right,183,FC Barcelona,131,ES1,2027-06-30,50000000,50000000,50000000,2026-06-05,Spain,61,24,88500000,https://www.transfermarkt.com/ferran-torres/profil/spieler/398184,https://img.a.transfermarkt.technology/portrait/big/398184-1779789996.jpg,apify-transfermarkt-global-player-scraper
326330,Frenkie de Jong,Frenkie de Jong,frenkie de jong,1997-05-12,29,Netherlands,Central Midfield,Midfielder,right,181,FC Barcelona,131,ES1,2029-06-30,35000000,45000000,90000000,2026-06-05,Netherlands,70,2,93740001,https://www.transfermarkt.com/frenkie-de-jong/profil/spieler/326330,https://img.a.transfermarkt.technology/portrait/big/326330-1746041680.jpg,apify-transfermarkt-global-player-scraper
705395,Gerard Martín,Gerard Martín Langreo,gerard martin,2002-02-26,24,Spain,Centre-Back,Defender,left,186,FC Barcelona,131,ES1,2028-06-30,35000000,25000000,35000000,2026-06-05,,0,0,100000,https://www.transfermarkt.com/gerard-martin/profil/spieler/705395,https://img.a.transfermarkt.technology/portrait/big/705395-1730119053.jpg,apify-transfermarkt-global-player-scraper
937955,Héctor Fort,Héctor Fort García,hector fort,2006-08-02,19,Spain,Right-Back,Defender,right,185,FC Barcelona,131,ES1,2029-06-30,12000000,12000000,12000000,2026-06-05,,0,0,0,https://www.transfermarkt.com/hector-fort/profil/spieler/937955,https://img.a.transfermarkt.technology/portrait/big/937955-1702504973.jpg,apify-transfermarkt-global-player-scraper
561613,Joan García,Joan García Pons,joan garcia,2001-05-04,25,Spain,Goalkeeper,Goalkeeper,right,194,FC Barcelona,131,ES1,2031-06-30,45000000,40000000,45000000,2026-06-05,Spain,2,0,25000000,https://www.transfermarkt.com/joan-garcia/profil/spieler/561613,https://img.a.transfermarkt.technology/portrait/big/561613-1747386081.jpg,apify-transfermarkt-global-player-scraper
411975,Jules Koundé,Jules Olivier Koundé,jules kounde,1998-11-12,27,France; Benin,Right-Back,Defender,right,181,FC Barcelona,131,ES1,2030-06-30,60000000,65000000,65000000,2026-06-05,France,53,0,85000000,https://www.transfermarkt.com/jules-kounde/profil/spieler/411975,https://img.a.transfermarkt.technology/portrait/big/411975-1702502639.jpg,apify-transfermarkt-global-player-scraper
937958,Lamine Yamal Nasraoui Ebana,Lamine Yamal,lamine yamal nasraoui ebana,2007-07-13,18,Spain,Right Winger,Striker,left,183,FC Barcelona,131,ES1,2031-06-30,200000000,200000000,200000000,2026-06-05,Spain,29,7,0,https://www.transfermarkt.com/lamine-yamal/profil/spieler/937958,https://img.a.transfermarkt.technology/portrait/big/937958-1773173768.jpg,apify-transfermarkt-global-player-scraper
1018920,Marc Bernal,Marc Bernal Casas,marc bernal,2007-05-26,19,Spain,Defensive Midfield,Midfielder,left,193,FC Barcelona,131,ES1,2029-06-30,30000000,30000000,30000000,2026-06-05,Spain U21,2,0,0,https://www.transfermarkt.com/marc-bernal/profil/spieler/1018920,https://img.a.transfermarkt.technology/portrait/big/1018920-1724052540.jpg,apify-transfermarkt-global-player-scraper
636695,Marc Casadó,Marc Casadó Torras,marc casado,2003-09-14,22,Spain,Defensive Midfield,Midfielder,right,172,FC Barcelona,131,ES1,2028-06-30,18000000,20000000,30000000,2026-06-05,,0,0,0,https://www.transfermarkt.com/marc-casado/profil/spieler/636695,https://img.a.transfermarkt.technology/portrait/big/636695-1729771427.jpg,apify-transfermarkt-global-player-scraper
74857,Marc-André ter Stegen,Marc-André ter Stegen,marc andre ter stegen,1992-04-30,34,Germany,Goalkeeper,Goalkeeper,right,187,FC Barcelona,131,ES1,2028-06-30,3000000,4000000,90000000,2026-06-05,,0,0,12000000,https://www.transfermarkt.com/marc-andre-ter-stegen/profil/spieler/74857,https://img.a.transfermarkt.technology/portrait/big/74857-1674465246.jpg,apify-transfermarkt-global-player-scraper
646740,Pablo Martín Páez Gavira,Gavi,pablo martin paez gavira,2004-08-05,21,Spain,Central Midfield,Midfielder,right,173,FC Barcelona,131,ES1,2030-06-30,30000000,30000000,90000000,2026-06-05,Spain,32,5,10000,https://www.transfermarkt.com/gavi/profil/spieler/646740,https://img.a.transfermarkt.technology/portrait/big/646740-1682685701.jpg,apify-transfermarkt-global-player-scraper
962110,Pau Cubarsí,Pau Cubarsí Paredes,pau cubarsi,2007-01-22,19,Spain,Centre-Back,Defender,right,184,FC Barcelona,131,ES1,2029-06-30,80000000,80000000,80000000,2026-06-05,Spain,16,0,0,https://www.transfermarkt.com/pau-cubarsi/profil/spieler/962110,https://img.a.transfermarkt.technology/portrait/big/962110-1712779232.jpg,apify-transfermarkt-global-player-scraper
683840,Pedro González López,Pedri,pedro gonzalez lopez,2002-11-25,23,Spain,Central Midfield,Midfielder,right,174,FC Barcelona,131,ES1,2030-06-30,150000000,150000000,150000000,2026-06-05,Spain,45,6,23000000,https://www.transfermarkt.com/pedri/profil/spieler/683840,https://img.a.transfermarkt.technology/portrait/big/683840-1744278342.jpg,apify-transfermarkt-global-player-scraper
411295,Raphael Dias Belloli,Raphinha,raphael dias belloli,1996-12-14,29,Brazil; Italy,Left Winger,Striker,left,176,FC Barcelona,131,ES1,2028-06-30,70000000,80000000,90000000,2026-06-05,Brazil,41,11,104700000,https://www.transfermarkt.com/raphinha/profil/spieler/411295,https://img.a.transfermarkt.technology/portrait/big/411295-1729754479.png,apify-transfermarkt-global-player-scraper
480267,Ronald Araujo,Ronald Federico Araujo da Silva,ronald araujo,1999-03-07,27,Uruguay; Spain,Centre-Back,Defender,right,192,FC Barcelona,131,ES1,2031-06-30,20000000,20000000,70000000,2026-06-05,Uruguay,27,1,5095000,https://www.transfermarkt.com/ronald-araujo/profil/spieler/480267,https://img.a.transfermarkt.technology/portrait/big/480267-1736431980.jpg,apify-transfermarkt-global-player-scraper
792331,Roony Bardghji,روني بردغجي,roony bardghji,2005-11-15,20,Sweden; Syria,Right Winger,Striker,left,173,FC Barcelona,131,ES1,2029-06-30,15000000,15000000,15000000,2026-06-05,,0,0,2500000,https://www.transfermarkt.com/roony-bardghji/profil/spieler/792331,https://img.a.transfermarkt.technology/portrait/big/792331-1667420074.jpg,apify-transfermarkt-global-player-scraper
938156,Tommy Marqués,Tomás Noël Marqués Morera,tommy marques,2006-10-30,19,Spain,Defensive Midfield,Midfielder,right,186,FC Barcelona,131,ES1,2028-06-30,3000000,3000000,3000000,2026-06-08,,0,0,0,https://www.transfermarkt.com/tommy-marques/profil/spieler/938156,https://img.a.transfermarkt.technology/portrait/big/938156-1750759779.jpg,apify-transfermarkt-global-player-scraper
1066206,Toni Fernández,Antonio Fernández Casino,toni fernandez,2008-07-15,17,Spain,Attacking Midfield,Midfielder,left,175,FC Barcelona,131,ES1,2027-06-30,3000000,3000000,3000000,2026-06-08,,0,0,0,https://www.transfermarkt.com/toni-fernandez/profil/spieler/1066206,https://img.a.transfermarkt.technology/portrait/big/1066206-1761737036.jpg,apify-transfermarkt-global-player-scraper
44058,Wojciech Szczesny,Wojciech Szczęsny,wojciech szczesny,1990-04-18,36,Poland,Goalkeeper,Goalkeeper,right,195,FC Barcelona,131,ES1,2027-06-30,800000,900000,40000000,2026-06-05,,0,0,18450000,https://www.transfermarkt.com/wojciech-szczesny/profil/spieler/44058,https://img.a.transfermarkt.technology/portrait/big/44058-1744278078.jpg,apify-transfermarkt-global-player-scraper
1018912,Xavi Espart,Xavi Espart Font,xavi espart,2007-05-21,19,Spain,Right-Back,Defender,right,175,FC Barcelona,131,ES1,2028-06-30,5000000,5000000,5000000,2026-06-08,Spain U19,8,1,0,https://www.transfermarkt.com/xavi-espart/profil/spieler/1018912,https://img.a.transfermarkt.technology/portrait/big/1018912-1768246502.jpg,apify-transfermarkt-global-player-scraper
806955,Dario Sits,Dario Šits,dario sits,2004-02-04,22,Latvia,Centre-Forward,Striker,right,187,FC Dordrecht,1455,NL2,2027-06-30,300000,300000,400000,2026-06-23,Latvia,12,2,0,https://www.transfermarkt.com/dario-sits/profil/spieler/806955,https://img.a.transfermarkt.technology/portrait/big/806955-1782916735.jpg,apify-transfermarkt-global-player-scraper
198008,André Silva,André Miguel Valente Silva,andre silva,1995-11-06,30,Portugal,Centre-Forward,Striker,right,186,FC Porto,720,PO1,2027-06-30,3000000,3000000,45000000,2026-06-05,,0,0,68800000,https://www.transfermarkt.com/andre-silva/profil/spieler/198008,https://img.a.transfermarkt.technology/portrait/big/198008-1724336978.jpg,apify-transfermarkt-global-player-scraper
425918,Jakub Kiwior,Jakub Piotr Kiwior,jakub kiwior,2000-02-15,26,Poland,Centre-Back,Defender,left,189,FC Porto,720,PO1,2030-06-30,35000000,27000000,35000000,2026-05-28,Poland,45,2,41173000,https://www.transfermarkt.com/jakub-kiwior/profil/spieler/425918,https://img.a.transfermarkt.technology/portrait/big/425918-1683101307.jpg,apify-transfermarkt-global-player-scraper
177476,Nathan Aké,Nathan Benjamin Aké,nathan ake,1995-02-18,31,Netherlands; Cote d'Ivoire,Centre-Back,Defender,left,180,Fenerbahce,36,TR1,,12000000,15000000,42000000,2026-06-03,Netherlands,62,5,77069700,https://www.transfermarkt.com/nathan-ake/profil/spieler/177476,https://img.a.transfermarkt.technology/portrait/big/177476-1666733797.jpg,apify-transfermarkt-global-player-scraper
551752,Demba Seck,Demba Seck,demba seck,2001-02-10,25,Senegal,Right Winger,Striker,left,190,FK Partizan Belgrade,669,SER1,2029-06-30,2500000,1200000,3000000,2026-06-05,,0,0,5000000,https://www.transfermarkt.com/demba-seck/profil/spieler/551752,https://img.a.transfermarkt.technology/portrait/big/551752-1649681869.jpg,apify-transfermarkt-global-player-scraper
942738,Milan Aleksic,Милан Алексић,milan aleksic,2005-08-30,20,Serbia,Attacking Midfield,Midfielder,right,179,FK Partizan Belgrade,669,SER1,2027-06-30,700000,700000,700000,2026-06-03,Serbia U21,11,1,3500000,https://www.transfermarkt.com/milan-aleksic/profil/spieler/942738,https://img.a.transfermarkt.technology/portrait/big/942738-1725624504.jpg,apify-transfermarkt-global-player-scraper
881610,David Ankeye,David Akpan Ankeye,david ankeye,2002-05-22,24,Nigeria,Centre-Forward,Striker,right,191,FK Zeleznicar Pancevo,59358,SER1,2029-06-30,600000,650000,2000000,2026-06-02,,0,0,3400000,https://www.transfermarkt.com/david-ankeye/profil/spieler/881610,https://img.a.transfermarkt.technology/portrait/big/881610-1737554623.jpg,apify-transfermarkt-global-player-scraper
522681,Ben Lhassine Kone,Ben Lhassine Kone,ben lhassine kone,2000-03-14,26,Cote d'Ivoire,Central Midfield,Midfielder,left,172,Frosinone Calcio,8970,IT1,2029-06-30,500000,500000,900000,2026-06-04,,0,0,3450000,https://www.transfermarkt.com/ben-lhassine-kone/profil/spieler/522681,https://img.a.transfermarkt.technology/portrait/big/522681-1730123598.jpg,apify-transfermarkt-global-player-scraper
242631,Alex Iwobi,Alexander Chuka Iwobi,alex iwobi,1996-05-03,30,Nigeria; England,Left Winger,Striker,right,183,Fulham FC,931,GB1,2028-06-30,20000000,25000000,32000000,2026-06-03,,0,0,56100000,https://www.transfermarkt.com/alex-iwobi/profil/spieler/242631,https://img.a.transfermarkt.technology/portrait/big/242631-1679652866.jpg,apify-transfermarkt-global-player-scraper
349701,Antonee Robinson,Antonee Robinson,antonee robinson,1997-08-08,28,United States; England,Left-Back,Defender,left,183,Fulham FC,931,GB1,2028-06-30,22000000,25000000,35000000,2026-06-03,United States,57,5,4300000,https://www.transfermarkt.com/antonee-robinson/profil/spieler/349701,https://img.a.transfermarkt.technology/portrait/big/349701-1703926612.jpg,apify-transfermarkt-global-player-scraper
127181,Benjamin Lecomte,Benjamin Lecomte,benjamin lecomte,1991-04-26,35,France,Goalkeeper,Goalkeeper,left,186,Fulham FC,931,GB1,2027-06-30,800000,1200000,17000000,2026-06-03,,0,0,18500000,https://www.transfermarkt.com/benjamin-lecomte/profil/spieler/127181,https://img.a.transfermarkt.technology/portrait/big/127181-1779952065.jpg,apify-transfermarkt-global-player-scraper
72476,Bernd Leno,Bernd Leno,bernd leno,1992-03-04,34,Germany,Goalkeeper,Goalkeeper,right,190,Fulham FC,931,GB1,2027-06-30,6000000,8000000,35000000,2026-06-03,,0,0,36900000,https://www.transfermarkt.com/bernd-leno/profil/spieler/72476,https://img.a.transfermarkt.technology/portrait/big/72476-1774470314.jpg,apify-transfermarkt-global-player-scraper
461883,Calvin Bassey,Calvin Bassey Ughelumba,calvin bassey,1999-12-31,26,Nigeria; England,Centre-Back,Defender,left,185,Fulham FC,931,GB1,2027-06-30,28000000,28000000,28000000,2026-06-03,Nigeria,45,1,45500000,https://www.transfermarkt.com/calvin-bassey/profil/spieler/461883,https://img.a.transfermarkt.technology/portrait/big/461883-1662989506.jpg,apify-transfermarkt-global-player-scraper
392765,Emile Smith Rowe,Emile Smith Rowe,emile smith rowe,2000-07-28,25,England,Attacking Midfield,Midfielder,right,182,Fulham FC,931,GB1,2029-06-30,20000000,22000000,40000000,2026-06-03,,0,0,32800000,https://www.transfermarkt.com/emile-smith-rowe/profil/spieler/392765,https://img.a.transfermarkt.technology/portrait/big/392765-1684164628.jpg,apify-transfermarkt-global-player-scraper
226973,Harrison Reed,Harrison James Reed,harrison reed,1995-01-27,31,England,Central Midfield,Midfielder,right,181,Fulham FC,931,GB1,2027-06-30,2000000,3000000,18000000,2026-06-03,,0,0,6500000,https://www.transfermarkt.com/harrison-reed/profil/spieler/226973,https://img.a.transfermarkt.technology/portrait/big/226973-1762354305.jpg,apify-transfermarkt-global-player-scraper
272622,Issa Diop,"Issa Laye Lucas Jean Diop, عيسى ديوب",issa diop,1997-01-09,29,Morocco; France,Centre-Back,Defender,right,194,Fulham FC,931,GB1,2027-06-30,8000000,10000000,35000000,2026-06-03,Morocco,8,1,42800000,https://www.transfermarkt.com/issa-diop/profil/spieler/272622,https://img.a.transfermarkt.technology/portrait/big/272622-1780316727.jpg,apify-transfermarkt-global-player-scraper
260827,Joachim Andersen,Joachim Christian Andersen,joachim andersen,1996-05-31,30,Denmark,Centre-Back,Defender,right,192,Fulham FC,931,GB1,2029-06-30,20000000,25000000,35000000,2026-06-03,Denmark,51,2,74420000,https://www.transfermarkt.com/joachim-andersen/profil/spieler/260827,https://img.a.transfermarkt.technology/portrait/big/260827-1668183482.jpg,apify-transfermarkt-global-player-scraper
1069512,Jonah Kusi-Asare,Jonah Daniel Kusi-Asare,jonah kusi asare,2007-07-04,19,Sweden; Ghana,Centre-Forward,Striker,right,196,Fulham FC,931,GB1,2031-06-30,3000000,4000000,4000000,2026-06-03,,0,0,13500000,https://www.transfermarkt.com/jonah-kusi-asare/profil/spieler/1069512,https://img.a.transfermarkt.technology/portrait/big/1069512-1739808814.jpg,apify-transfermarkt-global-player-scraper
494880,Jorge Cuenca,Jorge Cuenca Barreno,jorge cuenca,1999-11-17,26,Spain,Centre-Back,Defender,left,190,Fulham FC,931,GB1,2028-06-30,8000000,8000000,8000000,2026-06-03,,0,0,10940000,https://www.transfermarkt.com/jorge-cuenca/profil/spieler/494880,https://img.a.transfermarkt.technology/portrait/big/494880-1737920132.jpg,apify-transfermarkt-global-player-scraper
1011131,Josh King,Joshua David Steven King,josh king,2007-01-03,19,England,Attacking Midfield,Midfielder,right,173,Fulham FC,931,GB1,2029-06-30,25000000,20000000,25000000,2026-06-03,England U21,6,1,0,https://www.transfermarkt.com/josh-king/profil/spieler/1011131,https://img.a.transfermarkt.technology/portrait/big/1011131-1752773470.jpg,apify-transfermarkt-global-player-scraper
206746,Kenny Tete,Kenny Joelle Tete,kenny tete,1995-10-09,30,Netherlands; Mozambique,Right-Back,Defender,right,180,Fulham FC,931,GB1,2028-06-30,8000000,11000000,15000000,2026-06-03,,0,0,7200000,https://www.transfermarkt.com/kenny-tete/profil/spieler/206746,https://img.a.transfermarkt.technology/portrait/big/206746-1746645948.jpg,apify-transfermarkt-global-player-scraper
900195,Kevin Santos Lopes de Macedo,Kevin,kevin santos lopes de macedo,2003-01-04,23,Brazil,Left Winger,Striker,right,176,Fulham FC,931,GB1,2030-06-30,25000000,30000000,30000000,2026-06-03,,0,0,54925000,https://www.transfermarkt.com/kevin/profil/spieler/900195,https://img.a.transfermarkt.technology/portrait/big/900195-1762354062.jpg,apify-transfermarkt-global-player-scraper
817612,Luke Harris,Luke Bernard Harris,luke harris,2005-03-04,21,Wales; Jersey,Attacking Midfield,Midfielder,right,177,Fulham FC,931,GB1,2027-06-30,900000,1000000,1000000,2026-05-12,,0,0,0,https://www.transfermarkt.com/luke-harris/profil/spieler/817612,https://img.a.transfermarkt.technology/portrait/big/817612-1657802332.jpg,apify-transfermarkt-global-player-scraper
661207,Oscar Bobb,Oscar Bobb,oscar bobb,2003-07-12,22,Norway; The Gambia,Right Winger,Striker,left,177,Fulham FC,931,GB1,2031-06-30,28000000,30000000,30000000,2026-06-03,Norway,24,2,31200000,https://www.transfermarkt.com/oscar-bobb/profil/spieler/661207,https://img.a.transfermarkt.technology/portrait/big/661207-1770716679.png,apify-transfermarkt-global-player-scraper
735571,Rodrigo Muniz Carvalho,Rodrigo Muniz,rodrigo muniz carvalho,2001-05-04,25,Brazil,Centre-Forward,Striker,right,186,Fulham FC,931,GB1,2030-06-30,20000000,25000000,25000000,2026-06-03,,0,0,8000000,https://www.transfermarkt.com/rodrigo-muniz/profil/spieler/735571,https://img.a.transfermarkt.technology/portrait/big/735571-1657802369.jpg,apify-transfermarkt-global-player-scraper
392775,Ryan Sessegnon,Kouassi Ryan Sessegnon,ryan sessegnon,2000-05-18,26,England,Left-Back,Defender,left,178,Fulham FC,931,GB1,2027-06-30,22000000,20000000,35000000,2026-06-03,,0,0,27000000,https://www.transfermarkt.com/ryan-sessegnon/profil/spieler/392775,https://img.a.transfermarkt.technology/portrait/big/392775-1722077271.jpg,apify-transfermarkt-global-player-scraper
333014,Sander Berge,Sander Gard Bolin Berge,sander berge,1998-02-14,28,Norway,Defensive Midfield,Midfielder,right,195,Fulham FC,931,GB1,2029-06-30,25000000,25000000,25000000,2026-06-03,Norway,70,1,64452600,https://www.transfermarkt.com/sander-berge/profil/spieler/333014,https://img.a.transfermarkt.technology/portrait/big/333014-1780049344.jpg,apify-transfermarkt-global-player-scraper
245056,Saša Lukić,Саша Лукић,sasa lukic,1996-08-13,29,Serbia,Central Midfield,Midfielder,right,182,Fulham FC,931,GB1,2027-06-30,10000000,12000000,15000000,2026-06-03,,0,0,11500000,https://www.transfermarkt.com/sasa-lukic/profil/spieler/245056,https://img.a.transfermarkt.technology/portrait/big/245056-1746645290.jpg,apify-transfermarkt-global-player-scraper
262226,Timothy Castagne,Timothy Castagne,timothy castagne,1995-12-05,30,Belgium,Right-Back,Defender,right,185,Fulham FC,931,GB1,2027-06-30,8000000,10000000,28000000,2026-06-03,Belgium,67,2,40400000,https://www.transfermarkt.com/timothy-castagne/profil/spieler/262226,https://img.a.transfermarkt.technology/portrait/big/262226-1762354618.jpg,apify-transfermarkt-global-player-scraper
123275,Tom Cairney,Thomas Cairney,tom cairney,1991-01-20,35,Scotland; England,Central Midfield,Midfielder,left,185,Fulham FC,931,GB1,2027-06-30,500000,750000,18000000,2026-06-03,,0,0,4200000,https://www.transfermarkt.com/tom-cairney/profil/spieler/123275,https://img.a.transfermarkt.technology/portrait/big/123275-1651652849.jpg,apify-transfermarkt-global-player-scraper
251878,Aarón Martín,Aarón Martín Caricol,aaron martin,1997-04-22,29,Spain,Left-Back,Defender,left,178,Genoa CFC,252,IT1,2027-06-30,5000000,7000000,20000000,2026-05-29,,0,0,11000000,https://www.transfermarkt.com/aaron-martin/profil/spieler/251878,https://img.a.transfermarkt.technology/portrait/big/251878-1730126148.jpg,apify-transfermarkt-global-player-scraper
861981,Alan Matturro,Alan Agustín Matturro Romero,alan matturro,2004-10-11,21,Uruguay; Italy,Centre-Back,Defender,left,189,Genoa CFC,252,IT1,2028-06-30,4000000,4000000,8000000,2026-06-05,,0,0,3500000,https://www.transfermarkt.com/alan-matturro/profil/spieler/861981,https://img.a.transfermarkt.technology/portrait/big/861981-1692967519.jpg,apify-transfermarkt-global-player-scraper
1044794,Alessandro Debenedetti,Alessandro Debenedetti,alessandro debenedetti,2003-09-23,22,Italy,Centre-Forward,Striker,right,190,Genoa CFC,252,IT1,2029-06-30,700000,650000,700000,2026-06-04,,0,0,40000,https://www.transfermarkt.com/alessandro-debenedetti/profil/spieler/1044794,https://img.a.transfermarkt.technology/portrait/big/1044794-1745853366.jpg,apify-transfermarkt-global-player-scraper
818448,Alessandro Marcandalli,Alessandro Marcandalli,alessandro marcandalli,2002-10-25,23,Italy; Nigeria,Centre-Back,Defender,right,190,Genoa CFC,252,IT1,2029-06-30,14000000,7000000,14000000,2026-05-29,,0,0,250000,https://www.transfermarkt.com/alessandro-marcandalli/profil/spieler/818448,https://img.a.transfermarkt.technology/portrait/big/818448-1739282452.jpg,apify-transfermarkt-global-player-scraper
330208,Alessandro Vogliacco,Alessandro Vogliacco,alessandro vogliacco,1998-09-14,27,Italy,Centre-Back,Defender,right,186,Genoa CFC,252,IT1,2027-06-30,2500000,2500000,2800000,2026-06-04,,0,0,2630000,https://www.transfermarkt.com/alessandro-vogliacco/profil/spieler/330208,https://img.a.transfermarkt.technology/portrait/big/330208-1762636759.png,apify-transfermarkt-global-player-scraper
1082774,Alexsandro Amorim de Freitas Filho,Amorim,alexsandro amorim de freitas filho,2005-05-18,21,Brazil,Central Midfield,Midfielder,right,177,Genoa CFC,252,IT1,2030-06-30,8000000,6500000,8000000,2026-05-29,,0,0,7810000,https://www.transfermarkt.com/amorim/profil/spieler/1082774,https://img.a.transfermarkt.technology/portrait/big/1082774-1766511456.jpg,apify-transfermarkt-global-player-scraper
728733,Brooke Norton-Cuffy,Brooke Dion Nelson Norton-Cuffy,brooke norton cuffy,2004-01-12,22,England; Dominica,Right-Back,Defender,right,181,Genoa CFC,252,IT1,2029-06-30,15000000,16000000,16000000,2026-05-29,England U21,14,0,2000000,https://www.transfermarkt.com/brooke-norton-cuffy/profil/spieler/728733,https://img.a.transfermarkt.technology/portrait/big/728733-1736498622.jpg,apify-transfermarkt-global-player-scraper
715894,David Puczka,David Puczka,david puczka,2005-01-26,21,Austria; Poland,Left-Back,Defender,left,183,Genoa CFC,252,IT1,2031-06-30,2500000,500000,2500000,2026-06-19,Austria U21,9,2,6160000,https://www.transfermarkt.com/david-puczka/profil/spieler/715894,https://img.a.transfermarkt.technology/portrait/big/715894-1782973384.jpg,apify-transfermarkt-global-player-scraper
874967,Ernestas Lysionok,Ernestas Lysionok,ernestas lysionok,2007-03-09,19,Lithuania,Goalkeeper,Goalkeeper,right,190,Genoa CFC,252,IT1,2028-06-30,600000,200000,600000,2026-05-29,,0,0,0,https://www.transfermarkt.com/ernestas-lysionok/profil/spieler/874967,https://img.a.transfermarkt.technology/portrait/big/874967-1760450182.jpg,apify-transfermarkt-global-player-scraper
462699,Franz Stolz,Franz Valentin Stolz,franz stolz,2001-02-14,25,Austria,Goalkeeper,Goalkeeper,right,193,Genoa CFC,252,IT1,2027-06-30,600000,500000,600000,2026-05-26,,0,0,250000,https://www.transfermarkt.com/franz-stolz/profil/spieler/462699,https://img.a.transfermarkt.technology/portrait/big/462699-1771411473.jpg,apify-transfermarkt-global-player-scraper
1172166,Franz-Ethan Meichtry,Franz-Ethan Meichtry,franz ethan meichtry,2005-07-08,20,Switzerland; Cameroon,Central Midfield,Midfielder,right,186,Genoa CFC,252,IT1,2030-06-30,5000000,3000000,5000000,2026-06-02,Switzerland U21,7,1,4000000,https://www.transfermarkt.com/franz-ethan-meichtry/profil/spieler/1172166,https://img.a.transfermarkt.technology/portrait/big/1172166-1771764915.jpg,apify-transfermarkt-global-player-scraper
745778,Gabriele Calvani,Gabriele Calvani,gabriele calvani,2004-01-12,22,Italy,Centre-Back,Defender,right,190,Genoa CFC,252,IT1,,4000000,3500000,4000000,2026-06-04,Italy U21,2,1,0,https://www.transfermarkt.com/gabriele-calvani/profil/spieler/745778,https://img.a.transfermarkt.technology/portrait/big/745778-1745569323.jpg,apify-transfermarkt-global-player-scraper
906315,Hugo Cuenca,Hugo Francisco Cuenca Martínez,hugo cuenca,2005-01-08,21,Paraguay; Spain,Attacking Midfield,Midfielder,left,183,Genoa CFC,252,IT1,2028-06-30,300000,300000,300000,2026-06-08,,0,0,400000,https://www.transfermarkt.com/hugo-cuenca/profil/spieler/906315,https://img.a.transfermarkt.technology/portrait/big/906315-1739282726.jpg,apify-transfermarkt-global-player-scraper
532937,Johan Vásquez,Johan Felipe Vásquez Ibarra,johan vasquez,1998-10-22,27,Mexico,Centre-Back,Defender,left,182,Genoa CFC,252,IT1,2028-06-30,12000000,13000000,14000000,2026-05-29,Mexico,49,3,9800000,https://www.transfermarkt.com/johan-vasquez/profil/spieler/532937,https://img.a.transfermarkt.technology/portrait/big/532937-1742929864.jpg,apify-transfermarkt-global-player-scraper
449151,Junior Messias,Junior Walter Messias,junior messias,1991-05-13,35,Brazil; Italy,Right Winger,Striker,left,174,Genoa CFC,252,IT1,2027-06-30,1100000,1200000,6500000,2026-05-29,,0,0,11720000,https://www.transfermarkt.com/junior-messias/profil/spieler/449151,https://img.a.transfermarkt.technology/portrait/big/449151-1663575000.jpg,apify-transfermarkt-global-player-scraper
315121,Justin Bijlow,Justin Bijlow,justin bijlow,1998-01-22,28,Netherlands,Goalkeeper,Goalkeeper,right,188,Genoa CFC,252,IT1,2029-06-30,4000000,4000000,15000000,2026-05-29,,0,0,200000,https://www.transfermarkt.com/justin-bijlow/profil/spieler/315121,https://img.a.transfermarkt.technology/portrait/big/315121-1676465549.jpg,apify-transfermarkt-global-player-scraper
367284,Leo Østigård,Leo Skiri Østigård,leo ostigard,1999-11-28,26,Norway,Centre-Back,Defender,right,183,Genoa CFC,252,IT1,2030-06-30,13000000,10000000,13000000,2026-05-29,Norway,41,2,15480000,https://www.transfermarkt.com/leo-oestigaard/profil/spieler/367284,https://img.a.transfermarkt.technology/portrait/big/367284-1708552959.jpg,apify-transfermarkt-global-player-scraper
487843,Lorenzo Colombo,Lorenzo Colombo,lorenzo colombo,2002-03-08,24,Italy,Centre-Forward,Striker,left,183,Genoa CFC,252,IT1,2029-06-30,10000000,10000000,10000000,2026-05-29,,0,0,8500000,https://www.transfermarkt.com/lorenzo-colombo/profil/spieler/487843,https://img.a.transfermarkt.technology/portrait/big/487843-1730186148.jpg,apify-transfermarkt-global-player-scraper
1061820,Lorenzo Venturino,Lorenzo Venturino,lorenzo venturino,2006-06-22,20,Italy,Right Winger,Striker,right,178,Genoa CFC,252,IT1,2029-06-30,5000000,4500000,5000000,2026-05-29,,0,0,0,https://www.transfermarkt.com/lorenzo-venturino/profil/spieler/1061820,https://img.a.transfermarkt.technology/portrait/big/1061820-1737358590.jpg,apify-transfermarkt-global-player-scraper
1438038,Marcelo Vaz,Marcelo Vaz,marcelo vaz,2007-07-31,18,Guinea-Bissau; Senegal,Left-Back,Defender,left,183,Genoa CFC,252,IT1,2029-06-30,400000,100000,400000,2026-05-26,,0,0,300000,https://www.transfermarkt.com/marcelo-vaz/profil/spieler/1438038,,apify-transfermarkt-global-player-scraper
566615,Mikael Egill Ellertsson,Mikael Egill Ellertsson,mikael egill ellertsson,2002-03-11,24,Iceland,Central Midfield,Midfielder,left,182,Genoa CFC,252,IT1,2029-06-30,6000000,6000000,6000000,2026-05-29,Iceland,31,2,6000000,https://www.transfermarkt.com/mikael-egill-ellertsson/profil/spieler/566615,https://img.a.transfermarkt.technology/portrait/big/566615-1730125923.jpg,apify-transfermarkt-global-player-scraper
503871,Morten Frendrup,Morten Wetche Frendrup,morten frendrup,2001-04-07,25,Denmark,Defensive Midfield,Midfielder,right,178,Genoa CFC,252,IT1,2028-06-30,15000000,18000000,20000000,2026-05-29,,0,0,4400000,https://www.transfermarkt.com/morten-frendrup/profil/spieler/503871,https://img.a.transfermarkt.technology/portrait/big/503871-1707815910.jpg,apify-transfermarkt-global-player-scraper
459665,Patrizio Masini,Patrizio Masini,patrizio masini,2001-01-27,25,Italy,Central Midfield,Midfielder,right,182,Genoa CFC,252,IT1,2028-06-30,4200000,5000000,6000000,2026-05-29,,0,0,0,https://www.transfermarkt.com/patrizio-masini/profil/spieler/459665,https://img.a.transfermarkt.technology/portrait/big/459665-1742901177.jpg,apify-transfermarkt-global-player-scraper
1295778,Samuel Wiafe,Samuel Wiafe,samuel wiafe,2008-06-22,18,Italy; Ghana,Central Midfield,Midfielder,right,181,Genoa CFC,252,IT1,2030-06-30,2500000,2000000,2500000,2026-06-04,Italy U19,2,0,2500000,https://www.transfermarkt.com/samuel-wiafe/profil/spieler/1295778,https://img.a.transfermarkt.technology/portrait/big/1295778-1770621237.png,apify-transfermarkt-global-player-scraper
890385,Sebastian Otoa,Sebastian Villaume Otoa,sebastian otoa,2004-05-13,22,Denmark,Centre-Back,Defender,right,198,Genoa CFC,252,IT1,2028-06-30,2500000,2500000,2500000,2026-05-29,,0,0,2750000,https://www.transfermarkt.com/sebastian-otoa/profil/spieler/890385,https://img.a.transfermarkt.technology/portrait/big/890385-1736924404.jpg,apify-transfermarkt-global-player-scraper
866250,Seydou Fini,Seydou Fini,seydou fini,2006-06-02,20,Italy; Cote d'Ivoire,Right Winger,Striker,left,178,Genoa CFC,252,IT1,2028-06-30,2500000,1500000,2500000,2026-06-04,Italy,2,0,0,https://www.transfermarkt.com/seydou-fini/profil/spieler/866250,https://img.a.transfermarkt.technology/portrait/big/866250-1750415371.jpg,apify-transfermarkt-global-player-scraper
167491,Stefano Sabelli,Stefano Sabelli,stefano sabelli,1993-01-13,33,Italy,Right-Back,Defender,right,176,Genoa CFC,252,IT1,2028-06-30,1300000,1400000,2000000,2026-05-29,,0,0,1700000,https://www.transfermarkt.com/stefano-sabelli/profil/spieler/167491,https://img.a.transfermarkt.technology/portrait/big/167491-1753439397.jpg,apify-transfermarkt-global-player-scraper
641537,Tommaso Baldanzi,Tommaso Baldanzi,tommaso baldanzi,2003-03-23,23,Italy,Attacking Midfield,Midfielder,left,170,Genoa CFC,252,IT1,2027-06-30,8500000,9000000,15000000,2026-05-29,,0,0,11500000,https://www.transfermarkt.com/tommaso-baldanzi/profil/spieler/641537,https://img.a.transfermarkt.technology/portrait/big/641537-1661764089.jpg,apify-transfermarkt-global-player-scraper
586853,Vítor Manuel Carvalho Oliveira,Vitinha,vitor manuel carvalho oliveira,2000-03-15,26,Portugal,Centre-Forward,Striker,right,178,Genoa CFC,252,IT1,2028-06-30,8000000,8000000,22000000,2026-05-29,,0,0,43300000,https://www.transfermarkt.com/vitinha/profil/spieler/586853,https://img.a.transfermarkt.technology/portrait/big/586853-1730184491.jpg,apify-transfermarkt-global-player-scraper
559979,Abdel Abqar,عبد الكبير أبقار,abdel abqar,1999-03-10,27,Morocco,Centre-Back,Defender,right,188,Getafe CF,3709,ES1,2028-06-30,3500000,4000000,7500000,2026-06-05,,0,0,0,https://www.transfermarkt.com/abdel-abqar/profil/spieler/559979,https://img.a.transfermarkt.technology/portrait/big/559979-1705337125.jpg,apify-transfermarkt-global-player-scraper
560705,Álex Sancris,Alejandro San Cristóbal Sánchez,alex sancris,1997-01-18,29,Spain,Right Winger,Striker,both,181,Getafe CF,3709,ES1,2028-06-30,1500000,2000000,2000000,2026-06-05,,0,0,0,https://www.transfermarkt.com/alex-sancris/profil/spieler/560705,https://img.a.transfermarkt.technology/portrait/big/560705-1712139769.jpg,apify-transfermarkt-global-player-scraper
298976,Borja Mayoral,Borja Mayoral Moya,borja mayoral,1997-04-05,29,Spain,Centre-Forward,Striker,right,182,Getafe CF,3709,ES1,2027-06-30,6000000,7500000,15000000,2026-06-05,,0,0,20000000,https://www.transfermarkt.com/borja-mayoral/profil/spieler/298976,https://img.a.transfermarkt.technology/portrait/big/298976-1669365430.jpg,apify-transfermarkt-global-player-scraper
1124005,Christantus Uche,Christantus Ugonna Uche,christantus uche,2003-05-19,23,Nigeria,Centre-Forward,Striker,both,190,Getafe CF,3709,ES1,2028-06-30,12000000,15000000,15000000,2026-06-03,,0,0,500800,https://www.transfermarkt.com/christantus-uche/profil/spieler/1124005,https://img.a.transfermarkt.technology/portrait/big/1124005-1748855413.jpg,apify-transfermarkt-global-player-scraper
1033005,Coba da Costa,Coba Gomes da Costa,coba da costa,2002-07-26,23,Guinea-Bissau; Spain,Left Winger,Striker,right,182,Getafe CF,3709,ES1,2029-06-30,1500000,2500000,3000000,2026-06-04,,0,0,0,https://www.transfermarkt.com/coba-da-costa/profil/spieler/1033005,https://img.a.transfermarkt.technology/portrait/big/1033005-1732139109.JPG,apify-transfermarkt-global-player-scraper
221150,Dakonam Djené,Dakonam Ortega Djené,dakonam djene,1991-12-31,34,Togo,Centre-Back,Defender,right,178,Getafe CF,3709,ES1,2027-06-30,1400000,1600000,30000000,2026-06-05,Togo,93,1,2500000,https://www.transfermarkt.com/dakonam-djene/profil/spieler/221150,https://img.a.transfermarkt.technology/portrait/big/221150-1669364811.jpg,apify-transfermarkt-global-player-scraper
1268764,David Cordón Mancha,Davinchi,david cordon mancha,2007-10-16,18,Spain,Left-Back,Defender,left,182,Getafe CF,3709,ES1,2028-06-30,1000000,1000000,1000000,2026-06-05,,0,0,600000,https://www.transfermarkt.com/davinchi/profil/spieler/1268764,https://img.a.transfermarkt.technology/portrait/big/1268764-1732577167.jpg,apify-transfermarkt-global-player-scraper
226012,David Soria,David Soria Solís,david soria,1993-04-04,33,Spain,Goalkeeper,Goalkeeper,right,192,Getafe CF,3709,ES1,2030-06-30,2800000,3000000,18000000,2026-06-05,,0,0,3000000,https://www.transfermarkt.com/david-soria/profil/spieler/226012,https://img.a.transfermarkt.technology/portrait/big/226012-1696863038.jpg,apify-transfermarkt-global-player-scraper
1164331,Ismael Bekhoucha,إسماعيل بخوشة,ismael bekhoucha,2004-11-20,21,Morocco; Spain,Right-Back,Defender,right,176,Getafe CF,3709,ES1,2028-06-30,300000,300000,300000,2026-06-05,,0,0,0,https://www.transfermarkt.com/ismael-bekhoucha/profil/spieler/1164331,https://img.a.transfermarkt.technology/portrait/big/1164331-1732134880.png,apify-transfermarkt-global-player-scraper
282421,Javi Muñoz,Javier Muñoz Jiménez,javi munoz,1995-02-28,31,Spain,Central Midfield,Midfielder,right,177,Getafe CF,3709,ES1,2028-06-30,1200000,1500000,3000000,2026-06-05,,0,0,0,https://www.transfermarkt.com/javi-munoz/profil/spieler/282421,https://img.a.transfermarkt.technology/portrait/big/282421-1698852390.jpg,apify-transfermarkt-global-player-scraper
339079,Jiri Letacek,Jiří Letáček,jiri letacek,1999-01-09,27,Czech Republic,Goalkeeper,Goalkeeper,right,196,Getafe CF,3709,ES1,2028-06-30,2000000,2000000,2000000,2026-06-05,,0,0,2000000,https://www.transfermarkt.com/jiri-letacek/profil/spieler/339079,https://img.a.transfermarkt.technology/portrait/big/339079-1714922207.jpg,apify-transfermarkt-global-player-scraper
461843,Juan Berrocal,Juan Berrocal González,juan berrocal,1999-02-05,27,Spain,Centre-Back,Defender,both,187,Getafe CF,3709,ES1,2027-06-30,1500000,1500000,2200000,2026-06-02,,0,0,2200000,https://www.transfermarkt.com/juan-berrocal/profil/spieler/461843,https://img.a.transfermarkt.technology/portrait/big/461843-1771527114.jpg,apify-transfermarkt-global-player-scraper
126737,Juan Miguel Jiménez López,Juanmi,juan miguel jimenez lopez,1993-05-20,33,Spain,Left Winger,Striker,right,172,Getafe CF,3709,ES1,2027-06-30,1000000,1200000,15000000,2026-06-05,,0,0,22200000,https://www.transfermarkt.com/juanmi/profil/spieler/126737,https://img.a.transfermarkt.technology/portrait/big/126737-1653043231.jpg,apify-transfermarkt-global-player-scraper
76467,Kiko Femenía,Francisco Femenía Far,kiko femenia,1991-02-02,35,Spain,Right-Back,Defender,right,174,Getafe CF,3709,ES1,2027-06-30,700000,800000,6000000,2026-06-05,,0,0,2980000,https://www.transfermarkt.com/kiko-femenia/profil/spieler/76467,https://img.a.transfermarkt.technology/portrait/big/76467-1726231817.jpg,apify-transfermarkt-global-player-scraper
948273,Mario Martín,Mario Martín Rielves,mario martin,2004-03-05,22,Spain,Defensive Midfield,Midfielder,right,177,Getafe CF,3709,ES1,2030-06-30,10000000,10000000,10000000,2026-06-05,Spain U21,4,0,3500000,https://www.transfermarkt.com/mario-martin/profil/spieler/948273,https://img.a.transfermarkt.technology/portrait/big/948273-1707861820.jpg,apify-transfermarkt-global-player-scraper
640109,Martín Satriano,Martín Adrián Satriano Costa,martin satriano,2001-02-20,25,Uruguay; Italy,Centre-Forward,Striker,right,187,Getafe CF,3709,ES1,2030-06-30,10000000,6000000,10000000,2026-06-05,,0,0,20650000,https://www.transfermarkt.com/martin-satriano/profil/spieler/640109,https://img.a.transfermarkt.technology/portrait/big/640109-1626685122.jpg,apify-transfermarkt-global-player-scraper
710004,Peter Federico González Carmona,Peter Federico,peter federico gonzalez carmona,2002-07-25,23,Dominican Republic; Spain,Right Winger,Striker,left,180,Getafe CF,3709,ES1,2028-06-30,1500000,1500000,3000000,2026-06-22,Dominican Republic,9,2,2000000,https://www.transfermarkt.com/peter-federico/profil/spieler/710004,https://img.a.transfermarkt.technology/portrait/big/710004-1706697849.jpg,apify-transfermarkt-global-player-scraper
898352,Sebastián Boselli,Juan Sebastián Boselli Graf,sebastian boselli,2003-12-04,22,Uruguay; Italy,Centre-Back,Defender,right,183,Getafe CF,3709,ES1,2030-06-30,1500000,2800000,4000000,2026-06-05,,0,0,4900000,https://www.transfermarkt.com/sebastian-boselli/profil/spieler/898352,https://img.a.transfermarkt.technology/portrait/big/898352-1739826537.jpg,apify-transfermarkt-global-player-scraper
469669,Yvan Neyou,Yvan Neyou Noupa,yvan neyou,1997-01-03,29,Cameroon; France,Defensive Midfield,Midfielder,right,180,Getafe CF,3709,ES1,2028-06-30,2000000,2500000,5000000,2026-06-04,,0,0,1000000,https://www.transfermarkt.com/yvan-neyou/profil/spieler/469669,https://img.a.transfermarkt.technology/portrait/big/469669-1703762516.jpg,apify-transfermarkt-global-player-scraper
271495,Abdülkadir Ömür,Abdülkadir Ömür,abdulkadir omur,1999-06-25,27,Türkiye,Right Midfield,Midfielder,left,168,Hull City,3008,GB1,2027-06-30,1500000,2200000,15000000,2026-05-21,,0,0,5000000,https://www.transfermarkt.com/abduelkadir-oemuer/profil/spieler/271495,https://img.a.transfermarkt.technology/portrait/big/271495-1757669130.jpg,apify-transfermarkt-global-player-scraper
696764,Abu Kamara,Abu Bakarr Kamara,abu kamara,2003-07-21,22,England; Sierra Leone,Right Winger,Striker,left,183,Hull City,3008,GB1,2028-06-30,2500000,3000000,4000000,2026-06-05,,0,0,5346000,https://www.transfermarkt.com/abu-kamara/profil/spieler/696764,https://img.a.transfermarkt.technology/portrait/big/696764-1702280704.jpg,apify-transfermarkt-global-player-scraper
746357,Charlie Hughes,Charles Roger Hughes,charlie hughes,2003-10-16,22,England,Centre-Back,Defender,right,185,Hull City,3008,GB1,2028-06-30,10000000,8000000,10000000,2026-05-28,,0,0,4700000,https://www.transfermarkt.com/charlie-hughes/profil/spieler/746357,https://img.a.transfermarkt.technology/portrait/big/746357-1727161230.jpg,apify-transfermarkt-global-player-scraper
531957,Cody Drameh,Cody Callum Pierre Drameh,cody drameh,2001-12-08,24,England; The Gambia,Right-Back,Defender,right,181,Hull City,3008,GB1,2027-06-30,3000000,3000000,3500000,2026-05-28,,0,0,440000,https://www.transfermarkt.com/cody-drameh/profil/spieler/531957,https://img.a.transfermarkt.technology/portrait/big/531957-1782247650.jpg,apify-transfermarkt-global-player-scraper
663264,Darko Gyabi,Darko Boateng Gyabi,darko gyabi,2004-02-18,22,England; Ghana,Central Midfield,Midfielder,right,196,Hull City,3008,GB1,2028-06-30,2000000,1800000,3000000,2026-05-28,,0,0,6150000,https://www.transfermarkt.com/darko-gyabi/profil/spieler/663264,https://img.a.transfermarkt.technology/portrait/big/663264-1656928941.jpg,apify-transfermarkt-global-player-scraper
353775,David Akintola,Babajide David Akintola,david akintola,1996-01-13,30,Nigeria,Right Winger,Striker,right,178,Hull City,3008,GB1,2027-06-30,1000000,1200000,2600000,2026-05-28,,0,0,1000000,https://www.transfermarkt.com/david-akintola/profil/spieler/353775,https://img.a.transfermarkt.technology/portrait/big/353775-1729515266.jpg,apify-transfermarkt-global-player-scraper
308431,Dillon Phillips,Dillon Phillips,dillon phillips,1995-06-11,31,England,Goalkeeper,Goalkeeper,right,188,Hull City,3008,GB1,2027-06-30,200000,250000,1000000,2026-05-28,,0,0,0,https://www.transfermarkt.com/dillon-phillips/profil/spieler/308431,https://img.a.transfermarkt.technology/portrait/big/308431-1748118184.jpg,apify-transfermarkt-global-player-scraper
535834,Eliot Matazo,Eliot Matazo,eliot matazo,2002-02-15,24,Belgium; DR Congo,Central Midfield,Midfielder,right,170,Hull City,3008,GB1,2028-06-30,1500000,2000000,8000000,2026-05-28,,0,0,2000000,https://www.transfermarkt.com/eliot-matazo/profil/spieler/535834,https://img.a.transfermarkt.technology/portrait/big/535834-1706869303.jpg,apify-transfermarkt-global-player-scraper
699980,Enis Destan,Enis Destan,enis destan,2002-06-15,24,Türkiye,Centre-Forward,Striker,right,186,Hull City,3008,GB1,2028-06-30,2000000,2500000,4800000,2026-06-04,,0,0,675000,https://www.transfermarkt.com/enis-destan/profil/spieler/699980,https://img.a.transfermarkt.technology/portrait/big/699980-1723801235.jpg,apify-transfermarkt-global-player-scraper
712592,Harvey Cartwright,Harvey Jay Cartwright,harvey cartwright,2002-05-09,24,England,Goalkeeper,Goalkeeper,right,192,Hull City,3008,GB1,2027-06-30,150000,200000,200000,2026-05-27,,0,0,0,https://www.transfermarkt.com/harvey-cartwright/profil/spieler/712592,https://img.a.transfermarkt.technology/portrait/big/712592-1728397315.jpg,apify-transfermarkt-global-player-scraper
128899,Jack Butland,Jack Butland,jack butland,1993-03-10,33,England,Goalkeeper,Goalkeeper,right,196,Hull City,3008,GB1,2028-06-30,1500000,1500000,22000000,2026-05-20,,0,0,8400000,https://www.transfermarkt.com/jack-butland/profil/spieler/128899,https://img.a.transfermarkt.technology/portrait/big/128899-1672916012.jpg,apify-transfermarkt-global-player-scraper
121324,John Egan,John Patrick Egan,john egan,1992-10-20,33,Ireland,Centre-Back,Defender,right,185,Hull City,3008,GB1,2027-06-30,1000000,1200000,13000000,2026-05-28,,0,0,4500000,https://www.transfermarkt.com/john-egan/profil/spieler/121324,https://img.a.transfermarkt.technology/portrait/big/121324-1700673210.jpg,apify-transfermarkt-global-player-scraper
258916,Kieran Dowell,Kieran O'Neill Dowell,kieran dowell,1997-10-10,28,England,Attacking Midfield,Midfielder,left,183,Hull City,3008,GB1,2027-06-30,600000,600000,3000000,2026-05-28,,0,0,2600000,https://www.transfermarkt.com/kieran-dowell/profil/spieler/258916,https://img.a.transfermarkt.technology/portrait/big/258916-1774470557.jpg,apify-transfermarkt-global-player-scraper
647395,Kyle Joseph,Kyle Alexander Joseph,kyle joseph,2001-09-10,24,Scotland; England,Centre-Forward,Striker,right,186,Hull City,3008,GB1,2028-06-30,6000000,2500000,6000000,2026-05-28,,0,0,580000,https://www.transfermarkt.com/kyle-joseph/profil/spieler/647395,https://img.a.transfermarkt.technology/portrait/big/647395-1739000159.jpg,apify-transfermarkt-global-player-scraper
413402,Lewie Coyle,Lewie Jacob Coyle,lewie coyle,1995-10-15,30,England,Right-Back,Defender,right,173,Hull City,3008,GB1,2029-06-30,1200000,1300000,1800000,2026-05-28,,0,0,390000,https://www.transfermarkt.com/lewie-coyle/profil/spieler/413402,https://img.a.transfermarkt.technology/portrait/big/413402-1680276123.jpg,apify-transfermarkt-global-player-scraper
487417,Liam Millar,Liam Alan Millar,liam millar,1999-09-27,26,Canada; England,Left Winger,Striker,right,181,Hull City,3008,GB1,2027-06-30,3000000,2800000,3500000,2026-05-28,Canada,44,1,5000000,https://www.transfermarkt.com/liam-millar/profil/spieler/487417,https://img.a.transfermarkt.technology/portrait/big/487417-1738999688.jpg,apify-transfermarkt-global-player-scraper
874080,Mason Burstow,Mason Paul James Burstow,mason burstow,2003-08-04,22,England; Jamaica,Centre-Forward,Striker,right,187,Hull City,3008,GB1,2028-06-30,2800000,2500000,2800000,2026-05-12,,0,0,4150000,https://www.transfermarkt.com/mason-burstow/profil/spieler/874080,https://img.a.transfermarkt.technology/portrait/big/874080-1754391340.jpg,apify-transfermarkt-global-player-scraper
169416,Matt Crooks,Matt Davidson Rider Crooks,matt crooks,1994-01-20,32,England,Central Midfield,Midfielder,right,191,Hull City,3008,GB1,2027-06-30,700000,700000,1500000,2026-05-28,,0,0,2415000,https://www.transfermarkt.com/matt-crooks/profil/spieler/169416,https://img.a.transfermarkt.technology/portrait/big/169416-1711315979.jpg,apify-transfermarkt-global-player-scraper
729940,Matty Jacob,Matthew James Jacob,matty jacob,2001-06-03,25,England,Left-Back,Defender,left,180,Hull City,3008,GB1,2027-06-30,400000,400000,400000,2026-05-28,,0,0,0,https://www.transfermarkt.com/matty-jacob/profil/spieler/729940,https://img.a.transfermarkt.technology/portrait/big/729940-1738999404.jpg,apify-transfermarkt-global-player-scraper
857079,Mohamed Belloumi,محمد البشير بلومي  Mohamed Bachir Belloumi,mohamed belloumi,2002-06-01,24,Algeria,Right Winger,Striker,left,177,Hull City,3008,GB1,2028-06-30,6000000,4000000,6000000,2026-05-28,,0,0,5500000,https://www.transfermarkt.com/mohamed-belloumi/profil/spieler/857079,https://img.a.transfermarkt.technology/portrait/big/857079-1728290618.jpg,apify-transfermarkt-global-player-scraper
298477,Oli McBurnie,Oliver Robert McBurnie,oli mcburnie,1996-06-04,30,Scotland; England,Centre-Forward,Striker,right,188,Hull City,3008,GB1,2028-06-30,5000000,4000000,15000000,2026-05-28,,0,0,19450000,https://www.transfermarkt.com/oli-mcburnie/profil/spieler/298477,https://img.a.transfermarkt.technology/portrait/big/298477-1700672702.jpg,apify-transfermarkt-global-player-scraper
167268,Paddy McNair,Patrick James Coleman McNair,paddy mcnair,1995-04-27,31,Northern Ireland,Centre-Back,Defender,right,189,Hull City,3008,GB1,2027-06-30,1500000,2800000,6000000,2026-05-28,,0,0,10950000,https://www.transfermarkt.com/paddy-mcnair/profil/spieler/167268,https://img.a.transfermarkt.technology/portrait/big/167268-1741027527.jpg,apify-transfermarkt-global-player-scraper
473080,Regan Slater,Regan Newman Slater,regan slater,1999-09-11,26,England,Defensive Midfield,Midfielder,right,171,Hull City,3008,GB1,2027-06-30,5500000,4500000,5500000,2026-05-28,,0,0,65000,https://www.transfermarkt.com/regan-slater/profil/spieler/473080,https://img.a.transfermarkt.technology/portrait/big/473080-1643280542.jpg,apify-transfermarkt-global-player-scraper
504581,Ryan Giles,Ryan John Giles,ryan giles,2000-01-26,26,England,Left-Back,Defender,left,183,Hull City,3008,GB1,2027-06-30,12000000,10000000,12000000,2026-05-28,,0,0,11150000,https://www.transfermarkt.com/ryan-giles/profil/spieler/504581,https://img.a.transfermarkt.technology/portrait/big/504581-1639140648.jpg,apify-transfermarkt-global-player-scraper
251912,Semi Ajayi,Oluwasemilogo Adesewo Ibidapo Ajayi,semi ajayi,1993-11-09,32,Nigeria; England,Centre-Back,Defender,right,193,Hull City,3008,GB1,2027-06-30,700000,900000,6000000,2026-05-28,Nigeria,56,2,2150000,https://www.transfermarkt.com/semi-ajayi/profil/spieler/251912,https://img.a.transfermarkt.technology/portrait/big/251912-1707384080.jpg,apify-transfermarkt-global-player-scraper
655877,Thimothée Lo-Tutala,Thimothée Jacques Orcel Lo-Tutala,thimothee lo tutala,2003-02-13,23,France; England,Goalkeeper,Goalkeeper,right,191,Hull City,3008,GB1,2028-06-30,400000,375000,800000,2026-05-12,,0,0,0,https://www.transfermarkt.com/thimothee-lo-tutala/profil/spieler/655877,https://img.a.transfermarkt.technology/portrait/big/655877-1659716837.jpg,apify-transfermarkt-global-player-scraper
28003,Lionel Messi,Lionel Andrés Messi Cuccitini,lionel messi,1987-06-24,39,Argentina; Spain,Right Winger,Striker,left,170,Inter Miami CF,69261,MLS1,2028-12-31,15000000,15000000,180000000,2026-06-02,Argentina,203,124,0,https://www.transfermarkt.com/lionel-messi/profil/spieler/28003,https://img.a.transfermarkt.technology/portrait/big/28003-1771694720.jpg,apify-transfermarkt-global-player-scraper
780136,Aleksandar Stanković,Александар Станковић,aleksandar stankovic,2005-08-03,20,Serbia; Italy,Defensive Midfield,Midfielder,right,185,Inter Milan,46,IT1,2031-06-30,32000000,25000000,32000000,2026-06-04,Serbia,8,1,37300000,https://www.transfermarkt.com/aleksandar-stankovic/profil/spieler/780136,https://img.a.transfermarkt.technology/portrait/big/780136-1770972635.jpg,apify-transfermarkt-global-player-scraper
315853,Alessandro Bastoni,Alessandro Bastoni,alessandro bastoni,1999-04-13,27,Italy,Centre-Back,Defender,left,190,Inter Milan,46,IT1,2028-06-30,65000000,70000000,80000000,2026-05-29,,0,0,40700000,https://www.transfermarkt.com/alessandro-bastoni/profil/spieler/315853,https://img.a.transfermarkt.technology/portrait/big/315853-1742497518.jpg,apify-transfermarkt-global-player-scraper
711976,Andy Diouf,Andy Alune Diouf,andy diouf,2003-05-17,23,France; Senegal,Central Midfield,Midfielder,left,187,Inter Milan,46,IT1,2030-06-30,20000000,18000000,20000000,2026-05-29,,0,0,39500000,https://www.transfermarkt.com/andy-diouf/profil/spieler/711976,https://img.a.transfermarkt.technology/portrait/big/711976-1756099849.jpg,apify-transfermarkt-global-player-scraper
827734,Ange-Yoan Bonny,Ange-Yoan Bonny,ange yoan bonny,2003-10-25,22,Cote d'Ivoire; France,Centre-Forward,Striker,right,189,Inter Milan,46,IT1,2030-06-30,35000000,35000000,35000000,2026-05-29,Ivory Coast,5,0,23000000,https://www.transfermarkt.com/ange-yoan-bonny/profil/spieler/827734,https://img.a.transfermarkt.technology/portrait/big/827734-1751380953.jpg,apify-transfermarkt-global-player-scraper
353366,Benjamin Pavard,Benjamin Jacques Marcel Pavard,benjamin pavard,1996-03-28,30,France,Centre-Back,Defender,right,186,Inter Milan,46,IT1,2028-06-30,12000000,15000000,50000000,2026-06-01,,0,0,74900000,https://www.transfermarkt.com/benjamin-pavard/profil/spieler/353366,https://img.a.transfermarkt.technology/portrait/big/353366-1713819215.jpg,apify-transfermarkt-global-player-scraper
585982,Carlos Augusto Zopolato Neves,Carlos Augusto,carlos augusto zopolato neves,1999-01-07,27,Brazil; Italy,Left-Back,Defender,left,184,Inter Milan,46,IT1,2028-06-30,23000000,26000000,26000000,2026-05-29,,0,0,19450000,https://www.transfermarkt.com/carlos-augusto/profil/spieler/585982,https://img.a.transfermarkt.technology/portrait/big/585982-1735891597.jpg,apify-transfermarkt-global-player-scraper
394300,Davide Frattesi,Davide Frattesi,davide frattesi,1999-09-22,26,Italy,Central Midfield,Midfielder,right,178,Inter Milan,46,IT1,2028-06-30,22000000,22000000,35000000,2026-05-29,,0,0,46000000,https://www.transfermarkt.com/davide-frattesi/profil/spieler/394300,https://img.a.transfermarkt.technology/portrait/big/394300-1730126974.jpg,apify-transfermarkt-global-player-scraper
969192,Ebenezer Akinsanmiro,Ebenezer Ajodun Akinsanmiro,ebenezer akinsanmiro,2004-11-25,21,Nigeria,Central Midfield,Midfielder,right,184,Inter Milan,46,IT1,2029-06-30,7000000,6500000,7000000,2026-05-29,,0,0,656000,https://www.transfermarkt.com/ebenezer-akinsanmiro/profil/spieler/969192,https://img.a.transfermarkt.technology/portrait/big/969192-1692945465.jpg,apify-transfermarkt-global-player-scraper
198116,Federico Dimarco,Federico Dimarco,federico dimarco,1997-11-10,28,Italy,Left-Back,Defender,left,175,Inter Milan,46,IT1,2027-06-30,50000000,50000000,60000000,2026-05-29,,0,0,8910000,https://www.transfermarkt.com/federico-dimarco/profil/spieler/198116,https://img.a.transfermarkt.technology/portrait/big/198116-1725531769.jpg,apify-transfermarkt-global-player-scraper
126414,Hakan Çalhanoğlu,Hakan Çalhanoğlu,hakan calhanoglu,1994-02-08,32,Türkiye; Germany,Defensive Midfield,Midfielder,right,178,Inter Milan,46,IT1,2027-06-30,16000000,18000000,45000000,2026-05-29,Turkiye,108,22,41050000,https://www.transfermarkt.com/hakan-calhanoglu/profil/spieler/126414,https://img.a.transfermarkt.technology/portrait/big/126414-1709035146.jpg,apify-transfermarkt-global-player-scraper
55735,Henrikh Mkhitaryan,Հենրիխ Համլետի Մխիթարյան,henrikh mkhitaryan,1989-01-21,37,Armenia,Central Midfield,Midfielder,both,177,Inter Milan,46,IT1,2027-06-30,3000000,3500000,37000000,2026-05-29,,0,0,112800000,https://www.transfermarkt.com/henrikh-mkhitaryan/profil/spieler/55735,https://img.a.transfermarkt.technology/portrait/big/55735-1664973670.jpg,apify-transfermarkt-global-player-scraper
388516,Josep Martínez,Josep Martínez Riera,josep martinez,1998-05-27,28,Spain,Goalkeeper,Goalkeeper,right,191,Inter Milan,46,IT1,2029-06-30,10000000,7500000,12000000,2026-05-29,,0,0,20000000,https://www.transfermarkt.com/josep-martinez/profil/spieler/388516,https://img.a.transfermarkt.technology/portrait/big/388516-1686153132.jpg,apify-transfermarkt-global-player-scraper
543771,Kristjan Asllani,Kristjan Asllani,kristjan asllani,2002-03-09,24,Albania; Italy,Defensive Midfield,Midfielder,right,179,Inter Milan,46,IT1,2028-06-30,12000000,13000000,18000000,2026-05-21,Albania,42,5,17200000,https://www.transfermarkt.com/kristjan-asllani/profil/spieler/543771,https://img.a.transfermarkt.technology/portrait/big/543771-1716969431.jpg,apify-transfermarkt-global-player-scraper
406625,Lautaro Martínez,Lautaro Javier Martínez,lautaro martinez,1997-08-22,28,Argentina,Centre-Forward,Striker,right,174,Inter Milan,46,IT1,2029-06-30,85000000,85000000,110000000,2026-05-29,Argentina,81,38,25000000,https://www.transfermarkt.com/lautaro-martinez/profil/spieler/406625,https://img.a.transfermarkt.technology/portrait/big/406625-1695024988.jpg,apify-transfermarkt-global-player-scraper
691316,Luis Henrique Tomaz de Lima,Luis Henrique,luis henrique tomaz de lima,2001-12-14,24,Brazil,Right Midfield,Midfielder,right,181,Inter Milan,46,IT1,2030-06-30,22000000,23000000,25000000,2026-05-29,,0,0,30800000,https://www.transfermarkt.com/luis-henrique/profil/spieler/691316,https://img.a.transfermarkt.technology/portrait/big/691316-1743759325.jpg,apify-transfermarkt-global-player-scraper
284730,Manuel Akanji,Manuel Obafemi Akanji,manuel akanji,1995-07-19,30,Switzerland; Nigeria,Centre-Back,Defender,right,188,Inter Milan,46,IT1,2028-06-30,17000000,18000000,45000000,2026-05-29,Switzerland,85,4,58200000,https://www.transfermarkt.com/manuel-akanji/profil/spieler/284730,https://img.a.transfermarkt.technology/portrait/big/284730-1684165752.jpg,apify-transfermarkt-global-player-scraper
318528,Marcus Thuram,Marcus Lilian Thuram-Ulien,marcus thuram,1997-08-06,28,France; Guadeloupe,Centre-Forward,Striker,right,192,Inter Milan,46,IT1,2028-06-30,50000000,50000000,75000000,2026-05-29,France,35,3,9600000,https://www.transfermarkt.com/marcus-thuram/profil/spieler/318528,https://img.a.transfermarkt.technology/portrait/big/318528-1746041509.jpg,apify-transfermarkt-global-player-scraper
255942,Nicolò Barella,Nicolò Barella,nicolo barella,1997-02-07,29,Italy,Central Midfield,Midfielder,right,175,Inter Milan,46,IT1,2029-06-30,50000000,50000000,80000000,2026-05-29,,0,0,50500000,https://www.transfermarkt.com/nicolo-barella/profil/spieler/255942,https://img.a.transfermarkt.technology/portrait/big/255942-1725531625.jpg,apify-transfermarkt-global-player-scraper
668207,Petar Sučić,Petar Sučić,petar sucic,2003-10-25,22,Croatia; Bosnia-Herzegovina,Central Midfield,Midfielder,right,183,Inter Milan,46,IT1,2030-06-30,40000000,30000000,40000000,2026-05-29,Croatia,21,2,14800000,https://www.transfermarkt.com/petar-sucic/profil/spieler/668207,https://img.a.transfermarkt.technology/portrait/big/668207-1757603291.jpg,apify-transfermarkt-global-player-scraper
930781,Pio Esposito,Francesco Pio Esposito,pio esposito,2005-06-28,21,Italy,Centre-Forward,Striker,right,191,Inter Milan,46,IT1,2030-06-30,45000000,45000000,45000000,2026-05-29,Italy,9,5,500000,https://www.transfermarkt.com/pio-esposito/profil/spieler/930781,https://img.a.transfermarkt.technology/portrait/big/930781-1757605256.jpg,apify-transfermarkt-global-player-scraper
181136,Piotr Zielinski,Piotr Sebastian Zieliński,piotr zielinski,1994-05-20,32,Poland; Italy,Central Midfield,Midfielder,both,180,Inter Milan,46,IT1,2028-06-30,10000000,10000000,50000000,2026-05-29,Poland,109,17,16100000,https://www.transfermarkt.com/piotr-zielinski/profil/spieler/181136,https://img.a.transfermarkt.technology/portrait/big/181136-1692962961.jpg,apify-transfermarkt-global-player-scraper
70580,Raffaele Di Gennaro,Raffaele Di Gennaro,raffaele di gennaro,1993-10-03,32,Italy,Goalkeeper,Goalkeeper,right,188,Inter Milan,46,IT1,,300000,300000,3500000,2026-05-29,,0,0,0,https://www.transfermarkt.com/raffaele-di-gennaro/profil/spieler/70580,https://img.a.transfermarkt.technology/portrait/big/70580-1692961707.jpg,apify-transfermarkt-global-player-scraper
915849,Yanis Massolin,Yanis Massolin,yanis massolin,2002-09-20,23,France; Algeria,Attacking Midfield,Midfielder,left,197,Inter Milan,46,IT1,2030-06-30,4500000,4000000,4500000,2026-06-04,,0,0,4200000,https://www.transfermarkt.com/yanis-massolin/profil/spieler/915849,https://img.a.transfermarkt.technology/portrait/big/915849-1758100470.png,apify-transfermarkt-global-player-scraper
441986,Yann Bisseck,Yann Aurel Ludger Bisseck,yann bisseck,2000-11-29,25,Germany; Cameroon,Centre-Back,Defender,right,196,Inter Milan,46,IT1,2029-06-30,50000000,40000000,50000000,2026-05-29,,0,0,8920000,https://www.transfermarkt.com/yann-bisseck/profil/spieler/441986,https://img.a.transfermarkt.technology/portrait/big/441986-1742497863.jpg,apify-transfermarkt-global-player-scraper
245625,Alex Palmer,Alexander Palmer,alex palmer,1996-08-10,29,England,Goalkeeper,Goalkeeper,right,191,Ipswich Town,677,GB1,2028-06-30,1000000,1000000,1200000,2026-05-28,,0,0,2400000,https://www.transfermarkt.com/alex-palmer/profil/spieler/245625,https://img.a.transfermarkt.technology/portrait/big/245625-1782247410.jpg,apify-transfermarkt-global-player-scraper
610581,Ali Al-Hamadi,"Ali Ibrahim Karim Ali Al-Hamadi, علي الحمادي",ali al hamadi,2002-03-01,24,Iraq; England,Centre-Forward,Striker,right,187,Ipswich Town,677,GB1,2028-06-30,1500000,2000000,2500000,2026-05-12,Iraq,23,5,1173500,https://www.transfermarkt.com/ali-al-hamadi/profil/spieler/610581,https://img.a.transfermarkt.technology/portrait/big/610581-1705017216.png,apify-transfermarkt-global-player-scraper
530813,Anis Mehmeti,Anis Mehmeti,anis mehmeti,2001-01-09,25,Albania; England,Attacking Midfield,Midfielder,right,180,Ipswich Town,677,GB1,2029-06-30,15000000,14000000,15000000,2026-05-28,Albania,5,0,3000000,https://www.transfermarkt.com/anis-mehmeti/profil/spieler/530813,https://img.a.transfermarkt.technology/portrait/big/530813-1680273487.jpg,apify-transfermarkt-global-player-scraper
315145,Azor Matusiwa,Azor Matusiwa,azor matusiwa,1998-04-28,28,Netherlands; Angola,Defensive Midfield,Midfielder,right,173,Ipswich Town,677,GB1,2029-06-30,12000000,11000000,13000000,2026-05-28,,0,0,31700000,https://www.transfermarkt.com/azor-matusiwa/profil/spieler/315145,https://img.a.transfermarkt.technology/portrait/big/315145-1639675049.png,apify-transfermarkt-global-player-scraper
468002,Ben Johnson,Benjamin Anthony Johnson,ben johnson,2000-01-24,26,England,Right-Back,Defender,right,184,Ipswich Town,677,GB1,2028-06-30,6000000,7000000,12000000,2026-05-28,,0,0,0,https://www.transfermarkt.com/ben-johnson/profil/spieler/468002,https://img.a.transfermarkt.technology/portrait/big/468002-1694618190.jpg,apify-transfermarkt-global-player-scraper
871335,Cameron Humphreys,Cameron Humphreys,cameron humphreys,2003-10-30,22,England,Central Midfield,Midfielder,left,178,Ipswich Town,677,GB1,2027-06-30,600000,500000,600000,2026-05-12,,0,0,0,https://www.transfermarkt.com/cameron-humphreys/profil/spieler/871335,https://img.a.transfermarkt.technology/portrait/big/871335-1706522887.jpg,apify-transfermarkt-global-player-scraper
364827,Cédric Kipré,Cédric Kipré,cedric kipre,1996-12-09,29,Cote d'Ivoire; France,Centre-Back,Defender,right,193,Ipswich Town,677,GB1,2028-06-30,2000000,2000000,3000000,2026-05-28,,0,0,6700000,https://www.transfermarkt.com/cedric-kipre/profil/spieler/364827,https://img.a.transfermarkt.technology/portrait/big/364827-1723832143.png,apify-transfermarkt-global-player-scraper
392591,Chiedozie Ogbene,Chiedozie Somkelechukwu Ogbene,chiedozie ogbene,1997-05-01,29,Ireland; Nigeria,Right Winger,Striker,right,181,Ipswich Town,677,GB1,2028-06-30,4000000,5000000,8000000,2026-05-28,Republic of Ireland,35,5,9500000,https://www.transfermarkt.com/chiedozie-ogbene/profil/spieler/392591,https://img.a.transfermarkt.technology/portrait/big/392591-1700737518.jpg,apify-transfermarkt-global-player-scraper
208379,Christian Walton,Christian Timothy Walton,christian walton,1995-11-09,30,England,Goalkeeper,Goalkeeper,left,195,Ipswich Town,677,GB1,2028-06-30,2500000,1200000,2500000,2026-05-28,,0,0,0,https://www.transfermarkt.com/christian-walton/profil/spieler/208379,https://img.a.transfermarkt.technology/portrait/big/208379-1720189930.jpg,apify-transfermarkt-global-player-scraper
197642,Chuba Akpom,Chuba Amechi Akpom,chuba akpom,1995-10-09,30,England; Nigeria,Centre-Forward,Striker,right,183,Ipswich Town,677,GB1,2029-06-30,3500000,5000000,12000000,2026-05-28,,0,0,28120000,https://www.transfermarkt.com/chuba-akpom/profil/spieler/197642,https://img.a.transfermarkt.technology/portrait/big/197642-1678463529.jpg,apify-transfermarkt-global-player-scraper
621997,Cieran Slicker,Cieran Peter Slicker,cieran slicker,2002-09-15,23,Scotland; England,Goalkeeper,Goalkeeper,,191,Ipswich Town,677,GB1,2028-06-30,350000,300000,350000,2026-05-15,,0,0,0,https://www.transfermarkt.com/cieran-slicker/profil/spieler/621997,https://img.a.transfermarkt.technology/portrait/big/621997-1655972071.jpg,apify-transfermarkt-global-player-scraper
401320,Dara O'Shea,Dara Joseph O'Shea,dara oshea,1999-03-04,27,Ireland,Centre-Back,Defender,right,189,Ipswich Town,677,GB1,2030-06-30,16000000,15000000,16000000,2026-05-28,Republic of Ireland,45,0,22000000,https://www.transfermarkt.com/dara-o-shea/profil/spieler/401320,https://img.a.transfermarkt.technology/portrait/big/401320-1782247529.jpg,apify-transfermarkt-global-player-scraper
351755,Darnell Furlong,Darnell Anthony Furlong,darnell furlong,1995-10-31,30,England; Montserrat,Right-Back,Defender,right,183,Ipswich Town,677,GB1,2028-06-30,2500000,3000000,5000000,2026-05-28,,0,0,5700000,https://www.transfermarkt.com/darnell-furlong/profil/spieler/351755,https://img.a.transfermarkt.technology/portrait/big/351755-1723554942.jpg,apify-transfermarkt-global-player-scraper
61814,David Button,David Robert Edmund Button,david button,1989-02-27,37,England,Goalkeeper,Goalkeeper,right,191,Ipswich Town,677,GB1,2026-06-30,50000,50000,2000000,2026-05-28,,0,0,8530000,https://www.transfermarkt.com/david-button/profil/spieler/61814,https://img.a.transfermarkt.technology/portrait/big/61814-1747404141.jpg,apify-transfermarkt-global-player-scraper
758030,Elkan Baggott,Elkan William Tio Baggott,elkan baggott,2002-10-23,23,Indonesia; England,Centre-Back,Defender,left,196,Ipswich Town,677,GB1,2028-06-30,200000,200000,250000,2026-05-28,Indonesia,27,2,0,https://www.transfermarkt.com/elkan-baggott/profil/spieler/758030,https://img.a.transfermarkt.technology/portrait/big/758030-1668433994.jpg,apify-transfermarkt-global-player-scraper
420808,George Hirst,George David Eric Hirst,george hirst,1999-02-15,27,Scotland; England,Centre-Forward,Striker,right,191,Ipswich Town,677,GB1,2029-06-30,10000000,8000000,10000000,2026-05-28,Scotland,10,1,1750000,https://www.transfermarkt.com/george-hirst/profil/spieler/420808,https://img.a.transfermarkt.technology/portrait/big/420808-1738823357.jpg,apify-transfermarkt-global-player-scraper
528892,Harry Clarke,Harrison Thomas Clarke,harry clarke,2001-03-02,25,England,Right-Back,Defender,right,180,Ipswich Town,677,GB1,2027-06-30,2500000,3000000,5000000,2026-05-28,,0,0,0,https://www.transfermarkt.com/harry-clarke/profil/spieler/528892,https://img.a.transfermarkt.technology/portrait/big/528892-1782246434.jpg,apify-transfermarkt-global-player-scraper
559794,Jack Clarke,Jack Raymond Clarke,jack clarke,2000-11-23,25,England,Left Winger,Striker,right,181,Ipswich Town,677,GB1,2029-06-30,20000000,18000000,20000000,2026-05-28,,0,0,28700000,https://www.transfermarkt.com/jack-clarke/profil/spieler/559794,https://img.a.transfermarkt.technology/portrait/big/559794-1708003059.jpg,apify-transfermarkt-global-player-scraper
458178,Jack Taylor,Jack Henry Philip Taylor,jack taylor,1998-06-23,28,Ireland; England,Central Midfield,Midfielder,right,185,Ipswich Town,677,GB1,2028-06-30,3000000,3000000,3000000,2026-05-28,,0,0,2320000,https://www.transfermarkt.com/jack-taylor/profil/spieler/458178,https://img.a.transfermarkt.technology/portrait/big/458178-1706522764.jpg,apify-transfermarkt-global-player-scraper
693095,Jacob Greaves,Jacob John Greaves,jacob greaves,2000-09-12,25,England,Centre-Back,Defender,left,193,Ipswich Town,677,GB1,2029-06-30,14000000,14000000,20000000,2026-05-28,,0,0,21500000,https://www.transfermarkt.com/jacob-greaves/profil/spieler/693095,https://img.a.transfermarkt.technology/portrait/big/693095-1727786112.jpg,apify-transfermarkt-global-player-scraper
665390,Jaden Philogene,Jaden Philogene-Bidace,jaden philogene,2002-02-08,24,England; Dominica,Left Winger,Striker,right,181,Ipswich Town,677,GB1,2029-06-30,20000000,18000000,20000000,2026-05-28,,0,0,45500000,https://www.transfermarkt.com/jaden-philogene/profil/spieler/665390,https://img.a.transfermarkt.technology/portrait/big/665390-1737014900.jpg,apify-transfermarkt-global-player-scraper
621193,Kasey McAteer,Kasey Ian McAteer,kasey mcateer,2001-11-22,24,Ireland; England,Right Midfield,Midfielder,right,177,Ipswich Town,677,GB1,2029-06-30,10000000,10000000,12000000,2026-05-28,,0,0,13900000,https://www.transfermarkt.com/kasey-mcateer/profil/spieler/621193,https://img.a.transfermarkt.technology/portrait/big/621193-1731659829.jpg,apify-transfermarkt-global-player-scraper
596446,Leif Davis,Leif Davis,leif davis,1999-12-31,26,England,Left-Back,Defender,left,182,Ipswich Town,677,GB1,2029-06-30,20000000,20000000,25000000,2026-05-28,,0,0,1200000,https://www.transfermarkt.com/leif-davis/profil/spieler/596446,https://img.a.transfermarkt.technology/portrait/big/596446-1738823882.jpg,apify-transfermarkt-global-player-scraper
715558,Marcelino Núñez,Marcelino Ignacio Núñez Espinoza,marcelino nunez,2000-03-01,26,Chile,Central Midfield,Midfielder,right,173,Ipswich Town,677,GB1,2029-06-30,14000000,10000000,14000000,2026-05-28,,0,0,12550000,https://www.transfermarkt.com/marcelino-nunez/profil/spieler/715558,https://img.a.transfermarkt.technology/portrait/big/715558-1718987243.jpg,apify-transfermarkt-global-player-scraper
292139,Sammie Szmodics,Samuel Joseph Szmodics,sammie szmodics,1995-09-24,30,Ireland; Hungary,Attacking Midfield,Midfielder,right,168,Ipswich Town,677,GB1,2028-06-30,3500000,5500000,12000000,2026-05-28,,0,0,15500000,https://www.transfermarkt.com/sammie-szmodics/profil/spieler/292139,https://img.a.transfermarkt.technology/portrait/big/292139-1708002780.jpg,apify-transfermarkt-global-player-scraper
923504,Sindre Walle Egeli,Sindre Walle Egeli,sindre walle egeli,2006-06-21,20,Norway,Right Winger,Striker,left,182,Ipswich Town,677,GB1,2030-06-30,15000000,18000000,20000000,2026-05-28,Norway U21,12,7,20200000,https://www.transfermarkt.com/sindre-walle-egeli/profil/spieler/923504,https://img.a.transfermarkt.technology/portrait/big/923504-1733310795.jpg,apify-transfermarkt-global-player-scraper
255731,Wes Burns,Wesley James Burns,wes burns,1994-11-23,31,Wales,Right Midfield,Midfielder,right,173,Ipswich Town,677,GB1,2027-06-30,1500000,1800000,4000000,2026-05-28,,0,0,0,https://www.transfermarkt.com/wes-burns/profil/spieler/255731,https://img.a.transfermarkt.technology/portrait/big/255731-1664179868.jpg,apify-transfermarkt-global-player-scraper
459658,Andrea Cambiaso,Andrea Cambiaso,andrea cambiaso,2000-02-20,26,Italy,Left-Back,Defender,both,182,Juventus FC,506,IT1,2029-06-30,20000000,30000000,40000000,2026-05-29,,0,0,17500000,https://www.transfermarkt.com/andrea-cambiaso/profil/spieler/459658,https://img.a.transfermarkt.technology/portrait/big/459658-1662127057.jpg,apify-transfermarkt-global-player-scraper
191891,Arkadiusz Milik,Arkadiusz Krystian Milik,arkadiusz milik,1994-02-28,32,Poland,Centre-Forward,Striker,left,186,Juventus FC,506,IT1,2027-06-30,1500000,1500000,40000000,2026-05-29,,0,0,59308460,https://www.transfermarkt.com/arkadiusz-milik/profil/spieler/191891,https://img.a.transfermarkt.technology/portrait/big/191891-1661518258.jpg,apify-transfermarkt-global-player-scraper
362842,Arthur Henrique Ramos de Oliveira Melo,Arthur Melo,arthur henrique ramos de oliveira melo,1996-08-12,29,Brazil,Central Midfield,Midfielder,right,172,Juventus FC,506,IT1,2027-06-30,4000000,4000000,70000000,2026-05-26,,0,0,118800000,https://www.transfermarkt.com/arthur-melo/profil/spieler/362842,https://img.a.transfermarkt.technology/portrait/big/362842-1692880101.jpg,apify-transfermarkt-global-player-scraper
75411,Carlo Pinsoglio,Carlo Pinsoglio,carlo pinsoglio,1990-03-16,36,Italy,Goalkeeper,Goalkeeper,left,194,Juventus FC,506,IT1,2027-06-30,200000,200000,1000000,2026-05-29,,0,0,2300000,https://www.transfermarkt.com/carlo-pinsoglio/profil/spieler/75411,https://img.a.transfermarkt.technology/portrait/big/75411-1663577377.jpg,apify-transfermarkt-global-player-scraper
162959,Daniele Rugani,Daniele Rugani,daniele rugani,1994-07-29,31,Italy,Centre-Back,Defender,right,190,Juventus FC,506,IT1,2028-06-30,2000000,2000000,22000000,2026-05-29,,0,0,6513000,https://www.transfermarkt.com/daniele-rugani/profil/spieler/162959,https://img.a.transfermarkt.technology/portrait/big/162959-1753427431.jpg,apify-transfermarkt-global-player-scraper
447661,Douglas Luiz Soares de Paulo,Douglas Luiz,douglas luiz soares de paulo,1998-05-09,28,Brazil,Central Midfield,Midfielder,right,177,Juventus FC,506,IT1,2029-06-30,18000000,20000000,70000000,2026-06-03,,0,0,85150000,https://www.transfermarkt.com/douglas-luiz/profil/spieler/447661,https://img.a.transfermarkt.technology/portrait/big/447661-1696598670.jpg,apify-transfermarkt-global-player-scraper
496857,Edon Zhegrova,Edon Lulzim Zhegrova,edon zhegrova,1999-03-31,27,Kosovo; Albania,Right Winger,Striker,left,180,Juventus FC,506,IT1,2030-06-30,10000000,14000000,25000000,2026-05-29,Kosovo,46,5,25500000,https://www.transfermarkt.com/edon-zhegrova/profil/spieler/496857,https://img.a.transfermarkt.technology/portrait/big/496857-1767803628.jpg,apify-transfermarkt-global-player-scraper
571607,Fabio Miretti,Fabio Miretti,fabio miretti,2003-08-03,22,Italy,Central Midfield,Midfielder,right,180,Juventus FC,506,IT1,2028-06-30,15000000,16000000,16000000,2026-05-29,,0,0,500000,https://www.transfermarkt.com/fabio-miretti/profil/spieler/571607,https://img.a.transfermarkt.technology/portrait/big/571607-1652773586.jpg,apify-transfermarkt-global-player-scraper
509022,Federico Gatti,Federico Gatti,federico gatti,1998-06-24,28,Italy,Centre-Back,Defender,right,190,Juventus FC,506,IT1,2030-06-30,14000000,16000000,25000000,2026-05-29,,0,0,9150000,https://www.transfermarkt.com/federico-gatti/profil/spieler/509022,https://img.a.transfermarkt.technology/portrait/big/509022-1725531068.jpg,apify-transfermarkt-global-player-scraper
487474,Francisco Conceição,Francisco Fernandes da Conceição,francisco conceicao,2002-12-14,23,Portugal,Right Winger,Striker,left,166,Juventus FC,506,IT1,2030-06-30,30000000,30000000,36000000,2026-05-29,Portugal,20,4,56802500,https://www.transfermarkt.com/francisco-conceicao/profil/spieler/487474,https://img.a.transfermarkt.technology/portrait/big/487474-1749069081.jpg,apify-transfermarkt-global-player-scraper
516716,Gleison Bremer Silva Nascimento,Bremer,gleison bremer silva nascimento,1997-03-18,29,Brazil,Centre-Back,Defender,right,188,Juventus FC,506,IT1,2029-06-30,35000000,35000000,60000000,2026-05-29,Brazil,8,1,57186000,https://www.transfermarkt.com/bremer/profil/spieler/516716,https://img.a.transfermarkt.technology/portrait/big/516716-1725531520.jpg,apify-transfermarkt-global-player-scraper
934878,Jeff Ekhator,Jeff Ekhator Osayuki,jeff ekhator,2006-11-11,19,Italy; Nigeria,Centre-Forward,Striker,right,188,Juventus FC,506,IT1,2031-06-30,18000000,13000000,18000000,2026-05-29,Italy,1,0,16400000,https://www.transfermarkt.com/jeff-ekhator/profil/spieler/934878,https://img.a.transfermarkt.technology/portrait/big/934878-1757663221.jpg,apify-transfermarkt-global-player-scraper
216569,Jérémie Boga,Jérémie Boga,jeremie boga,1997-01-03,29,Cote d'Ivoire; France,Left Winger,Striker,right,172,Juventus FC,506,IT1,2029-06-30,8000000,8000000,25000000,2026-05-29,,0,0,54300000,https://www.transfermarkt.com/jeremie-boga/profil/spieler/216569,https://img.a.transfermarkt.technology/portrait/big/216569-1756824408.jpg,apify-transfermarkt-global-player-scraper
537602,João Mário Neto Lopes,João Mário,joao mario neto lopes,2000-01-03,26,Portugal,Right-Back,Defender,right,178,Juventus FC,506,IT1,2030-06-30,8000000,8500000,16000000,2026-05-29,,0,0,12000000,https://www.transfermarkt.com/joao-mario/profil/spieler/537602,https://img.a.transfermarkt.technology/portrait/big/537602-1753421209.jpg,apify-transfermarkt-global-player-scraper
741090,Jonas Rouhi,Jonas Jakob Rouhi,jonas rouhi,2004-01-07,22,Sweden; Morocco,Left-Back,Defender,left,183,Juventus FC,506,IT1,2028-06-30,2000000,2000000,2000000,2026-06-04,,0,0,250000,https://www.transfermarkt.com/jonas-rouhi/profil/spieler/741090,https://img.a.transfermarkt.technology/portrait/big/741090-1757604908.jpg,apify-transfermarkt-global-player-scraper
533738,Jonathan David,Jonathan Christian David,jonathan david,2000-01-14,26,Canada; United States,Centre-Forward,Striker,both,178,Juventus FC,506,IT1,2030-06-30,30000000,35000000,60000000,2026-05-29,Canada,82,42,27000000,https://www.transfermarkt.com/jonathan-david/profil/spieler/533738,https://img.a.transfermarkt.technology/portrait/big/533738-1760114012.jpg,apify-transfermarkt-global-player-scraper
686965,Juan Cabal,Juan David Cabal Murillo,juan cabal,2001-01-08,25,Colombia,Left-Back,Defender,left,186,Juventus FC,506,IT1,2029-06-30,7000000,9000000,9000000,2026-05-29,,0,0,16300000,https://www.transfermarkt.com/juan-cabal/profil/spieler/686965,https://img.a.transfermarkt.technology/portrait/big/686965-1692964112.jpg,apify-transfermarkt-global-player-scraper
845654,Kenan Yıldız,Kenan Yıldız,kenan y ld z,2005-05-04,21,Türkiye; Germany,Left Winger,Striker,both,187,Juventus FC,506,IT1,2030-06-30,75000000,75000000,75000000,2026-05-29,Turkiye,31,5,0,https://www.transfermarkt.com/kenan-yildiz/profil/spieler/845654,https://img.a.transfermarkt.technology/portrait/big/845654-1759822280.jpg,apify-transfermarkt-global-player-scraper
463618,Khéphren Thuram,Khéphren Thuram-Ulien,khephren thuram,2001-03-26,25,France; Guadeloupe,Central Midfield,Midfielder,right,192,Juventus FC,506,IT1,2029-06-30,38000000,40000000,40000000,2026-05-29,,0,0,20600000,https://www.transfermarkt.com/khephren-thuram/profil/spieler/463618,https://img.a.transfermarkt.technology/portrait/big/463618-1683889273.jpg,apify-transfermarkt-global-player-scraper
480116,Lloyd Kelly,Lloyd Casius Kelly,lloyd kelly,1998-10-06,27,England; Jamaica,Centre-Back,Defender,left,189,Juventus FC,506,IT1,2029-06-30,23000000,20000000,23000000,2026-05-29,,0,0,35800000,https://www.transfermarkt.com/lloyd-kelly/profil/spieler/480116,https://img.a.transfermarkt.technology/portrait/big/480116-1739281396.jpg,apify-transfermarkt-global-player-scraper
368887,Loïs Openda,Ikoma Loïs Openda,lois openda,2000-02-16,26,Belgium; Morocco,Centre-Forward,Striker,right,177,Juventus FC,506,IT1,2030-06-30,25000000,32000000,60000000,2026-05-29,,0,0,101580000,https://www.transfermarkt.com/lois-openda/profil/spieler/368887,https://img.a.transfermarkt.technology/portrait/big/368887-1713944805.jpg,apify-transfermarkt-global-player-scraper
265088,Manuel Locatelli,Manuel Locatelli,manuel locatelli,1998-01-08,28,Italy,Defensive Midfield,Midfielder,right,185,Juventus FC,506,IT1,2030-06-30,25000000,25000000,35000000,2026-05-29,,0,0,50400000,https://www.transfermarkt.com/manuel-locatelli/profil/spieler/265088,https://img.a.transfermarkt.technology/portrait/big/265088-1730125083.jpg,apify-transfermarkt-global-player-scraper
110923,Mattia Perin,Mattia Perin,mattia perin,1992-11-10,33,Italy,Goalkeeper,Goalkeeper,right,188,Juventus FC,506,IT1,2027-06-30,2000000,2000000,18000000,2026-05-29,,0,0,17321000,https://www.transfermarkt.com/mattia-perin/profil/spieler/110923,https://img.a.transfermarkt.technology/portrait/big/110923-1695107834.jpg,apify-transfermarkt-global-player-scraper
301238,Michele Di Gregorio,Michele Di Gregorio,michele di gregorio,1997-07-27,28,Italy,Goalkeeper,Goalkeeper,right,187,Juventus FC,506,IT1,2029-06-30,10000000,14000000,18000000,2026-05-29,,0,0,25000000,https://www.transfermarkt.com/michele-di-gregorio/profil/spieler/301238,https://img.a.transfermarkt.technology/portrait/big/301238-1730125609.jpg,apify-transfermarkt-global-player-scraper
486031,Nico González,Nicolás Iván Gonzalez,nico gonzalez,1998-04-06,28,Argentina; Italy,Left Winger,Striker,left,180,Juventus FC,506,IT1,2029-06-30,22000000,24000000,40000000,2026-06-05,Argentina,54,6,77080000,https://www.transfermarkt.com/nico-gonzalez/profil/spieler/486031,https://img.a.transfermarkt.technology/portrait/big/486031-1673442459.jpg,apify-transfermarkt-global-player-scraper
585949,Pierre Kalulu,Pierre Kazeye Rommel Kalulu Kyatengwa,pierre kalulu,2000-06-05,26,France; DR Congo,Centre-Back,Defender,right,182,Juventus FC,506,IT1,2029-06-30,32000000,32000000,35000000,2026-05-29,,0,0,18990000,https://www.transfermarkt.com/pierre-kalulu/profil/spieler/585949,https://img.a.transfermarkt.technology/portrait/big/585949-1684854558.jpg,apify-transfermarkt-global-player-scraper
360518,Teun Koopmeiners,Teun Koopmeiners,teun koopmeiners,1998-02-28,28,Netherlands,Defensive Midfield,Midfielder,left,185,Juventus FC,506,IT1,2029-06-30,14000000,20000000,55000000,2026-05-29,Netherlands,32,3,76300000,https://www.transfermarkt.com/teun-koopmeiners/profil/spieler/360518,https://img.a.transfermarkt.technology/portrait/big/360518-1707302998.jpg,apify-transfermarkt-global-player-scraper
944570,Vasilije Adžić,Василије Аџић,vasilije adzic,2006-05-12,20,Montenegro,Attacking Midfield,Midfielder,right,185,Juventus FC,506,IT1,2029-06-30,8000000,8000000,8000000,2026-05-29,Montenegro U21,6,2,7200000,https://www.transfermarkt.com/vasilije-adzic/profil/spieler/944570,https://img.a.transfermarkt.technology/portrait/big/944570-1730123395.jpg,apify-transfermarkt-global-player-scraper
332697,Weston McKennie,Weston James Earl McKennie,weston mckennie,1998-08-28,27,United States,Central Midfield,Midfielder,right,180,Juventus FC,506,IT1,2030-06-30,30000000,30000000,30000000,2026-05-29,United States,70,12,27650000,https://www.transfermarkt.com/weston-mckennie/profil/spieler/332697,https://img.a.transfermarkt.technology/portrait/big/332697-1754245044.jpg,apify-transfermarkt-global-player-scraper
1179146,Dastan Satpaev,Сатпаев Дастан Талгатович,dastan satpaev,2008-08-12,17,Kazakhstan,Centre-Forward,Striker,both,175,Kairat Almaty,10482,KAS1,2026-12-31,3500000,3000000,3500000,2026-06-23,Kazakhstan,8,1,2400000,https://www.transfermarkt.com/dastan-satpaev/profil/spieler/1179146,https://img.a.transfermarkt.technology/portrait/big/1179146-1777730897.png,apify-transfermarkt-global-player-scraper
194386,Alex Cairns,Alexander Thomas Cairns,alex cairns,1993-01-04,33,England,Goalkeeper,Goalkeeper,right,183,Leeds United,399,GB1,2026-06-30,50000,75000,250000,2026-06-03,,0,0,0,https://www.transfermarkt.com/alex-cairns/profil/spieler/194386,https://img.a.transfermarkt.technology/portrait/big/194386-1724939306.jpg,apify-transfermarkt-global-player-scraper
344069,Anton Stach,Anton Levi Stach,anton stach,1998-11-15,27,Germany,Defensive Midfield,Midfielder,right,194,Leeds United,399,GB1,2029-06-30,28000000,25000000,28000000,2026-06-03,,0,0,36500000,https://www.transfermarkt.com/anton-stach/profil/spieler/344069,https://img.a.transfermarkt.technology/portrait/big/344069-1723921116.jpg,apify-transfermarkt-global-player-scraper
489359,Ao Tanaka,田中 碧,ao tanaka,1998-09-10,27,Japan,Central Midfield,Midfielder,right,180,Leeds United,399,GB1,2028-06-30,13000000,10000000,13000000,2026-06-03,Japan,41,8,5100000,https://www.transfermarkt.com/ao-tanaka/profil/spieler/489359,https://img.a.transfermarkt.technology/portrait/big/489359-1780324258.jpg,apify-transfermarkt-global-player-scraper
393323,Brenden Aaronson,Brenden Russell Aaronson,brenden aaronson,2000-10-22,25,United States,Attacking Midfield,Midfielder,right,177,Leeds United,399,GB1,2027-06-30,22000000,18000000,30000000,2026-06-03,United States,59,9,45542000,https://www.transfermarkt.com/brenden-aaronson/profil/spieler/393323,https://img.a.transfermarkt.technology/portrait/big/393323-1691614083.jpg,apify-transfermarkt-global-player-scraper
883539,Charlie Crew,Charles David Crew,charlie crew,2006-06-15,20,Wales,Defensive Midfield,Midfielder,right,185,Leeds United,399,GB1,2028-06-30,150000,150000,150000,2026-06-03,Wales U21,9,0,0,https://www.transfermarkt.com/charlie-crew/profil/spieler/883539,https://img.a.transfermarkt.technology/portrait/big/883539-1747518597.jpg,apify-transfermarkt-global-player-scraper
319301,Daniel James,Daniel Owen James,daniel james,1997-11-10,28,Wales; England,Right Winger,Striker,right,171,Leeds United,399,GB1,2029-06-30,10000000,12000000,28000000,2026-06-03,Wales,65,10,46900000,https://www.transfermarkt.com/daniel-james/profil/spieler/319301,https://img.a.transfermarkt.technology/portrait/big/319301-1668520687.jpg,apify-transfermarkt-global-player-scraper
306024,Dominic Calvert-Lewin,Dominic Nathaniel Calvert-Lewin,dominic calvert lewin,1997-03-16,29,England,Centre-Forward,Striker,right,189,Leeds United,399,GB1,2028-06-30,22000000,22000000,45000000,2026-06-03,,0,0,1800000,https://www.transfermarkt.com/dominic-calvert-lewin/profil/spieler/306024,https://img.a.transfermarkt.technology/portrait/big/306024-1685705768.jpg,apify-transfermarkt-global-player-scraper
392771,Ethan Ampadu,Ethan Kwame Colm Raymond Ampadu,ethan ampadu,2000-09-14,25,Wales; England,Defensive Midfield,Midfielder,right,182,Leeds United,399,GB1,2030-06-30,30000000,25000000,30000000,2026-06-03,Wales,63,0,11550000,https://www.transfermarkt.com/ethan-ampadu/profil/spieler/392771,https://img.a.transfermarkt.technology/portrait/big/392771-1658829697.jpg,apify-transfermarkt-global-player-scraper
362108,Gabriel Gudmundsson,Gabriel Johan Gudmundsson,gabriel gudmundsson,1999-04-29,27,Sweden,Left-Back,Defender,left,181,Leeds United,399,GB1,2029-06-30,20000000,20000000,20000000,2026-06-03,Sweden,28,0,17600000,https://www.transfermarkt.com/gabriel-gudmundsson/profil/spieler/362108,https://img.a.transfermarkt.technology/portrait/big/362108-1666691160.jpg,apify-transfermarkt-global-player-scraper
381753,Ilia Gruev,Илия Илиев Груев,ilia gruev,2000-05-06,26,Bulgaria; Germany,Defensive Midfield,Midfielder,left,185,Leeds United,399,GB1,2027-06-30,12000000,12000000,12000000,2026-06-03,,0,0,6500000,https://www.transfermarkt.com/ilia-gruev/profil/spieler/381753,https://img.a.transfermarkt.technology/portrait/big/381753-1724940121.jpg,apify-transfermarkt-global-player-scraper
449597,Isaac Schmidt,Isaac Osa's Schmidt,isaac schmidt,1999-12-07,26,Switzerland; Nigeria,Left-Back,Defender,right,172,Leeds United,399,GB1,2028-06-30,2200000,2200000,2200000,2026-05-27,,0,0,2972000,https://www.transfermarkt.com/isaac-schmidt/profil/spieler/449597,https://img.a.transfermarkt.technology/portrait/big/449597-1758702525.jpg,apify-transfermarkt-global-player-scraper
417346,Jack Harrison,Jack David Harrison,jack harrison,1996-11-20,29,England,Left Winger,Striker,left,175,Leeds United,399,GB1,2028-06-30,6500000,8000000,28000000,2026-05-29,,0,0,17800000,https://www.transfermarkt.com/jack-harrison/profil/spieler/417346,https://img.a.transfermarkt.technology/portrait/big/417346-1711746777.jpg,apify-transfermarkt-global-player-scraper
371851,Jaka Bijol,Jaka Bijol,jaka bijol,1999-02-05,27,Slovenia,Centre-Back,Defender,right,190,Leeds United,399,GB1,2030-06-30,20000000,18000000,20000000,2026-06-03,Slovenia,73,1,24160000,https://www.transfermarkt.com/jaka-bijol/profil/spieler/371851,https://img.a.transfermarkt.technology/portrait/big/371851-1695029407.jpg,apify-transfermarkt-global-player-scraper
413220,James Justin,James Michael Justin,james justin,1998-02-23,28,England; St. Lucia,Right-Back,Defender,both,183,Leeds United,399,GB1,2029-06-30,12000000,12000000,25000000,2026-06-03,,0,0,16000000,https://www.transfermarkt.com/james-justin/profil/spieler/413220,https://img.a.transfermarkt.technology/portrait/big/413220-1746646113.jpg,apify-transfermarkt-global-player-scraper
465717,Jayden Bogle,Jayden Ian Bogle,jayden bogle,2000-07-27,25,England,Right-Back,Defender,right,178,Leeds United,399,GB1,2028-06-30,15000000,12000000,15000000,2026-06-03,,0,0,9800000,https://www.transfermarkt.com/jayden-bogle/profil/spieler/465717,https://img.a.transfermarkt.technology/portrait/big/465717-1764840719.jpg,apify-transfermarkt-global-player-scraper
503980,Joe Gelhardt,Joseph Paul Gelhardt,joe gelhardt,2002-05-04,24,England,Centre-Forward,Striker,left,179,Leeds United,399,GB1,2027-06-30,14000000,10000000,14000000,2026-05-28,,0,0,1000000,https://www.transfermarkt.com/joe-gelhardt/profil/spieler/503980,https://img.a.transfermarkt.technology/portrait/big/503980-1695109020.jpg,apify-transfermarkt-global-player-scraper
297212,Joe Rodon,Joseph Peter Rodon,joe rodon,1997-10-22,28,Wales,Centre-Back,Defender,right,193,Leeds United,399,GB1,2028-06-30,18000000,15000000,18000000,2026-06-03,Wales,62,2,23900000,https://www.transfermarkt.com/joe-rodon/profil/spieler/297212,https://img.a.transfermarkt.technology/portrait/big/297212-1666698393.jpg,apify-transfermarkt-global-player-scraper
369962,Joël Piroe,Joël Mohammed Ramzan Piroe,joel piroe,1999-08-02,26,Suriname; Netherlands,Centre-Forward,Striker,left,185,Leeds United,399,GB1,2027-06-30,10000000,13000000,18000000,2026-06-03,Suriname,1,0,15165000,https://www.transfermarkt.com/joel-piroe/profil/spieler/369962,https://img.a.transfermarkt.technology/portrait/big/369962-1715936868.jpg,apify-transfermarkt-global-player-scraper
518644,Largie Ramazani,Largie Ramazani,largie ramazani,2001-02-27,25,Belgium; Burundi,Left Winger,Striker,right,168,Leeds United,399,GB1,2028-06-30,8000000,8000000,10000000,2026-06-05,,0,0,7700000,https://www.transfermarkt.com/largie-ramazani/profil/spieler/518644,https://img.a.transfermarkt.technology/portrait/big/518644-1692367509.jpg,apify-transfermarkt-global-player-scraper
352041,Lucas Perri,Lucas Estella Perri,lucas perri,1997-12-10,28,Brazil; Italy,Goalkeeper,Goalkeeper,right,197,Leeds United,399,GB1,2029-06-30,10000000,13000000,16000000,2026-06-03,,0,0,22850000,https://www.transfermarkt.com/lucas-perri/profil/spieler/352041,https://img.a.transfermarkt.technology/portrait/big/352041-1733188777.jpg,apify-transfermarkt-global-player-scraper
314288,Lukas Nmecha,Lukas Okechukwu Nmecha,lukas nmecha,1998-12-14,27,Germany; England,Centre-Forward,Striker,right,185,Leeds United,399,GB1,2027-06-30,10000000,10000000,18000000,2026-06-03,,0,0,8000000,https://www.transfermarkt.com/lukas-nmecha/profil/spieler/314288,https://img.a.transfermarkt.technology/portrait/big/314288-1657203640.jpg,apify-transfermarkt-global-player-scraper
834742,Mateo Joseph,Mateo Joseph Fernández Regatillo,mateo joseph,2003-10-19,22,Spain; England,Centre-Forward,Striker,right,185,Leeds United,399,GB1,2028-06-30,3500000,3500000,3500000,2026-06-05,,0,0,0,https://www.transfermarkt.com/mateo-joseph/profil/spieler/834742,https://img.a.transfermarkt.technology/portrait/big/834742-1749739164.jpg,apify-transfermarkt-global-player-scraper
263361,Maximilian Wöber,Maximilian Wöber,maximilian wober,1998-02-04,28,Austria,Centre-Back,Defender,left,188,Leeds United,399,GB1,2027-06-30,3000000,3000000,14000000,2026-05-27,,0,0,41000000,https://www.transfermarkt.com/maximilian-woeber/profil/spieler/263361,https://img.a.transfermarkt.technology/portrait/big/263361-1756027913.jpg,apify-transfermarkt-global-player-scraper
346890,Noah Okafor,Noah Arinzechukwu Okafor,noah okafor,2000-05-24,26,Switzerland; Nigeria,Left Winger,Striker,right,185,Leeds United,399,GB1,2029-06-30,25000000,18000000,25000000,2026-06-03,Switzerland,26,2,47600000,https://www.transfermarkt.com/noah-okafor/profil/spieler/346890,https://img.a.transfermarkt.technology/portrait/big/346890-1692879855.jpg,apify-transfermarkt-global-player-scraper
236953,Sam Byram,Samuel Mark Byram,sam byram,1993-09-16,32,England,Left-Back,Defender,right,183,Leeds United,399,GB1,2026-06-30,400000,600000,4500000,2026-06-03,,0,0,5630000,https://www.transfermarkt.com/sam-byram/profil/spieler/236953,https://img.a.transfermarkt.technology/portrait/big/236953-1724940024.jpg,apify-transfermarkt-global-player-scraper
346707,Sean Longstaff,Sean David Longstaff,sean longstaff,1997-10-30,28,England,Central Midfield,Midfielder,right,187,Leeds United,399,GB1,2029-06-30,15000000,16000000,25000000,2026-06-03,,0,0,13800000,https://www.transfermarkt.com/sean-longstaff/profil/spieler/346707,https://img.a.transfermarkt.technology/portrait/big/346707-1682341336.jpg,apify-transfermarkt-global-player-scraper
338629,Sebastiaan Bornauw,Sebastiaan Bornauw,sebastiaan bornauw,1999-03-22,27,Belgium,Centre-Back,Defender,right,191,Leeds United,399,GB1,2029-06-30,8000000,8000000,14000000,2026-06-03,,0,0,28350000,https://www.transfermarkt.com/sebastiaan-bornauw/profil/spieler/338629,https://img.a.transfermarkt.technology/portrait/big/338629-1657202272.jpg,apify-transfermarkt-global-player-scraper
627626,Wilfried Gnonto,Degnand Wilfried Gnonto,wilfried gnonto,2003-11-05,22,Italy; Cote d'Ivoire,Right Winger,Striker,right,170,Leeds United,399,GB1,2028-06-30,16000000,18000000,22000000,2026-06-03,,0,0,4500000,https://www.transfermarkt.com/wilfried-gnonto/profil/spieler/627626,https://img.a.transfermarkt.technology/portrait/big/627626-1647955561.jpg,apify-transfermarkt-global-player-scraper
341263,Adrián Dela,Adrián de la Fuente Barquilla,adrian dela,1999-02-26,27,Spain,Centre-Back,Defender,right,179,Levante UD,3368,ES1,2027-06-30,4000000,3000000,4000000,2026-06-05,,0,0,0,https://www.transfermarkt.com/adrian-dela/profil/spieler/341263,https://img.a.transfermarkt.technology/portrait/big/341263-1698879765.jpg,apify-transfermarkt-global-player-scraper
668179,Carlos Álvarez,Carlos Álvarez Rivera,carlos alvarez,2003-08-06,22,Spain,Attacking Midfield,Midfielder,left,168,Levante UD,3368,ES1,2027-06-30,15000000,15000000,15000000,2026-06-05,,0,0,1000000,https://www.transfermarkt.com/carlos-alvarez/profil/spieler/668179,https://img.a.transfermarkt.technology/portrait/big/668179-1726053882.jpg,apify-transfermarkt-global-player-scraper
1063338,Carlos Espí,Carlos Espí Escrihuela,carlos espi,2005-07-24,20,Spain,Centre-Forward,Striker,right,194,Levante UD,3368,ES1,2028-06-30,20000000,2500000,20000000,2026-06-05,,0,0,0,https://www.transfermarkt.com/carlos-espi/profil/spieler/1063338,https://img.a.transfermarkt.technology/portrait/big/1063338-1759409131.jpg,apify-transfermarkt-global-player-scraper
1099061,Dani Martín,Daniel Martín Rodríguez,dani martin,2005-09-26,20,Spain,Goalkeeper,Goalkeeper,right,188,Levante UD,3368,ES1,2028-06-30,300000,300000,300000,2026-06-22,,0,0,100000,https://www.transfermarkt.com/dani-martin/profil/spieler/1099061,https://img.a.transfermarkt.technology/portrait/big/1099061-1757572361.png,apify-transfermarkt-global-player-scraper
1063336,Edgar Alcañiz,Edgar Alcañiz Baldovi,edgar alcaniz,2005-03-18,21,Spain,Central Midfield,Midfielder,right,173,Levante UD,3368,ES1,2028-06-30,150000,150000,150000,2026-06-23,,0,0,0,https://www.transfermarkt.com/edgar-alcaniz/profil/spieler/1063336,,apify-transfermarkt-global-player-scraper
707222,Enzo Bardeli,Enzo Bardeli,enzo bardeli,2001-04-11,25,France,Central Midfield,Midfielder,right,173,Levante UD,3368,ES1,2029-06-30,6000000,6000000,6000000,2026-05-26,,0,0,0,https://www.transfermarkt.com/enzo-bardeli/profil/spieler/707222,https://img.a.transfermarkt.technology/portrait/big/707222-1778861802.jpg,apify-transfermarkt-global-player-scraper
628886,Iván Romero,Iván Romero de Ávila Araque,ivan romero,2001-04-10,25,Spain,Centre-Forward,Striker,right,173,Levante UD,3368,ES1,2028-06-30,8000000,7500000,8000000,2026-06-05,,0,0,100000,https://www.transfermarkt.com/ivan-romero/profil/spieler/628886,https://img.a.transfermarkt.technology/portrait/big/628886-1756192561.jpg,apify-transfermarkt-global-player-scraper
129674,Jeremy Toljan,Jeremy Isaiah Richard Toljan,jeremy toljan,1994-08-08,31,Germany; United States,Right-Back,Defender,right,182,Levante UD,3368,ES1,2027-06-30,2000000,2200000,6000000,2026-06-05,,0,0,13250000,https://www.transfermarkt.com/jeremy-toljan/profil/spieler/129674,https://img.a.transfermarkt.technology/portrait/big/129674-1692277806.jpg,apify-transfermarkt-global-player-scraper
625660,Jon Ander Olasagasti,Jon Ander Olasagasti Imizcoz,jon ander olasagasti,2000-08-16,25,Spain,Central Midfield,Midfielder,left,176,Levante UD,3368,ES1,2028-06-30,2500000,1800000,4000000,2026-06-05,,0,0,500000,https://www.transfermarkt.com/jon-ander-olasagasti/profil/spieler/625660,https://img.a.transfermarkt.technology/portrait/big/625660-1695238891.jpg,apify-transfermarkt-global-player-scraper
1063333,Jorge Cabello,Jorge Cabello Trujillo,jorge cabello,2004-04-25,22,Spain,Centre-Back,Defender,left,183,Levante UD,3368,ES1,2028-06-30,900000,900000,900000,2026-06-22,,0,0,0,https://www.transfermarkt.com/jorge-cabello/profil/spieler/1063333,https://img.a.transfermarkt.technology/portrait/big/1063333-1726053748.jpg,apify-transfermarkt-global-player-scraper
1063340,Kareem Tunde,Kareem Tunde Ruiz,kareem tunde,2005-08-19,20,Spain; Nigeria,Right Winger,Striker,left,177,Levante UD,3368,ES1,2029-06-30,2000000,1000000,2000000,2026-06-05,,0,0,0,https://www.transfermarkt.com/kareem-tunde/profil/spieler/1063340,,apify-transfermarkt-global-player-scraper
1038950,Karl Etta Eyong,Karl Edouard Blaise Etta Eyong,karl etta eyong,2003-10-14,22,Cameroon,Centre-Forward,Striker,right,181,Levante UD,3368,ES1,2029-06-30,15000000,18000000,20000000,2026-06-05,Cameroon,8,2,4550000,https://www.transfermarkt.com/karl-etta-eyong/profil/spieler/1038950,https://img.a.transfermarkt.technology/portrait/big/1038950-1759409401.jpg,apify-transfermarkt-global-player-scraper
526050,Kervin Arriaga,Kervin Fabián Arriaga Villanueva,kervin arriaga,1998-01-05,28,Honduras,Defensive Midfield,Midfielder,right,191,Levante UD,3368,ES1,2028-06-30,2000000,1500000,2000000,2026-06-05,Honduras,45,4,1000000,https://www.transfermarkt.com/kervin-arriaga/profil/spieler/526050,https://img.a.transfermarkt.technology/portrait/big/526050-1710094372.jpg,apify-transfermarkt-global-player-scraper
1371830,Nacho Pérez,Nacho Pérez Gómez,nacho perez,2008-08-29,17,Spain,Right-Back,Defender,right,176,Levante UD,3368,ES1,2028-06-30,300000,0,300000,2026-06-05,,0,0,0,https://www.transfermarkt.com/nacho-perez/profil/spieler/1371830,https://img.a.transfermarkt.technology/portrait/big/1371830-1783119841.jpg,apify-transfermarkt-global-player-scraper
293388,Oriol Rey,Oriol Rey Erenas,oriol rey,1998-02-25,28,Spain,Defensive Midfield,Midfielder,left,177,Levante UD,3368,ES1,2027-06-30,1800000,1800000,2000000,2026-06-05,,0,0,0,https://www.transfermarkt.com/oriol-rey/profil/spieler/293388,https://img.a.transfermarkt.technology/portrait/big/293388-1726053851.jpg,apify-transfermarkt-global-player-scraper
617059,Pablo Campos,Pablo Cuñat Campos,pablo campos,2002-04-28,24,Spain,Goalkeeper,Goalkeeper,right,188,Levante UD,3368,ES1,2027-06-30,1500000,1500000,1500000,2026-06-05,,0,0,0,https://www.transfermarkt.com/pablo-campos/profil/spieler/617059,https://img.a.transfermarkt.technology/portrait/big/617059-1742981909.jpg,apify-transfermarkt-global-player-scraper
1232057,Paco Cortés,Francisco Cortés Gracia,paco cortes,2007-08-11,18,Spain,Left Winger,Striker,right,178,Levante UD,3368,ES1,2028-06-30,1500000,1000000,1500000,2026-06-05,,0,0,0,https://www.transfermarkt.com/paco-cortes/profil/spieler/1232057,https://img.a.transfermarkt.technology/portrait/big/1232057-1761232668.jpg,apify-transfermarkt-global-player-scraper
557057,Roger Brugué,Roger Brugué Ayguade,roger brugue,1996-11-04,29,Spain,Left Winger,Striker,left,174,Levante UD,3368,ES1,2028-06-30,2000000,2000000,2000000,2026-06-05,,0,0,0,https://www.transfermarkt.com/roger-brugue/profil/spieler/557057,https://img.a.transfermarkt.technology/portrait/big/557057-1701787446.jpg,apify-transfermarkt-global-player-scraper
921345,Tay Abed,תאי עבד,tay abed,2004-08-03,21,Israel; Spain,Right Winger,Striker,left,178,Levante UD,3368,ES1,2029-06-30,1000000,800000,1000000,2026-06-05,Israel,1,0,200000,https://www.transfermarkt.com/tay-abed/profil/spieler/921345,https://img.a.transfermarkt.technology/portrait/big/921345-1752587415.jpg,apify-transfermarkt-global-player-scraper
255495,Unai Elgezabal,Unai Elgezabal Udondo,unai elgezabal,1993-04-25,33,Spain,Centre-Back,Defender,right,185,Levante UD,3368,ES1,2027-06-30,500000,600000,700000,2026-06-05,,0,0,0,https://www.transfermarkt.com/unai-elgezabal/profil/spieler/255495,https://img.a.transfermarkt.technology/portrait/big/255495-1675799445.jpg,apify-transfermarkt-global-player-scraper
590690,Víctor García,Víctor García Raja,victor garcia,1997-09-16,28,Spain,Right-Back,Defender,right,180,Levante UD,3368,ES1,2027-06-30,1500000,1000000,1500000,2026-06-05,,0,0,0,https://www.transfermarkt.com/victor-garcia/profil/spieler/590690,https://img.a.transfermarkt.technology/portrait/big/590690-1702510605.png,apify-transfermarkt-global-player-scraper
947115,Xavi Grande,Xavier Grande Sánchez,xavi grande,2005-01-28,21,Spain,Right-Back,Defender,right,178,Levante UD,3368,ES1,2028-06-30,800000,500000,800000,2026-06-24,,0,0,0,https://www.transfermarkt.com/xavi-grande/profil/spieler/947115,https://img.a.transfermarkt.technology/portrait/big/947115-1763323926.jpg,apify-transfermarkt-global-player-scraper
349066,Alexander Isak,Alexander Isak,alexander isak,1999-09-21,26,Sweden; Eritrea,Centre-Forward,Striker,right,190,Liverpool FC,31,GB1,2031-06-30,85000000,100000000,140000000,2026-06-03,Sweden,62,18,246100000,https://www.transfermarkt.com/alexander-isak/profil/spieler/349066,https://img.a.transfermarkt.technology/portrait/big/349066-1680791339.jpg,apify-transfermarkt-global-player-scraper
534033,Alexis Mac Allister,Alexis Mac Allister,alexis mac allister,1998-12-24,27,Argentina; Italy,Central Midfield,Midfielder,right,176,Liverpool FC,31,GB1,2028-06-30,70000000,80000000,100000000,2026-06-03,Argentina,50,6,50000000,https://www.transfermarkt.com/alexis-mac-allister/profil/spieler/534033,https://img.a.transfermarkt.technology/portrait/big/534033-1669835342.jpg,apify-transfermarkt-global-player-scraper
105470,Alisson Ramses Becker,Alisson,alisson ramses becker,1992-10-02,33,Brazil,Goalkeeper,Goalkeeper,right,193,Liverpool FC,31,GB1,2027-06-30,15000000,17000000,90000000,2026-06-03,Brazil,83,0,80500000,https://www.transfermarkt.com/alisson/profil/spieler/105470,https://img.a.transfermarkt.technology/portrait/big/105470-1780389358.jpg,apify-transfermarkt-global-player-scraper
633652,Calvin Ramsay,Calvin William Ramsay,calvin ramsay,2003-07-31,22,Scotland,Right-Back,Defender,right,177,Liverpool FC,31,GB1,2027-06-30,1500000,1500000,5000000,2026-06-03,,0,0,4900000,https://www.transfermarkt.com/calvin-ramsay/profil/spieler/633652,https://img.a.transfermarkt.technology/portrait/big/633652-1774469298.jpg,apify-transfermarkt-global-player-scraper
434675,Cody Gakpo,Cody Mathès Gakpo,cody gakpo,1999-05-07,27,Netherlands; Togo,Left Winger,Striker,right,193,Liverpool FC,31,GB1,2030-06-30,60000000,65000000,70000000,2026-06-03,Netherlands,54,24,42000000,https://www.transfermarkt.com/cody-gakpo/profil/spieler/434675,https://img.a.transfermarkt.technology/portrait/big/434675-1682690965.jpg,apify-transfermarkt-global-player-scraper
624258,Conor Bradley,Conor Bradley,conor bradley,2003-07-09,22,Northern Ireland,Right-Back,Defender,right,181,Liverpool FC,31,GB1,2029-06-30,25000000,30000000,30000000,2026-06-03,,0,0,60000,https://www.transfermarkt.com/conor-bradley/profil/spieler/624258,https://img.a.transfermarkt.technology/portrait/big/624258-1762340233.jpg,apify-transfermarkt-global-player-scraper
433188,Curtis Jones,Curtis Jones,curtis jones,2001-01-30,25,England,Central Midfield,Midfielder,right,185,Liverpool FC,31,GB1,2027-06-30,35000000,35000000,50000000,2026-06-03,,0,0,0,https://www.transfermarkt.com/curtis-jones/profil/spieler/433188,https://img.a.transfermarkt.technology/portrait/big/433188-1701681163.jpg,apify-transfermarkt-global-player-scraper
451276,Dominik Szoboszlai,Dominik Szoboszlai,dominik szoboszlai,2000-10-25,25,Hungary,Attacking Midfield,Midfielder,right,187,Liverpool FC,31,GB1,2028-06-30,100000000,100000000,100000000,2026-06-03,Hungary,65,18,106500000,https://www.transfermarkt.com/dominik-szoboszlai/profil/spieler/451276,https://img.a.transfermarkt.technology/portrait/big/451276-1758715234.jpg,apify-transfermarkt-global-player-scraper
341092,Federico Chiesa,Federico Chiesa,federico chiesa,1997-10-25,28,Italy,Right Winger,Striker,right,175,Liverpool FC,31,GB1,2028-06-30,13000000,15000000,70000000,2026-06-03,,0,0,69200000,https://www.transfermarkt.com/federico-chiesa/profil/spieler/341092,https://img.a.transfermarkt.technology/portrait/big/341092-1663576975.jpg,apify-transfermarkt-global-player-scraper
598577,Florian Wirtz,Florian Richard Wirtz,florian wirtz,2003-05-03,23,Germany,Attacking Midfield,Midfielder,right,177,Liverpool FC,31,GB1,2030-06-30,100000000,110000000,140000000,2026-06-03,Germany,45,11,125200000,https://www.transfermarkt.com/florian-wirtz/profil/spieler/598577,https://img.a.transfermarkt.technology/portrait/big/598577-1781163178.jpg,apify-transfermarkt-global-player-scraper
226049,Freddie Woodman,Frederick John Woodman,freddie woodman,1997-03-04,29,England,Goalkeeper,Goalkeeper,right,188,Liverpool FC,31,GB1,2027-06-30,3000000,3000000,10000000,2026-06-03,,0,0,100000,https://www.transfermarkt.com/freddie-woodman/profil/spieler/226049,https://img.a.transfermarkt.technology/portrait/big/226049-1737883837.jpg,apify-transfermarkt-global-player-scraper
502676,Giorgi Mamardashvili,გიორგი მამარდაშვილი,giorgi mamardashvili,2000-09-29,25,Georgia,Goalkeeper,Goalkeeper,left,197,Liverpool FC,31,GB1,2031-06-30,28000000,28000000,45000000,2026-06-03,Georgia,38,0,34050000,https://www.transfermarkt.com/giorgi-mamardashvili/profil/spieler/502676,https://img.a.transfermarkt.technology/portrait/big/502676-1716542116.jpg,apify-transfermarkt-global-player-scraper
1086619,Giovanni Leoni,Giovanni Leoni,giovanni leoni,2006-12-21,19,Italy,Centre-Back,Defender,right,196,Liverpool FC,31,GB1,2031-06-30,25000000,25000000,25000000,2026-06-03,,0,0,38650000,https://www.transfermarkt.com/giovanni-leoni/profil/spieler/1086619,https://img.a.transfermarkt.technology/portrait/big/1086619-1751532399.jpg,apify-transfermarkt-global-player-scraper
706815,Harvey Davies,Harvey Peter Davies,harvey davies,2003-09-03,22,England,Goalkeeper,Goalkeeper,left,190,Liverpool FC,31,GB1,2027-06-30,500000,500000,500000,2026-06-03,,0,0,0,https://www.transfermarkt.com/harvey-davies/profil/spieler/706815,https://img.a.transfermarkt.technology/portrait/big/706815-1755504936.jpg,apify-transfermarkt-global-player-scraper
565822,Harvey Elliott,Harvey Scott Elliott,harvey elliott,2003-04-04,23,England,Attacking Midfield,Midfielder,left,170,Liverpool FC,31,GB1,2027-06-30,20000000,22000000,35000000,2026-06-03,,0,0,1700000,https://www.transfermarkt.com/harvey-elliott/profil/spieler/565822,https://img.a.transfermarkt.technology/portrait/big/565822-1665128076.jpg,apify-transfermarkt-global-player-scraper
709726,Hugo Ekitiké,Hugo Timothée Ekitiké,hugo ekitike,2002-06-20,24,France; Cameroon,Centre-Forward,Striker,right,190,Liverpool FC,31,GB1,2031-06-30,80000000,90000000,90000000,2026-06-03,,0,0,158500000,https://www.transfermarkt.com/hugo-ekitike/profil/spieler/709726,https://img.a.transfermarkt.technology/portrait/big/709726-1758714741.jpg,apify-transfermarkt-global-player-scraper
484547,Jeremie Frimpong,Jeremie Agyekum Frimpong,jeremie frimpong,2000-12-10,25,Netherlands; Ghana,Right-Back,Defender,right,172,Liverpool FC,31,GB1,2030-06-30,35000000,35000000,50000000,2026-06-03,,0,0,51380000,https://www.transfermarkt.com/jeremie-frimpong/profil/spieler/484547,https://img.a.transfermarkt.technology/portrait/big/484547-1689710682.jpg,apify-transfermarkt-global-player-scraper
1004301,Jérémy Jacquet,Jérémy Jacquet,jeremy jacquet,2005-07-13,20,France; Guadeloupe,Centre-Back,Defender,right,190,Liverpool FC,31,GB1,2031-06-30,55000000,55000000,55000000,2026-06-01,,0,0,64500000,https://www.transfermarkt.com/jeremy-jacquet/profil/spieler/1004301,https://img.a.transfermarkt.technology/portrait/big/1004301-1714503850.jpg,apify-transfermarkt-global-player-scraper
256178,Joe Gomez,Joseph Dave Gomez,joe gomez,1997-05-23,29,England; The Gambia,Centre-Back,Defender,right,188,Liverpool FC,31,GB1,2027-06-30,13000000,15000000,42000000,2026-06-03,,0,0,4900000,https://www.transfermarkt.com/joe-gomez/profil/spieler/256178,https://img.a.transfermarkt.technology/portrait/big/256178-1746645094.jpg,apify-transfermarkt-global-player-scraper
338070,Konstantinos Tsimikas,Κωνσταντίνος Τσιμίκας,konstantinos tsimikas,1996-05-12,30,Greece,Left-Back,Defender,left,179,Liverpool FC,31,GB1,2027-06-30,4500000,8000000,22000000,2026-05-29,Greece,51,2,13035000,https://www.transfermarkt.com/konstantinos-tsimikas/profil/spieler/338070,https://img.a.transfermarkt.technology/portrait/big/338070-1682088468.jpg,apify-transfermarkt-global-player-scraper
730861,Milos Kerkez,Милош Керкез,milos kerkez,2003-11-07,22,Hungary; Serbia,Left-Back,Defender,left,180,Liverpool FC,31,GB1,2030-06-30,35000000,40000000,45000000,2026-06-03,Hungary,32,0,70270000,https://www.transfermarkt.com/milos-kerkez/profil/spieler/730861,https://img.a.transfermarkt.technology/portrait/big/730861-1773172293.jpg,apify-transfermarkt-global-player-scraper
1108466,Rio Ngumoha,Rio Bass Ray Ngumoha Adigun,rio ngumoha,2008-08-29,17,England; Nigeria,Left Winger,Striker,right,170,Liverpool FC,31,GB1,2028-06-30,30000000,20000000,30000000,2026-06-03,England U19,11,1,3200000,https://www.transfermarkt.com/rio-ngumoha/profil/spieler/1108466,https://img.a.transfermarkt.technology/portrait/big/1108466-1730834754.jpg,apify-transfermarkt-global-player-scraper
478573,Ryan Gravenberch,Ryan Jiro Gravenberch,ryan gravenberch,2002-05-16,24,Netherlands; Suriname,Defensive Midfield,Midfielder,right,190,Liverpool FC,31,GB1,2032-06-30,80000000,90000000,90000000,2026-06-03,Netherlands,31,1,58500000,https://www.transfermarkt.com/ryan-gravenberch/profil/spieler/478573,https://img.a.transfermarkt.technology/portrait/big/478573-1718097194.jpg,apify-transfermarkt-global-player-scraper
864799,Stefan Bajcetic,Stefan Bajčetić Maquieira,stefan bajcetic,2004-10-22,21,Spain; Serbia,Defensive Midfield,Midfielder,right,185,Liverpool FC,31,GB1,2027-06-30,4000000,5000000,13000000,2026-06-03,,0,0,250000,https://www.transfermarkt.com/stefan-bajcetic/profil/spieler/864799,https://img.a.transfermarkt.technology/portrait/big/864799-1661441233.jpg,apify-transfermarkt-global-player-scraper
1045123,Trey Nyoni,Treymaurice Nyoni,trey nyoni,2007-06-30,19,England; Zimbabwe,Central Midfield,Midfielder,right,180,Liverpool FC,31,GB1,2030-06-30,8000000,6000000,8000000,2026-06-03,England U19,13,1,0,https://www.transfermarkt.com/trey-nyoni/profil/spieler/1045123,https://img.a.transfermarkt.technology/portrait/big/1045123-1708933240.jpg,apify-transfermarkt-global-player-scraper
935231,Víctor Muñoz,Víctor Muñoz Villanueva,victor munoz,2003-07-13,22,Spain,Left Winger,Striker,right,173,Liverpool FC,31,GB1,,30000000,20000000,30000000,2026-06-05,Spain,2,1,65000000,https://www.transfermarkt.com/victor-munoz/profil/spieler/935231,https://img.a.transfermarkt.technology/portrait/big/935231-1747037145.jpg,apify-transfermarkt-global-player-scraper
139208,Virgil van Dijk,Virgil van Dijk,virgil van dijk,1991-07-08,34,Netherlands; Suriname,Centre-Back,Defender,right,195,Liverpool FC,31,GB1,2027-06-30,15000000,18000000,100000000,2026-06-03,Netherlands,96,13,103100000,https://www.transfermarkt.com/virgil-van-dijk/profil/spieler/139208,https://img.a.transfermarkt.technology/portrait/big/139208-1702049837.jpg,apify-transfermarkt-global-player-scraper
486604,Vitezslav Jaros,Vítězslav Jaroš,vitezslav jaros,2001-07-23,24,Czech Republic,Goalkeeper,Goalkeeper,right,190,Liverpool FC,31,GB1,2028-06-30,5000000,5000000,6000000,2026-05-28,,0,0,0,https://www.transfermarkt.com/vitezslav-jaros/profil/spieler/486604,https://img.a.transfermarkt.technology/portrait/big/486604-1696603392.jpg,apify-transfermarkt-global-player-scraper
146310,Wataru Endo,遠藤 航,wataru endo,1993-02-09,33,Japan,Defensive Midfield,Midfielder,right,178,Liverpool FC,31,GB1,2027-06-30,4000000,5000000,13000000,2026-06-03,,0,0,22000000,https://www.transfermarkt.com/wataru-endo/profil/spieler/146310,https://img.a.transfermarkt.technology/portrait/big/146310-1657181542.jpg,apify-transfermarkt-global-player-scraper
818880,Tommaso Corazza,Tommaso Corazza,tommaso corazza,2004-06-29,22,Italy,Left-Back,Defender,right,174,LR Vicenza,2655,IT2,2027-06-30,1500000,1500000,1500000,2026-06-04,,0,0,0,https://www.transfermarkt.com/tommaso-corazza/profil/spieler/818880,https://img.a.transfermarkt.technology/portrait/big/818880-1692278831.jpg,apify-transfermarkt-global-player-scraper
258216,Kasey Palmer,Kasey Remel Palmer,kasey palmer,1996-11-09,29,Jamaica; England,Attacking Midfield,Midfielder,right,182,Luton Town,1031,GB3,,900000,900000,3000000,2026-05-12,,0,0,4030000,https://www.transfermarkt.com/kasey-palmer/profil/spieler/258216,https://img.a.transfermarkt.technology/portrait/big/258216-1684494199.jpg,apify-transfermarkt-global-player-scraper
938144,Diego Kochen,Diego Kochen,diego kochen,2006-03-19,20,United States; Peru,Goalkeeper,Goalkeeper,right,190,Lyngby Boldklub,369,DK1,2027-06-30,1500000,500000,1500000,2026-06-08,United States U23,1,0,0,https://www.transfermarkt.com/diego-kochen/profil/spieler/938144,https://img.a.transfermarkt.technology/portrait/big/938144-1727891789.jpg,apify-transfermarkt-global-player-scraper
1109577,Aarón Ochoa,Aarón Ochoa Moloney,aaron ochoa,2007-04-18,19,Ireland; Spain,Attacking Midfield,Midfielder,right,167,Málaga CF,1084,ES1,2029-06-30,800000,500000,800000,2026-06-22,Republic of Ireland U19,11,1,0,https://www.transfermarkt.com/aaron-ochoa/profil/spieler/1109577,https://img.a.transfermarkt.technology/portrait/big/1109577-1725885829.jpg,apify-transfermarkt-global-player-scraper
926849,Adrián Niño,Adrián Niño Heredia,adrian nino,2004-06-19,22,Spain,Centre-Forward,Striker,right,185,Málaga CF,1084,ES1,2029-06-30,2000000,1000000,2000000,2026-06-22,Spain U21,3,2,380000,https://www.transfermarkt.com/adrian-nino/profil/spieler/926849,https://img.a.transfermarkt.technology/portrait/big/926849-1731933033.jpg,apify-transfermarkt-global-player-scraper
398056,Álex Pastor,Álex Pastor Carayol,alex pastor,1999-10-01,26,Spain,Centre-Back,Defender,right,185,Málaga CF,1084,ES1,2028-06-30,300000,300000,300000,2026-06-22,,0,0,76000,https://www.transfermarkt.com/alex-pastor/profil/spieler/398056,https://img.a.transfermarkt.technology/portrait/big/398056-1543829456.jpg,apify-transfermarkt-global-player-scraper
129478,Alfonso Herrero,Alfonso Herrero Peinador,alfonso herrero,1994-04-21,32,Spain,Goalkeeper,Goalkeeper,right,183,Málaga CF,1084,ES1,2028-06-30,400000,400000,600000,2026-06-22,,0,0,0,https://www.transfermarkt.com/alfonso-herrero/profil/spieler/129478,https://img.a.transfermarkt.technology/portrait/big/129478-1725618323.jpg,apify-transfermarkt-global-player-scraper
897521,Ángel Recio,Ángel Recio Gutiérrez,angel recio,2003-01-05,23,Spain,Centre-Back,Defender,right,185,Málaga CF,1084,ES1,2029-06-30,300000,300000,300000,2026-06-22,,0,0,0,https://www.transfermarkt.com/angel-recio/profil/spieler/897521,,apify-transfermarkt-global-player-scraper
1004298,Carlos López,Carlos López Nogueras,carlos lopez,2004-11-13,21,Spain,Goalkeeper,Goalkeeper,right,183,Málaga CF,1084,ES1,2029-06-30,100000,100000,100000,2026-06-22,,0,0,0,https://www.transfermarkt.com/carlos-lopez/profil/spieler/1004298,https://img.a.transfermarkt.technology/portrait/big/1004298-1725883415.jpg,apify-transfermarkt-global-player-scraper
776703,Carlos Puga,Carlos Francisco Puga Medina,carlos puga,2000-11-26,25,Spain,Right-Back,Defender,right,175,Málaga CF,1084,ES1,2029-06-30,800000,500000,800000,2026-06-22,,0,0,100000,https://www.transfermarkt.com/carlos-puga/profil/spieler/776703,https://img.a.transfermarkt.technology/portrait/big/776703-1725885464.jpg,apify-transfermarkt-global-player-scraper
780817,Carlos Ruiz Rubio,Chupe,carlos ruiz rubio,2004-08-24,21,Spain,Centre-Forward,Striker,right,185,Málaga CF,1084,ES1,2029-06-30,10000000,6000000,10000000,2026-06-22,,0,0,0,https://www.transfermarkt.com/chupe/profil/spieler/780817,https://img.a.transfermarkt.technology/portrait/big/780817-1773830581.jpg,apify-transfermarkt-global-player-scraper
960562,Dani Lorenzo,Daniel Lorenzo Guerrero,dani lorenzo,2003-04-05,23,Spain,Attacking Midfield,Midfielder,right,176,Málaga CF,1084,ES1,2029-06-30,1500000,1500000,1500000,2026-06-22,,0,0,0,https://www.transfermarkt.com/dani-lorenzo/profil/spieler/960562,https://img.a.transfermarkt.technology/portrait/big/960562-1725885634.jpg,apify-transfermarkt-global-player-scraper
622951,Dani Sánchez,Daniel Rodríguez Sánchez,dani sanchez,2000-01-14,26,Spain,Left-Back,Defender,left,171,Málaga CF,1084,ES1,2027-06-30,400000,400000,400000,2026-06-22,,0,0,0,https://www.transfermarkt.com/dani-sanchez/profil/spieler/622951,https://img.a.transfermarkt.technology/portrait/big/622951-1725885408.jpg,apify-transfermarkt-global-player-scraper
635939,David Larrubia,David Larrubia Romano,david larrubia,2002-04-20,24,Spain,Right Winger,Striker,left,172,Málaga CF,1084,ES1,2028-06-30,5000000,4000000,5000000,2026-06-22,,0,0,0,https://www.transfermarkt.com/david-larrubia/profil/spieler/635939,https://img.a.transfermarkt.technology/portrait/big/635939-1725885924.jpg,apify-transfermarkt-global-player-scraper
635930,Diego Murillo,Diego Murillo Dominguez,diego murillo,2001-03-14,25,Spain,Centre-Back,Defender,right,179,Málaga CF,1084,ES1,2029-06-30,1500000,1000000,1500000,2026-06-22,,0,0,0,https://www.transfermarkt.com/diego-murillo/profil/spieler/635930,https://img.a.transfermarkt.technology/portrait/big/635930-1725883727.jpg,apify-transfermarkt-global-player-scraper
251046,Einar Galilea,Einar Galilea Azaceta,einar galilea,1994-05-22,32,Spain,Centre-Back,Defender,left,185,Málaga CF,1084,ES1,2026-06-30,350000,400000,400000,2026-06-22,,0,0,0,https://www.transfermarkt.com/einar-galilea/profil/spieler/251046,https://img.a.transfermarkt.technology/portrait/big/251046-1646598982.png,apify-transfermarkt-global-player-scraper
667996,Haitam Abaida,هيثم عبيدة,haitam abaida,2002-06-01,24,Morocco; Spain,Right Winger,Striker,left,172,Málaga CF,1084,ES1,2027-06-30,200000,200000,200000,2026-06-22,,0,0,0,https://www.transfermarkt.com/haitam-abaida/profil/spieler/667996,https://img.a.transfermarkt.technology/portrait/big/667996-1725886034.jpg,apify-transfermarkt-global-player-scraper
1078436,Izan Merino,Izan Merino Rodríguez,izan merino,2006-04-15,20,Spain,Central Midfield,Midfielder,right,183,Málaga CF,1084,ES1,2028-06-30,2000000,2000000,2000000,2026-06-22,,0,0,0,https://www.transfermarkt.com/izan-merino/profil/spieler/1078436,https://img.a.transfermarkt.technology/portrait/big/1078436-1725885589.jpg,apify-transfermarkt-global-player-scraper
396334,Joaquín Muñoz,Joaquín Muñoz Benavides,joaquin munoz,1999-03-10,27,Spain,Left Winger,Striker,both,173,Málaga CF,1084,ES1,2027-06-30,1500000,1000000,1500000,2026-06-22,,0,0,1500000,https://www.transfermarkt.com/joaquin-munoz/profil/spieler/396334,https://img.a.transfermarkt.technology/portrait/big/396334-1710417120.png,apify-transfermarkt-global-player-scraper
455066,Juanpe Jiménez,Juan Pedro Jiménez Melero,juanpe jimenez,1996-03-31,30,Spain,Central Midfield,Midfielder,right,184,Málaga CF,1084,ES1,2028-06-30,300000,300000,300000,2026-06-22,,0,0,0,https://www.transfermarkt.com/juanpe-jimenez/profil/spieler/455066,https://img.a.transfermarkt.technology/portrait/big/455066-1643299266.png,apify-transfermarkt-global-player-scraper
625654,Julen Lobete,Julen Lobete Cienfuegos,julen lobete,2000-09-18,25,Spain,Left Winger,Striker,right,178,Málaga CF,1084,ES1,2027-06-30,1200000,1200000,5000000,2026-06-22,,0,0,1000000,https://www.transfermarkt.com/julen-lobete/profil/spieler/625654,https://img.a.transfermarkt.technology/portrait/big/625654-1633347659.jpg,apify-transfermarkt-global-player-scraper
923080,Moussa Diarra,Moussa Diarra,moussa diarra,2002-01-20,24,Mali,Centre-Back,Defender,right,188,Málaga CF,1084,ES1,2028-06-30,25000,100000,100000,2026-06-08,,0,0,0,https://www.transfermarkt.com/moussa-diarra/profil/spieler/923080,https://img.a.transfermarkt.technology/portrait/big/923080-1725883798.jpg,apify-transfermarkt-global-player-scraper
1057392,Pablo Arriaza,Pablo Arriaza Jurado,pablo arriaza,2003-08-20,22,Spain,Centre-Back,Defender,right,177,Málaga CF,1084,ES1,2027-06-30,50000,50000,50000,2026-06-08,,0,0,0,https://www.transfermarkt.com/pablo-arriaza/profil/spieler/1057392,,apify-transfermarkt-global-player-scraper
1057394,Rafa Rodríguez,Rafael Rodríguez Ruiz,rafa rodriguez,2003-07-10,22,Spain,Attacking Midfield,Midfielder,right,180,Málaga CF,1084,ES1,2028-06-30,1000000,1000000,1000000,2026-06-22,,0,0,0,https://www.transfermarkt.com/rafa-rodriguez/profil/spieler/1057394,https://img.a.transfermarkt.technology/portrait/big/1057394-1762764856.jpg,apify-transfermarkt-global-player-scraper
1064717,Rafita Garrido,Rafael Garrido Hierro,rafita garrido,2004-11-09,21,Spain,Right-Back,Defender,right,170,Málaga CF,1084,ES1,2029-06-30,1000000,700000,1000000,2026-06-22,,0,0,0,https://www.transfermarkt.com/rafita-garrido/profil/spieler/1064717,https://img.a.transfermarkt.technology/portrait/big/1064717-1781548686.jpg,apify-transfermarkt-global-player-scraper
567222,Ramón Enríquez,Ramón Enríquez Rodríguez,ramon enriquez,2001-04-19,25,Spain,Central Midfield,Midfielder,right,173,Málaga CF,1084,ES1,2027-06-30,200000,200000,1800000,2026-06-22,,0,0,0,https://www.transfermarkt.com/ramon-enriquez/profil/spieler/567222,https://img.a.transfermarkt.technology/portrait/big/567222-1591178705.jpg,apify-transfermarkt-global-player-scraper
763079,Abdukodir Khusanov,"Xusanov Abduqodir Xikmatjon o‘g‘li, Хусанов Абдуқодир Ҳикматжон ўғли",abdukodir khusanov,2004-02-29,22,Uzbekistan,Centre-Back,Defender,right,186,Manchester City,281,GB1,2029-06-30,50000000,35000000,50000000,2026-06-03,Uzbekistan,30,0,41250000,https://www.transfermarkt.com/abdukodir-khusanov/profil/spieler/763079,https://img.a.transfermarkt.technology/portrait/big/763079-1740493347.jpg,apify-transfermarkt-global-player-scraper
583255,Antoine Semenyo,Antoine Serlom Semenyo,antoine semenyo,2000-01-07,26,Ghana; England,Right Winger,Striker,right,185,Manchester City,281,GB1,2031-06-30,80000000,75000000,80000000,2026-06-03,Ghana,38,3,82250000,https://www.transfermarkt.com/antoine-semenyo/profil/spieler/583255,https://img.a.transfermarkt.technology/portrait/big/583255-1737452028.jpg,apify-transfermarkt-global-player-scraper
994536,Claudio Echeverri,Claudio Jeremías Echeverri,claudio echeverri,2006-01-02,20,Argentina,Attacking Midfield,Midfielder,right,170,Manchester City,281,GB1,2028-06-30,15000000,15000000,18000000,2026-06-05,,0,0,18498200,https://www.transfermarkt.com/claudio-echeverri/profil/spieler/994536,https://img.a.transfermarkt.technology/portrait/big/994536-1758703571.jpg,apify-transfermarkt-global-player-scraper
567576,Elliot Anderson,Elliot Junior Anderson,elliot anderson,2002-11-06,23,England; Scotland,Central Midfield,Midfielder,right,179,Manchester City,281,GB1,,75000000,60000000,75000000,2026-06-03,England,13,0,176200000,https://www.transfermarkt.com/elliot-anderson/profil/spieler/567576,https://img.a.transfermarkt.technology/portrait/big/567576-1696453772.jpg,apify-transfermarkt-global-player-scraper
418560,Erling Haaland,Erling Braut Håland,erling haaland,2000-07-21,25,Norway,Centre-Forward,Striker,left,195,Manchester City,281,GB1,2034-06-30,200000000,200000000,200000000,2026-06-03,Norway,54,60,88100000,https://www.transfermarkt.com/erling-haaland/profil/spieler/418560,https://img.a.transfermarkt.technology/portrait/big/418560-1709108116.png,apify-transfermarkt-global-player-scraper
315858,Gianluigi Donnarumma,Gianluigi Donnarumma,gianluigi donnarumma,1999-02-25,27,Italy,Goalkeeper,Goalkeeper,right,196,Manchester City,281,GB1,2030-06-30,45000000,45000000,65000000,2026-06-03,Italy,83,0,30250000,https://www.transfermarkt.com/gianluigi-donnarumma/profil/spieler/315858,https://img.a.transfermarkt.technology/portrait/big/315858-1761076746.jpg,apify-transfermarkt-global-player-scraper
649452,Issa Kaboré,Issa Kaboré,issa kabore,2001-05-12,25,Burkina Faso,Right-Back,Defender,right,180,Manchester City,281,GB1,2027-06-30,4000000,4000000,10000000,2026-05-28,,0,0,4500000,https://www.transfermarkt.com/issa-kabore/profil/spieler/649452,https://img.a.transfermarkt.technology/portrait/big/649452-1724407648.jpg,apify-transfermarkt-global-player-scraper
203460,Jack Grealish,Jack Peter Grealish,jack grealish,1995-09-10,30,England; Ireland,Left Winger,Striker,right,180,Manchester City,281,GB1,2027-06-30,20000000,25000000,100000000,2026-06-03,,0,0,117500000,https://www.transfermarkt.com/jack-grealish/profil/spieler/203460,https://img.a.transfermarkt.technology/portrait/big/203460-1676499047.jpg,apify-transfermarkt-global-player-scraper
566799,James Trafford,James Harrington Trafford,james trafford,2002-10-10,23,England,Goalkeeper,Goalkeeper,right,192,Manchester City,281,GB1,2030-06-30,25000000,25000000,30000000,2026-06-03,England,2,0,48500000,https://www.transfermarkt.com/james-trafford/profil/spieler/566799,https://img.a.transfermarkt.technology/portrait/big/566799-1689876147.jpg,apify-transfermarkt-global-player-scraper
486049,Jérémy Doku,Jérémy Doku,jeremy doku,2002-05-27,24,Belgium; Ghana,Left Winger,Striker,right,173,Manchester City,281,GB1,2028-06-30,75000000,65000000,75000000,2026-06-03,Belgium,46,7,86000000,https://www.transfermarkt.com/jeremy-doku/profil/spieler/486049,https://img.a.transfermarkt.technology/portrait/big/486049-1743670159.jpg,apify-transfermarkt-global-player-scraper
576121,Josh Wilson-Esbrand,Joshua Darius Kamani Wilson-Esbrand,josh wilson esbrand,2002-12-26,23,England; Jamaica,Left-Back,Defender,left,176,Manchester City,281,GB1,2027-06-30,2500000,2500000,4000000,2026-06-04,,0,0,0,https://www.transfermarkt.com/josh-wilson-esbrand/profil/spieler/576121,https://img.a.transfermarkt.technology/portrait/big/576121-1765224392.jpg,apify-transfermarkt-global-player-scraper
475959,Josko Gvardiol,Joško Gvardiol,josko gvardiol,2002-01-23,24,Croatia,Centre-Back,Defender,left,185,Manchester City,281,GB1,2028-06-30,70000000,70000000,80000000,2026-06-03,Croatia,52,4,126800000,https://www.transfermarkt.com/josko-gvardiol/profil/spieler/475959,https://img.a.transfermarkt.technology/portrait/big/475959-1713391602.jpg,apify-transfermarkt-global-player-scraper
1121298,Juma Bah,Abdulai Juma Bah,juma bah,2006-04-11,20,Sierra Leone,Centre-Back,Defender,right,195,Manchester City,281,GB1,2031-06-30,10000000,10000000,10000000,2026-06-01,Sierra Leone,7,1,6125000,https://www.transfermarkt.com/juma-bah/profil/spieler/1121298,https://img.a.transfermarkt.technology/portrait/big/1121298-1756823284.jpg,apify-transfermarkt-global-player-scraper
351749,Kalvin Phillips,Kalvin Mark Phillips,kalvin phillips,1995-12-02,30,England; Jamaica,Defensive Midfield,Midfielder,right,179,Manchester City,281,GB1,2028-06-30,2500000,5000000,50000000,2026-05-28,,0,0,56000000,https://www.transfermarkt.com/kalvin-phillips/profil/spieler/351749,https://img.a.transfermarkt.technology/portrait/big/351749-1661978510.jpg,apify-transfermarkt-global-player-scraper
392757,Marc Guéhi,Addji Keaninkin Marc-Israel Guéhi,marc guehi,2000-07-13,25,England; Cote d'Ivoire,Centre-Back,Defender,right,182,Manchester City,281,GB1,2031-06-30,70000000,65000000,70000000,2026-06-03,England,33,1,46335000,https://www.transfermarkt.com/marc-guehi/profil/spieler/392757,https://img.a.transfermarkt.technology/portrait/big/392757-1683030598.jpg,apify-transfermarkt-global-player-scraper
116648,Marcus Bettinelli,Marcus Bettinelli,marcus bettinelli,1992-05-24,34,England; Italy,Goalkeeper,Goalkeeper,right,193,Manchester City,281,GB1,2027-06-30,300000,500000,4000000,2026-06-03,,0,0,2400000,https://www.transfermarkt.com/marcus-bettinelli/profil/spieler/116648,https://img.a.transfermarkt.technology/portrait/big/116648-1700671752.jpg,apify-transfermarkt-global-player-scraper
51471,Mateo Kovacic,Mateo Kovačić,mateo kovacic,1994-05-06,32,Croatia,Central Midfield,Midfielder,right,178,Manchester City,281,GB1,2027-06-30,10000000,12000000,45000000,2026-06-03,Croatia,117,5,123100000,https://www.transfermarkt.com/mateo-kovacic/profil/spieler/51471,https://img.a.transfermarkt.technology/portrait/big/51471-1682668192.jpg,apify-transfermarkt-global-player-scraper
601883,Matheus Nunes,Matheus Luiz Nunes,matheus nunes,1998-08-27,27,Portugal; Brazil,Right-Back,Defender,right,183,Manchester City,281,GB1,2028-06-30,50000000,45000000,55000000,2026-06-03,Portugal,21,2,110350000,https://www.transfermarkt.com/matheus-nunes/profil/spieler/601883,https://img.a.transfermarkt.technology/portrait/big/601883-1761076097.jpg,apify-transfermarkt-global-player-scraper
843595,Max Alleyne,Max Lewis Rowe Alleyne,max alleyne,2005-07-21,20,England; Barbados,Centre-Back,Defender,both,185,Manchester City,281,GB1,2030-06-30,8000000,8000000,8000000,2026-06-03,England U21,5,0,1800000,https://www.transfermarkt.com/max-alleyne/profil/spieler/843595,https://img.a.transfermarkt.technology/portrait/big/843595-1773301916.jpg,apify-transfermarkt-global-player-scraper
466805,Nico González,Nicolás González Iglesias,nico gonzalez,2002-01-03,24,Spain,Defensive Midfield,Midfielder,right,188,Manchester City,281,GB1,2029-06-30,40000000,45000000,45000000,2026-06-03,,0,0,81200000,https://www.transfermarkt.com/nico-gonzalez/profil/spieler/466805,https://img.a.transfermarkt.technology/portrait/big/466805-1743669968.jpg,apify-transfermarkt-global-player-scraper
743413,Nico O'Reilly,Nico O'Reilly,nico oreilly,2005-03-21,21,England; Jamaica,Left-Back,Defender,left,193,Manchester City,281,GB1,2030-06-30,70000000,50000000,70000000,2026-06-03,England,9,0,0,https://www.transfermarkt.com/nico-o-reilly/profil/spieler/743413,https://img.a.transfermarkt.technology/portrait/big/743413-1751367149.jpg,apify-transfermarkt-global-player-scraper
445939,Omar Marmoush,عمر مرموش,omar marmoush,1999-02-07,27,Egypt; Canada,Centre-Forward,Striker,right,183,Manchester City,281,GB1,2029-06-30,50000000,60000000,75000000,2026-06-03,Egypt,54,11,75100000,https://www.transfermarkt.com/omar-marmoush/profil/spieler/445939,https://img.a.transfermarkt.technology/portrait/big/445939-1747656490.jpg,apify-transfermarkt-global-player-scraper
406635,Phil Foden,Philip Walter Foden,phil foden,2000-05-28,26,England,Attacking Midfield,Midfielder,left,171,Manchester City,281,GB1,2027-06-30,70000000,80000000,150000000,2026-06-03,,0,0,0,https://www.transfermarkt.com/phil-foden/profil/spieler/406635,https://img.a.transfermarkt.technology/portrait/big/406635-1668524492.jpg,apify-transfermarkt-global-player-scraper
578391,Rayan Aït-Nouri,ريان آيت نوري,rayan ait nouri,2001-06-06,25,Algeria; France,Left-Back,Defender,left,180,Manchester City,281,GB1,2030-06-30,40000000,40000000,40000000,2026-06-03,Algeria,33,0,47900000,https://www.transfermarkt.com/rayan-ait-nouri/profil/spieler/578391,https://img.a.transfermarkt.technology/portrait/big/578391-1761076429.jpg,apify-transfermarkt-global-player-scraper
607223,Rayan Cherki,Mathis Rayan Cherki,rayan cherki,2003-08-17,22,France; Algeria,Attacking Midfield,Midfielder,both,177,Manchester City,281,GB1,2030-06-30,90000000,65000000,90000000,2026-06-03,France,12,2,36500000,https://www.transfermarkt.com/rayan-cherki/profil/spieler/607223,https://img.a.transfermarkt.technology/portrait/big/607223-1773302431.jpg,apify-transfermarkt-global-player-scraper
701057,Rico Lewis,Rico Henry Mark Lewis,rico lewis,2004-11-21,21,England; Jamaica,Right-Back,Defender,right,170,Manchester City,281,GB1,2030-06-30,28000000,32000000,40000000,2026-06-03,England U21,13,2,0,https://www.transfermarkt.com/rico-lewis/profil/spieler/701057,https://img.a.transfermarkt.technology/portrait/big/701057-1684856684.jpg,apify-transfermarkt-global-player-scraper
357565,Rodrigo Hernández Cascante,Rodri,rodrigo hernandez cascante,1996-06-22,30,Spain,Defensive Midfield,Midfielder,right,190,Manchester City,281,GB1,2027-06-30,50000000,65000000,130000000,2026-06-03,Spain,66,4,91500000,https://www.transfermarkt.com/rodri/profil/spieler/357565,https://img.a.transfermarkt.technology/portrait/big/357565-1682587890.jpg,apify-transfermarkt-global-player-scraper
258004,Rúben Dias,Rúben Santos Gato Alves Dias,ruben dias,1997-05-14,29,Portugal,Centre-Back,Defender,right,187,Manchester City,281,GB1,2029-06-30,55000000,60000000,80000000,2026-06-03,Portugal,79,3,71600000,https://www.transfermarkt.com/ruben-dias/profil/spieler/258004,https://img.a.transfermarkt.technology/portrait/big/258004-1684921271.jpg,apify-transfermarkt-global-player-scraper
743591,Sávio Moreira de Oliveira,Savinho,savio moreira de oliveira,2004-04-10,22,Brazil,Left Winger,Striker,left,176,Manchester City,281,GB1,2031-06-30,35000000,40000000,55000000,2026-06-03,,0,0,31500000,https://www.transfermarkt.com/savinho/profil/spieler/743591,https://img.a.transfermarkt.technology/portrait/big/743591-1751367497.jpg,apify-transfermarkt-global-player-scraper
911736,Sverre Nypan,Sverre Halseth Nypan,sverre nypan,2006-12-19,19,Norway,Central Midfield,Midfielder,both,182,Manchester City,281,GB1,2030-06-30,13000000,15000000,15000000,2026-06-03,Norway U21,13,1,15000000,https://www.transfermarkt.com/sverre-nypan/profil/spieler/911736,https://img.a.transfermarkt.technology/portrait/big/911736-1743175613.jpg,apify-transfermarkt-global-player-scraper
460939,Tijjani Reijnders,Tijjani Martinus Jan Reijnders Lekatompessy,tijjani reijnders,1998-07-29,27,Netherlands,Central Midfield,Midfielder,right,178,Manchester City,281,GB1,2030-06-30,50000000,60000000,70000000,2026-06-03,Netherlands,35,7,79700000,https://www.transfermarkt.com/tijjani-reijnders/profil/spieler/460939,https://img.a.transfermarkt.technology/portrait/big/460939-1773302677.jpg,apify-transfermarkt-global-player-scraper
1005575,Vitor Reis,Vitor de Oliveira Nunes dos Reis,vitor reis,2006-01-12,20,Brazil,Centre-Back,Defender,right,186,Manchester City,281,GB1,2029-06-30,30000000,30000000,30000000,2026-06-05,,0,0,37000000,https://www.transfermarkt.com/vitor-reis/profil/spieler/1005575,https://img.a.transfermarkt.technology/portrait/big/1005575-1680449774.jpg,apify-transfermarkt-global-player-scraper
336077,Altay Bayındır,Altay Bayındır,altay bay nd r,1998-04-14,28,Türkiye,Goalkeeper,Goalkeeper,right,198,Manchester United,985,GB1,2027-06-30,5000000,7000000,16000000,2026-06-03,Turkiye,12,0,6500000,https://www.transfermarkt.com/altay-bayindir/profil/spieler/336077,https://img.a.transfermarkt.technology/portrait/big/336077-1781173656.jpg,apify-transfermarkt-global-player-scraper
536835,Amad Diallo,Amad Diallo,amad diallo,2002-07-11,23,Cote d'Ivoire; Italy,Right Winger,Striker,left,173,Manchester United,985,GB1,2030-06-30,45000000,50000000,50000000,2026-06-03,Ivory Coast,23,8,27300000,https://www.transfermarkt.com/amad-diallo/profil/spieler/536835,https://img.a.transfermarkt.technology/portrait/big/536835-1747857754.jpg,apify-transfermarkt-global-player-scraper
1078163,Ayden Heaven,Ayden Edford Heaven,ayden heaven,2006-09-22,19,England; Ghana,Centre-Back,Defender,left,189,Manchester United,985,GB1,2029-06-30,30000000,20000000,30000000,2026-06-03,England U20,3,1,1800000,https://www.transfermarkt.com/ayden-heaven/profil/spieler/1078163,https://img.a.transfermarkt.technology/portrait/big/1078163-1727382016.jpg,apify-transfermarkt-global-player-scraper
627442,Benjamin Sesko,Benjamin Šeško,benjamin sesko,2003-05-31,23,Slovenia,Centre-Forward,Striker,right,195,Manchester United,985,GB1,2030-06-30,75000000,65000000,75000000,2026-06-03,,0,0,110650000,https://www.transfermarkt.com/benjamin-sesko/profil/spieler/627442,https://img.a.transfermarkt.technology/portrait/big/627442-1779803478.jpg,apify-transfermarkt-global-player-scraper
240306,Bruno Fernandes,Bruno Miguel Borges Fernandes,bruno fernandes,1994-09-08,31,Portugal,Attacking Midfield,Midfielder,right,183,Manchester United,985,GB1,2027-06-30,35000000,40000000,90000000,2026-06-03,Portugal,93,29,84240000,https://www.transfermarkt.com/bruno-fernandes/profil/spieler/240306,https://img.a.transfermarkt.technology/portrait/big/240306-1683882766.jpg,apify-transfermarkt-global-player-scraper
413039,Bryan Mbeumo,Bryan Tetsadong Marceau Mbeumo,bryan mbeumo,1999-08-07,26,Cameroon; France,Right Winger,Striker,left,171,Manchester United,985,GB1,2030-06-30,75000000,80000000,80000000,2026-06-03,Cameroon,32,7,81500000,https://www.transfermarkt.com/bryan-mbeumo/profil/spieler/413039,https://img.a.transfermarkt.technology/portrait/big/413039-1769532496.jpg,apify-transfermarkt-global-player-scraper
1042886,Chido Obi,Chidozie Obi-Martin,chido obi,2007-11-29,18,Denmark; Nigeria,Centre-Forward,Striker,right,188,Manchester United,985,GB1,,5000000,5000000,5000000,2026-06-03,Denmark U20,4,2,0,https://www.transfermarkt.com/chido-obi/profil/spieler/1042886,https://img.a.transfermarkt.technology/portrait/big/1042886-1739789319.jpg,apify-transfermarkt-global-player-scraper
747153,Dan Gore,Daniel Lewis Gore,dan gore,2004-09-26,21,England,Central Midfield,Midfielder,right,170,Manchester United,985,GB1,2027-06-30,1000000,1000000,1000000,2026-05-12,,0,0,0,https://www.transfermarkt.com/dan-gore/profil/spieler/747153,https://img.a.transfermarkt.technology/portrait/big/747153-1693217936.jpg,apify-transfermarkt-global-player-scraper
1283997,Diego León,Diego Basilio León Blanco,diego leon,2007-04-03,19,Paraguay,Left-Back,Defender,left,177,Manchester United,985,GB1,2029-06-30,4000000,4000000,4000000,2026-06-03,,0,0,4000000,https://www.transfermarkt.com/diego-leon/profil/spieler/1283997,https://img.a.transfermarkt.technology/portrait/big/1283997-1751711448.jpg,apify-transfermarkt-global-player-scraper
357147,Diogo Dalot,José Diogo Dalot Teixeira,diogo dalot,1999-03-18,27,Portugal,Right-Back,Defender,right,184,Manchester United,985,GB1,2028-06-30,30000000,30000000,40000000,2026-06-03,Portugal,36,3,22500000,https://www.transfermarkt.com/diogo-dalot/profil/spieler/357147,https://img.a.transfermarkt.technology/portrait/big/357147-1727785546.jpg,apify-transfermarkt-global-player-scraper
888639,Ethan Wheatley,Ethan Joseph Wheatley,ethan wheatley,2006-01-20,20,England,Centre-Forward,Striker,,187,Manchester United,985,GB1,2028-06-30,250000,150000,250000,2026-05-12,,0,0,0,https://www.transfermarkt.com/ethan-wheatley/profil/spieler/888639,https://img.a.transfermarkt.technology/portrait/big/888639-1714056048.jpg,apify-transfermarkt-global-player-scraper
1011738,Harry Amass,Harry John Amass,harry amass,2007-03-16,19,England,Left-Back,Defender,left,181,Manchester United,985,GB1,2027-06-30,7000000,5000000,7000000,2026-05-28,,0,0,0,https://www.transfermarkt.com/harry-amass/profil/spieler/1011738,https://img.a.transfermarkt.technology/portrait/big/1011738-1712585934.jpg,apify-transfermarkt-global-player-scraper
177907,Harry Maguire,Jacob Harry Maguire,harry maguire,1993-03-05,33,England,Centre-Back,Defender,right,194,Manchester United,985,GB1,2027-06-30,8000000,10000000,70000000,2026-06-03,,0,0,103850000,https://www.transfermarkt.com/harry-maguire/profil/spieler/177907,https://img.a.transfermarkt.technology/portrait/big/177907-1663841733.jpg,apify-transfermarkt-global-player-scraper
1011140,Jack Fletcher,Jack Davidson Fletcher,jack fletcher,2007-03-19,19,England; Scotland,Attacking Midfield,Midfielder,left,0,Manchester United,985,GB1,2027-06-30,1500000,1000000,1500000,2026-06-03,,0,0,728200,https://www.transfermarkt.com/jack-fletcher/profil/spieler/1011140,https://img.a.transfermarkt.technology/portrait/big/1011140-1739789239.jpg,apify-transfermarkt-global-player-scraper
435648,Joshua Zirkzee,Joshua Orobosa Zirkzee,joshua zirkzee,2001-05-22,25,Netherlands; Nigeria,Centre-Forward,Striker,right,193,Manchester United,985,GB1,2029-06-30,20000000,22000000,50000000,2026-06-03,,0,0,70150000,https://www.transfermarkt.com/joshua-zirkzee/profil/spieler/435648,https://img.a.transfermarkt.technology/portrait/big/435648-1775738266.jpg,apify-transfermarkt-global-player-scraper
820374,Kobbie Mainoo,Kobbie Boateng Mainoo,kobbie mainoo,2005-04-19,21,England; Ghana,Central Midfield,Midfielder,right,184,Manchester United,985,GB1,2031-06-30,70000000,50000000,70000000,2026-06-03,England,14,0,0,https://www.transfermarkt.com/kobbie-mainoo/profil/spieler/820374,https://img.a.transfermarkt.technology/portrait/big/820374-1719349758.jpg,apify-transfermarkt-global-player-scraper
923831,Leny Yoro,Leny Yoro,leny yoro,2005-11-13,20,France; Cote d'Ivoire,Centre-Back,Defender,right,190,Manchester United,985,GB1,2029-06-30,50000000,50000000,55000000,2026-06-03,France U21,10,0,62000000,https://www.transfermarkt.com/leny-yoro/profil/spieler/923831,https://img.a.transfermarkt.technology/portrait/big/923831-1747857948.jpg,apify-transfermarkt-global-player-scraper
480762,Lisandro Martínez,Lisandro Martínez,lisandro martinez,1998-01-18,28,Argentina,Centre-Back,Defender,left,175,Manchester United,985,GB1,2027-06-30,40000000,40000000,50000000,2026-06-03,Argentina,31,2,65095000,https://www.transfermarkt.com/lisandro-martinez/profil/spieler/480762,https://img.a.transfermarkt.technology/portrait/big/480762-1680681507.jpg,apify-transfermarkt-global-player-scraper
183288,Luke Shaw,Luke Paul Hoare Shaw,luke shaw,1995-07-12,30,England,Left-Back,Defender,left,178,Manchester United,985,GB1,2027-06-30,8000000,10000000,42000000,2026-06-03,,0,0,37500000,https://www.transfermarkt.com/luke-shaw/profil/spieler/183288,https://img.a.transfermarkt.technology/portrait/big/183288-1668500175.jpg,apify-transfermarkt-global-player-scraper
476701,Manuel Ugarte,Manuel Ugarte Ribeiro,manuel ugarte,2001-04-11,25,Uruguay,Defensive Midfield,Midfielder,right,182,Manchester United,985,GB1,2029-06-30,25000000,30000000,60000000,2026-06-03,Uruguay,38,1,143600000,https://www.transfermarkt.com/manuel-ugarte/profil/spieler/476701,https://img.a.transfermarkt.technology/portrait/big/476701-1715107512.jpg,apify-transfermarkt-global-player-scraper
258923,Marcus Rashford,Marcus Rashford,marcus rashford,1997-10-31,28,England; St. Kitts & Nevis,Left Winger,Striker,right,185,Manchester United,985,GB1,2028-06-30,40000000,40000000,85000000,2026-06-05,England,76,19,0,https://www.transfermarkt.com/marcus-rashford/profil/spieler/258923,https://img.a.transfermarkt.technology/portrait/big/258923-1674473054.jpg,apify-transfermarkt-global-player-scraper
346483,Mason Mount,Mason Tony Mount,mason mount,1999-01-10,27,England,Attacking Midfield,Midfielder,right,181,Manchester United,985,GB1,2028-06-30,25000000,30000000,75000000,2026-06-03,,0,0,67700000,https://www.transfermarkt.com/mason-mount/profil/spieler/346483,https://img.a.transfermarkt.technology/portrait/big/346483-1683291495.jpg,apify-transfermarkt-global-player-scraper
517894,Matheus Cunha,Matheus Santos Carneiro da Cunha,matheus cunha,1999-05-27,27,Brazil,Centre-Forward,Striker,right,183,Manchester United,985,GB1,2030-06-30,75000000,70000000,75000000,2026-06-03,Brazil,28,4,192200000,https://www.transfermarkt.com/matheus-cunha/profil/spieler/517894,https://img.a.transfermarkt.technology/portrait/big/517894-1780390711.jpg,apify-transfermarkt-global-player-scraper
326031,Matthijs de Ligt,Matthijs de Ligt,matthijs de ligt,1999-08-12,26,Netherlands,Centre-Back,Defender,right,189,Manchester United,985,GB1,2029-06-30,30000000,40000000,75000000,2026-06-03,,0,0,197500000,https://www.transfermarkt.com/matthijs-de-ligt/profil/spieler/326031,https://img.a.transfermarkt.technology/portrait/big/326031-1700659567.jpg,apify-transfermarkt-global-player-scraper
340456,Noussair Mazraoui,نصير مزراوي,noussair mazraoui,1997-11-14,28,Morocco; Netherlands,Right-Back,Defender,right,183,Manchester United,985,GB1,2028-06-30,18000000,20000000,32000000,2026-06-03,Morocco,50,2,15000000,https://www.transfermarkt.com/noussair-mazraoui/profil/spieler/340456,https://img.a.transfermarkt.technology/portrait/big/340456-1783200177.jpg,apify-transfermarkt-global-player-scraper
926952,Patrick Dorgu,Patrick Chinazaekpere Dorgu,patrick dorgu,2004-10-26,21,Denmark; Nigeria,Left Winger,Striker,left,185,Manchester United,985,GB1,2030-06-30,35000000,35000000,35000000,2026-06-03,Denmark,14,4,30220000,https://www.transfermarkt.com/patrick-dorgu/profil/spieler/926952,https://img.a.transfermarkt.technology/portrait/big/926952-1747857569.jpg,apify-transfermarkt-global-player-scraper
503883,Senne Lammens,Senne Lammens,senne lammens,2002-07-07,23,Belgium,Goalkeeper,Goalkeeper,right,193,Manchester United,985,GB1,2030-06-30,35000000,30000000,35000000,2026-06-03,Belgium,2,0,21000000,https://www.transfermarkt.com/senne-lammens/profil/spieler/503883,https://img.a.transfermarkt.technology/portrait/big/503883-1755675220.jpg,apify-transfermarkt-global-player-scraper
654253,Toby Collyer,Tobias Christopher Collyer,toby collyer,2004-01-03,22,England,Defensive Midfield,Midfielder,right,180,Manchester United,985,GB1,2027-06-30,5000000,5000000,5000000,2026-05-28,,0,0,0,https://www.transfermarkt.com/toby-collyer/profil/spieler/654253,https://img.a.transfermarkt.technology/portrait/big/654253-1709159230.jpg,apify-transfermarkt-global-player-scraper
34130,Tom Heaton,Thomas David Heaton,tom heaton,1986-04-15,40,England,Goalkeeper,Goalkeeper,right,188,Manchester United,985,GB1,2027-06-30,100000,150000,6000000,2026-06-03,,0,0,8800000,https://www.transfermarkt.com/tom-heaton/profil/spieler/34130,https://img.a.transfermarkt.technology/portrait/big/34130-1688121718.jpg,apify-transfermarkt-global-player-scraper
1049911,Tyler Fletcher,Tyler Robert Fletcher,tyler fletcher,2007-03-19,19,Scotland; England,Central Midfield,Midfielder,right,183,Manchester United,985,GB1,2027-06-30,1500000,0,1500000,2026-06-03,Scotland,2,0,728200,https://www.transfermarkt.com/tyler-fletcher/profil/spieler/1049911,https://img.a.transfermarkt.technology/portrait/big/1049911-1782339780.jpg,apify-transfermarkt-global-player-scraper
911424,Tyler Fredricson,Tyler Fredricson,tyler fredricson,2005-02-23,21,England,Centre-Back,Defender,right,188,Manchester United,985,GB1,2028-06-30,3000000,3000000,3000000,2026-06-03,,0,0,0,https://www.transfermarkt.com/tyler-fredricson/profil/spieler/911424,https://img.a.transfermarkt.technology/portrait/big/911424-1739789023.jpg,apify-transfermarkt-global-player-scraper
568005,Jeremy Sarmiento,Jeremy Leonel Sarmiento Morante,jeremy sarmiento,2002-06-16,24,Ecuador; England,Left Winger,Striker,right,178,Middlesbrough FC,641,GB2,2030-06-30,5000000,5000000,7000000,2026-05-28,,0,0,4280000,https://www.transfermarkt.com/jeremy-sarmiento/profil/spieler/568005,https://img.a.transfermarkt.technology/portrait/big/568005-1757604479.jpg,apify-transfermarkt-global-player-scraper
900601,Alex Murphy,Alex Murphy,alex murphy,2004-06-25,22,Ireland,Left-Back,Defender,left,188,Newcastle United,762,GB1,2028-06-30,1500000,1500000,1500000,2026-06-03,Republic of Ireland,0,0,100000,https://www.transfermarkt.com/alex-murphy/profil/spieler/900601,https://img.a.transfermarkt.technology/portrait/big/900601-1714056292.jpg,apify-transfermarkt-global-player-scraper
583189,Anthony Elanga,Anthony David Junior Elanga,anthony elanga,2002-04-27,24,Sweden; Cameroon,Right Winger,Striker,right,178,Newcastle United,762,GB1,2030-06-30,32000000,40000000,55000000,2026-06-03,Sweden,34,8,84330000,https://www.transfermarkt.com/anthony-elanga/profil/spieler/583189,https://img.a.transfermarkt.technology/portrait/big/583189-1700739021.jpg,apify-transfermarkt-global-player-scraper
1178393,Antoñito Cordero,Antonio José Cordero Campillo,antonito cordero,2006-11-14,19,Spain,Left Winger,Striker,right,178,Newcastle United,762,GB1,2030-06-30,2000000,2000000,2000000,2026-06-22,,0,0,0,https://www.transfermarkt.com/antonito-cordero/profil/spieler/1178393,https://img.a.transfermarkt.technology/portrait/big/1178393-1725885968.jpg,apify-transfermarkt-global-player-scraper
1067904,Bazoumana Touré,Bazoumana Touré,bazoumana toure,2006-03-02,20,Cote d'Ivoire,Left Winger,Striker,left,178,Newcastle United,762,GB1,,40000000,35000000,40000000,2026-05-27,Ivory Coast,9,2,57445000,https://www.transfermarkt.com/bazoumana-toure/profil/spieler/1067904,https://img.a.transfermarkt.technology/portrait/big/1067904-1755092124.jpg,apify-transfermarkt-global-player-scraper
520624,Bruno Guimarães,Bruno Guimarães Rodrigues Moura,bruno guimaraes,1997-11-16,28,Brazil; Spain,Central Midfield,Midfielder,right,182,Newcastle United,762,GB1,2028-06-30,70000000,75000000,85000000,2026-06-03,Brazil,48,3,62100000,https://www.transfermarkt.com/bruno-guimaraes/profil/spieler/520624,https://img.a.transfermarkt.technology/portrait/big/520624-1780929894.jpg,apify-transfermarkt-global-player-scraper
134270,Dan Burn,Daniel Johnson Burn,dan burn,1992-05-09,34,England,Centre-Back,Defender,left,201,Newcastle United,762,GB1,2027-06-30,4000000,5000000,12000000,2026-06-03,England,8,0,18550000,https://www.transfermarkt.com/dan-burn/profil/spieler/134270,https://img.a.transfermarkt.technology/portrait/big/134270-1682340860.jpg,apify-transfermarkt-global-player-scraper
923757,Ewen Jaouen,Ewen Jaouen,ewen jaouen,2005-12-29,20,France; Germany,Goalkeeper,Goalkeeper,right,200,Newcastle United,762,GB1,2030-06-30,12000000,4000000,12000000,2026-05-26,France U21,2,0,21500000,https://www.transfermarkt.com/ewen-jaouen/profil/spieler/923757,https://img.a.transfermarkt.technology/portrait/big/923757-1781091704.jpg,apify-transfermarkt-global-player-scraper
135343,Fabian Schär,Fabian Lukas Schär,fabian schar,1991-12-20,34,Switzerland,Centre-Back,Defender,right,186,Newcastle United,762,GB1,2027-06-30,4000000,6000000,16000000,2026-06-03,,0,0,11000000,https://www.transfermarkt.com/fabian-schaer/profil/spieler/135343,https://img.a.transfermarkt.technology/portrait/big/135343-1667990394.jpg,apify-transfermarkt-global-player-scraper
559130,Harrison Ashby,Harrison Charles Ashby,harrison ashby,2001-11-14,24,Scotland; England,Right-Back,Defender,right,179,Newcastle United,762,GB1,2027-06-30,1200000,1400000,1400000,2026-05-12,,0,0,3400000,https://www.transfermarkt.com/harrison-ashby/profil/spieler/559130,https://img.a.transfermarkt.technology/portrait/big/559130-1667548907.jpg,apify-transfermarkt-global-player-scraper
398065,Harvey Barnes,Harvey Lewis Barnes,harvey barnes,1997-12-09,28,England; Scotland,Left Winger,Striker,right,182,Newcastle United,762,GB1,2028-06-30,32000000,32000000,35000000,2026-06-03,,0,0,44000000,https://www.transfermarkt.com/harvey-barnes/profil/spieler/398065,https://img.a.transfermarkt.technology/portrait/big/398065-1761079974.jpg,apify-transfermarkt-global-player-scraper
199527,Jacob Murphy,Jacob Kai Murphy,jacob murphy,1995-02-24,31,England; Ireland,Right Winger,Striker,right,179,Newcastle United,762,GB1,2027-06-30,12000000,15000000,16000000,2026-06-03,,0,0,11800000,https://www.transfermarkt.com/jacob-murphy/profil/spieler/199527,https://img.a.transfermarkt.technology/portrait/big/199527-1674210561.jpg,apify-transfermarkt-global-player-scraper
503749,Jacob Ramsey,Jacob Matthew Decourcey Ramsey,jacob ramsey,2001-05-28,25,England,Central Midfield,Midfielder,right,180,Newcastle United,762,GB1,2030-06-30,35000000,35000000,42000000,2026-06-03,,0,0,45150000,https://www.transfermarkt.com/jacob-ramsey/profil/spieler/503749,https://img.a.transfermarkt.technology/portrait/big/503749-1687975464.jpg,apify-transfermarkt-global-player-scraper
614811,Joe White,Joe Peter White,joe white,2002-10-01,23,England,Attacking Midfield,Midfielder,left,186,Newcastle United,762,GB1,2027-06-30,200000,250000,300000,2026-05-12,,0,0,0,https://www.transfermarkt.com/joe-white/profil/spieler/614811,https://img.a.transfermarkt.technology/portrait/big/614811-1714056231.jpg,apify-transfermarkt-global-player-scraper
340329,Joe Willock,Joseph George Willock,joe willock,1999-08-20,26,England; Montserrat,Central Midfield,Midfielder,right,186,Newcastle United,762,GB1,2027-06-30,14000000,16000000,38000000,2026-06-03,,0,0,29400000,https://www.transfermarkt.com/joe-willock/profil/spieler/340329,https://img.a.transfermarkt.technology/portrait/big/340329-1761077592.jpg,apify-transfermarkt-global-player-scraper
333241,Joelinton Cassio Apolinário de Lira,Joelinton,joelinton cassio apolinario de lira,1996-08-14,29,Brazil,Central Midfield,Midfielder,right,186,Newcastle United,762,GB1,2028-06-30,25000000,30000000,42000000,2026-06-03,,0,0,46300000,https://www.transfermarkt.com/joelinton/profil/spieler/333241,https://img.a.transfermarkt.technology/portrait/big/333241-1674210135.jpg,apify-transfermarkt-global-player-scraper
670858,Lewis Hall,Lewis Kieran Hall,lewis hall,2004-09-08,21,England,Left-Back,Defender,left,179,Newcastle United,762,GB1,2029-06-30,40000000,35000000,40000000,2026-06-03,,0,0,33000000,https://www.transfermarkt.com/lewis-hall/profil/spieler/670858,https://img.a.transfermarkt.technology/portrait/big/670858-1699385942.jpg,apify-transfermarkt-global-player-scraper
922769,Lewis Miley,Lewis Miley,lewis miley,2006-05-01,20,England,Central Midfield,Midfielder,right,189,Newcastle United,762,GB1,2032-06-30,25000000,25000000,25000000,2026-06-03,,0,0,0,https://www.transfermarkt.com/lewis-miley/profil/spieler/922769,https://img.a.transfermarkt.technology/portrait/big/922769-1696453881.jpg,apify-transfermarkt-global-player-scraper
521964,Malick Thiaw,Malick Laye Thiaw,malick thiaw,2001-08-08,24,Germany; Finland,Centre-Back,Defender,right,194,Newcastle United,762,GB1,2029-06-30,45000000,45000000,45000000,2026-06-03,Germany,7,0,47800000,https://www.transfermarkt.com/malick-thiaw/profil/spieler/521964,https://img.a.transfermarkt.technology/portrait/big/521964-1682063635.jpg,apify-transfermarkt-global-player-scraper
142389,Mark Gillespie,Mark Joseph Gillespie,mark gillespie,1992-03-27,34,England,Goalkeeper,Goalkeeper,right,191,Newcastle United,762,GB1,2027-06-30,100000,150000,500000,2026-06-03,,0,0,0,https://www.transfermarkt.com/mark-gillespie/profil/spieler/142389,https://img.a.transfermarkt.technology/portrait/big/142389-1746646196.jpg,apify-transfermarkt-global-player-scraper
192080,Nick Pope,Nicholas David Pope,nick pope,1992-04-19,34,England,Goalkeeper,Goalkeeper,right,198,Newcastle United,762,GB1,2027-06-30,5000000,7000000,20000000,2026-06-03,,0,0,12800000,https://www.transfermarkt.com/nick-pope/profil/spieler/192080,https://img.a.transfermarkt.technology/portrait/big/192080-1663841362.jpg,apify-transfermarkt-global-player-scraper
455661,Nick Woltemade,Nick Woltemade,nick woltemade,2002-02-14,24,Germany,Centre-Forward,Striker,right,198,Newcastle United,762,GB1,2031-06-30,55000000,65000000,70000000,2026-06-03,Germany,12,4,75000000,https://www.transfermarkt.com/nick-woltemade/profil/spieler/455661,https://img.a.transfermarkt.technology/portrait/big/455661-1779983237.jpg,apify-transfermarkt-global-player-scraper
397033,Sandro Tonali,Sandro Tonali,sandro tonali,2000-05-08,26,Italy,Defensive Midfield,Midfielder,right,181,Newcastle United,762,GB1,2028-06-30,80000000,80000000,80000000,2026-06-03,,0,0,80080000,https://www.transfermarkt.com/sandro-tonali/profil/spieler/397033,https://img.a.transfermarkt.technology/portrait/big/397033-1688389270.jpg,apify-transfermarkt-global-player-scraper
361093,Sven Botman,Sven Adriaan Botman,sven botman,2000-01-12,26,Netherlands,Centre-Back,Defender,left,193,Newcastle United,762,GB1,2030-06-30,35000000,35000000,45000000,2026-06-03,,0,0,45000000,https://www.transfermarkt.com/sven-botman/profil/spieler/361093,https://img.a.transfermarkt.technology/portrait/big/361093-1683290679.jpg,apify-transfermarkt-global-player-scraper
503981,Tino Livramento,Valentino Francisco Livramento,tino livramento,2002-11-12,23,England; Scotland,Right-Back,Defender,right,182,Newcastle United,762,GB1,2028-06-30,45000000,40000000,45000000,2026-06-03,,0,0,63400000,https://www.transfermarkt.com/tino-livramento/profil/spieler/503981,https://img.a.transfermarkt.technology/portrait/big/503981-1699383321.jpg,apify-transfermarkt-global-player-scraper
609556,William Osula,William Idamudia Daugaard Osula,william osula,2003-08-04,22,Denmark; England,Centre-Forward,Striker,right,191,Newcastle United,762,GB1,2029-06-30,28000000,15000000,28000000,2026-06-03,Denmark,2,0,11600000,https://www.transfermarkt.com/william-osula/profil/spieler/609556,https://img.a.transfermarkt.technology/portrait/big/609556-1693217416.jpg,apify-transfermarkt-global-player-scraper
388165,Yoane Wissa,Yoane Wissa,yoane wissa,1996-09-03,29,DR Congo; France,Centre-Forward,Striker,right,176,Newcastle United,762,GB1,2029-06-30,25000000,30000000,42000000,2026-06-03,Democratic Republic of the Congo,42,11,69700000,https://www.transfermarkt.com/yoane-wissa/profil/spieler/388165,https://img.a.transfermarkt.technology/portrait/big/388165-1740646948.jpg,apify-transfermarkt-global-player-scraper
585959,Arnaud Kalimuendo,Arnaud Kalimuendo Muinga,arnaud kalimuendo,2002-01-20,24,France; DR Congo,Centre-Forward,Striker,right,178,Nottingham Forest,703,GB1,2030-06-30,25000000,25000000,30000000,2026-05-27,,0,0,51500000,https://www.transfermarkt.com/arnaud-kalimuendo/profil/spieler/585959,https://img.a.transfermarkt.technology/portrait/big/585959-1666698479.jpg,apify-transfermarkt-global-player-scraper
392768,Callum Hudson-Odoi,Callum James Hudson-Odoi,callum hudson odoi,2000-11-07,25,England; Ghana,Left Winger,Striker,right,178,Nottingham Forest,703,GB1,2028-06-30,30000000,30000000,35000000,2026-06-03,,0,0,3500000,https://www.transfermarkt.com/callum-hudson-odoi/profil/spieler/392768,https://img.a.transfermarkt.technology/portrait/big/392768-1659969850.png,apify-transfermarkt-global-player-scraper
108725,Chris Wood,Christopher Grant Wood,chris wood,1991-12-07,34,New Zealand,Centre-Forward,Striker,right,191,Nottingham Forest,703,GB1,2027-06-30,5000000,6000000,18000000,2026-06-03,New Zealand,93,45,72725000,https://www.transfermarkt.com/chris-wood/profil/spieler/108725,https://img.a.transfermarkt.technology/portrait/big/108725-1740646786.jpg,apify-transfermarkt-global-player-scraper
365108,Dan Ndoye,Dan Assane Ndoye,dan ndoye,2000-10-25,25,Switzerland; Senegal,Right Winger,Striker,right,184,Nottingham Forest,703,GB1,2030-06-30,32000000,35000000,40000000,2026-06-03,Switzerland,35,9,60450000,https://www.transfermarkt.com/dan-ndoye/profil/spieler/365108,https://img.a.transfermarkt.technology/portrait/big/365108-1718218474.jpg,apify-transfermarkt-global-player-scraper
540664,Dilane Bakwa,Dilane Bakwa,dilane bakwa,2002-08-26,23,France; DR Congo,Right Winger,Striker,left,180,Nottingham Forest,703,GB1,2030-06-30,28000000,28000000,35000000,2026-06-03,,0,0,45000000,https://www.transfermarkt.com/dilane-bakwa/profil/spieler/540664,https://img.a.transfermarkt.technology/portrait/big/540664-1775762611.jpg,apify-transfermarkt-global-player-scraper
897481,Eric da Silva Moreira,Eric Emanuel da Silva Moreira,eric da silva moreira,2006-05-03,20,Germany; Portugal,Right-Back,Defender,right,185,Nottingham Forest,703,GB1,2028-06-30,800000,1000000,1000000,2026-06-03,,0,0,1500000,https://www.transfermarkt.com/eric-da-silva-moreira/profil/spieler/897481,https://img.a.transfermarkt.technology/portrait/big/897481-1759779951.jpg,apify-transfermarkt-global-player-scraper
673492,Felipe Rodrigues da Silva,Morato,felipe rodrigues da silva,2001-06-30,25,Brazil,Centre-Back,Defender,left,192,Nottingham Forest,703,GB1,2029-06-30,14000000,14000000,15000000,2026-06-03,,0,0,18600000,https://www.transfermarkt.com/morato/profil/spieler/673492,https://img.a.transfermarkt.technology/portrait/big/673492-1701295349.jpg,apify-transfermarkt-global-player-scraper
375885,Ibrahim Sangaré,Ibrahim Sangaré,ibrahim sangare,1997-12-02,28,Cote d'Ivoire,Defensive Midfield,Midfielder,right,191,Nottingham Forest,703,GB1,2028-06-30,20000000,22000000,35000000,2026-06-03,Ivory Coast,58,11,42000000,https://www.transfermarkt.com/ibrahim-sangare/profil/spieler/375885,https://img.a.transfermarkt.technology/portrait/big/375885-1700738495.jpg,apify-transfermarkt-global-player-scraper
432164,Igor Jesus Maciel da Cruz,Igor Jesus,igor jesus maciel da cruz,2001-02-25,25,Brazil; United Arab Emirates,Centre-Forward,Striker,right,179,Nottingham Forest,703,GB1,2029-06-30,25000000,22000000,25000000,2026-06-03,,0,0,21000000,https://www.transfermarkt.com/igor-jesus/profil/spieler/432164,https://img.a.transfermarkt.technology/portrait/big/432164-1725325779.jpg,apify-transfermarkt-global-player-scraper
984096,Jair Cunha,Jair Paula da Cunha Filho,jair cunha,2005-03-07,21,Brazil,Centre-Back,Defender,both,198,Nottingham Forest,703,GB1,2030-06-30,15000000,12000000,15000000,2026-06-03,,0,0,24000000,https://www.transfermarkt.com/jair-cunha/profil/spieler/984096,https://img.a.transfermarkt.technology/portrait/big/984096-1770845001.jpg,apify-transfermarkt-global-player-scraper
583199,James McAtee,James John McAtee,james mcatee,2002-10-18,23,England,Attacking Midfield,Midfielder,left,180,Nottingham Forest,703,GB1,2030-06-30,18000000,20000000,25000000,2026-06-03,,0,0,25500000,https://www.transfermarkt.com/james-mcatee/profil/spieler/583199,https://img.a.transfermarkt.technology/portrait/big/583199-1770845444.jpg,apify-transfermarkt-global-player-scraper
663244,João Pedro Ferreira da Silva,Jota Silva,joao pedro ferreira da silva,1999-08-01,26,Portugal,Left Winger,Striker,right,179,Nottingham Forest,703,GB1,2028-06-30,10000000,12000000,15000000,2026-05-21,,0,0,9690000,https://www.transfermarkt.com/jota-silva/profil/spieler/663244,https://img.a.transfermarkt.technology/portrait/big/663244-1770374751.png,apify-transfermarkt-global-player-scraper
432914,John Victor Maciel Furtado,John Victor,john victor maciel furtado,1996-02-13,30,Brazil; Portugal,Goalkeeper,Goalkeeper,right,197,Nottingham Forest,703,GB1,2028-06-30,5000000,7000000,8000000,2026-06-03,,0,0,9350000,https://www.transfermarkt.com/john-victor/profil/spieler/432914,https://img.a.transfermarkt.technology/portrait/big/432914-1734107350.jpg,apify-transfermarkt-global-player-scraper
524285,Luca Netz,Luca Netz,luca netz,2003-05-15,23,Germany,Left-Back,Defender,left,184,Nottingham Forest,703,GB1,2030-06-30,8000000,6000000,10000000,2026-06-03,,0,0,4500000,https://www.transfermarkt.com/luca-netz/profil/spieler/524285,https://img.a.transfermarkt.technology/portrait/big/524285-1760967382.jpg,apify-transfermarkt-global-player-scraper
127202,Matz Sels,Matz Willy Els Sels,matz sels,1992-02-26,34,Belgium,Goalkeeper,Goalkeeper,right,188,Nottingham Forest,703,GB1,2028-06-30,3500000,4000000,8000000,2026-06-03,,0,0,17910000,https://www.transfermarkt.com/matz-sels/profil/spieler/127202,https://img.a.transfermarkt.technology/portrait/big/127202-1665067633.jpg,apify-transfermarkt-global-player-scraper
429014,Morgan Gibbs-White,Morgan Anthony Gibbs-White,morgan gibbs white,2000-01-27,26,England; Jamaica,Attacking Midfield,Midfielder,right,171,Nottingham Forest,703,GB1,2028-06-30,70000000,60000000,70000000,2026-06-03,,0,0,29500000,https://www.transfermarkt.com/morgan-gibbs-white/profil/spieler/429014,https://img.a.transfermarkt.technology/portrait/big/429014-1687975822.jpg,apify-transfermarkt-global-player-scraper
1005649,Murillo Santiago Costa dos Santos,Murillo,murillo santiago costa dos santos,2002-07-04,24,Brazil,Centre-Back,Defender,left,180,Nottingham Forest,703,GB1,2030-06-30,50000000,50000000,55000000,2026-06-03,,0,0,12000000,https://www.transfermarkt.com/murillo/profil/spieler/1005649,https://img.a.transfermarkt.technology/portrait/big/1005649-1709159139.jpg,apify-transfermarkt-global-player-scraper
503680,Neco Williams,Neco Shay Williams,neco williams,2001-04-13,25,Wales,Left-Back,Defender,right,183,Nottingham Forest,703,GB1,2029-06-30,28000000,25000000,28000000,2026-06-03,Wales,57,4,20000000,https://www.transfermarkt.com/neco-williams/profil/spieler/503680,https://img.a.transfermarkt.technology/portrait/big/503680-1705499825.jpg,apify-transfermarkt-global-player-scraper
497291,Nicolás Domínguez,Nicolás Martín Domínguez,nicolas dominguez,1998-06-28,28,Argentina; Italy,Central Midfield,Midfielder,right,179,Nottingham Forest,703,GB1,2028-06-30,15000000,16000000,18000000,2026-06-03,,0,0,17625000,https://www.transfermarkt.com/nicolas-dominguez/profil/spieler/497291,https://img.a.transfermarkt.technology/portrait/big/497291-1767772056.jpg,apify-transfermarkt-global-player-scraper
708072,Nicolò Savona,Nicolò Savona,nicolo savona,2003-03-19,23,Italy,Right-Back,Defender,right,192,Nottingham Forest,703,GB1,2030-06-30,15000000,18000000,18000000,2026-06-03,,0,0,13000000,https://www.transfermarkt.com/nicolo-savona/profil/spieler/708072,https://img.a.transfermarkt.technology/portrait/big/708072-1730125797.jpg,apify-transfermarkt-global-player-scraper
413507,Nikola Milenković,Никола Миленковић,nikola milenkovic,1997-10-12,28,Serbia,Centre-Back,Defender,right,195,Nottingham Forest,703,GB1,2029-06-30,28000000,30000000,35000000,2026-06-03,,0,0,17800000,https://www.transfermarkt.com/nikola-milenkovic/profil/spieler/413507,https://img.a.transfermarkt.technology/portrait/big/413507-1661166461.jpg,apify-transfermarkt-global-player-scraper
236490,Ola Aina,Temitayo Olufisayo Olaoluwa Aina,ola aina,1996-10-08,29,Nigeria; England,Right-Back,Defender,right,184,Nottingham Forest,703,GB1,2028-06-30,18000000,20000000,22000000,2026-06-03,,0,0,12900000,https://www.transfermarkt.com/ola-aina/profil/spieler/236490,https://img.a.transfermarkt.technology/portrait/big/236490-1707383919.jpg,apify-transfermarkt-global-player-scraper
424881,Omar Richards,Omar Tyrell Crawford Richards,omar richards,1998-02-15,28,England; Jamaica,Left-Back,Defender,left,174,Nottingham Forest,703,GB1,2027-06-30,2000000,2000000,7000000,2026-05-28,,0,0,8500000,https://www.transfermarkt.com/omar-richards/profil/spieler/424881,https://img.a.transfermarkt.technology/portrait/big/424881-1737119772.jpg,apify-transfermarkt-global-player-scraper
741238,Omari Hutchinson,Omari Elijah Giraud-Hutchinson,omari hutchinson,2003-10-30,22,England; Jamaica,Attacking Midfield,Midfielder,left,174,Nottingham Forest,703,GB1,2030-06-30,30000000,30000000,35000000,2026-06-03,,0,0,67900000,https://www.transfermarkt.com/omari-hutchinson/profil/spieler/741238,https://img.a.transfermarkt.technology/portrait/big/741238-1770845529.jpg,apify-transfermarkt-global-player-scraper
425902,Ryan Yates,Ryan James Yates,ryan yates,1997-11-21,28,England,Central Midfield,Midfielder,right,190,Nottingham Forest,703,GB1,2028-06-30,7000000,8000000,13000000,2026-06-03,,0,0,0,https://www.transfermarkt.com/ryan-yates/profil/spieler/425902,https://img.a.transfermarkt.technology/portrait/big/425902-1684239778.jpg,apify-transfermarkt-global-player-scraper
295313,Taiwo Awoniyi,Taiwo Michael Awoniyi,taiwo awoniyi,1997-08-12,28,Nigeria,Centre-Forward,Striker,right,183,Nottingham Forest,703,GB1,2027-06-30,8000000,9000000,30000000,2026-06-03,,0,0,30650000,https://www.transfermarkt.com/taiwo-awoniyi/profil/spieler/295313,https://img.a.transfermarkt.technology/portrait/big/295313-1774469214.jpg,apify-transfermarkt-global-player-scraper
1007720,Tyler Bindon,Tyler Grant Bindon,tyler bindon,2005-01-27,21,New Zealand; United States,Centre-Back,Defender,right,190,Nottingham Forest,703,GB1,2028-06-30,3500000,1500000,3500000,2026-05-28,New Zealand,28,2,0,https://www.transfermarkt.com/tyler-bindon/profil/spieler/1007720,https://img.a.transfermarkt.technology/portrait/big/1007720-1780066825.jpg,apify-transfermarkt-global-player-scraper
933017,Zach Abbott,Zach MacFarlane Abbott,zach abbott,2006-05-13,20,England,Centre-Back,Defender,right,180,Nottingham Forest,703,GB1,2029-06-30,4000000,3000000,4000000,2026-06-03,England U20,2,0,0,https://www.transfermarkt.com/zach-abbott/profil/spieler/933017,https://img.a.transfermarkt.technology/portrait/big/933017-1724485038.jpg,apify-transfermarkt-global-player-scraper
498237,David Carmo,David Mota Veiga Teixeira do Carmo,david carmo,1999-07-19,26,Angola; Portugal,Centre-Back,Defender,left,196,Olympiacos Piraeus,683,GR1,2029-06-30,5000000,8000000,20000000,2026-06-05,Angola,17,0,32478947,https://www.transfermarkt.com/david-carmo/profil/spieler/498237,https://img.a.transfermarkt.technology/portrait/big/498237-1717008625.jpg,apify-transfermarkt-global-player-scraper
391065,Hamed Traoré,Hamed Junior Traoré,hamed traore,2000-02-16,26,Cote d'Ivoire,Left Winger,Striker,right,177,Olympique Marseille,244,FR1,2030-06-30,15000000,15000000,22000000,2026-06-01,,0,0,49320000,https://www.transfermarkt.com/hamed-traore/profil/spieler/391065,https://img.a.transfermarkt.technology/portrait/big/391065-1754900884.jpg,apify-transfermarkt-global-player-scraper
370846,Timothy Weah,Timothy Tarpeh Weah,timothy weah,2000-02-22,26,United States; France,Right Midfield,Midfielder,right,183,Olympique Marseille,244,FR1,2030-06-30,20000000,20000000,20000000,2026-06-01,United States,53,7,37900000,https://www.transfermarkt.com/timothy-weah/profil/spieler/370846,https://img.a.transfermarkt.technology/portrait/big/370846-1692277669.jpg,apify-transfermarkt-global-player-scraper
469690,Nik Prelec,Nik Prelec,nik prelec,2001-06-10,25,Slovenia,Centre-Forward,Striker,left,187,Oxford United,988,GB3,,1000000,1500000,1500000,2026-05-28,,0,0,2360000,https://www.transfermarkt.com/nik-prelec/profil/spieler/469690,https://img.a.transfermarkt.technology/portrait/big/469690-1775589275.jpg,apify-transfermarkt-global-player-scraper
552472,Nahuel Estévez,Nahuel Estévez Álvarez,nahuel estevez,1995-11-14,30,Argentina; Spain,Defensive Midfield,Midfielder,right,181,Palermo FC,458,IT2,2028-06-30,1400000,1500000,3500000,2026-05-29,,0,0,3245000,https://www.transfermarkt.com/nahuel-estevez/profil/spieler/552472,https://img.a.transfermarkt.technology/portrait/big/552472-1739284138.jpg,apify-transfermarkt-global-player-scraper
412649,Tommaso Cassandro,Tommaso Cassandro,tommaso cassandro,2000-01-09,26,Italy,Centre-Back,Defender,right,186,Palermo FC,458,IT2,2030-06-30,2000000,1400000,2000000,2026-06-04,,0,0,2100000,https://www.transfermarkt.com/tommaso-cassandro/profil/spieler/412649,https://img.a.transfermarkt.technology/portrait/big/412649-1692961365.jpg,apify-transfermarkt-global-player-scraper
283170,Iñaki Peña,Ignacio Peña Sotorres,inaki pena,1999-03-02,27,Spain,Goalkeeper,Goalkeeper,right,184,Panathinaikos,265,GR1,2029-06-30,4000000,5000000,10000000,2026-06-05,,0,0,3000000,https://www.transfermarkt.com/inaki-pena/profil/spieler/283170,https://img.a.transfermarkt.technology/portrait/big/283170-1702502364.jpg,apify-transfermarkt-global-player-scraper
111196,Stefan de Vrij,Stefan de Vrij,stefan de vrij,1992-02-05,34,Netherlands,Centre-Back,Defender,right,189,Panathinaikos,265,GR1,2027-06-30,3000000,3500000,60000000,2026-05-29,,0,0,7000000,https://www.transfermarkt.com/stefan-de-vrij/profil/spieler/111196,https://img.a.transfermarkt.technology/portrait/big/111196-1663572651.jpg,apify-transfermarkt-global-player-scraper
229804,Aritz Elustondo,Aritz Elustondo Irribarria,aritz elustondo,1994-03-28,32,Spain,Centre-Back,Defender,right,180,PAOK Thessaloniki,1091,GR1,2028-06-30,1500000,1800000,20000000,2026-06-05,,0,0,0,https://www.transfermarkt.com/aritz-elustondo/profil/spieler/229804,https://img.a.transfermarkt.technology/portrait/big/229804-1664970965.jpg,apify-transfermarkt-global-player-scraper
673514,Abdoulaye Ndiaye,Abdoulaye Niakhate Ndiaye,abdoulaye ndiaye,2002-04-10,24,Senegal,Centre-Back,Defender,left,195,Parma Calcio 1913,130,IT1,2029-06-30,6000000,6500000,7000000,2026-05-29,Senegal U23,1,0,10850000,https://www.transfermarkt.com/abdoulaye-ndiaye/profil/spieler/673514,https://img.a.transfermarkt.technology/portrait/big/673514-1767803264.jpg,apify-transfermarkt-global-player-scraper
454386,Adrian Benedyczak,Adrian Dawid Benedyczak,adrian benedyczak,2000-11-24,25,Poland,Centre-Forward,Striker,both,191,Parma Calcio 1913,130,IT1,2028-06-30,5000000,2500000,6000000,2026-05-21,,0,0,2400000,https://www.transfermarkt.com/adrian-benedyczak/profil/spieler/454386,https://img.a.transfermarkt.technology/portrait/big/454386-1686128177.jpg,apify-transfermarkt-global-player-scraper
466802,Adrián Bernabé,Adrián Bernabé García,adrian bernabe,2001-05-26,25,Spain,Central Midfield,Midfielder,left,170,Parma Calcio 1913,130,IT1,2027-06-30,15000000,15000000,15000000,2026-05-29,,0,0,0,https://www.transfermarkt.com/adrian-bernabe/profil/spieler/466802,https://img.a.transfermarkt.technology/portrait/big/466802-1714503707.jpg,apify-transfermarkt-global-player-scraper
867137,Alessandro Circati,Alessandro Circati,alessandro circati,2003-10-10,22,Australia; Italy,Centre-Back,Defender,right,191,Parma Calcio 1913,130,IT1,2029-06-30,12000000,10000000,12000000,2026-05-29,Australia,17,1,0,https://www.transfermarkt.com/alessandro-circati/profil/spieler/867137,https://img.a.transfermarkt.technology/portrait/big/867137-1780322535.jpg,apify-transfermarkt-global-player-scraper
182517,Anthony Partipilo,Anthony Partipilo,anthony partipilo,1994-10-27,31,Italy,Right Winger,Striker,left,181,Parma Calcio 1913,130,IT1,2027-06-30,250000,400000,1500000,2026-06-04,,0,0,1900000,https://www.transfermarkt.com/anthony-partipilo/profil/spieler/182517,https://img.a.transfermarkt.technology/portrait/big/182517-1712352354.jpg,apify-transfermarkt-global-player-scraper
1028162,Antoine Joujou,Antoine Joujou,antoine joujou,2003-03-12,23,France; Guadeloupe,Left Winger,Striker,right,189,Parma Calcio 1913,130,IT1,2028-06-30,2000000,2000000,2500000,2026-05-28,,0,0,2700000,https://www.transfermarkt.com/antoine-joujou/profil/spieler/1028162,https://img.a.transfermarkt.technology/portrait/big/1028162-1683803729.jpg,apify-transfermarkt-global-player-scraper
999127,Benja Cremaschi,Benjamín Cremaschi,benja cremaschi,2005-03-02,21,United States; Italy,Central Midfield,Midfielder,right,180,Parma Calcio 1913,130,IT1,2031-06-30,4000000,4500000,5000000,2026-05-29,,0,0,4000000,https://www.transfermarkt.com/benja-cremaschi/profil/spieler/999127,https://img.a.transfermarkt.technology/portrait/big/999127-1740775093.jpg,apify-transfermarkt-global-player-scraper
543727,Botond Balogh,Botond Balogh,botond balogh,2002-06-06,24,Hungary,Centre-Back,Defender,right,189,Parma Calcio 1913,130,IT1,2027-06-30,2500000,2500000,2500000,2026-05-21,,0,0,150000,https://www.transfermarkt.com/botond-balogh/profil/spieler/543727,https://img.a.transfermarkt.technology/portrait/big/543727-1760087992.png,apify-transfermarkt-global-player-scraper
1043646,Christian Ordóñez,Christian Nahuel Ordóñez,christian ordonez,2004-07-24,21,Argentina; Paraguay,Central Midfield,Midfielder,right,177,Parma Calcio 1913,130,IT1,2030-06-30,6500000,6500000,7000000,2026-05-29,,0,0,9750000,https://www.transfermarkt.com/christian-ordonez/profil/spieler/1043646,https://img.a.transfermarkt.technology/portrait/big/1043646-1751354832.jpg,apify-transfermarkt-global-player-scraper
528181,Edoardo Corvi,Edoardo Corvi,edoardo corvi,2001-03-23,25,Italy,Goalkeeper,Goalkeeper,right,187,Parma Calcio 1913,130,IT1,2029-06-30,1500000,1500000,1500000,2026-05-29,,0,0,0,https://www.transfermarkt.com/edoardo-corvi/profil/spieler/528181,https://img.a.transfermarkt.technology/portrait/big/528181-1712347686.jpg,apify-transfermarkt-global-player-scraper
445126,Emanuele Valeri,Emanuele Valeri,emanuele valeri,1998-12-07,27,Italy,Left-Back,Defender,left,180,Parma Calcio 1913,130,IT1,2028-06-30,3000000,3000000,3500000,2026-05-29,,0,0,100000,https://www.transfermarkt.com/emanuele-valeri/profil/spieler/445126,https://img.a.transfermarkt.technology/portrait/big/445126-1663684061.jpg,apify-transfermarkt-global-player-scraper
392956,Enrico Delprato,Enrico Delprato,enrico delprato,1999-11-10,26,Italy,Right-Back,Defender,right,183,Parma Calcio 1913,130,IT1,2027-06-30,6000000,6000000,6500000,2026-05-29,,0,0,2750000,https://www.transfermarkt.com/enrico-delprato/profil/spieler/392956,https://img.a.transfermarkt.technology/portrait/big/392956-1730185180.jpg,apify-transfermarkt-global-player-scraper
604207,Filippo Rinaldi,Filippo Rinaldi,filippo rinaldi,2002-12-04,23,Italy,Goalkeeper,Goalkeeper,right,188,Parma Calcio 1913,130,IT1,2029-06-30,600000,600000,600000,2026-05-29,,0,0,0,https://www.transfermarkt.com/filippo-rinaldi/profil/spieler/604207,https://img.a.transfermarkt.technology/portrait/big/604207-1758687826.jpg,apify-transfermarkt-global-player-scraper
731491,Franco Carboni,Franco Ezequiel Carboni,franco carboni,2003-04-04,23,Argentina; Italy,Left-Back,Defender,left,190,Parma Calcio 1913,130,IT1,2030-06-30,900000,900000,1000000,2026-05-29,,0,0,3400000,https://www.transfermarkt.com/franco-carboni/profil/spieler/731491,https://img.a.transfermarkt.technology/portrait/big/731491-1675245800.jpg,apify-transfermarkt-global-player-scraper
814473,Giovanni Daffara,Giovanni Daffara,giovanni daffara,2004-12-05,21,Italy,Goalkeeper,Goalkeeper,right,194,Parma Calcio 1913,130,IT1,2031-06-30,3500000,1500000,3500000,2026-06-04,Italy,0,0,6800000,https://www.transfermarkt.com/giovanni-daffara/profil/spieler/814473,https://img.a.transfermarkt.technology/portrait/big/814473-1770412165.jpg,apify-transfermarkt-global-player-scraper
430280,Hans Nicolussi Caviglia,Hans Nicolussi Caviglia,hans nicolussi caviglia,2000-06-18,26,Italy,Defensive Midfield,Midfielder,right,184,Parma Calcio 1913,130,IT1,2030-06-30,6000000,6000000,8500000,2026-05-29,,0,0,11180000,https://www.transfermarkt.com/hans-nicolussi-caviglia/profil/spieler/430280,https://img.a.transfermarkt.technology/portrait/big/430280-1743004805.jpg,apify-transfermarkt-global-player-scraper
663237,Jacob Ondrejka,Jacob Axel Per Ondrejka,jacob ondrejka,2002-09-02,23,Sweden,Left Winger,Striker,right,179,Parma Calcio 1913,130,IT1,2029-06-30,5500000,6500000,8000000,2026-05-29,,0,0,8300000,https://www.transfermarkt.com/jacob-ondrejka/profil/spieler/663237,https://img.a.transfermarkt.technology/portrait/big/663237-1751532865.jpg,apify-transfermarkt-global-player-scraper
625202,Lautaro Valenti,Lautaro Rodrigo Valenti,lautaro valenti,1999-01-14,27,Argentina; Italy,Centre-Back,Defender,left,188,Parma Calcio 1913,130,IT1,2027-06-30,2000000,1500000,5000000,2026-05-29,,0,0,10500000,https://www.transfermarkt.com/lautaro-valenti/profil/spieler/625202,https://img.a.transfermarkt.technology/portrait/big/625202-1725530168.jpg,apify-transfermarkt-global-player-scraper
707844,Mandela Keita,Lamine Mandela Keita,mandela keita,2002-05-10,24,Belgium; Guinea,Defensive Midfield,Midfielder,right,180,Parma Calcio 1913,130,IT1,2029-06-30,20000000,18000000,20000000,2026-05-29,,0,0,19900000,https://www.transfermarkt.com/mandela-keita/profil/spieler/707844,https://img.a.transfermarkt.technology/portrait/big/707844-1706174326.jpg,apify-transfermarkt-global-player-scraper
1159864,Mariano Troilo,Mariano Emir Troilo,mariano troilo,2003-06-28,23,Argentina,Centre-Back,Defender,both,194,Parma Calcio 1913,130,IT1,2030-06-30,10000000,7500000,10000000,2026-05-29,,0,0,7975000,https://www.transfermarkt.com/mariano-troilo/profil/spieler/1159864,https://img.a.transfermarkt.technology/portrait/big/1159864-1755605683.jpg,apify-transfermarkt-global-player-scraper
856530,Mateo Pellegrino,Mateo Pellegrino Casalanguila,mateo pellegrino,2001-10-22,24,Argentina; Spain,Centre-Forward,Striker,left,192,Parma Calcio 1913,130,IT1,2030-06-30,15000000,15000000,15000000,2026-05-29,,0,0,1640000,https://www.transfermarkt.com/mateo-pellegrino/profil/spieler/856530,https://img.a.transfermarkt.technology/portrait/big/856530-1751532694.jpg,apify-transfermarkt-global-player-scraper
840149,Matija Frigan,Matija Frigan,matija frigan,2003-02-11,23,Croatia,Centre-Forward,Striker,left,185,Parma Calcio 1913,130,IT1,2030-06-30,7000000,7500000,7500000,2026-05-29,,0,0,14950000,https://www.transfermarkt.com/matija-frigan/profil/spieler/840149,https://img.a.transfermarkt.technology/portrait/big/840149-1757665206.jpg,apify-transfermarkt-global-player-scraper
862606,Nesta Elphege,Nesta Elphege,nesta elphege,2001-01-09,25,France; Cameroon,Centre-Forward,Striker,left,196,Parma Calcio 1913,130,IT1,2030-06-30,4000000,2000000,4000000,2026-05-29,,0,0,2000000,https://www.transfermarkt.com/nesta-elphege/profil/spieler/862606,https://img.a.transfermarkt.technology/portrait/big/862606-1777961604.jpg,apify-transfermarkt-global-player-scraper
1119655,Nicolas Trabucchi,Nicolas Trabucchi,nicolas trabucchi,2007-08-17,18,Italy,Centre-Back,Defender,right,185,Parma Calcio 1913,130,IT1,2028-06-30,400000,400000,400000,2026-06-19,,0,0,0,https://www.transfermarkt.com/nicolas-trabucchi/profil/spieler/1119655,https://img.a.transfermarkt.technology/portrait/big/1119655-1734334113.jpg,apify-transfermarkt-global-player-scraper
514888,Oliver Sørensen,Oliver Sørensen Jensen,oliver sorensen,2002-03-10,24,Denmark,Central Midfield,Midfielder,left,184,Parma Calcio 1913,130,IT1,2030-06-30,6500000,7500000,8000000,2026-05-29,,0,0,8100000,https://www.transfermarkt.com/oliver-soerensen/profil/spieler/514888,https://img.a.transfermarkt.technology/portrait/big/514888-1727290198.jpg,apify-transfermarkt-global-player-scraper
858677,Peter Amoran,Peter Amoran Toluwanimi,peter amoran,2004-05-22,22,Sweden; Nigeria,Centre-Back,Defender,right,192,Parma Calcio 1913,130,IT1,2027-06-30,300000,300000,300000,2026-06-04,,0,0,0,https://www.transfermarkt.com/peter-amoran/profil/spieler/858677,https://img.a.transfermarkt.technology/portrait/big/858677-1707905691.jpg,apify-transfermarkt-global-player-scraper
300532,Pontus Almqvist,Pontus Skule Erik Almqvist,pontus almqvist,1999-07-10,26,Sweden,Right Winger,Striker,left,183,Parma Calcio 1913,130,IT1,2027-06-30,1800000,2000000,3000000,2026-05-29,,0,0,5750000,https://www.transfermarkt.com/pontus-almqvist/profil/spieler/300532,https://img.a.transfermarkt.technology/portrait/big/300532-1692964187.jpg,apify-transfermarkt-global-player-scraper
702324,Rachid Kouda,Rachid Kouda,rachid kouda,2002-07-25,23,Italy; Burkina Faso,Central Midfield,Midfielder,right,188,Parma Calcio 1913,130,IT1,2028-06-30,2200000,2000000,3500000,2026-06-04,,0,0,4450000,https://www.transfermarkt.com/rachid-kouda/profil/spieler/702324,https://img.a.transfermarkt.technology/portrait/big/702324-1753435148.jpg,apify-transfermarkt-global-player-scraper
932187,Sascha Britschgi,Sascha Britschgi,sascha britschgi,2006-08-27,19,Switzerland; Cameroon,Right-Back,Defender,right,182,Parma Calcio 1913,130,IT1,2030-06-30,10000000,10000000,10000000,2026-05-29,Switzerland U21,6,0,3140000,https://www.transfermarkt.com/sascha-britschgi/profil/spieler/932187,https://img.a.transfermarkt.technology/portrait/big/932187-1756106334.jpg,apify-transfermarkt-global-player-scraper
432298,Zion Suzuki,鈴木 彩艶,zion suzuki,2002-08-21,23,Japan; United States,Goalkeeper,Goalkeeper,right,190,Parma Calcio 1913,130,IT1,2029-06-30,20000000,20000000,20000000,2026-05-29,Japan,28,0,12200000,https://www.transfermarkt.com/zion-suzuki/profil/spieler/432298,https://img.a.transfermarkt.technology/portrait/big/432298-1780323348.jpg,apify-transfermarkt-global-player-scraper
237658,Michel Aebischer,Michel Aebischer,michel aebischer,1997-01-06,29,Switzerland,Central Midfield,Midfielder,right,183,Pisa Sporting Club,4172,IT2,2029-06-30,4000000,4500000,11000000,2026-05-29,Switzerland,44,2,7500000,https://www.transfermarkt.com/michel-aebischer/profil/spieler/237658,https://img.a.transfermarkt.technology/portrait/big/237658-1669289063.jpg,apify-transfermarkt-global-player-scraper
311044,Alfonso Espino,Luis Alfonso Espino García,alfonso espino,1992-01-05,34,Uruguay; Spain,Left-Back,Defender,left,172,Racing Club,1444,ARGC,2028-06-30,900000,1000000,6000000,2026-06-05,,0,0,0,https://www.transfermarkt.com/alfonso-espino/profil/spieler/311044,https://img.a.transfermarkt.technology/portrait/big/311044-1635328827.jpg,apify-transfermarkt-global-player-scraper
636116,Álvaro Mantilla,Álvaro Mantilla Pérez,alvaro mantilla,2000-05-09,26,Spain,Right-Back,Defender,right,184,Racing Santander,630,ES1,2028-06-30,1200000,900000,1200000,2026-06-22,,0,0,0,https://www.transfermarkt.com/alvaro-mantilla/profil/spieler/636116,https://img.a.transfermarkt.technology/portrait/big/636116-1652953291.jpg,apify-transfermarkt-global-player-scraper
531277,Andrés Martín,Andrés Martín García,andres martin,1999-07-11,26,Spain,Right Winger,Striker,left,178,Racing Santander,630,ES1,2028-06-30,8000000,7000000,8000000,2026-06-22,,0,0,4500000,https://www.transfermarkt.com/andres-martin/profil/spieler/531277,https://img.a.transfermarkt.technology/portrait/big/531277-1744710284.jpg,apify-transfermarkt-global-player-scraper
663258,Aritz Aldasoro,Aritz Aldasoro Sarriegi,aritz aldasoro,1999-06-05,27,Spain,Central Midfield,Midfielder,right,176,Racing Santander,630,ES1,2029-06-30,1500000,2000000,2000000,2026-06-22,,0,0,0,https://www.transfermarkt.com/aritz-aldasoro/profil/spieler/663258,https://img.a.transfermarkt.technology/portrait/big/663258-1750847928.jpg,apify-transfermarkt-global-player-scraper
251897,Asier Villalibre,Asier Villalibre Molina,asier villalibre,1997-09-30,28,Spain,Centre-Forward,Striker,left,182,Racing Santander,630,ES1,2029-06-30,2000000,2000000,4500000,2026-06-22,,0,0,2000000,https://www.transfermarkt.com/asier-villalibre/profil/spieler/251897,https://img.a.transfermarkt.technology/portrait/big/251897-1709676417.png,apify-transfermarkt-global-player-scraper
825199,Facundo González,Facundo González Molino,facundo gonzalez,2003-06-06,23,Uruguay; Italy,Centre-Back,Defender,left,193,Racing Santander,630,ES1,2029-06-30,3000000,3000000,4000000,2026-06-22,,0,0,4650000,https://www.transfermarkt.com/facundo-gonzalez/profil/spieler/825199,https://img.a.transfermarkt.technology/portrait/big/825199-1729850176.jpg,apify-transfermarkt-global-player-scraper
502682,Giorgi Guliashvili,გიორგი გულიაშვილი,giorgi guliashvili,2001-09-05,24,Georgia,Centre-Forward,Striker,right,175,Racing Santander,630,ES1,2029-06-30,3500000,2500000,3500000,2026-06-22,Georgia,7,0,3120000,https://www.transfermarkt.com/giorgi-guliashvili/profil/spieler/502682,https://img.a.transfermarkt.technology/portrait/big/502682-1759082949.jpg,apify-transfermarkt-global-player-scraper
936981,Gustavo Puerta,Gustavo Adolfo Puerta Molano,gustavo puerta,2003-07-23,22,Colombia,Central Midfield,Midfielder,right,173,Racing Santander,630,ES1,2029-06-30,10000000,5000000,10000000,2026-06-05,Colombia,10,1,5500000,https://www.transfermarkt.com/gustavo-puerta/profil/spieler/936981,https://img.a.transfermarkt.technology/portrait/big/936981-1695368256.jpg,apify-transfermarkt-global-player-scraper
522730,Íñigo Sainz-Maza,Íñigo Sainz-Maza Serna,inigo sainz maza,1998-06-16,28,Spain,Central Midfield,Midfielder,right,181,Racing Santander,630,ES1,2028-06-30,1000000,1000000,1000000,2026-06-22,,0,0,0,https://www.transfermarkt.com/inigo-sainz-maza/profil/spieler/522730,https://img.a.transfermarkt.technology/portrait/big/522730-1652944518.jpg,apify-transfermarkt-global-player-scraper
335216,Iñigo Vicente,Iñigo Vicente Elorduy,inigo vicente,1998-01-06,28,Spain,Left Winger,Striker,right,178,Racing Santander,630,ES1,2030-06-30,7000000,6000000,7000000,2026-06-22,,0,0,0,https://www.transfermarkt.com/inigo-vicente/profil/spieler/335216,https://img.a.transfermarkt.technology/portrait/big/335216-1711381338.jpg,apify-transfermarkt-global-player-scraper
740253,Javi Castro,Javier Castro Urdín,javi castro,2000-09-13,25,Spain,Centre-Back,Defender,right,183,Racing Santander,630,ES1,2027-06-30,1800000,1800000,1800000,2026-06-22,,0,0,0,https://www.transfermarkt.com/javi-castro/profil/spieler/740253,https://img.a.transfermarkt.technology/portrait/big/740253-1702509967.png,apify-transfermarkt-global-player-scraper
1262996,Jorge Salinas,Jorge Salinas Viadero,jorge salinas,2007-04-03,19,Spain,Left-Back,Defender,left,183,Racing Santander,630,ES1,2029-06-30,8000000,5000000,8000000,2026-06-22,Spain U19,7,2,0,https://www.transfermarkt.com/jorge-salinas/profil/spieler/1262996,https://img.a.transfermarkt.technology/portrait/big/1262996-1767015263.jpg,apify-transfermarkt-global-player-scraper
461631,Juan Carlos Arana,Juan Carlos Arana Gómez,juan carlos arana,2000-02-08,26,Spain,Centre-Forward,Striker,right,182,Racing Santander,630,ES1,2028-06-30,1000000,1500000,2500000,2026-06-22,,0,0,2400000,https://www.transfermarkt.com/juan-carlos-arana/profil/spieler/461631,https://img.a.transfermarkt.technology/portrait/big/461631-1767022242.jpg,apify-transfermarkt-global-player-scraper
933795,Maguette Gueye,Maguette Gueye,maguette gueye,2002-12-30,23,Senegal,Defensive Midfield,Midfielder,left,188,Racing Santander,630,ES1,2029-06-30,2000000,1000000,2000000,2026-06-22,,0,0,500000,https://www.transfermarkt.com/maguette-gueye/profil/spieler/933795,https://img.a.transfermarkt.technology/portrait/big/933795-1779005844.jpg,apify-transfermarkt-global-player-scraper
396161,Manu Hernando,José Manuel Hernando Riol,manu hernando,1998-07-19,27,Spain,Centre-Back,Defender,right,182,Racing Santander,630,ES1,2028-06-30,1400000,1400000,1600000,2026-06-22,,0,0,90000,https://www.transfermarkt.com/manu-hernando/profil/spieler/396161,https://img.a.transfermarkt.technology/portrait/big/396161-1724514640.jpeg,apify-transfermarkt-global-player-scraper
889459,Mario García,Mario García Alvear,mario garcia,2003-10-02,22,Spain,Left-Back,Defender,left,172,Racing Santander,630,ES1,2027-06-30,900000,900000,900000,2026-06-22,,0,0,0,https://www.transfermarkt.com/mario-garcia/profil/spieler/889459,https://img.a.transfermarkt.technology/portrait/big/889459-1779006054.jpg,apify-transfermarkt-global-player-scraper
66106,Sergio Canales,Sergio Canales Madrazo,sergio canales,1991-02-16,35,Spain,Attacking Midfield,Midfielder,left,175,Racing Santander,630,ES1,2028-06-30,3000000,4500000,25000000,2026-05-20,,0,0,29000000,https://www.transfermarkt.com/sergio-canales/profil/spieler/66106,https://img.a.transfermarkt.technology/portrait/big/66106-1653039158.jpg,apify-transfermarkt-global-player-scraper
1393961,Sergio Martínez,Sergio Martínez Montero,sergio martinez,2007-05-15,19,Spain,Central Midfield,Midfielder,,185,Racing Santander,630,ES1,2029-06-30,2000000,2000000,2000000,2026-06-22,,0,0,0,https://www.transfermarkt.com/sergio-martinez/profil/spieler/1393961,https://img.a.transfermarkt.technology/portrait/big/1393961-1764753165.jpg,apify-transfermarkt-global-player-scraper
1088712,Simon Eriksson,Simon Olof Eriksson,simon eriksson,2006-04-24,20,Sweden,Goalkeeper,Goalkeeper,right,195,Racing Santander,630,ES1,2030-06-30,2000000,2000000,2000000,2026-06-22,,0,0,2380000,https://www.transfermarkt.com/simon-eriksson/profil/spieler/1088712,https://img.a.transfermarkt.technology/portrait/big/1088712-1757615371.jpg,apify-transfermarkt-global-player-scraper
707568,Suleiman Camara,Suleiman Camara Sanneh,suleiman camara,2001-12-07,24,The Gambia; Spain,Right Winger,Striker,right,179,Racing Santander,630,ES1,2028-06-30,800000,800000,800000,2026-06-22,,0,0,400000,https://www.transfermarkt.com/suleiman-camara/profil/spieler/707568,https://img.a.transfermarkt.technology/portrait/big/707568-1700767834.png,apify-transfermarkt-global-player-scraper
848514,Yeray Cabanzón,Yeray Cabanzón de Arriba,yeray cabanzon,2003-05-14,23,Spain,Right Winger,Striker,left,170,Racing Santander,630,ES1,2027-06-30,600000,600000,600000,2026-06-22,,0,0,0,https://www.transfermarkt.com/yeray-cabanzon/profil/spieler/848514,https://img.a.transfermarkt.technology/portrait/big/848514-1732794306.png,apify-transfermarkt-global-player-scraper
343475,Ben Godfrey,Benjamin Matthew Godfrey,ben godfrey,1998-01-15,28,England; Jamaica,Centre-Back,Defender,right,184,Rangers FC,124,SC1,2027-06-30,5000000,5500000,25000000,2026-05-25,,0,0,43060000,https://www.transfermarkt.com/ben-godfrey/profil/spieler/343475,https://img.a.transfermarkt.technology/portrait/big/343475-1700739275.jpg,apify-transfermarkt-global-player-scraper
570336,Dan Neil,Daniel Neil,dan neil,2001-12-13,24,England,Central Midfield,Midfielder,left,185,Rangers FC,124,SC1,2029-05-31,4500000,5500000,7500000,2026-05-28,,0,0,0,https://www.transfermarkt.com/dan-neil/profil/spieler/570336,https://img.a.transfermarkt.technology/portrait/big/570336-1748348348.jpg,apify-transfermarkt-global-player-scraper
371013,Ivor Pandur,Ivor Pandur,ivor pandur,2000-03-25,26,Croatia,Goalkeeper,Goalkeeper,right,187,Rangers FC,124,SC1,2030-05-31,4500000,3500000,4500000,2026-05-28,Croatia,0,0,12490000,https://www.transfermarkt.com/ivor-pandur/profil/spieler/371013,https://img.a.transfermarkt.technology/portrait/big/371013-1763647059.jpg,apify-transfermarkt-global-player-scraper
560417,Alexandre Zurawski,Alemão,alexandre zurawski,1998-04-01,28,Brazil; Poland,Centre-Forward,Striker,right,182,Rayo Vallecano,367,ES1,2030-06-30,4000000,3000000,4000000,2026-06-05,,0,0,7500000,https://www.transfermarkt.com/alemao/profil/spieler/560417,https://img.a.transfermarkt.technology/portrait/big/560417-1775761327.jpg,apify-transfermarkt-global-player-scraper
257062,Álvaro García,Álvaro García Rivera,alvaro garcia,1992-10-27,33,Spain,Left Winger,Striker,both,167,Rayo Vallecano,367,ES1,2028-06-30,1500000,1800000,6000000,2026-06-05,,0,0,4500000,https://www.transfermarkt.com/alvaro-garcia/profil/spieler/257062,https://img.a.transfermarkt.technology/portrait/big/257062-1762775114.jpg,apify-transfermarkt-global-player-scraper
527966,Andrei Rațiu,Andrei Florin Rațiu,andrei ratiu,1998-06-20,28,Romania; Spain,Right-Back,Defender,right,183,Rayo Vallecano,367,ES1,2030-06-30,18000000,18000000,18000000,2026-06-05,,0,0,10500000,https://www.transfermarkt.com/andrei-ratiu/profil/spieler/527966,https://img.a.transfermarkt.technology/portrait/big/527966-1765462531.jpg,apify-transfermarkt-global-player-scraper
275218,Augusto Batalla,Augusto Martín Batalla Barga,augusto batalla,1996-04-30,30,Argentina; Italy,Goalkeeper,Goalkeeper,right,185,Rayo Vallecano,367,ES1,2030-06-30,6000000,6000000,6000000,2026-06-05,,0,0,1709000,https://www.transfermarkt.com/augusto-batalla/profil/spieler/275218,https://img.a.transfermarkt.technology/portrait/big/275218-1775761484.jpg,apify-transfermarkt-global-player-scraper
397676,Dani Cárdenas,Daniel Cárdenas Lindez,dani cardenas,1997-03-28,29,Spain,Goalkeeper,Goalkeeper,right,186,Rayo Vallecano,367,ES1,2027-06-30,1800000,1800000,2000000,2026-06-05,,0,0,1300000,https://www.transfermarkt.com/dani-cardenas/profil/spieler/397676,https://img.a.transfermarkt.technology/portrait/big/397676-1663571879.jpg,apify-transfermarkt-global-player-scraper
707359,Etienne Eto'o,Etienne Eto’o Pineda,etienne etoo,2002-08-18,23,Cameroon; Spain,Centre-Forward,Striker,right,191,Rayo Vallecano,367,ES1,2027-06-30,300000,300000,300000,2026-06-23,,0,0,0,https://www.transfermarkt.com/etienne-eto-o/profil/spieler/707359,https://img.a.transfermarkt.technology/portrait/big/707359-1732552521.jpg,apify-transfermarkt-global-player-scraper
127108,Florian Lejeune,Florian Grégoire Claude Lejeune,florian lejeune,1991-05-20,35,France,Centre-Back,Defender,right,190,Rayo Vallecano,367,ES1,2028-06-30,1800000,2000000,8000000,2026-06-05,,0,0,15300000,https://www.transfermarkt.com/florian-lejeune/profil/spieler/127108,https://img.a.transfermarkt.technology/portrait/big/127108-1496825998.jpg,apify-transfermarkt-global-player-scraper
622988,Fran Pérez,Francisco Pérez Martínez,fran perez,2002-09-09,23,Spain,Right Winger,Striker,right,176,Rayo Vallecano,367,ES1,2029-06-30,2500000,3000000,8000000,2026-06-05,,0,0,1000000,https://www.transfermarkt.com/fran-perez/profil/spieler/622988,https://img.a.transfermarkt.technology/portrait/big/622988-1683212780.jpg,apify-transfermarkt-global-player-scraper
362086,Isi Palazón,Isaac Palazón Camacho,isi palazon,1994-12-27,31,Spain,Second Striker,Striker,left,169,Rayo Vallecano,367,ES1,2028-06-30,2800000,3000000,12000000,2026-06-05,,0,0,600000,https://www.transfermarkt.com/isi-palazon/profil/spieler/362086,https://img.a.transfermarkt.technology/portrait/big/362086-1726662958.jpg,apify-transfermarkt-global-player-scraper
85295,Iván Balliu,Iván Balliu Campeny,ivan balliu,1992-01-01,34,Albania; Spain,Right-Back,Defender,right,172,Rayo Vallecano,367,ES1,2027-06-30,1000000,1200000,4000000,2026-06-05,,0,0,0,https://www.transfermarkt.com/ivan-balliu/profil/spieler/85295,https://img.a.transfermarkt.technology/portrait/big/85295-1688119678.jpg,apify-transfermarkt-global-player-scraper
455181,Jorge de Frutos,Jorge de Frutos Sebastián,jorge de frutos,1997-02-20,29,Spain,Right Winger,Striker,right,173,Rayo Vallecano,367,ES1,2028-06-30,12000000,12000000,15000000,2026-06-05,,0,0,14100000,https://www.transfermarkt.com/jorge-de-frutos/profil/spieler/455181,https://img.a.transfermarkt.technology/portrait/big/455181-1756820871.jpg,apify-transfermarkt-global-player-scraper
765467,Jozhua Vertrouwd,Jozhua Thomayo Vertrouwd,jozhua vertrouwd,2004-08-21,21,Netherlands,Centre-Back,Defender,left,187,Rayo Vallecano,367,ES1,2026-06-30,2000000,2500000,3000000,2026-06-05,,0,0,1500000,https://www.transfermarkt.com/jozhua-vertrouwd/profil/spieler/765467,https://img.a.transfermarkt.technology/portrait/big/765467-1691072211.jpg,apify-transfermarkt-global-player-scraper
1034853,Nobel Mendy,Nobel Mendy,nobel mendy,2004-09-03,21,Senegal; Guinea-Bissau,Centre-Back,Defender,left,187,Rayo Vallecano,367,ES1,2030-06-30,7500000,6000000,7500000,2026-06-05,,0,0,4400000,https://www.transfermarkt.com/nobel-mendy/profil/spieler/1034853,https://img.a.transfermarkt.technology/portrait/big/1034853-1736244947.jpg,apify-transfermarkt-global-player-scraper
517753,Óscar Valentín,Óscar Valentín Martín Luengo,oscar valentin,1994-08-20,31,Spain,Central Midfield,Midfielder,right,177,Rayo Vallecano,367,ES1,2027-06-30,2000000,2200000,5000000,2026-06-05,,0,0,0,https://www.transfermarkt.com/oscar-valentin/profil/spieler/517753,https://img.a.transfermarkt.technology/portrait/big/517753-1765909833.jpg,apify-transfermarkt-global-player-scraper
525578,Pathé Ciss,Pathé Ismaël Ciss,pathe ciss,1994-03-16,32,Senegal,Central Midfield,Midfielder,right,186,Rayo Vallecano,367,ES1,2027-06-30,1800000,2000000,4000000,2026-06-05,Senegal,34,0,1000000,https://www.transfermarkt.com/pathe-ciss/profil/spieler/525578,https://img.a.transfermarkt.technology/portrait/big/525578-1775761248.jpg,apify-transfermarkt-global-player-scraper
363057,Pedro Díaz,Pedro Díaz Fanjul,pedro diaz,1998-06-05,28,Spain,Central Midfield,Midfielder,right,180,Rayo Vallecano,367,ES1,2028-06-30,3000000,3000000,3000000,2026-06-05,,0,0,2200000,https://www.transfermarkt.com/pedro-diaz/profil/spieler/363057,https://img.a.transfermarkt.technology/portrait/big/363057-1664207844.jpg,apify-transfermarkt-global-player-scraper
692208,Pelayo Fernández,Pelayo Fernández Balboa,pelayo fernandez,2003-04-29,23,Spain,Centre-Back,Defender,right,193,Rayo Vallecano,367,ES1,2028-06-30,500000,500000,500000,2026-06-22,,0,0,0,https://www.transfermarkt.com/pelayo-fernandez/profil/spieler/692208,,apify-transfermarkt-global-player-scraper
596122,Pep Chavarría,Josep María Chavarría Pérez,pep chavarria,1998-04-10,28,Spain,Left-Back,Defender,left,174,Rayo Vallecano,367,ES1,2030-06-30,10000000,10000000,10000000,2026-06-05,,0,0,1800000,https://www.transfermarkt.com/pep-chavarria/profil/spieler/596122,https://img.a.transfermarkt.technology/portrait/big/596122-1744713547.jpg,apify-transfermarkt-global-player-scraper
560483,Randy Nteka,Randy Nteka,randy nteka,1997-12-06,28,Angola; France,Attacking Midfield,Midfielder,left,189,Rayo Vallecano,367,ES1,2028-06-30,1000000,1200000,4000000,2026-06-05,Angola,11,1,1500000,https://www.transfermarkt.com/randy-nteka/profil/spieler/560483,https://img.a.transfermarkt.technology/portrait/big/560483-1600680162.jpg,apify-transfermarkt-global-player-scraper
162038,Raúl de Tomás,Raúl de Tomás Gómez,raul de tomas,1994-10-17,31,Spain; Dominican Republic,Centre-Forward,Striker,right,180,Rayo Vallecano,367,ES1,2027-06-30,400000,500000,25000000,2026-05-14,,0,0,54500000,https://www.transfermarkt.com/raul-de-tomas/profil/spieler/162038,https://img.a.transfermarkt.technology/portrait/big/162038-1761864724.jpg,apify-transfermarkt-global-player-scraper
505674,Sergio Camello,Sergio Camello Pérez,sergio camello,2001-02-10,25,Spain,Centre-Forward,Striker,right,182,Rayo Vallecano,367,ES1,2027-06-30,3000000,2000000,10000000,2026-06-05,,0,0,5000000,https://www.transfermarkt.com/sergio-camello/profil/spieler/505674,https://img.a.transfermarkt.technology/portrait/big/505674-1775761676.jpg,apify-transfermarkt-global-player-scraper
192009,Unai López,Unai López Cabrera,unai lopez,1995-10-30,30,Spain,Central Midfield,Midfielder,right,170,Rayo Vallecano,367,ES1,2029-06-30,2500000,2500000,12000000,2026-06-05,,0,0,0,https://www.transfermarkt.com/unai-lopez/profil/spieler/192009,https://img.a.transfermarkt.technology/portrait/big/192009-1726662500.jpg,apify-transfermarkt-global-player-scraper
1384911,Samu Becerra,Samuel Becerra Gómez,samu becerra,2006-06-01,20,Spain,Central Midfield,Midfielder,right,173,Rayo Vallecano B,15080,,2027-06-30,300000,300000,300000,2026-06-08,,0,0,0,https://www.transfermarkt.com/samu-becerra/profil/spieler/1384911,https://img.a.transfermarkt.technology/portrait/big/1384911-1773220130.jpg,apify-transfermarkt-global-player-scraper
631927,Saud Abdulhamid,سعود عبدالحميد,saud abdulhamid,1999-07-18,26,Saudi Arabia,Right-Back,Defender,right,172,RC Lens,826,FR1,2029-06-30,9000000,5000000,9000000,2026-06-01,Saudi Arabia,55,1,6500000,https://www.transfermarkt.com/saud-abdulhamid/profil/spieler/631927,https://img.a.transfermarkt.technology/portrait/big/631927-1730124451.jpg,apify-transfermarkt-global-player-scraper
633111,Álex Calatrava,Álex Calatrava Torrado,alex calatrava,2000-06-22,26,Spain,Attacking Midfield,Midfielder,left,175,RCD Espanyol Barcelona,714,ES1,2031-06-30,4000000,4000000,4000000,2026-06-22,,0,0,5000000,https://www.transfermarkt.com/alex-calatrava/profil/spieler/633111,https://img.a.transfermarkt.technology/portrait/big/633111-1726738145.jpg,apify-transfermarkt-global-player-scraper
628487,Ángel Fortuño,Ángel Fortuño Viñas,angel fortuno,2001-10-05,24,Spain,Goalkeeper,Goalkeeper,right,183,RCD Espanyol Barcelona,714,ES1,2027-06-30,300000,300000,400000,2026-06-05,,0,0,0,https://www.transfermarkt.com/angel-fortuno/profil/spieler/628487,https://img.a.transfermarkt.technology/portrait/big/628487-1747339466.jpg,apify-transfermarkt-global-player-scraper
834744,Antoniu Roca,Antoniu Roca Vives,antoniu roca,2002-09-05,23,Spain,Right Winger,Striker,right,180,RCD Espanyol Barcelona,714,ES1,2028-06-30,1800000,1800000,1800000,2026-06-05,,0,0,0,https://www.transfermarkt.com/antoniu-roca/profil/spieler/834744,https://img.a.transfermarkt.technology/portrait/big/834744-1734596565.jpg,apify-transfermarkt-global-player-scraper
692070,Clemens Riedel,Clemens Riedel,clemens riedel,2003-07-19,22,Germany,Centre-Back,Defender,right,186,RCD Espanyol Barcelona,714,ES1,2029-06-30,4000000,5000000,5000000,2026-06-05,,0,0,2000000,https://www.transfermarkt.com/clemens-riedel/profil/spieler/692070,https://img.a.transfermarkt.technology/portrait/big/692070-1752059844.jpg,apify-transfermarkt-global-player-scraper
506248,Edu Expósito,Eduardo Expósito Jaén,edu exposito,1996-08-01,29,Spain,Central Midfield,Midfielder,right,178,RCD Espanyol Barcelona,714,ES1,2027-06-30,5000000,5000000,6000000,2026-06-05,,0,0,8500000,https://www.transfermarkt.com/edu-exposito/profil/spieler/506248,https://img.a.transfermarkt.technology/portrait/big/506248-1747385472.jpg,apify-transfermarkt-global-player-scraper
946279,Javi Hernández,Francisco Javier Hernández Coarasa,javi hernandez,2004-01-30,22,Spain,Attacking Midfield,Midfielder,left,175,RCD Espanyol Barcelona,714,ES1,2028-06-30,1500000,1000000,1500000,2026-06-22,,0,0,0,https://www.transfermarkt.com/javi-hernandez/profil/spieler/946279,https://img.a.transfermarkt.technology/portrait/big/946279-1725656260.png,apify-transfermarkt-global-player-scraper
408471,Javi Puado,Javier Puado Díaz,javi puado,1998-05-25,28,Spain,Left Winger,Striker,right,177,RCD Espanyol Barcelona,714,ES1,2030-06-30,7500000,7500000,10000000,2026-06-05,,0,0,0,https://www.transfermarkt.com/javi-puado/profil/spieler/408471,https://img.a.transfermarkt.technology/portrait/big/408471-1698158226.jpg,apify-transfermarkt-global-player-scraper
628498,Jofre Carreras,Jofre Carreras Pagès,jofre carreras,2001-06-17,25,Spain,Right Winger,Striker,right,175,RCD Espanyol Barcelona,714,ES1,2029-06-30,3000000,3000000,4000000,2026-06-05,,0,0,0,https://www.transfermarkt.com/jofre-carreras/profil/spieler/628498,https://img.a.transfermarkt.technology/portrait/big/628498-1747385604.jpg,apify-transfermarkt-global-player-scraper
557147,José Gragera,José Gragera Amado,jose gragera,2000-05-14,26,Spain,Central Midfield,Midfielder,right,186,RCD Espanyol Barcelona,714,ES1,2028-06-30,1200000,1500000,3000000,2026-06-22,,0,0,2800000,https://www.transfermarkt.com/jose-gragera/profil/spieler/557147,https://img.a.transfermarkt.technology/portrait/big/557147-1664207582.jpg,apify-transfermarkt-global-player-scraper
819590,José Salinas,José Salinas Morán,jose salinas,2000-09-30,25,Spain,Left-Back,Defender,left,178,RCD Espanyol Barcelona,714,ES1,2028-06-30,2000000,2800000,3000000,2026-06-05,,0,0,0,https://www.transfermarkt.com/jose-salinas/profil/spieler/819590,https://img.a.transfermarkt.technology/portrait/big/819590-1744371555.jpg,apify-transfermarkt-global-player-scraper
904712,Justin Smith,Justin Smith,justin smith,2003-02-04,23,Canada; France,Central Midfield,Midfielder,right,188,RCD Espanyol Barcelona,714,ES1,2027-06-30,800000,500000,800000,2026-06-22,,0,0,0,https://www.transfermarkt.com/justin-smith/profil/spieler/904712,https://img.a.transfermarkt.technology/portrait/big/904712-1760544046.jpg,apify-transfermarkt-global-player-scraper
93936,Kike García,Enrique García Martínez,kike garcia,1989-11-25,36,Spain,Centre-Forward,Striker,right,186,RCD Espanyol Barcelona,714,ES1,2027-06-30,700000,800000,3000000,2026-06-05,,0,0,4250000,https://www.transfermarkt.com/kike-garcia/profil/spieler/93936,https://img.a.transfermarkt.technology/portrait/big/93936-1490620015.jpg,apify-transfermarkt-global-player-scraper
102423,Leandro Cabrera,Leandro Daniel Cabrera Sasía,leandro cabrera,1991-06-17,35,Uruguay; Spain,Centre-Back,Defender,left,190,RCD Espanyol Barcelona,714,ES1,2027-06-30,900000,1000000,10000000,2026-06-05,,0,0,11100000,https://www.transfermarkt.com/leandro-cabrera/profil/spieler/102423,https://img.a.transfermarkt.technology/portrait/big/102423-1747343579.jpg,apify-transfermarkt-global-player-scraper
961948,Marcos Fernández,Marcos Fernández Sánchez,marcos fernandez,2003-05-17,23,Spain,Centre-Forward,Striker,right,176,RCD Espanyol Barcelona,714,ES1,2028-06-30,1500000,1000000,1500000,2026-06-22,,0,0,0,https://www.transfermarkt.com/marcos-fernandez/profil/spieler/961948,https://img.a.transfermarkt.technology/portrait/big/961948-1782514405.jpg,apify-transfermarkt-global-player-scraper
94308,Marko Dmitrovic,Марко Дмитровић,marko dmitrovic,1992-01-24,34,Serbia,Goalkeeper,Goalkeeper,left,189,RCD Espanyol Barcelona,714,ES1,2028-06-30,700000,800000,12000000,2026-06-05,,0,0,1000000,https://www.transfermarkt.com/marko-dmitrovic/profil/spieler/94308,https://img.a.transfermarkt.technology/portrait/big/94308-1669364494.jpg,apify-transfermarkt-global-player-scraper
583510,Miguel Rubio,Miguel Ángel Rubio Lestan,miguel rubio,1998-03-11,28,Spain,Centre-Back,Defender,right,191,RCD Espanyol Barcelona,714,ES1,2028-06-30,1500000,2000000,2000000,2026-06-05,,0,0,0,https://www.transfermarkt.com/miguel-rubio/profil/spieler/583510,https://img.a.transfermarkt.technology/portrait/big/583510-1702390927.jpg,apify-transfermarkt-global-player-scraper
822331,Omar El Hilali,عمر الهلالي,omar el hilali,2003-09-12,22,Morocco; Spain,Right-Back,Defender,right,183,RCD Espanyol Barcelona,714,ES1,2027-06-30,15000000,15000000,15000000,2026-06-05,,0,0,0,https://www.transfermarkt.com/omar-el-hilali/profil/spieler/822331,https://img.a.transfermarkt.technology/portrait/big/822331-1683211692.jpg,apify-transfermarkt-global-player-scraper
869458,Omar Sadik,عمر صديق,omar sadik,2004-03-22,22,Morocco,Centre-Forward,Striker,left,185,RCD Espanyol Barcelona,714,ES1,2028-06-30,800000,800000,800000,2026-05-26,,0,0,250000,https://www.transfermarkt.com/omar-sadik/profil/spieler/869458,https://img.a.transfermarkt.technology/portrait/big/869458-1779446986.jpg,apify-transfermarkt-global-player-scraper
629511,Pablo Ramón,Pablo Ramón Parra,pablo ramon,2001-06-30,25,Spain,Centre-Back,Defender,right,184,RCD Espanyol Barcelona,714,ES1,2028-06-30,1400000,1000000,1400000,2026-06-22,,0,0,500000,https://www.transfermarkt.com/pablo-ramon/profil/spieler/629511,https://img.a.transfermarkt.technology/portrait/big/629511-1712568179.jpg,apify-transfermarkt-global-player-scraper
225593,Pere Milla,Pere Milla Peña,pere milla,1992-09-23,33,Spain,Left Winger,Striker,left,180,RCD Espanyol Barcelona,714,ES1,2027-06-30,1000000,1200000,3000000,2026-06-05,,0,0,3000000,https://www.transfermarkt.com/pere-milla/profil/spieler/225593,https://img.a.transfermarkt.technology/portrait/big/225593-1541151194.jpg,apify-transfermarkt-global-player-scraper
412045,Pol Lozano,Pol Lozano Vizuete,pol lozano,1999-10-06,26,Spain,Central Midfield,Midfielder,right,176,RCD Espanyol Barcelona,714,ES1,2027-06-30,6000000,6000000,6000000,2026-06-05,,0,0,0,https://www.transfermarkt.com/pol-lozano/profil/spieler/412045,https://img.a.transfermarkt.technology/portrait/big/412045-1568028635.jpg,apify-transfermarkt-global-player-scraper
605528,Pol Tristán,Pol Tristán Jiménez,pol tristan,2002-03-18,24,Spain,Goalkeeper,Goalkeeper,both,188,RCD Espanyol Barcelona,714,ES1,2027-06-30,50000,50000,100000,2026-06-05,,0,0,0,https://www.transfermarkt.com/pol-tristan/profil/spieler/605528,,apify-transfermarkt-global-player-scraper
1178721,Rafel Bauzà,Rafel Bauzà Sureda,rafel bauza,2005-01-30,21,Spain,Central Midfield,Midfielder,right,183,RCD Espanyol Barcelona,714,ES1,2028-06-30,1200000,1000000,1200000,2026-06-22,,0,0,0,https://www.transfermarkt.com/rafel-bauza/profil/spieler/1178721,,apify-transfermarkt-global-player-scraper
720518,Roberto Fernández,Roberto Fernández Jaén,roberto fernandez,2002-07-03,24,Spain,Centre-Forward,Striker,right,186,RCD Espanyol Barcelona,714,ES1,2031-06-30,10000000,10000000,10000000,2026-06-05,,0,0,9120000,https://www.transfermarkt.com/roberto-fernandez/profil/spieler/720518,https://img.a.transfermarkt.technology/portrait/big/720518-1732827310.jpg,apify-transfermarkt-global-player-scraper
1204959,Roger Hinojo,Roger Hinojo Estrada,roger hinojo,2005-02-21,21,Spain,Left-Back,Defender,left,180,RCD Espanyol Barcelona,714,ES1,2030-06-30,1000000,1000000,1000000,2026-06-22,,0,0,0,https://www.transfermarkt.com/roger-hinojo/profil/spieler/1204959,https://img.a.transfermarkt.technology/portrait/big/1204959-1761231615.jpg,apify-transfermarkt-global-player-scraper
705813,Rubén Sánchez,Rubén Sánchez Sáez,ruben sanchez,2001-02-04,25,Spain,Right-Back,Defender,right,185,RCD Espanyol Barcelona,714,ES1,2027-06-30,1800000,1500000,1800000,2026-06-05,,0,0,0,https://www.transfermarkt.com/ruben-sanchez/profil/spieler/705813,https://img.a.transfermarkt.technology/portrait/big/705813-1661765132.jpg,apify-transfermarkt-global-player-scraper
647435,Tyrhys Dolan,Tyrhys Dolan,tyrhys dolan,2001-12-28,24,England,Right Winger,Striker,right,170,RCD Espanyol Barcelona,714,ES1,2028-06-30,10000000,10000000,10000000,2026-06-05,,0,0,0,https://www.transfermarkt.com/tyrhys-dolan/profil/spieler/647435,https://img.a.transfermarkt.technology/portrait/big/647435-1679678061.jpg,apify-transfermarkt-global-player-scraper
625651,Urko González de Zárate,Urko González de Zárate Quirós,urko gonzalez de zarate,2001-03-20,25,Spain,Defensive Midfield,Midfielder,right,189,RCD Espanyol Barcelona,714,ES1,2030-06-30,12000000,10000000,12000000,2026-06-05,,0,0,5000000,https://www.transfermarkt.com/urko-gonzalez-de-zarate/profil/spieler/625651,https://img.a.transfermarkt.technology/portrait/big/625651-1694171507.jpg,apify-transfermarkt-global-player-scraper
724520,Abde Ezzalzouli,عبد الصمد الزلزولي,abde ezzalzouli,2001-12-17,24,Morocco; Spain,Left Winger,Striker,right,177,Real Betis Balompié,150,ES1,2029-06-30,40000000,30000000,40000000,2026-06-05,,0,0,9500000,https://www.transfermarkt.com/abde-ezzalzouli/profil/spieler/724520,https://img.a.transfermarkt.technology/portrait/big/724520-1758782814.jpg,apify-transfermarkt-global-player-scraper
378139,Aitor Ruibal,Aitor Ruibal García,aitor ruibal,1996-03-22,30,Spain,Right Winger,Striker,right,176,Real Betis Balompié,150,ES1,2028-06-30,4000000,4000000,5000000,2026-06-05,,0,0,20000,https://www.transfermarkt.com/aitor-ruibal/profil/spieler/378139,https://img.a.transfermarkt.technology/portrait/big/378139-1773344244.jpg,apify-transfermarkt-global-player-scraper
261503,Álvaro Fidalgo,Álvaro Fidalgo Fernández,alvaro fidalgo,1997-04-09,29,Mexico; Spain,Central Midfield,Midfielder,right,175,Real Betis Balompié,150,ES1,2030-06-30,6000000,10000000,10000000,2026-06-05,Mexico,6,1,5000000,https://www.transfermarkt.com/alvaro-fidalgo/profil/spieler/261503,https://img.a.transfermarkt.technology/portrait/big/261503-1773343851.jpg,apify-transfermarkt-global-player-scraper
417913,Álvaro Valles,Álvaro Valles Rosa,alvaro valles,1997-07-25,28,Spain,Goalkeeper,Goalkeeper,right,191,Real Betis Balompié,150,ES1,2030-06-30,7000000,6000000,15000000,2026-06-05,,0,0,0,https://www.transfermarkt.com/alvaro-valles/profil/spieler/417913,https://img.a.transfermarkt.technology/portrait/big/417913-1773343747.jpg,apify-transfermarkt-global-player-scraper
933908,Ángel Ortiz,Ángel Ortiz Monterrey,angel ortiz,2004-07-25,21,Spain,Right-Back,Defender,right,167,Real Betis Balompié,150,ES1,2029-06-30,4000000,4000000,4000000,2026-06-05,,0,0,0,https://www.transfermarkt.com/angel-ortiz/profil/spieler/933908,https://img.a.transfermarkt.technology/portrait/big/933908-1758782759.jpg,apify-transfermarkt-global-player-scraper
602105,Antony Matheus dos Santos,Antony,antony matheus dos santos,2000-02-24,26,Brazil,Right Winger,Striker,left,172,Real Betis Balompié,150,ES1,2030-06-30,40000000,40000000,75000000,2026-06-05,,0,0,132750000,https://www.transfermarkt.com/antony/profil/spieler/602105,https://img.a.transfermarkt.technology/portrait/big/602105-1758783018.jpg,apify-transfermarkt-global-player-scraper
459463,Cucho Hernández,Juan Camilo Hernández Suárez,cucho hernandez,1999-04-20,27,Colombia; Spain,Centre-Forward,Striker,right,176,Real Betis Balompié,150,ES1,2030-06-30,18000000,18000000,18000000,2026-06-05,Colombia,10,2,22545000,https://www.transfermarkt.com/cucho-hernandez/profil/spieler/459463,https://img.a.transfermarkt.technology/portrait/big/459463-1773344529.jpg,apify-transfermarkt-global-player-scraper
246291,Diego Llorente,Diego Javier Llorente Ríos,diego llorente,1993-08-16,32,Spain,Centre-Back,Defender,right,186,Real Betis Balompié,150,ES1,2028-06-30,2500000,3000000,25000000,2026-06-05,,0,0,34750000,https://www.transfermarkt.com/diego-llorente/profil/spieler/246291,https://img.a.transfermarkt.technology/portrait/big/246291-1675246130.jpg,apify-transfermarkt-global-player-scraper
85288,Francisco Román Alarcón Suárez,Isco,francisco roman alarcon suarez,1992-04-21,34,Spain,Attacking Midfield,Midfielder,right,176,Real Betis Balompié,150,ES1,2028-06-30,3500000,4000000,90000000,2026-06-05,,0,0,36000000,https://www.transfermarkt.com/isco/profil/spieler/85288,https://img.a.transfermarkt.technology/portrait/big/85288-1744375744.jpg,apify-transfermarkt-global-player-scraper
348795,Giovani Lo Celso,Giovani Lo Celso,giovani lo celso,1996-04-09,30,Argentina; Italy,Attacking Midfield,Midfielder,left,177,Real Betis Balompié,150,ES1,2028-06-30,8000000,10000000,50000000,2026-06-05,Argentina,68,5,88000000,https://www.transfermarkt.com/giovani-lo-celso/profil/spieler/348795,https://img.a.transfermarkt.technology/portrait/big/348795-1726734706.jpg,apify-transfermarkt-global-player-scraper
997814,Gonzalo Petit,Gonzalo Petit Abad,gonzalo petit,2006-09-21,19,Uruguay,Centre-Forward,Striker,right,191,Real Betis Balompié,150,ES1,2031-06-30,4000000,4000000,4000000,2026-06-22,Uruguay U20,9,3,4500000,https://www.transfermarkt.com/gonzalo-petit/profil/spieler/997814,https://img.a.transfermarkt.technology/portrait/big/997814-1719947885.png,apify-transfermarkt-global-player-scraper
567504,Guilherme Fernandes,Guilherme Sousa Carvalho Fernandes,guilherme fernandes,2001-03-28,25,Portugal,Goalkeeper,Goalkeeper,right,191,Real Betis Balompié,150,ES1,2027-06-30,800000,800000,800000,2026-06-22,,0,0,10000,https://www.transfermarkt.com/guilherme-fernandes/profil/spieler/567504,https://img.a.transfermarkt.technology/portrait/big/567504-1668161309.png,apify-transfermarkt-global-player-scraper
191217,Héctor Bellerín,Héctor Bellerín Moruno,hector bellerin,1995-03-19,31,Spain,Right-Back,Defender,right,178,Real Betis Balompié,150,ES1,2028-06-30,2400000,2500000,40000000,2026-06-05,,0,0,1500000,https://www.transfermarkt.com/hector-bellerin/profil/spieler/191217,https://img.a.transfermarkt.technology/portrait/big/191217-1773344002.jpg,apify-transfermarkt-global-player-scraper
632741,Iker Losada,Iker Losada Aragunde,iker losada,2001-08-01,24,Spain,Second Striker,Striker,right,175,Real Betis Balompié,150,ES1,2029-06-30,1800000,1400000,1800000,2026-06-05,,0,0,1800000,https://www.transfermarkt.com/iker-losada/profil/spieler/632741,https://img.a.transfermarkt.technology/portrait/big/632741-1569337955.jpg,apify-transfermarkt-global-player-scraper
374139,Junior Firpo,Héctor Junior Firpo Adamés,junior firpo,1996-08-22,29,Dominican Republic; Spain,Left-Back,Defender,left,184,Real Betis Balompié,150,ES1,2028-06-30,3500000,5000000,25000000,2026-06-05,,0,0,35000000,https://www.transfermarkt.com/junior-firpo/profil/spieler/374139,https://img.a.transfermarkt.technology/portrait/big/374139-1724939835.jpg,apify-transfermarkt-global-player-scraper
99922,Marc Bartra,Marc Bartra Aregall,marc bartra,1991-01-15,35,Spain,Centre-Back,Defender,right,184,Real Betis Balompié,150,ES1,2027-06-30,900000,1000000,22000000,2026-06-05,,0,0,19750000,https://www.transfermarkt.com/marc-bartra/profil/spieler/99922,https://img.a.transfermarkt.technology/portrait/big/99922-1724053472.jpg,apify-transfermarkt-global-player-scraper
336869,Marc Roca,Marc Roca Junqué,marc roca,1996-11-26,29,Spain,Defensive Midfield,Midfielder,left,184,Real Betis Balompié,150,ES1,2029-06-30,4000000,4000000,30000000,2026-06-05,,0,0,25500000,https://www.transfermarkt.com/marc-roca/profil/spieler/336869,https://img.a.transfermarkt.technology/portrait/big/336869-1773344159.jpg,apify-transfermarkt-global-player-scraper
735568,Natan Bernardo de Souza,Natan,natan bernardo de souza,2001-02-06,25,Brazil,Centre-Back,Defender,left,188,Real Betis Balompié,150,ES1,2030-06-30,25000000,25000000,25000000,2026-06-05,,0,0,23800000,https://www.transfermarkt.com/natan/profil/spieler/735568,https://img.a.transfermarkt.technology/portrait/big/735568-1708553167.jpg,apify-transfermarkt-global-player-scraper
907559,Nelson Deossa,Nelson Alexander Deossa Suárez,nelson deossa,2000-02-06,26,Colombia,Central Midfield,Midfielder,left,185,Real Betis Balompié,150,ES1,2030-06-30,9000000,9000000,10000000,2026-06-05,,0,0,18860000,https://www.transfermarkt.com/nelson-deossa/profil/spieler/907559,https://img.a.transfermarkt.technology/portrait/big/907559-1693600752.JPG,apify-transfermarkt-global-player-scraper
357885,Pablo Fornals,Pablo Fornals Malla,pablo fornals,1996-02-22,30,Spain,Central Midfield,Midfielder,right,178,Real Betis Balompié,150,ES1,2029-06-30,8000000,8000000,30000000,2026-06-05,,0,0,48000000,https://www.transfermarkt.com/pablo-fornals/profil/spieler/357885,https://img.a.transfermarkt.technology/portrait/big/357885-1773344365.jpg,apify-transfermarkt-global-player-scraper
961087,Pablo García,Pablo García Fernández,pablo garcia,2006-06-13,20,Spain,Right Winger,Striker,left,175,Real Betis Balompié,150,ES1,2029-06-30,8000000,8000000,10000000,2026-06-05,Spain U21,5,2,0,https://www.transfermarkt.com/pablo-garcia/profil/spieler/961087,https://img.a.transfermarkt.technology/portrait/big/961087-1750059859.jpg,apify-transfermarkt-global-player-scraper
286415,Pau López,Pau López Sabata,pau lopez,1994-12-13,31,Spain,Goalkeeper,Goalkeeper,left,189,Real Betis Balompié,150,ES1,2028-06-30,2500000,2500000,24000000,2026-06-05,,0,0,42120000,https://www.transfermarkt.com/pau-lopez/profil/spieler/286415,https://img.a.transfermarkt.technology/portrait/big/286415-1762266591.jpg,apify-transfermarkt-global-player-scraper
461617,Rodrigo Riquelme,Rodrigo Riquelme Reche,rodrigo riquelme,2000-04-02,26,Spain,Left Winger,Striker,right,174,Real Betis Balompié,150,ES1,2030-06-30,4000000,6000000,25000000,2026-06-05,,0,0,8000000,https://www.transfermarkt.com/rodrigo-riquelme/profil/spieler/461617,https://img.a.transfermarkt.technology/portrait/big/461617-1701212385.jpg,apify-transfermarkt-global-player-scraper
985383,Valentín Gómez,Diego Valentín Gómez,valentin gomez,2003-06-26,23,Argentina; Spain,Centre-Back,Defender,left,181,Real Betis Balompié,150,ES1,2030-06-30,12000000,12000000,12000000,2026-06-05,,0,0,5300000,https://www.transfermarkt.com/valentin-gomez/profil/spieler/985383,https://img.a.transfermarkt.technology/portrait/big/985383-1758783099.jpg,apify-transfermarkt-global-player-scraper
811778,Álvaro Carreras,Álvaro Fernández Carreras,alvaro carreras,2003-03-23,23,Spain,Left-Back,Defender,left,186,Real Madrid,418,ES1,2031-06-30,50000000,60000000,60000000,2026-06-05,,0,0,64300000,https://www.transfermarkt.com/alvaro-carreras/profil/spieler/811778,https://img.a.transfermarkt.technology/portrait/big/811778-1737497415.jpg,apify-transfermarkt-global-player-scraper
404839,Andriy Lunin,Лунін Андрій Олексійович,andriy lunin,1999-02-11,27,Ukraine,Goalkeeper,Goalkeeper,right,191,Real Madrid,418,ES1,2030-06-30,12000000,15000000,25000000,2026-06-05,,0,0,8500000,https://www.transfermarkt.com/andriy-lunin/profil/spieler/404839,https://img.a.transfermarkt.technology/portrait/big/404839-1701294131.jpg,apify-transfermarkt-global-player-scraper
86202,Antonio Rüdiger,Antonio Rüdiger,antonio rudiger,1993-03-03,33,Germany; Sierra Leone,Centre-Back,Defender,right,190,Real Madrid,418,ES1,2027-06-30,6000000,9000000,50000000,2026-06-05,Germany,86,3,48038000,https://www.transfermarkt.com/antonio-ruediger/profil/spieler/86202,https://img.a.transfermarkt.technology/portrait/big/86202-1684484602.jpg,apify-transfermarkt-global-player-scraper
861410,Arda Güler,Arda Güler,arda guler,2005-02-25,21,Türkiye,Attacking Midfield,Midfielder,left,175,Real Madrid,418,ES1,2029-06-30,90000000,90000000,90000000,2026-06-05,Turkiye,33,7,30500000,https://www.transfermarkt.com/arda-gueler/profil/spieler/861410,https://img.a.transfermarkt.technology/portrait/big/861410-1699472585.jpg,apify-transfermarkt-global-player-scraper
413112,Aurélien Tchouaméni,Aurélien Djani Tchouaméni,aurelien tchouameni,2000-01-27,26,France; Cameroon,Defensive Midfield,Midfielder,right,188,Real Madrid,418,ES1,2028-06-30,70000000,75000000,100000000,2026-06-05,France,49,3,98000000,https://www.transfermarkt.com/aurelien-tchouameni/profil/spieler/413112,https://img.a.transfermarkt.technology/portrait/big/413112-1668500754.jpg,apify-transfermarkt-global-player-scraper
241641,Bernardo Silva,Bernardo Mota Veiga de Carvalho e Silva,bernardo silva,1994-08-10,31,Portugal,Attacking Midfield,Midfielder,left,173,Real Madrid,418,ES1,2028-06-30,22000000,27000000,100000000,2026-06-03,Portugal,112,14,65750000,https://www.transfermarkt.com/bernardo-silva/profil/spieler/241641,https://img.a.transfermarkt.technology/portrait/big/241641-1684311533.jpg,apify-transfermarkt-global-player-scraper
314678,Brahim Díaz,"Brahim Abdelkader Díaz, ابراهيم عبد القادر دياز",brahim diaz,1999-08-03,26,Morocco; Spain,Right Winger,Striker,both,170,Real Madrid,418,ES1,2027-06-30,35000000,35000000,45000000,2026-06-05,Morocco,31,14,20550000,https://www.transfermarkt.com/brahim-diaz/profil/spieler/314678,https://img.a.transfermarkt.technology/portrait/big/314678-1744193327.jpg,apify-transfermarkt-global-player-scraper
890290,Dean Huijsen,Dean Donny Huijsen Wijsmuller,dean huijsen,2005-04-14,21,Spain; Netherlands,Centre-Back,Defender,both,197,Real Madrid,418,ES1,2030-06-30,60000000,65000000,70000000,2026-06-05,,0,0,85720000,https://www.transfermarkt.com/dean-huijsen/profil/spieler/890290,https://img.a.transfermarkt.technology/portrait/big/890290-1750251451.jpg,apify-transfermarkt-global-player-scraper
321528,Denzel Dumfries,Denzel Justus Morris Dumfries,denzel dumfries,1996-04-18,30,Netherlands; Aruba,Right-Back,Defender,right,188,Real Madrid,418,ES1,2030-06-30,25000000,25000000,35000000,2026-05-29,Netherlands,76,11,40500000,https://www.transfermarkt.com/denzel-dumfries/profil/spieler/321528,https://img.a.transfermarkt.technology/portrait/big/321528-1746042223.jpg,apify-transfermarkt-global-player-scraper
401530,Éder Militão,Éder Gabriel Militão,eder militao,1998-01-18,28,Brazil; Spain,Centre-Back,Defender,right,186,Real Madrid,418,ES1,2028-06-30,20000000,25000000,70000000,2026-06-05,,0,0,57000000,https://www.transfermarkt.com/eder-militao/profil/spieler/401530,https://img.a.transfermarkt.technology/portrait/big/401530-1719653438.jpg,apify-transfermarkt-global-player-scraper
640428,Eduardo Camavinga,Eduardo Celmi Camavinga,eduardo camavinga,2002-11-10,23,France; Congo,Central Midfield,Midfielder,left,182,Real Madrid,418,ES1,2029-06-30,50000000,50000000,100000000,2026-06-05,,0,0,31000000,https://www.transfermarkt.com/eduardo-camavinga/profil/spieler/640428,https://img.a.transfermarkt.technology/portrait/big/640428-1668500874.jpg,apify-transfermarkt-global-player-scraper
971570,Endrick Felipe Moreira de Sousa,Endrick,endrick felipe moreira de sousa,2006-07-21,19,Brazil,Centre-Forward,Striker,left,172,Real Madrid,418,ES1,2030-06-30,40000000,35000000,60000000,2026-06-01,Brazil,20,4,47500000,https://www.transfermarkt.com/endrick/profil/spieler/971570,https://img.a.transfermarkt.technology/portrait/big/971570-1782847902.jpg,apify-transfermarkt-global-player-scraper
369081,Federico Valverde,Federico Santiago Valverde Dipetta,federico valverde,1998-07-22,27,Uruguay; Spain,Central Midfield,Midfielder,right,182,Real Madrid,418,ES1,2029-06-30,90000000,120000000,130000000,2026-06-05,Uruguay,76,9,5000000,https://www.transfermarkt.com/federico-valverde/profil/spieler/369081,https://img.a.transfermarkt.technology/portrait/big/369081-1731018042.jpg,apify-transfermarkt-global-player-scraper
291417,Ferland Mendy,Ferland Sinna Mendy,ferland mendy,1995-06-08,31,France; Senegal,Left-Back,Defender,left,180,Real Madrid,418,ES1,2028-06-30,4000000,6000000,50000000,2026-06-05,,0,0,53000000,https://www.transfermarkt.com/ferland-mendy/profil/spieler/291417,https://img.a.transfermarkt.technology/portrait/big/291417-1701294025.jpg,apify-transfermarkt-global-player-scraper
341264,Fran García,Francisco José García Torres,fran garcia,1999-08-14,26,Spain,Left-Back,Defender,left,169,Real Madrid,418,ES1,2027-06-30,10000000,12000000,18000000,2026-06-05,,0,0,7000000,https://www.transfermarkt.com/fran-garcia/profil/spieler/341264,https://img.a.transfermarkt.technology/portrait/big/341264-1688119965.jpg,apify-transfermarkt-global-player-scraper
1057316,Franco Mastantuono,Franco Mastantuono,franco mastantuono,2007-08-14,18,Argentina; Italy,Right Winger,Striker,left,178,Real Madrid,418,ES1,2031-06-30,45000000,45000000,50000000,2026-06-05,,0,0,45000000,https://www.transfermarkt.com/franco-mastantuono/profil/spieler/1057316,https://img.a.transfermarkt.technology/portrait/big/1057316-1755702696.jpg,apify-transfermarkt-global-player-scraper
935230,Gonzalo García,Gonzalo García Torres,gonzalo garcia,2004-03-24,22,Spain,Centre-Forward,Striker,both,182,Real Madrid,418,ES1,2030-06-30,30000000,30000000,30000000,2026-06-05,Spain U21,7,6,0,https://www.transfermarkt.com/gonzalo-garcia/profil/spieler/935230,https://img.a.transfermarkt.technology/portrait/big/935230-1780664637.jpg,apify-transfermarkt-global-player-scraper
357119,Ibrahima Konaté,Ibrahima Konaté,ibrahima konate,1999-05-25,27,France; Mali,Centre-Back,Defender,right,194,Real Madrid,418,ES1,2030-06-30,45000000,50000000,60000000,2026-06-03,France,29,0,40000000,https://www.transfermarkt.com/ibrahima-konate/profil/spieler/357119,https://img.a.transfermarkt.technology/portrait/big/357119-1669190550.jpg,apify-transfermarkt-global-player-scraper
581678,Jude Bellingham,Jude Victor William Bellingham,jude bellingham,2003-06-29,23,England; Ireland,Attacking Midfield,Midfielder,right,186,Real Madrid,418,ES1,2029-06-30,130000000,140000000,180000000,2026-06-05,England,52,8,157150000,https://www.transfermarkt.com/jude-bellingham/profil/spieler/581678,https://img.a.transfermarkt.technology/portrait/big/581678-1748102891.jpg,apify-transfermarkt-global-player-scraper
342229,Kylian Mbappé,Kylian Mbappé Lottin,kylian mbappe,1998-12-20,27,France; Cameroon,Centre-Forward,Striker,right,180,Real Madrid,418,ES1,2029-06-30,180000000,200000000,200000000,2026-06-05,France,103,63,180000000,https://www.transfermarkt.com/kylian-mbappe/profil/spieler/342229,https://img.a.transfermarkt.technology/portrait/big/342229-1682683695.jpg,apify-transfermarkt-global-player-scraper
284857,Marc Cucurella,Marc Cucurella Saseta,marc cucurella,1998-07-22,27,Spain,Left-Back,Defender,left,173,Real Madrid,418,ES1,2032-06-30,50000000,50000000,55000000,2026-06-03,Spain,28,1,156100000,https://www.transfermarkt.com/marc-cucurella/profil/spieler/284857,https://img.a.transfermarkt.technology/portrait/big/284857-1765185117.jpg,apify-transfermarkt-global-player-scraper
935245,Raúl Asencio,Raúl Asencio del Rosario,raul asencio,2003-02-13,23,Spain,Centre-Back,Defender,right,184,Real Madrid,418,ES1,2031-06-30,20000000,25000000,40000000,2026-06-05,,0,0,0,https://www.transfermarkt.com/raul-asencio/profil/spieler/935245,https://img.a.transfermarkt.technology/portrait/big/935245-1731168094.jpg,apify-transfermarkt-global-player-scraper
412363,Rodrygo Silva de Goes,Rodrygo,rodrygo silva de goes,2001-01-09,25,Brazil; Spain,Right Winger,Striker,right,174,Real Madrid,418,ES1,2028-06-30,45000000,50000000,110000000,2026-06-05,,0,0,45000000,https://www.transfermarkt.com/rodrygo/profil/spieler/412363,https://img.a.transfermarkt.technology/portrait/big/412363-1763041611.jpg,apify-transfermarkt-global-player-scraper
1375227,Thiago Pitarch,"Thiago Pitarch Pinar, تياغو بيتارش بينار",thiago pitarch,2007-08-03,18,Spain; Morocco,Central Midfield,Midfielder,right,179,Real Madrid,418,ES1,2027-06-30,20000000,20000000,20000000,2026-06-05,Spain U19,7,0,0,https://www.transfermarkt.com/thiago-pitarch/profil/spieler/1375227,https://img.a.transfermarkt.technology/portrait/big/1375227-1755633821.jpg,apify-transfermarkt-global-player-scraper
108390,Thibaut Courtois,Thibaut Nicolas Marc Courtois,thibaut courtois,1992-05-11,34,Belgium,Goalkeeper,Goalkeeper,left,199,Real Madrid,418,ES1,2027-06-30,15000000,18000000,75000000,2026-06-05,Belgium,113,0,45150000,https://www.transfermarkt.com/thibaut-courtois/profil/spieler/108390,https://img.a.transfermarkt.technology/portrait/big/108390-1717280733.jpg,apify-transfermarkt-global-player-scraper
314353,Trent Alexander-Arnold,Trent John Alexander-Arnold,trent alexander arnold,1998-10-07,27,England,Right-Back,Defender,right,180,Real Madrid,418,ES1,2031-06-30,60000000,65000000,110000000,2026-06-05,,0,0,10000000,https://www.transfermarkt.com/trent-alexander-arnold/profil/spieler/314353,https://img.a.transfermarkt.technology/portrait/big/314353-1701680958.jpg,apify-transfermarkt-global-player-scraper
371998,Vinicius José Paixão de Oliveira Junior,Vinicius Junior,vinicius jose paixao de oliveira junior,2000-07-12,25,Brazil; Spain,Left Winger,Striker,right,176,Real Madrid,418,ES1,2027-06-30,140000000,150000000,200000000,2026-06-05,Brazil,54,13,45000000,https://www.transfermarkt.com/vinicius-junior/profil/spieler/371998,https://img.a.transfermarkt.technology/portrait/big/371998-1761575144.jpg,apify-transfermarkt-global-player-scraper
948272,César Palacios,César Palacios Pérez,cesar palacios,2004-11-11,21,Spain,Attacking Midfield,Midfielder,right,182,Real Madrid Castilla,6767,E3G2,2027-06-30,7500000,6000000,7500000,2026-06-05,,0,0,0,https://www.transfermarkt.com/cesar-palacios/profil/spieler/948272,https://img.a.transfermarkt.technology/portrait/big/948272-1707907926.jpg,apify-transfermarkt-global-player-scraper
1055220,Fran González,Francisco Javier González Pérez,fran gonzalez,2005-06-24,21,Spain,Goalkeeper,Goalkeeper,right,199,Real Madrid Castilla,6767,E3G2,2028-06-30,3000000,3000000,3000000,2026-06-23,Spain U21,3,0,0,https://www.transfermarkt.com/fran-gonzalez/profil/spieler/1055220,https://img.a.transfermarkt.technology/portrait/big/1055220-1704358404.jpg,apify-transfermarkt-global-player-scraper
1186235,Jorge Cestero,Jorge Cestero Sancho,jorge cestero,2006-03-24,20,Spain,Central Midfield,Midfielder,right,178,Real Madrid Castilla,6767,E3G2,2028-06-30,7500000,7500000,7500000,2026-06-05,,0,0,0,https://www.transfermarkt.com/jorge-cestero/profil/spieler/1186235,https://img.a.transfermarkt.technology/portrait/big/1186235-1759738619.jpg,apify-transfermarkt-global-player-scraper
646824,Manuel Ángel Morán Ibáñez,Manuel Ángel,manuel angel moran ibanez,2004-03-15,22,Spain,Central Midfield,Midfielder,right,170,Real Madrid Castilla,6767,E3G2,2027-06-30,5000000,5000000,5000000,2026-06-05,,0,0,0,https://www.transfermarkt.com/manuel-angel/profil/spieler/646824,https://img.a.transfermarkt.technology/portrait/big/646824-1696445512.jpg,apify-transfermarkt-global-player-scraper
517842,Aihen Muñoz,Aihen Muñoz Capellán,aihen munoz,1997-08-16,28,Spain,Left-Back,Defender,left,175,Real Sociedad,681,ES1,2027-06-30,2500000,3500000,8000000,2026-06-05,,0,0,0,https://www.transfermarkt.com/aihen-munoz/profil/spieler/517842,https://img.a.transfermarkt.technology/portrait/big/517842-1699007158.jpg,apify-transfermarkt-global-player-scraper
212862,Álex Remiro,Alejandro Remiro Gargallo,alex remiro,1995-03-24,31,Spain,Goalkeeper,Goalkeeper,right,192,Real Sociedad,681,ES1,2027-06-30,9000000,14000000,25000000,2026-06-05,,0,0,0,https://www.transfermarkt.com/alex-remiro/profil/spieler/212862,https://img.a.transfermarkt.technology/portrait/big/212862-1694594210.jpg,apify-transfermarkt-global-player-scraper
280730,Álvaro Odriozola,Álvaro Odriozola Arzallus,alvaro odriozola,1995-12-14,30,Spain,Right-Back,Defender,right,175,Real Sociedad,681,ES1,2029-06-30,800000,800000,30000000,2026-06-05,,0,0,35000000,https://www.transfermarkt.com/alvaro-odriozola/profil/spieler/280730,https://img.a.transfermarkt.technology/portrait/big/280730-1579598607.jpg,apify-transfermarkt-global-player-scraper
616369,Ander Barrenetxea,Ander Barrenetxea Muguruza,ander barrenetxea,2001-12-27,24,Spain,Left Winger,Striker,right,175,Real Sociedad,681,ES1,2030-06-30,18000000,18000000,20000000,2026-06-05,,0,0,0,https://www.transfermarkt.com/ander-barrenetxea/profil/spieler/616369,https://img.a.transfermarkt.technology/portrait/big/616369-1699472801.jpg,apify-transfermarkt-global-player-scraper
555143,Arsen Zakharyan,Захарян Арсен Норайрович,arsen zakharyan,2003-05-26,23,Russia,Attacking Midfield,Midfielder,right,183,Real Sociedad,681,ES1,2029-06-30,9000000,10000000,18000000,2026-06-05,,0,0,13000000,https://www.transfermarkt.com/arsen-zakharyan/profil/spieler/555143,https://img.a.transfermarkt.technology/portrait/big/555143-1683292149.jpg,apify-transfermarkt-global-player-scraper
634431,Beñat Turrientes,Beñat Turrientes Imaz,benat turrientes,2002-01-31,24,Spain,Central Midfield,Midfielder,right,181,Real Sociedad,681,ES1,2030-06-30,10000000,10000000,20000000,2026-06-05,,0,0,0,https://www.transfermarkt.com/benat-turrientes/profil/spieler/634431,https://img.a.transfermarkt.technology/portrait/big/634431-1702416501.jpg,apify-transfermarkt-global-player-scraper
309110,Brais Méndez,Brais Méndez Portela,brais mendez,1997-01-07,29,Spain,Attacking Midfield,Midfielder,left,187,Real Sociedad,681,ES1,2028-06-30,8000000,12000000,40000000,2026-06-05,,0,0,20000000,https://www.transfermarkt.com/brais-mendez/profil/spieler/309110,https://img.a.transfermarkt.technology/portrait/big/309110-1665057568.jpg,apify-transfermarkt-global-player-scraper
216464,Carlos Fernández,Carlos Fernández Luna,carlos fernandez,1996-05-22,30,Spain,Centre-Forward,Striker,left,185,Real Sociedad,681,ES1,2027-06-30,1200000,1000000,10000000,2026-06-22,,0,0,10000000,https://www.transfermarkt.com/carlos-fernandez/profil/spieler/216464,https://img.a.transfermarkt.technology/portrait/big/216464-1544775694.jpg,apify-transfermarkt-global-player-scraper
372246,Carlos Soler,Carlos Soler Barragán,carlos soler,1997-01-02,29,Spain,Central Midfield,Midfielder,right,180,Real Sociedad,681,ES1,2029-06-30,7000000,8000000,50000000,2026-06-05,,0,0,24000000,https://www.transfermarkt.com/carlos-soler/profil/spieler/372246,https://img.a.transfermarkt.technology/portrait/big/372246-1759159072.jpg,apify-transfermarkt-global-player-scraper
225122,Gonçalo Guedes,Gonçalo Manuel Ganchinho Guedes,goncalo guedes,1996-11-29,29,Portugal,Left Winger,Striker,right,179,Real Sociedad,681,ES1,2028-06-30,6000000,6000000,40000000,2026-06-05,Portugal,34,8,106600000,https://www.transfermarkt.com/goncalo-guedes/profil/spieler/225122,https://img.a.transfermarkt.technology/portrait/big/225122-1701334424.jpg,apify-transfermarkt-global-player-scraper
355628,Igor Zubeldia,Igor Zubeldia Elorza,igor zubeldia,1997-03-30,29,Spain,Centre-Back,Defender,right,181,Real Sociedad,681,ES1,2029-06-30,6000000,9000000,30000000,2026-06-05,,0,0,0,https://www.transfermarkt.com/igor-zubeldia/profil/spieler/355628,https://img.a.transfermarkt.technology/portrait/big/355628-1664974849.jpg,apify-transfermarkt-global-player-scraper
1055860,Iñaki Rupérez,Iñaki Rupérez Urtasun,inaki ruperez,2003-01-07,23,Spain,Right-Back,Defender,right,177,Real Sociedad,681,ES1,2029-06-30,200000,300000,300000,2026-06-22,,0,0,0,https://www.transfermarkt.com/inaki-ruperez/profil/spieler/1055860,https://img.a.transfermarkt.technology/portrait/big/1055860-1732795256.png,apify-transfermarkt-global-player-scraper
568158,Javi López,Javier López Carballo,javi lopez,2002-03-25,24,Spain,Left-Back,Defender,left,183,Real Sociedad,681,ES1,2030-06-30,5000000,5000000,7500000,2026-06-05,,0,0,6500000,https://www.transfermarkt.com/javi-lopez/profil/spieler/568158,https://img.a.transfermarkt.technology/portrait/big/568158-1647530894.jpg,apify-transfermarkt-global-player-scraper
661145,Jon Aramburu,Jon Mikel Aramburu Mejías,jon aramburu,2002-07-23,23,Venezuela; Spain,Right-Back,Defender,right,176,Real Sociedad,681,ES1,2030-06-30,15000000,15000000,15000000,2026-06-05,Venezuela,22,1,0,https://www.transfermarkt.com/jon-aramburu/profil/spieler/661145,https://img.a.transfermarkt.technology/portrait/big/661145-1719915615.jpg,apify-transfermarkt-global-player-scraper
711374,Jon Gorrotxategi,Jon Gorrotxategi Etxaniz,jon gorrotxategi,2002-02-02,24,Spain,Defensive Midfield,Midfielder,right,177,Real Sociedad,681,ES1,2030-06-30,25000000,25000000,25000000,2026-06-05,,0,0,0,https://www.transfermarkt.com/jon-gorrotxategi/profil/spieler/711374,https://img.a.transfermarkt.technology/portrait/big/711374-1727113195.jpg,apify-transfermarkt-global-player-scraper
711382,Jon Karrikaburu,Jon Karrikaburu Jaimerena,jon karrikaburu,2002-09-19,23,Spain,Centre-Forward,Striker,right,183,Real Sociedad,681,ES1,2027-06-30,1800000,2000000,5000000,2026-06-05,,0,0,0,https://www.transfermarkt.com/jon-karrikaburu/profil/spieler/711382,https://img.a.transfermarkt.technology/portrait/big/711382-1692368413.jpg,apify-transfermarkt-global-player-scraper
1018938,Jon Martín,Jon Martín Vicente,jon martin,2006-04-23,20,Spain,Centre-Back,Defender,right,187,Real Sociedad,681,ES1,2031-06-30,25000000,20000000,25000000,2026-06-05,Spain U21,4,0,0,https://www.transfermarkt.com/jon-martin/profil/spieler/1018938,https://img.a.transfermarkt.technology/portrait/big/1018938-1780664220.jpg,apify-transfermarkt-global-player-scraper
580560,Jon Pacheco,Jon Pacheco Dozagarat,jon pacheco,2001-01-08,25,Spain,Centre-Back,Defender,left,184,Real Sociedad,681,ES1,2030-06-30,5000000,6000000,15000000,2026-06-05,,0,0,0,https://www.transfermarkt.com/jon-pacheco/profil/spieler/580560,https://img.a.transfermarkt.technology/portrait/big/580560-1631178086.jpg,apify-transfermarkt-global-player-scraper
915258,Kazunari Kita,喜多 壱也,kazunari kita,2005-09-16,20,Japan,Centre-Back,Defender,left,189,Real Sociedad,681,ES1,2030-06-30,2000000,600000,2000000,2026-06-22,,0,0,1500000,https://www.transfermarkt.com/kazunari-kita/profil/spieler/915258,https://img.a.transfermarkt.technology/portrait/big/915258-1753188931.jpg,apify-transfermarkt-global-player-scraper
502722,Luka Sucic,Luka Sučić,luka sucic,2002-09-08,23,Croatia,Central Midfield,Midfielder,left,185,Real Sociedad,681,ES1,2029-06-30,10000000,10000000,20000000,2026-06-05,Croatia,22,1,10000000,https://www.transfermarkt.com/luka-sucic/profil/spieler/502722,https://img.a.transfermarkt.technology/portrait/big/502722-1692998699.png,apify-transfermarkt-global-player-scraper
709215,Mikel Goti,Mikel Goti López,mikel goti,2002-05-23,24,Spain,Attacking Midfield,Midfielder,left,185,Real Sociedad,681,ES1,2028-06-30,1000000,1500000,1500000,2026-06-22,,0,0,0,https://www.transfermarkt.com/mikel-goti/profil/spieler/709215,https://img.a.transfermarkt.technology/portrait/big/709215-1732795497.png,apify-transfermarkt-global-player-scraper
351478,Mikel Oyarzabal,Mikel Oyarzabal Ugarte,mikel oyarzabal,1997-04-21,29,Spain,Centre-Forward,Striker,left,181,Real Sociedad,681,ES1,2028-06-30,25000000,25000000,70000000,2026-06-05,Spain,57,29,0,https://www.transfermarkt.com/mikel-oyarzabal/profil/spieler/351478,https://img.a.transfermarkt.technology/portrait/big/351478-1749415304.jpg,apify-transfermarkt-global-player-scraper
660438,Orri Óskarsson,Orri Steinn Óskarsson,orri oskarsson,2004-08-29,21,Iceland,Centre-Forward,Striker,right,186,Real Sociedad,681,ES1,2030-06-30,20000000,12000000,20000000,2026-06-05,Iceland,18,9,20000000,https://www.transfermarkt.com/orri-oskarsson/profil/spieler/660438,https://img.a.transfermarkt.technology/portrait/big/660438-1692090952.jpg,apify-transfermarkt-global-player-scraper
907813,Pablo Marín,Pablo Marín Tejada,pablo marin,2003-07-03,23,Spain,Attacking Midfield,Midfielder,right,178,Real Sociedad,681,ES1,2029-06-30,7000000,8000000,8000000,2026-06-05,,0,0,0,https://www.transfermarkt.com/pablo-marin/profil/spieler/907813,https://img.a.transfermarkt.technology/portrait/big/907813-1683212131.jpg,apify-transfermarkt-global-player-scraper
366930,Sergio Gómez,Sergio Gómez Martín,sergio gomez,2000-09-04,25,Spain,Left-Back,Defender,left,173,Real Sociedad,681,ES1,2030-06-30,15000000,15000000,20000000,2026-06-05,,0,0,30200000,https://www.transfermarkt.com/sergio-gomez/profil/spieler/366930,https://img.a.transfermarkt.technology/portrait/big/366930-1727678534.jpg,apify-transfermarkt-global-player-scraper
405398,Takefusa Kubo,久保 建英,takefusa kubo,2001-06-04,25,Japan,Right Winger,Striker,left,173,Real Sociedad,681,ES1,2029-06-30,20000000,30000000,60000000,2026-06-05,Japan,50,7,9000000,https://www.transfermarkt.com/takefusa-kubo/profil/spieler/405398,https://img.a.transfermarkt.technology/portrait/big/405398-1697110254.jpg,apify-transfermarkt-global-player-scraper
625657,Unai Marrero,Unai Marrero Larrañaga,unai marrero,2001-10-09,24,Spain,Goalkeeper,Goalkeeper,right,189,Real Sociedad,681,ES1,2030-06-30,1000000,600000,1000000,2026-06-05,,0,0,0,https://www.transfermarkt.com/unai-marrero/profil/spieler/625657,https://img.a.transfermarkt.technology/portrait/big/625657-1692370133.jpg,apify-transfermarkt-global-player-scraper
378293,Yangel Herrera,Yangel Clemente Herrera Ravelo,yangel herrera,1998-01-07,28,Venezuela; Spain,Central Midfield,Midfielder,right,184,Real Sociedad,681,ES1,2030-06-30,6000000,9000000,25000000,2026-06-05,Venezuela,44,3,17000000,https://www.transfermarkt.com/yangel-herrera/profil/spieler/378293,https://img.a.transfermarkt.technology/portrait/big/378293-1719230693.jpg,apify-transfermarkt-global-player-scraper
318520,Clément Michelin,Clément Michelin,clement michelin,1997-05-11,29,France,Right-Back,Defender,right,179,Real Valladolid CF,366,ES2,2028-06-30,600000,1000000,2500000,2026-06-22,,0,0,2000000,https://www.transfermarkt.com/clement-michelin/profil/spieler/318520,https://img.a.transfermarkt.technology/portrait/big/318520-1501591204.jpg,apify-transfermarkt-global-player-scraper
711388,Jokin Gabilondo,Jokin Gabilondo Garmendia,jokin gabilondo,1999-04-09,27,Spain,Right-Back,Defender,right,176,Real Zaragoza,142,E3G2,2028-06-30,400000,400000,400000,2026-06-22,,0,0,0,https://www.transfermarkt.com/jokin-gabilondo/profil/spieler/711388,https://img.a.transfermarkt.technology/portrait/big/711388-1725885519.jpg,apify-transfermarkt-global-player-scraper
93935,Sergio Escudero,Sergio Escudero Palomo,sergio escudero,1989-09-02,36,Spain,Left-Back,Defender,left,176,Real Zaragoza,142,E3G2,2027-06-30,100000,100000,7500000,2026-06-22,,0,0,7000000,https://www.transfermarkt.com/sergio-escudero/profil/spieler/93935,https://img.a.transfermarkt.technology/portrait/big/93935-1447239922.jpg,apify-transfermarkt-global-player-scraper
412829,Léo Pétrot,Léo Pétrot,leo petrot,1997-04-15,29,France,Centre-Back,Defender,left,188,RSC Anderlecht,58,BE1,2028-06-30,1500000,1500000,1500000,2026-06-05,,0,0,500000,https://www.transfermarkt.com/leo-petrot/profil/spieler/412829,https://img.a.transfermarkt.technology/portrait/big/412829-1727723239.jpg,apify-transfermarkt-global-player-scraper
718027,Hugo Pérez,Hugo Pérez Balderas,hugo perez,2002-12-16,23,Spain,Centre-Back,Defender,right,189,SC União Torreense,2432,PO2,2029-06-30,200000,200000,200000,2026-06-23,,0,0,0,https://www.transfermarkt.com/hugo-perez/profil/spieler/718027,https://img.a.transfermarkt.technology/portrait/big/718027-1757572026.png,apify-transfermarkt-global-player-scraper
501418,Adrià Pedrosa,Adrià Giner Pedrosa,adria pedrosa,1998-05-13,28,Spain,Left-Back,Defender,left,172,Sevilla FC,368,ES1,2028-06-30,2800000,3000000,10000000,2026-06-05,,0,0,0,https://www.transfermarkt.com/adria-pedrosa/profil/spieler/501418,https://img.a.transfermarkt.technology/portrait/big/501418-1583506190.jpg,apify-transfermarkt-global-player-scraper
607034,Akor Adams,Akor Jerome Adams,akor adams,2000-01-29,26,Nigeria,Centre-Forward,Striker,right,190,Sevilla FC,368,ES1,2029-06-30,15000000,12000000,15000000,2026-06-05,Nigeria,15,6,10000000,https://www.transfermarkt.com/akor-adams/profil/spieler/607034,https://img.a.transfermarkt.technology/portrait/big/607034-1767008026.jpg,apify-transfermarkt-global-player-scraper
357628,Alfon González,Alfonso González Martínez,alfon gonzalez,1999-05-04,27,Spain,Left Winger,Striker,,172,Sevilla FC,368,ES1,2028-06-30,3000000,3000000,5000000,2026-06-05,,0,0,250000,https://www.transfermarkt.com/alfon-gonzalez/profil/spieler/357628,https://img.a.transfermarkt.technology/portrait/big/357628-1734950388.jpg,apify-transfermarkt-global-player-scraper
719999,Andrés Castrín,Andrés López Gallo,andres castrin,2003-05-26,23,Spain,Centre-Back,Defender,right,188,Sevilla FC,368,ES1,2027-06-30,6000000,1500000,6000000,2026-06-05,,0,0,200000,https://www.transfermarkt.com/andres-castrin/profil/spieler/719999,,apify-transfermarkt-global-player-scraper
768380,Arouna Sangante,Arouna Sangante,arouna sangante,2002-04-12,24,Senegal; Guinea-Bissau,Centre-Back,Defender,right,189,Sevilla FC,368,ES1,2031-06-30,8000000,8000000,10000000,2026-06-01,,0,0,0,https://www.transfermarkt.com/arouna-sangante/profil/spieler/768380,https://img.a.transfermarkt.technology/portrait/big/768380-1738244271.jpg,apify-transfermarkt-global-player-scraper
500067,Chidera Ejuke,Chidera Ejuke,chidera ejuke,1998-01-02,28,Nigeria,Left Winger,Striker,right,176,Sevilla FC,368,ES1,2027-06-30,4000000,4000000,9000000,2026-06-05,,0,0,13500000,https://www.transfermarkt.com/chidera-ejuke/profil/spieler/500067,https://img.a.transfermarkt.technology/portrait/big/500067-1706264992.jpg,apify-transfermarkt-global-player-scraper
212723,Djibril Sow,Mohameth Djibril Ibrahima Sow,djibril sow,1997-02-06,29,Switzerland; Senegal,Central Midfield,Midfielder,right,183,Sevilla FC,368,ES1,2029-06-30,7500000,7500000,22000000,2026-06-05,Switzerland,54,0,27500000,https://www.transfermarkt.com/djibril-sow/profil/spieler/212723,https://img.a.transfermarkt.technology/portrait/big/212723-1779793436.jpg,apify-transfermarkt-global-player-scraper
155025,Fábio Cardoso,Fábio Rafael Rodrigues Cardoso,fabio cardoso,1994-04-19,32,Portugal,Centre-Back,Defender,right,187,Sevilla FC,368,ES1,2028-06-30,1500000,2000000,4000000,2026-06-05,,0,0,4700000,https://www.transfermarkt.com/fabio-cardoso/profil/spieler/155025,https://img.a.transfermarkt.technology/portrait/big/155025-1736318779.JPG,apify-transfermarkt-global-player-scraper
660735,Federico Gattoni,Federico Gattoni,federico gattoni,1999-02-16,27,Argentina; Italy,Centre-Back,Defender,right,183,Sevilla FC,368,ES1,2027-06-30,800000,1000000,5500000,2026-06-05,,0,0,1400000,https://www.transfermarkt.com/federico-gattoni/profil/spieler/660735,https://img.a.transfermarkt.technology/portrait/big/660735-1721919385.png,apify-transfermarkt-global-player-scraper
385105,Gabriel Suazo,Gabriel Alonso Suazo Urbina,gabriel suazo,1997-08-09,28,Chile,Left-Back,Defender,left,178,Sevilla FC,368,ES1,2028-06-30,6000000,7000000,7000000,2026-06-05,Chile,44,0,0,https://www.transfermarkt.com/gabriel-suazo/profil/spieler/385105,https://img.a.transfermarkt.technology/portrait/big/385105-1752224979.jpg,apify-transfermarkt-global-player-scraper
687609,Isaac Romero,Isaac Romero Bernal,isaac romero,2000-05-18,26,Spain,Centre-Forward,Striker,left,183,Sevilla FC,368,ES1,2028-06-30,5000000,5000000,18000000,2026-06-05,,0,0,0,https://www.transfermarkt.com/isaac-romero/profil/spieler/687609,https://img.a.transfermarkt.technology/portrait/big/687609-1762342231.jpg,apify-transfermarkt-global-player-scraper
263727,Joan Jordán,Joan Jordán Moreno,joan jordan,1994-07-06,31,Spain,Central Midfield,Midfielder,right,185,Sevilla FC,368,ES1,2027-06-30,1000000,2000000,30000000,2026-06-05,,0,0,17800000,https://www.transfermarkt.com/joan-jordan/profil/spieler/263727,https://img.a.transfermarkt.technology/portrait/big/263727-1620305031.jpg,apify-transfermarkt-global-player-scraper
1032280,Joaquín Martínez Gauna,Oso,joaquin martinez gauna,2003-07-09,22,Spain; Argentina,Left-Back,Defender,left,183,Sevilla FC,368,ES1,2027-06-30,10000000,5000000,10000000,2026-06-05,,0,0,0,https://www.transfermarkt.com/oso/profil/spieler/1032280,https://img.a.transfermarkt.technology/portrait/big/1032280-1774905283.jpg,apify-transfermarkt-global-player-scraper
289257,Jon Guridi,Jon Guridi Aldalur,jon guridi,1995-02-28,31,Spain,Central Midfield,Midfielder,left,179,Sevilla FC,368,ES1,2028-06-30,1800000,2000000,5000000,2026-06-05,,0,0,0,https://www.transfermarkt.com/jon-guridi/profil/spieler/289257,https://img.a.transfermarkt.technology/portrait/big/289257-1604301765.jpg,apify-transfermarkt-global-player-scraper
711625,José Ángel Carmona,José Ángel Carmona Navarro,jose angel carmona,2002-01-29,24,Spain,Right-Back,Defender,right,184,Sevilla FC,368,ES1,2028-06-30,12000000,12000000,12000000,2026-06-05,,0,0,0,https://www.transfermarkt.com/jose-angel-carmona/profil/spieler/711625,https://img.a.transfermarkt.technology/portrait/big/711625-1696862897.jpg,apify-transfermarkt-global-player-scraper
390688,Juan Iglesias,Juan Antonio Iglesias Sánchez,juan iglesias,1998-07-03,28,Spain,Right-Back,Defender,right,187,Sevilla FC,368,ES1,2030-06-30,5000000,5000000,5000000,2026-06-05,,0,0,100000,https://www.transfermarkt.com/juan-iglesias/profil/spieler/390688,https://img.a.transfermarkt.technology/portrait/big/390688-1632295269.jpg,apify-transfermarkt-global-player-scraper
676042,Juanlu Sánchez,Juan Luis Sánchez Velasco,juanlu sanchez,2003-08-15,22,Spain,Right-Back,Defender,right,186,Sevilla FC,368,ES1,2029-06-30,10000000,15000000,15000000,2026-06-05,,0,0,0,https://www.transfermarkt.com/juanlu-sanchez/profil/spieler/676042,https://img.a.transfermarkt.technology/portrait/big/676042-1695240552.jpg,apify-transfermarkt-global-player-scraper
766583,Kike Salas,Enrique Jesús Salas Valiente,kike salas,2002-04-23,24,Spain,Centre-Back,Defender,left,188,Sevilla FC,368,ES1,2029-06-30,14000000,8000000,14000000,2026-06-05,,0,0,0,https://www.transfermarkt.com/kike-salas/profil/spieler/766583,https://img.a.transfermarkt.technology/portrait/big/766583-1736865960.jpg,apify-transfermarkt-global-player-scraper
569384,Lucien Agoumé,Lucien Jefferson Agoumé,lucien agoume,2002-02-09,24,France; Cameroon,Defensive Midfield,Midfielder,right,185,Sevilla FC,368,ES1,2028-06-30,15000000,12000000,15000000,2026-06-05,,0,0,12500000,https://www.transfermarkt.com/lucien-agoume/profil/spieler/569384,https://img.a.transfermarkt.technology/portrait/big/569384-1656577561.jpg,apify-transfermarkt-global-player-scraper
766723,Manu Bueno,Manuel Bueno Sebastián,manu bueno,2004-07-27,21,Spain,Central Midfield,Midfielder,left,178,Sevilla FC,368,ES1,2027-06-30,1500000,1500000,1500000,2026-06-05,,0,0,0,https://www.transfermarkt.com/manu-bueno/profil/spieler/766723,https://img.a.transfermarkt.technology/portrait/big/766723-1702412015.jpg,apify-transfermarkt-global-player-scraper
439022,Marcos do Nascimento Teixeira,Marcão,marcos do nascimento teixeira,1996-06-05,30,Brazil; Spain,Centre-Back,Defender,left,185,Sevilla FC,368,ES1,2028-06-30,2500000,2500000,15000000,2026-06-05,,0,0,17900000,https://www.transfermarkt.com/marcao/profil/spieler/439022,https://img.a.transfermarkt.technology/portrait/big/439022-1681476532.jpg,apify-transfermarkt-global-player-scraper
124419,Odysseas Vlachodimos,Οδυσσέας Βλαχοδήμος,odysseas vlachodimos,1994-04-26,32,Greece; Germany,Goalkeeper,Goalkeeper,right,191,Sevilla FC,368,ES1,2027-06-30,3000000,4000000,18000000,2026-06-05,Greece,53,0,30900000,https://www.transfermarkt.com/odysseas-vlachodimos/profil/spieler/124419,https://img.a.transfermarkt.technology/portrait/big/124419-1706829687.jpg,apify-transfermarkt-global-player-scraper
981674,Patrik Mercado,Patrik Kleiver Mercado Altamirano,patrik mercado,2003-07-31,22,Ecuador,Attacking Midfield,Midfielder,right,177,Sevilla FC,368,ES1,2031-06-30,5500000,5500000,5500000,2026-06-03,,0,0,6000000,https://www.transfermarkt.com/patrik-mercado/profil/spieler/981674,https://img.a.transfermarkt.technology/portrait/big/981674-1739215138.png,apify-transfermarkt-global-player-scraper
639733,Peque Fernández,Gerard Fernández Castellano,peque fernandez,2002-10-04,23,Spain,Second Striker,Striker,right,172,Sevilla FC,368,ES1,2028-06-30,3000000,3500000,5000000,2026-06-05,,0,0,4000000,https://www.transfermarkt.com/peque-fernandez/profil/spieler/639733,https://img.a.transfermarkt.technology/portrait/big/639733-1615192753.jpg,apify-transfermarkt-global-player-scraper
361254,Rafa Mir,Rafael Mir Vicente,rafa mir,1997-06-18,29,Spain,Centre-Forward,Striker,right,191,Sevilla FC,368,ES1,2027-06-30,4000000,4000000,16000000,2026-06-05,,0,0,18000000,https://www.transfermarkt.com/rafa-mir/profil/spieler/361254,https://img.a.transfermarkt.technology/portrait/big/361254-1720020544.jpg,apify-transfermarkt-global-player-scraper
345886,Rubén Vargas,Rubén Estephan Vargas Martínez,ruben vargas,1998-08-05,27,Switzerland; Dominican Republic,Left Winger,Striker,right,179,Sevilla FC,368,ES1,2029-06-30,12000000,12000000,13000000,2026-06-05,Switzerland,65,13,6500000,https://www.transfermarkt.com/ruben-vargas/profil/spieler/345886,https://img.a.transfermarkt.technology/portrait/big/345886-1779793578.jpg,apify-transfermarkt-global-player-scraper
538996,Tanguy Nianzou,Tanguy-Austin Nianzou Kouassi,tanguy nianzou,2002-06-07,24,France; Cote d'Ivoire,Centre-Back,Defender,right,191,Sevilla FC,368,ES1,2027-06-30,1200000,1400000,12000000,2026-06-05,,0,0,16000000,https://www.transfermarkt.com/tanguy-nianzou/profil/spieler/538996,https://img.a.transfermarkt.technology/portrait/big/538996-1681463642.jpg,apify-transfermarkt-global-player-scraper
182904,Clément Lenglet,Clément Nicolas Laurent Lenglet,clement lenglet,1995-06-17,31,France,Centre-Back,Defender,left,186,SL Benfica,294,PO1,2027-06-30,4000000,5000000,60000000,2026-06-05,,0,0,44300000,https://www.transfermarkt.com/clement-lenglet/profil/spieler/182904,https://img.a.transfermarkt.technology/portrait/big/182904-1599988301.jpg,apify-transfermarkt-global-player-scraper
671915,Enzo Barrenechea,Enzo Alan Tomás Barrenechea,enzo barrenechea,2001-05-22,25,Argentina,Defensive Midfield,Midfielder,right,186,SL Benfica,294,PO1,,12000000,15000000,15000000,2026-05-28,,0,0,31300000,https://www.transfermarkt.com/enzo-barrenechea/profil/spieler/671915,https://img.a.transfermarkt.technology/portrait/big/671915-1758058491.jpg,apify-transfermarkt-global-player-scraper
924349,Issa Doumbia,Issa Doumbia,issa doumbia,2003-10-16,22,Italy; Cote d'Ivoire,Central Midfield,Midfielder,right,187,Sporting CP,336,PO1,2031-06-30,20000000,8000000,20000000,2026-06-04,,0,0,21526316,https://www.transfermarkt.com/issa-doumbia/profil/spieler/924349,https://img.a.transfermarkt.technology/portrait/big/924349-1730186334.jpg,apify-transfermarkt-global-player-scraper
466801,Sergi Altimira,Sergi Altimira Clavell,sergi altimira,2001-08-25,24,Spain,Central Midfield,Midfielder,right,188,Sporting CP,336,PO1,2031-06-30,20000000,20000000,20000000,2026-06-05,,0,0,20000000,https://www.transfermarkt.com/sergi-altimira/profil/spieler/466801,https://img.a.transfermarkt.technology/portrait/big/466801-1744375696.jpg,apify-transfermarkt-global-player-scraper
956588,Alessandro Nunziante,Alessandro Nunziante,alessandro nunziante,2007-03-14,19,Italy,Goalkeeper,Goalkeeper,right,195,SS Arezzo,4255,IT2,2027-06-30,1800000,1800000,1800000,2026-05-29,,0,0,1500000,https://www.transfermarkt.com/alessandro-nunziante/profil/spieler/956588,https://img.a.transfermarkt.technology/portrait/big/956588-1753853869.jpg,apify-transfermarkt-global-player-scraper
239802,Adam Marusic,Адам Марушић,adam marusic,1992-10-17,33,Montenegro; Serbia,Right-Back,Defender,right,185,SS Lazio,398,IT1,2028-06-30,2500000,3000000,10000000,2026-05-29,,0,0,7950000,https://www.transfermarkt.com/adam-marusic/profil/spieler/239802,https://img.a.transfermarkt.technology/portrait/big/239802-1692962856.jpg,apify-transfermarkt-global-player-scraper
1018395,Adrian Przyborek,Adrian Przyborek,adrian przyborek,2007-01-01,19,Poland,Attacking Midfield,Midfielder,right,184,SS Lazio,398,IT1,2030-06-30,6000000,7000000,7000000,2026-05-29,Poland U19,9,0,4500000,https://www.transfermarkt.com/adrian-przyborek/profil/spieler/1018395,https://img.a.transfermarkt.technology/portrait/big/1018395-1777961309.jpg,apify-transfermarkt-global-player-scraper
883058,Alessandro Milani,Alessandro Milani,alessandro milani,2005-06-14,21,Venezuela; Italy,Left-Back,Defender,left,178,SS Lazio,398,IT1,2027-06-30,650000,650000,650000,2026-06-04,,0,0,70000,https://www.transfermarkt.com/alessandro-milani/profil/spieler/883058,https://img.a.transfermarkt.technology/portrait/big/883058-1767615908.jpg,apify-transfermarkt-global-player-scraper
538079,Alessio Furlanetto,Alessio Furlanetto,alessio furlanetto,2002-02-07,24,Italy,Goalkeeper,Goalkeeper,right,191,SS Lazio,398,IT1,2028-06-30,350000,50000,350000,2026-05-29,,0,0,0,https://www.transfermarkt.com/alessio-furlanetto/profil/spieler/538079,https://img.a.transfermarkt.technology/portrait/big/538079-1757604115.jpg,apify-transfermarkt-global-player-scraper
197747,Alessio Romagnoli,Alessio Romagnoli,alessio romagnoli,1995-01-12,31,Italy,Centre-Back,Defender,left,185,SS Lazio,398,IT1,2027-06-30,6000000,7000000,50000000,2026-05-29,,0,0,26250000,https://www.transfermarkt.com/alessio-romagnoli/profil/spieler/197747,https://img.a.transfermarkt.technology/portrait/big/197747-1730125586.jpg,apify-transfermarkt-global-player-scraper
356197,Alfonso Pedraza,Alfonso Pedraza Sag,alfonso pedraza,1996-04-09,30,Spain,Left-Back,Defender,left,184,SS Lazio,398,IT1,2029-06-30,2500000,2500000,22000000,2026-06-05,,0,0,0,https://www.transfermarkt.com/alfonso-pedraza/profil/spieler/356197,https://img.a.transfermarkt.technology/portrait/big/356197-1620304916.jpg,apify-transfermarkt-global-player-scraper
626913,Boulaye Dia,Boulaye Dia,boulaye dia,1996-11-16,29,Senegal; France,Centre-Forward,Striker,right,180,SS Lazio,398,IT1,2028-06-30,5000000,7000000,25000000,2026-05-29,,0,0,38700000,https://www.transfermarkt.com/boulaye-dia/profil/spieler/626913,https://img.a.transfermarkt.technology/portrait/big/626913-1730127040.jpg,apify-transfermarkt-global-player-scraper
481675,Christos Mandas,Χρήστος Μανδάς,christos mandas,2001-09-17,24,Greece,Goalkeeper,Goalkeeper,right,189,SS Lazio,398,IT1,2029-06-30,8000000,10000000,10000000,2026-06-03,Greece,3,0,3800000,https://www.transfermarkt.com/christos-mandas/profil/spieler/481675,https://img.a.transfermarkt.technology/portrait/big/481675-1724268727.jpg,apify-transfermarkt-global-player-scraper
199733,Danilo Cataldi,Danilo Cataldi,danilo cataldi,1994-08-06,31,Italy,Defensive Midfield,Midfielder,right,180,SS Lazio,398,IT1,2027-06-30,3500000,3500000,10000000,2026-05-29,,0,0,2000000,https://www.transfermarkt.com/danilo-cataldi/profil/spieler/199733,https://img.a.transfermarkt.technology/portrait/big/199733-1661513736.jpg,apify-transfermarkt-global-player-scraper
918957,Davide Renzetti,Davide Renzetti,davide renzetti,2006-06-09,20,Italy,Goalkeeper,Goalkeeper,right,194,SS Lazio,398,IT1,2027-06-30,150000,100000,150000,2026-06-19,,0,0,0,https://www.transfermarkt.com/davide-renzetti/profil/spieler/918957,https://img.a.transfermarkt.technology/portrait/big/918957-1726131865.jpg,apify-transfermarkt-global-player-scraper
916430,Edoardo Motta,Edoardo Motta,edoardo motta,2005-01-13,21,Italy,Goalkeeper,Goalkeeper,right,194,SS Lazio,398,IT1,2030-06-30,8000000,4000000,8000000,2026-05-29,,0,0,1800000,https://www.transfermarkt.com/edoardo-motta/profil/spieler/916430,https://img.a.transfermarkt.technology/portrait/big/916430-1745844405.jpg,apify-transfermarkt-global-player-scraper
1110645,Filipe Bordon,Filipe Bordon,filipe bordon,2005-06-24,21,Brazil; Italy,Centre-Back,Defender,right,194,SS Lazio,398,IT1,2028-06-30,750000,800000,800000,2026-06-04,,0,0,300000,https://www.transfermarkt.com/filipe-bordon/profil/spieler/1110645,https://img.a.transfermarkt.technology/portrait/big/1110645-1715640507.jpg,apify-transfermarkt-global-player-scraper
530742,Fisayo Dele-Bashiru,Oluwafisayo Faruq Dele-Bashiru,fisayo dele bashiru,2001-02-06,25,Nigeria; England,Central Midfield,Midfielder,right,186,SS Lazio,398,IT1,2028-06-30,6000000,6500000,8000000,2026-05-29,Nigeria,19,2,5430000,https://www.transfermarkt.com/fisayo-dele-bashiru/profil/spieler/530742,https://img.a.transfermarkt.technology/portrait/big/530742-1683029896.jpg,apify-transfermarkt-global-player-scraper
604239,Gabriele Artistico,Gabriele Artistico,gabriele artistico,2002-07-14,23,Italy,Centre-Forward,Striker,right,188,SS Lazio,398,IT1,2028-06-30,2000000,2000000,2000000,2026-06-04,,0,0,0,https://www.transfermarkt.com/gabriele-artistico/profil/spieler/604239,https://img.a.transfermarkt.technology/portrait/big/604239-1663875375.jpg,apify-transfermarkt-global-player-scraper
462823,Gustav Isaksen,Gustav Tang Isaksen,gustav isaksen,2001-04-19,25,Denmark,Right Winger,Striker,left,181,SS Lazio,398,IT1,2028-06-30,15000000,17000000,20000000,2026-05-29,,0,0,14400000,https://www.transfermarkt.com/gustav-isaksen/profil/spieler/462823,https://img.a.transfermarkt.technology/portrait/big/462823-1695026324.jpg,apify-transfermarkt-global-player-scraper
197929,Ivan Provedel,Ivan Provedel,ivan provedel,1994-03-17,32,Italy,Goalkeeper,Goalkeeper,right,194,SS Lazio,398,IT1,2027-06-30,3000000,3000000,14000000,2026-05-29,,0,0,3750000,https://www.transfermarkt.com/ivan-provedel/profil/spieler/197929,https://img.a.transfermarkt.technology/portrait/big/197929-1695160944.jpg,apify-transfermarkt-global-player-scraper
470394,Kenneth Taylor,Kenneth Ina Dorothea Taylor,kenneth taylor,2002-05-16,24,Netherlands,Central Midfield,Midfielder,left,182,SS Lazio,398,IT1,2030-06-30,25000000,20000000,28000000,2026-05-29,,0,0,16850000,https://www.transfermarkt.com/kenneth-taylor/profil/spieler/470394,https://img.a.transfermarkt.technology/portrait/big/470394-1745076706.jpg,apify-transfermarkt-global-player-scraper
346567,Luca Pellegrini,Luca Pellegrini,luca pellegrini,1999-03-07,27,Italy,Left-Back,Defender,left,178,SS Lazio,398,IT1,2027-06-30,4500000,3500000,15000000,2026-05-29,,0,0,27708000,https://www.transfermarkt.com/luca-pellegrini/profil/spieler/346567,https://img.a.transfermarkt.technology/portrait/big/346567-1663065246.jpg,apify-transfermarkt-global-player-scraper
331401,Manuel Lazzari,Manuel Lazzari,manuel lazzari,1993-11-29,32,Italy,Right-Back,Defender,right,174,SS Lazio,398,IT1,2027-06-30,2000000,2000000,23000000,2026-05-29,,0,0,15000000,https://www.transfermarkt.com/manuel-lazzari/profil/spieler/331401,https://img.a.transfermarkt.technology/portrait/big/331401-1707947147.jpg,apify-transfermarkt-global-player-scraper
618341,Mario Gila,Mario Gila Fuentes,mario gila,2000-08-29,25,Spain,Centre-Back,Defender,right,185,SS Lazio,398,IT1,2027-06-30,30000000,30000000,30000000,2026-05-29,,0,0,6000000,https://www.transfermarkt.com/mario-gila/profil/spieler/618341,https://img.a.transfermarkt.technology/portrait/big/618341-1730127774.jpg,apify-transfermarkt-global-player-scraper
550106,Matteo Cancellieri,Matteo Cancellieri,matteo cancellieri,2002-02-12,24,Italy,Right Winger,Striker,left,185,SS Lazio,398,IT1,2027-06-30,7000000,5500000,7000000,2026-05-29,,0,0,15200000,https://www.transfermarkt.com/matteo-cancellieri/profil/spieler/550106,https://img.a.transfermarkt.technology/portrait/big/550106-1687191024.jpg,apify-transfermarkt-global-player-scraper
283735,Mattia Zaccagni,Mattia Zaccagni,mattia zaccagni,1995-06-16,31,Italy,Left Winger,Striker,right,177,SS Lazio,398,IT1,2029-06-30,7500000,12000000,30000000,2026-05-29,,0,0,7310000,https://www.transfermarkt.com/mattia-zaccagni/profil/spieler/283735,https://img.a.transfermarkt.technology/portrait/big/283735-1695026445.jpg,apify-transfermarkt-global-player-scraper
287700,Mohamed Fares,محمد سليم فارس,mohamed fares,1996-02-15,30,Algeria; France,Left-Back,Defender,left,183,SS Lazio,398,IT1,2027-06-30,500000,600000,7000000,2025-11-28,,0,0,11500000,https://www.transfermarkt.com/mohamed-fares/profil/spieler/287700,https://img.a.transfermarkt.technology/portrait/big/287700-1730217489.jpg,apify-transfermarkt-global-player-scraper
525704,Nicolò Rovella,Nicolò Rovella,nicolo rovella,2001-12-04,24,Italy,Defensive Midfield,Midfielder,right,179,SS Lazio,398,IT1,2028-06-30,23000000,23000000,30000000,2026-05-29,,0,0,43490000,https://www.transfermarkt.com/nicolo-rovella/profil/spieler/525704,https://img.a.transfermarkt.technology/portrait/big/525704-1730127184.jpg,apify-transfermarkt-global-player-scraper
535955,Nuno Tavares,Nuno Albertino Varela Tavares,nuno tavares,2000-01-26,26,Portugal; Cape Verde,Left-Back,Defender,left,183,SS Lazio,398,IT1,2029-06-30,12000000,13000000,25000000,2026-05-29,,0,0,14725000,https://www.transfermarkt.com/nuno-tavares/profil/spieler/535955,https://img.a.transfermarkt.technology/portrait/big/535955-1730127360.jpg,apify-transfermarkt-global-player-scraper
644408,Oliver Provstgaard,Oliver Provstgaard Nielsen,oliver provstgaard,2003-06-04,23,Denmark,Centre-Back,Defender,left,194,SS Lazio,398,IT1,2029-06-30,16000000,7500000,16000000,2026-05-29,Denmark,2,0,4500000,https://www.transfermarkt.com/oliver-provstgaard/profil/spieler/644408,https://img.a.transfermarkt.technology/portrait/big/644408-1739282123.jpg,apify-transfermarkt-global-player-scraper
126729,Patricio Gabarrón Gil,Patric,patricio gabarron gil,1993-04-17,33,Spain,Centre-Back,Defender,right,184,SS Lazio,398,IT1,2027-06-30,1500000,1500000,9000000,2026-05-29,,0,0,500000,https://www.transfermarkt.com/patric/profil/spieler/126729,https://img.a.transfermarkt.technology/portrait/big/126729-1695026786.jpg,apify-transfermarkt-global-player-scraper
846254,Petar Ratkov,Петар Ратков,petar ratkov,2003-08-18,22,Serbia; Croatia,Centre-Forward,Striker,right,193,SS Lazio,398,IT1,2030-06-30,9000000,10000000,10000000,2026-05-29,,0,0,19950000,https://www.transfermarkt.com/petar-ratkov/profil/spieler/846254,https://img.a.transfermarkt.technology/portrait/big/846254-1770273673.jpg,apify-transfermarkt-global-player-scraper
982855,Reda Belahyane,رضا بلحياني,reda belahyane,2004-06-01,22,Morocco; France,Defensive Midfield,Midfielder,right,173,SS Lazio,398,IT1,2029-06-30,6800000,8500000,10000000,2026-05-29,,0,0,10800000,https://www.transfermarkt.com/reda-belahyane/profil/spieler/982855,https://img.a.transfermarkt.technology/portrait/big/982855-1757602905.jpg,apify-transfermarkt-global-player-scraper
708086,Romano Floriani Mussolini,Romano Floriani Mussolini,romano floriani mussolini,2003-01-27,23,Italy,Right-Back,Defender,right,188,SS Lazio,398,IT1,2028-06-30,2500000,2500000,2500000,2026-05-29,,0,0,0,https://www.transfermarkt.com/romano-floriani-mussolini/profil/spieler/708086,https://img.a.transfermarkt.technology/portrait/big/708086-1752505857.jpg,apify-transfermarkt-global-player-scraper
276896,Samuel Gigot,Samuel Florent Thomas Gigot,samuel gigot,1993-10-12,32,France,Centre-Back,Defender,right,187,SS Lazio,398,IT1,2027-06-30,1200000,1500000,11000000,2026-05-29,,0,0,14600000,https://www.transfermarkt.com/samuel-gigot/profil/spieler/276896,https://img.a.transfermarkt.technology/portrait/big/276896-1703066101.jpg,apify-transfermarkt-global-player-scraper
457736,Tijjani Noslin,Tijjani Noslin,tijjani noslin,1999-07-07,26,Netherlands; Suriname,Right Winger,Striker,right,178,SS Lazio,398,IT1,2029-06-30,8000000,6500000,12000000,2026-05-29,,0,0,19800000,https://www.transfermarkt.com/tijjani-noslin/profil/spieler/457736,https://img.a.transfermarkt.technology/portrait/big/457736-1730184958.jpg,apify-transfermarkt-global-player-scraper
386446,Alessandro Buongiorno,Alessandro Buongiorno,alessandro buongiorno,1999-06-06,27,Italy,Centre-Back,Defender,left,190,SSC Napoli,6195,IT1,2029-06-30,30000000,35000000,50000000,2026-05-29,,0,0,36500000,https://www.transfermarkt.com/alessandro-buongiorno/profil/spieler/386446,https://img.a.transfermarkt.technology/portrait/big/386446-1663596475.jpg,apify-transfermarkt-global-player-scraper
433584,Alessio Zerbin,Alessio Zerbin,alessio zerbin,1999-03-03,27,Italy,Right Midfield,Midfielder,right,182,SSC Napoli,6195,IT1,2028-06-30,2000000,2200000,4000000,2026-05-29,,0,0,1290000,https://www.transfermarkt.com/alessio-zerbin/profil/spieler/433584,https://img.a.transfermarkt.technology/portrait/big/433584-1757604547.jpg,apify-transfermarkt-global-player-scraper
240414,Alex Meret,Alex Meret,alex meret,1997-03-22,29,Italy,Goalkeeper,Goalkeeper,left,190,SSC Napoli,6195,IT1,2027-06-30,8000000,14000000,40000000,2026-05-29,,0,0,26000000,https://www.transfermarkt.com/alex-meret/profil/spieler/240414,https://img.a.transfermarkt.technology/portrait/big/240414-1695025886.jpg,apify-transfermarkt-global-player-scraper
830365,Alisson Santos,Alisson de Almeida Santos,alisson santos,2002-09-27,23,Brazil; Tunisia,Left Winger,Striker,right,177,SSC Napoli,6195,IT1,2030-06-30,28000000,13000000,28000000,2026-05-29,,0,0,22100000,https://www.transfermarkt.com/alisson-santos/profil/spieler/830365,https://img.a.transfermarkt.technology/portrait/big/830365-1765306584.jpg,apify-transfermarkt-global-player-scraper
257732,Amir Rrahmani,Amir Kadri Rrahmani,amir rrahmani,1994-02-24,32,Kosovo; Albania,Centre-Back,Defender,right,192,SSC Napoli,6195,IT1,2027-06-30,10000000,12000000,25000000,2026-05-29,,0,0,20420000,https://www.transfermarkt.com/amir-rrahmani/profil/spieler/257732,https://img.a.transfermarkt.technology/portrait/big/257732-1663579350.jpg,apify-transfermarkt-global-player-scraper
703245,Antonio Vergara,Antonio Vergara,antonio vergara,2003-01-16,23,Italy,Attacking Midfield,Midfielder,left,182,SSC Napoli,6195,IT1,2030-06-30,15000000,15000000,15000000,2026-05-29,,0,0,0,https://www.transfermarkt.com/antonio-vergara/profil/spieler/703245,https://img.a.transfermarkt.technology/portrait/big/703245-1757662637.jpg,apify-transfermarkt-global-player-scraper
423744,Billy Gilmour,Billy Clifford Gilmour,billy gilmour,2001-06-11,25,Scotland,Defensive Midfield,Midfielder,right,170,SSC Napoli,6195,IT1,2029-06-30,20000000,20000000,20000000,2026-05-29,,0,0,24750000,https://www.transfermarkt.com/billy-gilmour/profil/spieler/423744,https://img.a.transfermarkt.technology/portrait/big/423744-1701544195.jpg,apify-transfermarkt-global-player-scraper
820633,Coli Saco,Coli Saco,coli saco,2002-05-15,24,Mali; France,Central Midfield,Midfielder,left,197,SSC Napoli,6195,IT1,2028-06-30,200000,200000,300000,2026-06-19,,0,0,0,https://www.transfermarkt.com/coli-saco/profil/spieler/820633,https://img.a.transfermarkt.technology/portrait/big/820633-1757315350.jpg,apify-transfermarkt-global-player-scraper
358032,Cyril Ngonge,Cyril Ngonge,cyril ngonge,2000-05-26,26,Belgium; DR Congo,Right Winger,Striker,left,180,SSC Napoli,6195,IT1,2028-06-30,7000000,8000000,12000000,2026-06-05,,0,0,22250000,https://www.transfermarkt.com/cyril-ngonge/profil/spieler/358032,https://img.a.transfermarkt.technology/portrait/big/358032-1674197416.jpg,apify-transfermarkt-global-player-scraper
469822,David Neres,David Neres Campos,david neres,1997-03-03,29,Brazil,Right Winger,Striker,left,176,SSC Napoli,6195,IT1,2028-06-30,23000000,28000000,45000000,2026-05-29,,0,0,72700000,https://www.transfermarkt.com/david-neres/profil/spieler/469822,https://img.a.transfermarkt.technology/portrait/big/469822-1701334470.jpg,apify-transfermarkt-global-player-scraper
936229,Emanuele Rao,Emanuele Rao,emanuele rao,2006-03-28,20,Italy,Left Winger,Striker,right,181,SSC Napoli,6195,IT1,2030-06-30,6000000,3200000,6000000,2026-06-04,Italy U21,1,0,0,https://www.transfermarkt.com/emanuele-rao/profil/spieler/936229,https://img.a.transfermarkt.technology/portrait/big/936229-1757672893.jpg,apify-transfermarkt-global-player-scraper
354361,Frank Anguissa,André-Frank Zambo Anguissa,frank anguissa,1995-11-16,30,Cameroon,Central Midfield,Midfielder,right,184,SSC Napoli,6195,IT1,2027-06-30,15000000,20000000,40000000,2026-05-29,,0,0,42150000,https://www.transfermarkt.com/frank-anguissa/profil/spieler/354361,https://img.a.transfermarkt.technology/portrait/big/354361-1695026237.jpg,apify-transfermarkt-global-player-scraper
1005165,Giovane Santana do Nascimento,Giovane,giovane santana do nascimento,2003-11-24,22,Brazil,Centre-Forward,Striker,left,184,SSC Napoli,6195,IT1,2030-06-30,12000000,12000000,12000000,2026-05-29,,0,0,2550000,https://www.transfermarkt.com/giovane/profil/spieler/1005165,https://img.a.transfermarkt.technology/portrait/big/1005165-1757603428.jpg,apify-transfermarkt-global-player-scraper
169880,Giovanni Di Lorenzo,Giovanni Di Lorenzo,giovanni di lorenzo,1993-08-04,32,Italy,Right-Back,Defender,right,183,SSC Napoli,6195,IT1,2028-06-30,7500000,10000000,25000000,2026-05-29,,0,0,10460000,https://www.transfermarkt.com/giovanni-di-lorenzo/profil/spieler/169880,https://img.a.transfermarkt.technology/portrait/big/169880-1730126691.jpg,apify-transfermarkt-global-player-scraper
707295,Giuseppe Ambrosino,Giuseppe Ambrosino Di Bruttopilo,giuseppe ambrosino,2003-09-10,22,Italy,Centre-Forward,Striker,right,187,SSC Napoli,6195,IT1,2030-06-30,2200000,2500000,2500000,2026-06-04,,0,0,0,https://www.transfermarkt.com/giuseppe-ambrosino/profil/spieler/707295,https://img.a.transfermarkt.technology/portrait/big/707295-1757604449.jpg,apify-transfermarkt-global-player-scraper
468066,Jens Cajuste,Jens-Lys Michel Cajuste,jens cajuste,1999-08-10,26,Sweden; United States,Defensive Midfield,Midfielder,right,188,SSC Napoli,6195,IT1,2028-06-30,7000000,8000000,12000000,2026-05-28,,0,0,24400000,https://www.transfermarkt.com/jens-cajuste/profil/spieler/468066,https://img.a.transfermarkt.technology/portrait/big/468066-1691568301.jpg,apify-transfermarkt-global-player-scraper
513245,Jesper Lindstrøm,Jesper Grænge Lindstrøm,jesper lindstrom,2000-02-29,26,Denmark,Right Winger,Striker,right,182,SSC Napoli,6195,IT1,2028-06-30,4000000,5000000,28000000,2026-05-27,,0,0,40940000,https://www.transfermarkt.com/jesper-lindstroem/profil/spieler/513245,https://img.a.transfermarkt.technology/portrait/big/513245-1663065433.jpg,apify-transfermarkt-global-player-scraper
88755,Kevin De Bruyne,Kevin De Bruyne,kevin de bruyne,1991-06-28,35,Belgium; Burundi,Attacking Midfield,Midfielder,right,181,SSC Napoli,6195,IT1,2027-06-30,8000000,10000000,150000000,2026-05-29,Belgium,123,38,106450000,https://www.transfermarkt.com/kevin-de-bruyne/profil/spieler/88755,https://img.a.transfermarkt.technology/portrait/big/88755-1713391485.jpg,apify-transfermarkt-global-player-scraper
118689,Leonardo Spinazzola,Leonardo Spinazzola,leonardo spinazzola,1993-03-25,33,Italy,Left-Back,Defender,right,186,SSC Napoli,6195,IT1,2028-06-30,3500000,3500000,26000000,2026-05-29,,0,0,33400000,https://www.transfermarkt.com/leonardo-spinazzola/profil/spieler/118689,https://img.a.transfermarkt.technology/portrait/big/118689-1663580982.jpg,apify-transfermarkt-global-player-scraper
572265,Lorenzo Lucca,Lorenzo Lucca,lorenzo lucca,2000-09-10,25,Italy,Centre-Forward,Striker,right,201,SSC Napoli,6195,IT1,2030-06-30,20000000,25000000,30000000,2026-06-03,,0,0,49450000,https://www.transfermarkt.com/lorenzo-lucca/profil/spieler/572265,https://img.a.transfermarkt.technology/portrait/big/572265-1725531439.jpg,apify-transfermarkt-global-player-scraper
535797,Lorenzo Sgarbi,Lorenzo Sgarbi,lorenzo sgarbi,2001-03-24,25,Italy,Second Striker,Striker,right,189,SSC Napoli,6195,IT1,,350000,350000,550000,2026-06-04,,0,0,780000,https://www.transfermarkt.com/lorenzo-sgarbi/profil/spieler/535797,https://img.a.transfermarkt.technology/portrait/big/535797-1754926764.jpg,apify-transfermarkt-global-player-scraper
814446,Luca Marianucci,Luca Marianucci,luca marianucci,2004-07-23,21,Italy,Centre-Back,Defender,right,186,SSC Napoli,6195,IT1,2030-06-30,7000000,7500000,7500000,2026-05-29,,0,0,10150000,https://www.transfermarkt.com/luca-marianucci/profil/spieler/814446,https://img.a.transfermarkt.technology/portrait/big/814446-1721740329.jpg,apify-transfermarkt-global-player-scraper
885235,Luigi D'Avino,Luigi D'Avino,luigi davino,2005-12-08,20,Italy,Centre-Back,Defender,right,186,SSC Napoli,6195,IT1,2027-06-30,250000,175000,250000,2026-06-19,,0,0,0,https://www.transfermarkt.com/luigi-d-avino/profil/spieler/885235,https://img.a.transfermarkt.technology/portrait/big/885235-1695808879.jpg,apify-transfermarkt-global-player-scraper
724178,Luis Hasa,Luis Hasa,luis hasa,2004-01-06,22,Albania; Italy,Central Midfield,Midfielder,right,172,SSC Napoli,6195,IT1,2029-06-30,4500000,3000000,4500000,2026-06-04,Albania,1,0,650000,https://www.transfermarkt.com/luis-hasa/profil/spieler/724178,https://img.a.transfermarkt.technology/portrait/big/724178-1655244826.jpg,apify-transfermarkt-global-player-scraper
1195798,Mathias Ferrante,Mathias Ferrante,mathias ferrante,2006-09-01,19,Italy,Goalkeeper,Goalkeeper,left,202,SSC Napoli,6195,IT1,2030-06-30,200000,200000,200000,2026-05-29,,0,0,100000,https://www.transfermarkt.com/mathias-ferrante/profil/spieler/1195798,https://img.a.transfermarkt.technology/portrait/big/1195798-1707491711.jpg,apify-transfermarkt-global-player-scraper
376514,Mathías Olivera,Mathí­as Olivera Miramontes,mathias olivera,1997-10-31,28,Uruguay; Spain,Left-Back,Defender,left,185,SSC Napoli,6195,IT1,2030-06-30,15000000,15000000,20000000,2026-05-29,Uruguay,38,2,17350000,https://www.transfermarkt.com/mathias-olivera/profil/spieler/376514,https://img.a.transfermarkt.technology/portrait/big/376514-1681910576.jpg,apify-transfermarkt-global-player-scraper
165895,Matteo Politano,Matteo Politano,matteo politano,1993-08-03,32,Italy,Right Winger,Striker,left,171,SSC Napoli,6195,IT1,2028-06-30,5000000,8000000,30000000,2026-05-29,,0,0,60000000,https://www.transfermarkt.com/matteo-politano/profil/spieler/165895,https://img.a.transfermarkt.technology/portrait/big/165895-1692963030.jpg,apify-transfermarkt-global-player-scraper
377042,Michael Folorunsho,Michael Ijemuan Folorunsho,michael folorunsho,1998-02-07,28,Italy; Nigeria,Central Midfield,Midfielder,right,190,SSC Napoli,6195,IT1,2029-06-30,5000000,6000000,8500000,2026-05-29,,0,0,2700000,https://www.transfermarkt.com/michael-folorunsho/profil/spieler/377042,https://img.a.transfermarkt.technology/portrait/big/377042-1722173196.jpg,apify-transfermarkt-global-player-scraper
525299,Miguel Gutiérrez,Miguel Gutiérrez Ortega,miguel gutierrez,2001-07-27,24,Spain,Left-Back,Defender,left,180,SSC Napoli,6195,IT1,2030-06-30,22000000,17000000,25000000,2026-05-29,,0,0,29000000,https://www.transfermarkt.com/miguel-gutierrez/profil/spieler/525299,https://img.a.transfermarkt.technology/portrait/big/525299-1755681125.jpg,apify-transfermarkt-global-player-scraper
250683,Nikita Contini,"Nikita Contini Baranovskiy , Нікіта Контіні-Барановський",nikita contini,1996-05-21,30,Italy; Ukraine,Goalkeeper,Goalkeeper,right,190,SSC Napoli,6195,IT1,2031-06-30,400000,400000,800000,2026-05-29,,0,0,75000,https://www.transfermarkt.com/nikita-contini/profil/spieler/250683,https://img.a.transfermarkt.technology/portrait/big/250683-1663679972.jpg,apify-transfermarkt-global-player-scraper
339332,Noa Lang,Noa Noëll Lang,noa lang,1999-06-17,27,Netherlands; Suriname,Left Winger,Striker,right,176,SSC Napoli,6195,IT1,2030-06-30,22000000,25000000,25000000,2026-05-21,Netherlands,17,3,45500000,https://www.transfermarkt.com/noa-lang/profil/spieler/339332,https://img.a.transfermarkt.technology/portrait/big/339332-1742501723.jpg,apify-transfermarkt-global-player-scraper
704456,Nosa Edward Obaretin,Nosa Edward Obaretin,nosa edward obaretin,2003-01-26,23,Italy; Nigeria,Centre-Back,Defender,left,193,SSC Napoli,6195,IT1,2027-06-30,1500000,1000000,1500000,2026-06-04,,0,0,0,https://www.transfermarkt.com/nosa-edward-obaretin/profil/spieler/704456,https://img.a.transfermarkt.technology/portrait/big/704456-1698789493.png,apify-transfermarkt-global-player-scraper
250153,Pasquale Mazzocchi,Pasquale Mazzocchi,pasquale mazzocchi,1995-07-27,30,Italy,Right-Back,Defender,right,183,SSC Napoli,6195,IT1,2027-06-30,1500000,1700000,5000000,2026-05-29,,0,0,4580000,https://www.transfermarkt.com/pasquale-mazzocchi/profil/spieler/250153,https://img.a.transfermarkt.technology/portrait/big/250153-1725529479.jpg,apify-transfermarkt-global-player-scraper
662261,Rafa Marín,Rafael Marín Zamora,rafa marin,2002-05-19,24,Spain,Centre-Back,Defender,right,191,SSC Napoli,6195,IT1,2029-06-30,12000000,12000000,12000000,2026-06-05,,0,0,13000000,https://www.transfermarkt.com/rafa-marin/profil/spieler/662261,https://img.a.transfermarkt.technology/portrait/big/662261-1725529332.jpg,apify-transfermarkt-global-player-scraper
610442,Rasmus Højlund,Rasmus Winther Højlund,rasmus hojlund,2003-02-04,23,Denmark,Centre-Forward,Striker,left,191,SSC Napoli,6195,IT1,2030-06-30,60000000,50000000,65000000,2026-05-29,Denmark,35,13,152750000,https://www.transfermarkt.com/rasmus-hoejlund/profil/spieler/610442,https://img.a.transfermarkt.technology/portrait/big/610442-1757931324.jpg,apify-transfermarkt-global-player-scraper
96341,Romelu Lukaku,Romelu Menama Lukaku Bolingoli,romelu lukaku,1993-05-13,33,Belgium; DR Congo,Centre-Forward,Striker,left,190,SSC Napoli,6195,IT1,2027-06-30,6000000,12000000,100000000,2026-05-29,Belgium,130,92,369920000,https://www.transfermarkt.com/romelu-lukaku/profil/spieler/96341,https://img.a.transfermarkt.technology/portrait/big/96341-1661780981.jpg,apify-transfermarkt-global-player-scraper
433984,Sam Beukema,Sam Beukema,sam beukema,1998-11-17,27,Netherlands,Centre-Back,Defender,right,188,SSC Napoli,6195,IT1,2030-06-30,22000000,25000000,28000000,2026-05-29,,0,0,42780000,https://www.transfermarkt.com/sam-beukema/profil/spieler/433984,https://img.a.transfermarkt.technology/portrait/big/433984-1696837343.jpg,apify-transfermarkt-global-player-scraper
315969,Scott McTominay,Scott Francis McTominay,scott mctominay,1996-12-08,29,Scotland; England,Central Midfield,Midfielder,right,193,SSC Napoli,6195,IT1,2028-06-30,40000000,45000000,50000000,2026-05-29,Scotland,73,15,30500000,https://www.transfermarkt.com/scott-mctominay/profil/spieler/315969,https://img.a.transfermarkt.technology/portrait/big/315969-1780932470.jpg,apify-transfermarkt-global-player-scraper
192735,Stanislav Lobotka,Stanislav Lobotka,stanislav lobotka,1994-11-25,31,Slovakia,Defensive Midfield,Midfielder,right,168,SSC Napoli,6195,IT1,2027-06-30,10000000,15000000,40000000,2026-05-29,,0,0,29500000,https://www.transfermarkt.com/stanislav-lobotka/profil/spieler/192735,https://img.a.transfermarkt.technology/portrait/big/192735-1661509021.jpg,apify-transfermarkt-global-player-scraper
257474,Vanja Milinković-Savić,Вања Милинковић-Савић,vanja milinkovic savic,1997-02-20,29,Serbia; Spain,Goalkeeper,Goalkeeper,right,202,SSC Napoli,6195,IT1,2030-06-30,20000000,20000000,20000000,2026-05-29,,0,0,25350000,https://www.transfermarkt.com/vanja-milinkovic-savic/profil/spieler/257474,https://img.a.transfermarkt.technology/portrait/big/257474-1730125139.jpg,apify-transfermarkt-global-player-scraper
521407,Walid Cheddira,Walid Cheddira,walid cheddira,1998-01-22,28,Morocco; Italy,Centre-Forward,Striker,right,187,SSC Napoli,6195,IT1,2028-06-30,2000000,2300000,8000000,2026-05-29,,0,0,7973000,https://www.transfermarkt.com/walid-cheddira/profil/spieler/521407,https://img.a.transfermarkt.technology/portrait/big/521407-1770273321.jpg,apify-transfermarkt-global-player-scraper
967346,Eliezer Mayenda,Eliezer Mayenda Dossou,eliezer mayenda,2005-05-08,21,Spain; France,Centre-Forward,Striker,left,183,Stade Rennais FC,273,FR1,2031-06-30,16000000,18000000,18000000,2026-06-03,Spain U21,9,2,22800000,https://www.transfermarkt.com/eliezer-mayenda/profil/spieler/967346,https://img.a.transfermarkt.technology/portrait/big/967346-1724772065.jpg,apify-transfermarkt-global-player-scraper
654412,Abdoullah Ba,Abdoullah Ba,abdoullah ba,2003-07-31,22,France; Mauritania,Right Midfield,Midfielder,right,180,Sunderland AFC,289,GB1,2027-06-30,1500000,2000000,4000000,2026-06-03,,0,0,1000000,https://www.transfermarkt.com/abdoullah-ba/profil/spieler/654412,https://img.a.transfermarkt.technology/portrait/big/654412-1635852545.jpg,apify-transfermarkt-global-player-scraper
1015619,Ahmed Abdullahi,Ahmed Abdullahi,ahmed abdullahi,2004-06-19,22,Nigeria,Centre-Forward,Striker,,0,Sunderland AFC,289,GB1,2028-06-30,800000,1000000,1000000,2026-06-03,,0,0,1500000,https://www.transfermarkt.com/ahmed-abdullahi/profil/spieler/1015619,https://img.a.transfermarkt.technology/portrait/big/1015619-1698072539.jpg,apify-transfermarkt-global-player-scraper
502065,Aji Alese,Ajibola Joshua Odunayo Afolarin Alese,aji alese,2001-01-17,25,England; Nigeria,Centre-Back,Defender,left,192,Sunderland AFC,289,GB1,2027-06-30,700000,1000000,1200000,2026-05-28,,0,0,590000,https://www.transfermarkt.com/aji-alese/profil/spieler/502065,https://img.a.transfermarkt.technology/portrait/big/502065-1724770712.jpg,apify-transfermarkt-global-player-scraper
277697,Alan Browne,Alan James Browne,alan browne,1995-04-15,31,Ireland,Central Midfield,Midfielder,right,179,Sunderland AFC,289,GB1,2027-06-30,2000000,2000000,4000000,2026-05-28,,0,0,0,https://www.transfermarkt.com/alan-browne/profil/spieler/277697,https://img.a.transfermarkt.technology/portrait/big/277697-1724771465.jpg,apify-transfermarkt-global-player-scraper
475946,Anthony Patterson,Anthony Patterson,anthony patterson,2000-05-10,26,England,Goalkeeper,Goalkeeper,right,189,Sunderland AFC,289,GB1,2028-06-30,8000000,8000000,14000000,2026-05-28,,0,0,0,https://www.transfermarkt.com/anthony-patterson/profil/spieler/475946,https://img.a.transfermarkt.technology/portrait/big/475946-1679678936.jpg,apify-transfermarkt-global-player-scraper
181380,Arthur Masuaku,Fuka-Arthur Masuaku Kawela,arthur masuaku,1993-11-07,32,DR Congo; France,Left-Back,Defender,left,179,Sunderland AFC,289,GB1,2027-06-30,2000000,2500000,10000000,2026-06-01,Democratic Republic of the Congo,48,4,9400000,https://www.transfermarkt.com/arthur-masuaku/profil/spieler/181380,https://img.a.transfermarkt.technology/portrait/big/181380-1767006082.jpg,apify-transfermarkt-global-player-scraper
473169,Brian Brobbey,Brian Ebenezer Adjei Brobbey,brian brobbey,2002-02-01,24,Netherlands; Ghana,Centre-Forward,Striker,right,181,Sunderland AFC,289,GB1,2029-06-30,30000000,25000000,35000000,2026-06-03,Netherlands,16,4,36350000,https://www.transfermarkt.com/brian-brobbey/profil/spieler/473169,https://img.a.transfermarkt.technology/portrait/big/473169-1718013901.jpg,apify-transfermarkt-global-player-scraper
743384,Chemsdine Talbi,شمس الدين طالبي,chemsdine talbi,2005-05-09,21,Morocco; Belgium,Right Winger,Striker,right,175,Sunderland AFC,289,GB1,2030-06-30,25000000,25000000,25000000,2026-06-03,Morocco,9,0,20000000,https://www.transfermarkt.com/chemsdine-talbi/profil/spieler/743384,https://img.a.transfermarkt.technology/portrait/big/743384-1764837422.jpg,apify-transfermarkt-global-player-scraper
947411,Chris Rigg,Christopher John Rigg,chris rigg,2007-06-18,19,England,Attacking Midfield,Midfielder,left,177,Sunderland AFC,289,GB1,2030-06-30,25000000,25000000,25000000,2026-06-03,England U19,15,4,0,https://www.transfermarkt.com/chris-rigg/profil/spieler/947411,https://img.a.transfermarkt.technology/portrait/big/947411-1707494096.png,apify-transfermarkt-global-player-scraper
503686,Dan Ballard,Daniel George Ballard,dan ballard,1999-09-22,26,Northern Ireland; England,Centre-Back,Defender,right,187,Sunderland AFC,289,GB1,2029-06-30,20000000,20000000,20000000,2026-06-03,,0,0,2300000,https://www.transfermarkt.com/dan-ballard/profil/spieler/503686,https://img.a.transfermarkt.technology/portrait/big/503686-1748347870.jpg,apify-transfermarkt-global-player-scraper
633992,Enzo Le Fée,Enzo Le Fée,enzo le fee,2000-02-03,26,France,Central Midfield,Midfielder,right,173,Sunderland AFC,289,GB1,2029-06-30,28000000,25000000,28000000,2026-06-03,,0,0,66750000,https://www.transfermarkt.com/enzo-le-fee/profil/spieler/633992,https://img.a.transfermarkt.technology/portrait/big/633992-1764837815.jpg,apify-transfermarkt-global-player-scraper
111455,Granit Xhaka,Granit Xhaka,granit xhaka,1992-09-27,33,Switzerland,Defensive Midfield,Midfielder,left,183,Sunderland AFC,289,GB1,2028-06-30,8000000,10000000,50000000,2026-06-03,Switzerland,150,18,83500000,https://www.transfermarkt.com/granit-xhaka/profil/spieler/111455,https://img.a.transfermarkt.technology/portrait/big/111455-1689711080.jpg,apify-transfermarkt-global-player-scraper
876631,Habib Diarra,Mouhamadou Habib Diarra,habib diarra,2004-01-03,22,Senegal; France,Central Midfield,Midfielder,right,178,Sunderland AFC,289,GB1,2030-06-30,35000000,32000000,35000000,2026-06-03,Senegal,24,6,31500000,https://www.transfermarkt.com/habib-diarra/profil/spieler/876631,https://img.a.transfermarkt.technology/portrait/big/876631-1765811931.jpg,apify-transfermarkt-global-player-scraper
617755,Jenson Seelt,Jenson Seelt,jenson seelt,2003-05-23,23,Netherlands,Centre-Back,Defender,right,195,Sunderland AFC,289,GB1,2028-06-30,5000000,5000000,5000000,2026-05-27,,0,0,2000000,https://www.transfermarkt.com/jenson-seelt/profil/spieler/617755,https://img.a.transfermarkt.technology/portrait/big/617755-1756751142.jpg,apify-transfermarkt-global-player-scraper
1322090,Jocelin Ta Bi,Djiamgone Jocelin Ta Bi,jocelin ta bi,2005-02-09,21,Cote d'Ivoire,Right Winger,Striker,left,175,Sunderland AFC,289,GB1,2030-06-30,2500000,3000000,3000000,2026-06-03,Ivory Coast U23,3,2,4000000,https://www.transfermarkt.com/jocelin-ta-bi/profil/spieler/1322090,https://img.a.transfermarkt.technology/portrait/big/1322090-1768311614.jpg,apify-transfermarkt-global-player-scraper
661208,Leo Hjelde,Leo Fuhr Hjelde,leo hjelde,2003-08-26,22,Norway; England,Centre-Back,Defender,left,190,Sunderland AFC,289,GB1,2028-06-30,1500000,2000000,2000000,2026-05-28,,0,0,1750000,https://www.transfermarkt.com/leo-hjelde/profil/spieler/661208,https://img.a.transfermarkt.technology/portrait/big/661208-1648481718.jpg,apify-transfermarkt-global-player-scraper
840687,Luís Semedo,Luís Hemir Silva Semedo,luis semedo,2003-08-11,22,Portugal; Cape Verde,Centre-Forward,Striker,right,192,Sunderland AFC,289,GB1,2028-06-30,600000,400000,600000,2026-05-28,,0,0,500000,https://www.transfermarkt.com/luis-semedo/profil/spieler/840687,https://img.a.transfermarkt.technology/portrait/big/840687-1724772174.jpg,apify-transfermarkt-global-player-scraper
282939,Luke O'Nien,Luke Terry O'Nien,luke onien,1994-11-21,31,England,Centre-Back,Defender,right,174,Sunderland AFC,289,GB1,2027-06-30,700000,1000000,1800000,2026-06-03,,0,0,0,https://www.transfermarkt.com/luke-o-nien/profil/spieler/282939,https://img.a.transfermarkt.technology/portrait/big/282939-1724770104.jpg,apify-transfermarkt-global-player-scraper
605426,Melker Ellborg,Melker Åke Ellborg,melker ellborg,2003-05-22,23,Sweden,Goalkeeper,Goalkeeper,right,191,Sunderland AFC,289,GB1,2030-06-30,3000000,3000000,3000000,2026-06-03,,0,0,3450000,https://www.transfermarkt.com/melker-ellborg/profil/spieler/605426,https://img.a.transfermarkt.technology/portrait/big/605426-1740563649.jpg,apify-transfermarkt-global-player-scraper
903611,Nilson Angulo,Nilson David Angulo Ramírez,nilson angulo,2003-06-19,23,Ecuador,Left Winger,Striker,right,184,Sunderland AFC,289,GB1,2030-06-30,17000000,17000000,17000000,2026-06-03,Ecuador,18,3,19240000,https://www.transfermarkt.com/nilson-angulo/profil/spieler/903611,https://img.a.transfermarkt.technology/portrait/big/903611-1749390009.jpg,apify-transfermarkt-global-player-scraper
727089,Noah Sadiki,Noah Junior Sadiki,noah sadiki,2004-12-17,21,DR Congo; Belgium,Central Midfield,Midfielder,right,165,Sunderland AFC,289,GB1,2030-06-30,35000000,30000000,35000000,2026-06-03,Democratic Republic of the Congo,24,0,17900000,https://www.transfermarkt.com/noah-sadiki/profil/spieler/727089,https://img.a.transfermarkt.technology/portrait/big/727089-1767005980.jpg,apify-transfermarkt-global-player-scraper
348026,Nordi Mukiele,Nordi Mukiele Mulere,nordi mukiele,1997-11-01,28,France; DR Congo,Right-Back,Defender,right,187,Sunderland AFC,289,GB1,2029-06-30,16000000,18000000,25000000,2026-06-03,,0,0,41500000,https://www.transfermarkt.com/nordi-mukiele/profil/spieler/348026,https://img.a.transfermarkt.technology/portrait/big/348026-1727378130.jpg,apify-transfermarkt-global-player-scraper
353032,Omar Alderete,Omar Federico Alderete Fernández,omar alderete,1996-12-26,29,Paraguay,Centre-Back,Defender,left,190,Sunderland AFC,289,GB1,2029-06-30,13000000,15000000,15000000,2026-06-03,Paraguay,40,3,22675000,https://www.transfermarkt.com/omar-alderete/profil/spieler/353032,https://img.a.transfermarkt.technology/portrait/big/353032-1669365021.jpg,apify-transfermarkt-global-player-scraper
240692,Reinildo Mandava,Reinildo Isnard Mandava,reinildo mandava,1994-01-21,32,Mozambique,Left-Back,Defender,left,180,Sunderland AFC,289,GB1,2027-06-30,4000000,5000000,25000000,2026-06-03,,0,0,6000000,https://www.transfermarkt.com/reinildo-mandava/profil/spieler/240692,https://img.a.transfermarkt.technology/portrait/big/240692-1666818500.jpg,apify-transfermarkt-global-player-scraper
646991,Robin Roefs,Robin Roefs,robin roefs,2003-01-17,23,Netherlands,Goalkeeper,Goalkeeper,left,193,Sunderland AFC,289,GB1,2030-06-30,28000000,25000000,28000000,2026-06-03,Netherlands,1,0,10500000,https://www.transfermarkt.com/robin-roefs/profil/spieler/646991,https://img.a.transfermarkt.technology/portrait/big/646991-1723035894.jpg,apify-transfermarkt-global-player-scraper
696181,Romaine Mundle,Romaine Lee Mundle,romaine mundle,2003-04-24,23,England; Jamaica,Left Winger,Striker,right,172,Sunderland AFC,289,GB1,2028-06-30,7000000,8000000,8000000,2026-06-03,,0,0,1800000,https://www.transfermarkt.com/romaine-mundle/profil/spieler/696181,https://img.a.transfermarkt.technology/portrait/big/696181-1748348552.jpg,apify-transfermarkt-global-player-scraper
658536,Simon Adingra,Simon Adingra,simon adingra,2002-01-01,24,Cote d'Ivoire,Left Winger,Striker,right,175,Sunderland AFC,289,GB1,2030-06-30,22000000,25000000,30000000,2026-06-01,Ivory Coast,30,5,33400000,https://www.transfermarkt.com/simon-adingra/profil/spieler/658536,https://img.a.transfermarkt.technology/portrait/big/658536-1746437487.jpg,apify-transfermarkt-global-player-scraper
123536,Simon Moore,Simon William Moore,simon moore,1990-05-19,36,England,Goalkeeper,Goalkeeper,right,191,Sunderland AFC,289,GB1,2027-06-30,75000,100000,500000,2026-06-03,,0,0,755000,https://www.transfermarkt.com/simon-moore/profil/spieler/123536,https://img.a.transfermarkt.technology/portrait/big/123536-1663853542.jpg,apify-transfermarkt-global-player-scraper
538998,Timothée Pembélé,Timothée Joseph Pembélé,timothee pembele,2002-09-09,23,France; DR Congo,Right-Back,Defender,right,183,Sunderland AFC,289,GB1,2028-06-30,1800000,2000000,7000000,2026-06-01,,0,0,1000000,https://www.transfermarkt.com/timothee-pembele/profil/spieler/538998,https://img.a.transfermarkt.technology/portrait/big/538998-1754900983.jpg,apify-transfermarkt-global-player-scraper
515544,Trai Hume,Trai Hume,trai hume,2002-03-18,24,Northern Ireland,Right-Back,Defender,right,180,Sunderland AFC,289,GB1,2030-06-30,22000000,22000000,22000000,2026-06-03,Northern Ireland,31,1,240000,https://www.transfermarkt.com/trai-hume/profil/spieler/515544,https://img.a.transfermarkt.technology/portrait/big/515544-1748348258.jpg,apify-transfermarkt-global-player-scraper
494237,Wilson Isidor,Wilson Isidor,wilson isidor,2000-08-27,25,Haiti; France,Centre-Forward,Striker,right,184,Sunderland AFC,289,GB1,2028-06-30,18000000,18000000,18000000,2026-06-03,Haiti,7,3,15600000,https://www.transfermarkt.com/wilson-isidor/profil/spieler/494237,https://img.a.transfermarkt.technology/portrait/big/494237-1739871086.jpg,apify-transfermarkt-global-player-scraper
493513,Karl Hein,Karl Jakob Hein,karl hein,2002-04-13,24,Estonia,Goalkeeper,Goalkeeper,right,193,SV Werder Bremen,86,L1,,3000000,3000000,3000000,2026-05-27,Estonia,47,0,3000000,https://www.transfermarkt.com/karl-hein/profil/spieler/493513,https://img.a.transfermarkt.technology/portrait/big/493513-1758702558.jpg,apify-transfermarkt-global-player-scraper
724108,Aaron Ciammaglichella,Aaron Ciammaglichella,aaron ciammaglichella,2005-01-26,21,Italy; Ethiopia,Central Midfield,Midfielder,right,180,Torino FC,416,IT1,2027-06-30,500000,700000,1000000,2026-06-04,Italy U21,1,0,0,https://www.transfermarkt.com/aaron-ciammaglichella/profil/spieler/724108,https://img.a.transfermarkt.technology/portrait/big/724108-1704901754.jpg,apify-transfermarkt-global-player-scraper
163048,Alberto Paleari,Alberto Andrea Paleari,alberto paleari,1992-08-29,33,Italy,Goalkeeper,Goalkeeper,right,193,Torino FC,416,IT1,2027-06-30,1200000,1000000,1200000,2026-05-29,,0,0,3450000,https://www.transfermarkt.com/alberto-paleari/profil/spieler/163048,https://img.a.transfermarkt.technology/portrait/big/163048-1753444583.jpg,apify-transfermarkt-global-player-scraper
704825,Alessandro Dellavalle,Alessandro Dellavalle,alessandro dellavalle,2004-05-11,22,Italy,Centre-Back,Defender,right,189,Torino FC,416,IT1,2028-06-30,2500000,2700000,3000000,2026-06-04,,0,0,0,https://www.transfermarkt.com/alessandro-dellavalle/profil/spieler/704825,https://img.a.transfermarkt.technology/portrait/big/704825-1758099771.png,apify-transfermarkt-global-player-scraper
1188619,Alessio Cacciamani,Alessio Cacciamani,alessio cacciamani,2007-06-29,19,Italy,Left Winger,Striker,right,175,Torino FC,416,IT1,2029-06-30,4500000,2500000,4500000,2026-06-04,Italy,0,0,0,https://www.transfermarkt.com/alessio-cacciamani/profil/spieler/1188619,https://img.a.transfermarkt.technology/portrait/big/1188619-1745479120.jpg,apify-transfermarkt-global-player-scraper
1004344,Ali Dembélé,Ali Bina Dembélé,ali dembele,2004-01-05,22,France; Mali,Right-Back,Defender,right,189,Torino FC,416,IT1,2028-06-30,1300000,800000,1300000,2026-06-04,,0,0,0,https://www.transfermarkt.com/ali-dembele/profil/spieler/1004344,https://img.a.transfermarkt.technology/portrait/big/1004344-1730184789.jpg,apify-transfermarkt-global-player-scraper
934527,Alieu Njie,Alieu Eybi Badara Njie,alieu njie,2005-05-14,21,Sweden; The Gambia,Left Winger,Striker,right,185,Torino FC,416,IT1,2029-06-30,3000000,2500000,3000000,2026-05-29,,0,0,0,https://www.transfermarkt.com/alieu-njie/profil/spieler/934527,https://img.a.transfermarkt.technology/portrait/big/934527-1739284093.jpg,apify-transfermarkt-global-player-scraper
435228,Ardian Ismajli,Ardian Ismajli,ardian ismajli,1996-09-30,29,Albania; Kosovo,Centre-Back,Defender,right,187,Torino FC,416,IT1,2027-06-30,5000000,5000000,6000000,2026-05-29,,0,0,4200000,https://www.transfermarkt.com/ardian-ismajli/profil/spieler/435228,https://img.a.transfermarkt.technology/portrait/big/435228-1663677962.jpg,apify-transfermarkt-global-player-scraper
622380,Cesare Casadei,Cesare Casadei,cesare casadei,2003-01-10,23,Italy,Central Midfield,Midfielder,right,192,Torino FC,416,IT1,2029-06-30,15000000,14000000,15000000,2026-05-29,,0,0,27860000,https://www.transfermarkt.com/cesare-casadei/profil/spieler/622380,https://img.a.transfermarkt.technology/portrait/big/622380-1692967622.jpg,apify-transfermarkt-global-player-scraper
346779,Ché Adams,Ché Zach Everton Fred Adams,che adams,1996-07-13,29,Scotland; England,Centre-Forward,Striker,right,175,Torino FC,416,IT1,2027-06-30,5000000,8500000,22000000,2026-05-29,Scotland,50,13,18900000,https://www.transfermarkt.com/che-adams/profil/spieler/346779,https://img.a.transfermarkt.technology/portrait/big/346779-1716381473.jpg,apify-transfermarkt-global-player-scraper
1059298,Côme Bianay Balcot,Côme Bianay Balcot,come bianay balcot,2005-05-13,21,France; Guadeloupe,Right-Back,Defender,right,188,Torino FC,416,IT1,2027-06-30,200000,175000,200000,2026-06-04,,0,0,0,https://www.transfermarkt.com/co-me-bianay-balcot/profil/spieler/1059298,https://img.a.transfermarkt.technology/portrait/big/1059298-1726135841.jpg,apify-transfermarkt-global-player-scraper
124555,Cristiano Biraghi,Cristiano Biraghi,cristiano biraghi,1992-09-01,33,Italy,Left-Back,Defender,left,185,Torino FC,416,IT1,2027-06-30,900000,1400000,12000000,2026-05-29,,0,0,9860000,https://www.transfermarkt.com/cristiano-biraghi/profil/spieler/124555,https://img.a.transfermarkt.technology/portrait/big/124555-1724827712.jpg,apify-transfermarkt-global-player-scraper
73794,Duván Zapata,Duván Esteban Zapata Banguero,duvan zapata,1991-04-01,35,Colombia,Centre-Forward,Striker,right,188,Torino FC,416,IT1,2027-06-30,2500000,3000000,45000000,2026-05-29,,0,0,62160000,https://www.transfermarkt.com/duvan-zapata/profil/spieler/73794,https://img.a.transfermarkt.technology/portrait/big/73794-1730126644.jpg,apify-transfermarkt-global-player-scraper
743091,Emirhan İlkhan,Emirhan İlkhan,emirhan ilkhan,2004-06-01,22,Türkiye,Central Midfield,Midfielder,right,175,Torino FC,416,IT1,2027-06-30,6000000,5000000,6000000,2026-05-29,Türkiye U21,11,2,4900000,https://www.transfermarkt.com/emirhan-ilkhan/profil/spieler/743091,https://img.a.transfermarkt.technology/portrait/big/743091-1757662852.jpg,apify-transfermarkt-global-player-scraper
492319,Franco Israel,Franco Israel Wibmer,franco israel,2000-04-22,26,Uruguay; Italy,Goalkeeper,Goalkeeper,right,190,Torino FC,416,IT1,2028-06-30,2500000,3000000,7000000,2026-05-29,,0,0,9200000,https://www.transfermarkt.com/franco-israel/profil/spieler/492319,https://img.a.transfermarkt.technology/portrait/big/492319-1753680657.jpg,apify-transfermarkt-global-player-scraper
282388,Giovanni Simeone,Giovanni Pablo Simeone Baldini,giovanni simeone,1995-07-05,31,Argentina; Spain,Centre-Forward,Striker,right,180,Torino FC,416,IT1,2028-06-30,7000000,5000000,25000000,2026-05-29,,0,0,73720000,https://www.transfermarkt.com/giovanni-simeone/profil/spieler/282388,https://img.a.transfermarkt.technology/portrait/big/282388-1690294694.jpg,apify-transfermarkt-global-player-scraper
798929,Gvidas Gineitis,Gvidas Gineitis,gvidas gineitis,2004-04-15,22,Lithuania,Central Midfield,Midfielder,left,191,Torino FC,416,IT1,2029-06-30,5500000,5500000,6000000,2026-05-29,Lithuania,32,5,0,https://www.transfermarkt.com/gvidas-gineitis/profil/spieler/798929,https://img.a.transfermarkt.technology/portrait/big/798929-1730125690.jpg,apify-transfermarkt-global-player-scraper
470794,Ivan Ilić,Иван Илић,ivan ilic,2001-03-17,25,Serbia,Central Midfield,Midfielder,left,186,Torino FC,416,IT1,2027-06-30,7000000,10000000,19000000,2026-05-29,,0,0,26500000,https://www.transfermarkt.com/ivan-ilic/profil/spieler/470794,https://img.a.transfermarkt.technology/portrait/big/470794-1716239802.jpg,apify-transfermarkt-global-player-scraper
942103,Lapo Siviero,Lapo Siviero,lapo siviero,2006-11-23,19,Italy,Goalkeeper,Goalkeeper,right,195,Torino FC,416,IT1,2029-06-30,500000,300000,500000,2026-05-29,Italy U21,0,0,0,https://www.transfermarkt.com/lapo-siviero/profil/spieler/942103,https://img.a.transfermarkt.technology/portrait/big/942103-1779090329.png,apify-transfermarkt-global-player-scraper
879868,Marco Dalla Vecchia,Marco Dalla Vecchia,marco dalla vecchia,2005-02-13,21,Italy,Central Midfield,Midfielder,right,175,Torino FC,416,IT1,2027-06-30,500000,500000,500000,2026-06-04,,0,0,0,https://www.transfermarkt.com/marco-dalla-vecchia/profil/spieler/879868,https://img.a.transfermarkt.technology/portrait/big/879868-1725265936.jpg,apify-transfermarkt-global-player-scraper
583404,Marcus Pedersen,Marcus Holmgren Pedersen,marcus pedersen,2000-07-16,25,Norway,Right-Back,Defender,right,184,Torino FC,416,IT1,2027-06-30,3500000,3500000,7000000,2026-05-29,Norway,35,1,7840000,https://www.transfermarkt.com/marcus-pedersen/profil/spieler/583404,https://img.a.transfermarkt.technology/portrait/big/583404-1695028079.jpg,apify-transfermarkt-global-player-scraper
293200,Nikola Vlašić,Nikola Vlašić,nikola vlasic,1997-10-04,28,Croatia,Attacking Midfield,Midfielder,right,179,Torino FC,416,IT1,2027-06-30,10000000,9000000,30000000,2026-05-29,Croatia,66,11,74400000,https://www.transfermarkt.com/nikola-vlasic/profil/spieler/293200,https://img.a.transfermarkt.technology/portrait/big/293200-1695028630.jpg,apify-transfermarkt-global-player-scraper
364133,Pietro Pellegri,Pietro Pellegri,pietro pellegri,2001-03-17,25,Italy,Centre-Forward,Striker,right,189,Torino FC,416,IT1,2027-06-30,500000,1000000,8000000,2026-06-04,,0,0,25593000,https://www.transfermarkt.com/pietro-pellegri/profil/spieler/364133,https://img.a.transfermarkt.technology/portrait/big/364133-1663596740.jpg,apify-transfermarkt-global-player-scraper
357778,Sandro Kulenović,Sandro Kulenović,sandro kulenovic,1999-12-04,26,Croatia,Centre-Forward,Striker,right,191,Torino FC,416,IT1,2029-06-30,3500000,4000000,4000000,2026-05-29,,0,0,5170000,https://www.transfermarkt.com/sandro-kulenovic/profil/spieler/357778,https://img.a.transfermarkt.technology/portrait/big/357778-1770273801.jpg,apify-transfermarkt-global-player-scraper
588426,Saúl Coco,Saúl Basilio Coco-Bassey Oubiña,saul coco,1999-02-09,27,Equatorial Guinea; Spain,Centre-Back,Defender,right,187,Torino FC,416,IT1,2029-06-30,7500000,9000000,14000000,2026-05-29,,0,0,8230000,https://www.transfermarkt.com/saul-coco/profil/spieler/588426,https://img.a.transfermarkt.technology/portrait/big/588426-1725531089.jpg,apify-transfermarkt-global-player-scraper
980632,Sergiu Perciun,Sergiu Perciun,sergiu perciun,2006-04-23,20,Moldova; Romania,Attacking Midfield,Midfielder,right,185,Torino FC,416,IT1,2029-06-30,1500000,1500000,1500000,2026-05-29,Moldova,11,0,0,https://www.transfermarkt.com/sergiu-perciun/profil/spieler/980632,https://img.a.transfermarkt.technology/portrait/big/980632-1734332485.jpg,apify-transfermarkt-global-player-scraper
433181,Tino Anjorin,Faustino Adebola Rasheed Anjorin,tino anjorin,2001-11-23,24,England; Nigeria,Central Midfield,Midfielder,right,186,Torino FC,416,IT1,2028-06-30,4000000,4000000,6000000,2026-05-29,,0,0,4500000,https://www.transfermarkt.com/tino-anjorin/profil/spieler/433181,https://img.a.transfermarkt.technology/portrait/big/433181-1751866018.jpg,apify-transfermarkt-global-player-scraper
393238,Zakaria Aboukhlal,زكرياء أبو خلال,zakaria aboukhlal,2000-02-18,26,Morocco; Netherlands,Right Winger,Striker,both,179,Torino FC,416,IT1,2029-06-30,6000000,7500000,12000000,2026-05-29,,0,0,11500000,https://www.transfermarkt.com/zakaria-aboukhlal/profil/spieler/393238,https://img.a.transfermarkt.technology/portrait/big/393238-1753798031.jpg,apify-transfermarkt-global-player-scraper
728734,Alfie Devine,Alfie Sean Devine,alfie devine,2004-08-01,21,England,Attacking Midfield,Midfielder,right,182,Tottenham Hotspur,148,GB1,2027-06-30,8000000,6000000,8000000,2026-05-28,,0,0,0,https://www.transfermarkt.com/alfie-devine/profil/spieler/728734,https://img.a.transfermarkt.technology/portrait/big/728734-1755501312.jpg,apify-transfermarkt-global-player-scraper
234803,Andrew Robertson,Andrew Henry Robertson,andrew robertson,1994-03-11,32,Scotland,Left-Back,Defender,left,178,Tottenham Hotspur,148,GB1,2030-06-30,7000000,10000000,80000000,2026-06-03,Scotland,97,4,12600000,https://www.transfermarkt.com/andrew-robertson/profil/spieler/234803,https://img.a.transfermarkt.technology/portrait/big/234803-1709147379.jpg,apify-transfermarkt-global-player-scraper
725912,Antonín Kinský,Antonín Kinský,antonin kinsky,2003-03-13,23,Czech Republic,Goalkeeper,Goalkeeper,right,190,Tottenham Hotspur,148,GB1,2031-06-30,15000000,13000000,15000000,2026-06-03,,0,0,16660000,https://www.transfermarkt.com/antonin-kinsky/profil/spieler/725912,https://img.a.transfermarkt.technology/portrait/big/725912-1766160431.jpg,apify-transfermarkt-global-player-scraper
922693,Archie Gray,Archie James Francis Gray,archie gray,2006-03-12,20,England; Scotland,Central Midfield,Midfielder,right,187,Tottenham Hotspur,148,GB1,2030-06-30,35000000,35000000,38000000,2026-06-03,England U21,17,2,41250000,https://www.transfermarkt.com/archie-gray/profil/spieler/922693,https://img.a.transfermarkt.technology/portrait/big/922693-1695108880.jpg,apify-transfermarkt-global-player-scraper
859951,Ashley Phillips,Ashley Phillips,ashley phillips,2005-06-26,21,England; Wales,Centre-Back,Defender,right,196,Tottenham Hotspur,148,GB1,2028-06-30,7000000,4500000,7000000,2026-05-28,England U21,5,0,2300000,https://www.transfermarkt.com/ashley-phillips/profil/spieler/859951,https://img.a.transfermarkt.technology/portrait/big/859951-1666873624.jpg,apify-transfermarkt-global-player-scraper
192765,Ben Davies,Benjamin Thomas Davies,ben davies,1993-04-24,33,Wales,Centre-Back,Defender,left,181,Tottenham Hotspur,148,GB1,2027-06-30,3000000,5000000,25000000,2026-06-03,Wales,100,3,12650000,https://www.transfermarkt.com/ben-davies/profil/spieler/192765,https://img.a.transfermarkt.technology/portrait/big/192765-1668520095.jpg,apify-transfermarkt-global-player-scraper
428016,Brandon Austin,Brandon Anthony Austin,brandon austin,1999-01-08,27,England; United States,Goalkeeper,Goalkeeper,right,188,Tottenham Hotspur,148,GB1,2029-06-30,500000,500000,600000,2026-06-03,,0,0,0,https://www.transfermarkt.com/brandon-austin/profil/spieler/428016,https://img.a.transfermarkt.technology/portrait/big/428016-1737735261.jpg,apify-transfermarkt-global-player-scraper
488362,Conor Gallagher,Conor Gallagher,conor gallagher,2000-02-06,26,England,Central Midfield,Midfielder,right,182,Tottenham Hotspur,148,GB1,2031-06-30,32000000,35000000,50000000,2026-06-03,,0,0,82000000,https://www.transfermarkt.com/conor-gallagher/profil/spieler/488362,https://img.a.transfermarkt.technology/portrait/big/488362-1668500476.jpg,apify-transfermarkt-global-player-scraper
355915,Cristian Romero,Cristian Gabriel Romero,cristian romero,1998-04-27,28,Argentina,Centre-Back,Defender,right,185,Tottenham Hotspur,148,GB1,2029-06-30,45000000,50000000,65000000,2026-06-03,Argentina,54,3,108860000,https://www.transfermarkt.com/cristian-romero/profil/spieler/355915,https://img.a.transfermarkt.technology/portrait/big/355915-1665609429.jpg,apify-transfermarkt-global-player-scraper
670883,Dane Scarlett,Dane Pharrell Scarlett,dane scarlett,2004-03-24,22,England; Jamaica,Centre-Forward,Striker,right,180,Tottenham Hotspur,148,GB1,2027-06-30,1500000,2000000,2000000,2026-05-20,,0,0,0,https://www.transfermarkt.com/dane-scarlett/profil/spieler/670883,https://img.a.transfermarkt.technology/portrait/big/670883-1782247171.jpg,apify-transfermarkt-global-player-scraper
431755,Dejan Kulusevski,Дејан Кулушевски,dejan kulusevski,2000-04-25,26,Sweden; North Macedonia,Attacking Midfield,Midfielder,left,186,Tottenham Hotspur,148,GB1,2028-06-30,17000000,35000000,60000000,2026-06-03,,0,0,83500000,https://www.transfermarkt.com/dejan-kulusevski/profil/spieler/431755,https://img.a.transfermarkt.technology/portrait/big/431755-1684943454.jpg,apify-transfermarkt-global-player-scraper
556385,Destiny Udogie,Iyenoma Destiny Udogie,destiny udogie,2002-11-28,23,Italy; Nigeria,Left-Back,Defender,left,188,Tottenham Hotspur,148,GB1,2030-06-30,30000000,35000000,45000000,2026-06-03,,0,0,23200000,https://www.transfermarkt.com/destiny-udogie/profil/spieler/556385,https://img.a.transfermarkt.technology/portrait/big/556385-1697208468.jpg,apify-transfermarkt-global-player-scraper
483348,Djed Spence,Diop Tehuti Djed-Hotep Spence,djed spence,2000-08-09,25,England; Jamaica,Left-Back,Defender,right,184,Tottenham Hotspur,148,GB1,2029-06-30,30000000,30000000,32000000,2026-06-03,England,10,0,15800000,https://www.transfermarkt.com/djed-spence/profil/spieler/483348,https://img.a.transfermarkt.technology/portrait/big/483348-1746645656.jpg,apify-transfermarkt-global-player-scraper
258889,Dominic Solanke,Dominic Ayodele Solanke-Mitchell,dominic solanke,1997-09-14,28,England; Nigeria,Centre-Forward,Striker,right,186,Tottenham Hotspur,148,GB1,2030-06-30,28000000,35000000,45000000,2026-06-03,,0,0,85500000,https://www.transfermarkt.com/dominic-solanke/profil/spieler/258889,https://img.a.transfermarkt.technology/portrait/big/258889-1708340487.jpg,apify-transfermarkt-global-player-scraper
286047,Guglielmo Vicario,Guglielmo Vicario,guglielmo vicario,1996-10-07,29,Italy,Goalkeeper,Goalkeeper,right,194,Tottenham Hotspur,148,GB1,2028-06-30,18000000,23000000,35000000,2026-06-03,,0,0,29044500,https://www.transfermarkt.com/guglielmo-vicario/profil/spieler/286047,https://img.a.transfermarkt.technology/portrait/big/286047-1725874745.jpg,apify-transfermarkt-global-player-scraper
294057,James Maddison,James Daniel Maddison,james maddison,1996-11-23,29,England; Ireland,Attacking Midfield,Midfielder,right,175,Tottenham Hotspur,148,GB1,2028-06-30,20000000,25000000,70000000,2026-06-03,,0,0,73950000,https://www.transfermarkt.com/james-maddison/profil/spieler/294057,https://img.a.transfermarkt.technology/portrait/big/294057-1687982662.jpg,apify-transfermarkt-global-player-scraper
576314,Jan Paul van Hecke,Jan Paul van Hecke,jan paul van hecke,2000-06-08,26,Netherlands,Centre-Back,Defender,right,189,Tottenham Hotspur,148,GB1,,45000000,35000000,45000000,2026-06-03,Netherlands,16,1,66500000,https://www.transfermarkt.com/jan-paul-van-hecke/profil/spieler/576314,https://img.a.transfermarkt.technology/portrait/big/576314-1742501220.jpg,apify-transfermarkt-global-player-scraper
1086258,João Victor de Souza Menezes,Souza,joao victor de souza menezes,2006-06-16,20,Brazil,Left-Back,Defender,left,183,Tottenham Hotspur,148,GB1,2031-06-30,12000000,12000000,12000000,2026-06-03,,0,0,15000000,https://www.transfermarkt.com/souza/profil/spieler/1086258,https://img.a.transfermarkt.technology/portrait/big/1086258-1769207185.jpg,apify-transfermarkt-global-player-scraper
263236,Kevin Danso,Kevin Danso,kevin danso,1998-09-19,27,Austria,Centre-Back,Defender,right,190,Tottenham Hotspur,148,GB1,2030-06-30,20000000,20000000,25000000,2026-06-03,Austria,36,0,37500000,https://www.transfermarkt.com/kevin-danso/profil/spieler/263236,https://img.a.transfermarkt.technology/portrait/big/263236-1691217955.png,apify-transfermarkt-global-player-scraper
671108,Kota Takai,高井 幸大,kota takai,2004-09-04,21,Japan,Centre-Back,Defender,right,192,Tottenham Hotspur,148,GB1,2030-06-30,5000000,5000000,5000000,2026-05-27,,0,0,6000000,https://www.transfermarkt.com/kota-takai/profil/spieler/671108,https://img.a.transfermarkt.technology/portrait/big/671108-1745788815.jpg,apify-transfermarkt-global-player-scraper
866246,Lucas Bergvall,Lucas Erik Holger Bergvall,lucas bergvall,2006-02-02,20,Sweden,Central Midfield,Midfielder,right,187,Tottenham Hotspur,148,GB1,2031-06-30,35000000,40000000,40000000,2026-06-03,Sweden,14,0,20900000,https://www.transfermarkt.com/lucas-bergvall/profil/spieler/866246,https://img.a.transfermarkt.technology/portrait/big/866246-1701861399.jpg,apify-transfermarkt-global-player-scraper
892160,Luka Vuskovic,Luka Vušković,luka vuskovic,2007-02-24,19,Croatia,Centre-Back,Defender,right,193,Tottenham Hotspur,148,GB1,2030-06-30,60000000,60000000,60000000,2026-05-27,Croatia,6,1,12000000,https://www.transfermarkt.com/luka-vuskovic/profil/spieler/892160,https://img.a.transfermarkt.technology/portrait/big/892160-1758187820.jpg,apify-transfermarkt-global-player-scraper
396638,Manor Solomon,מנור סולומון,manor solomon,1999-07-24,26,Israel; Portugal,Left Winger,Striker,right,170,Tottenham Hotspur,148,GB1,2028-06-30,8000000,9000000,20000000,2026-05-29,Israel,49,8,6500000,https://www.transfermarkt.com/manor-solomon/profil/spieler/396638,https://img.a.transfermarkt.technology/portrait/big/396638-1684793985.jpg,apify-transfermarkt-global-player-scraper
469781,Marcos Senesi,Marcos Nicolás Senesi Barón,marcos senesi,1997-05-10,29,Argentina; Italy,Centre-Back,Defender,left,184,Tottenham Hotspur,148,GB1,2030-06-30,25000000,22000000,25000000,2026-06-03,Argentina,4,0,22000000,https://www.transfermarkt.com/marcos-senesi/profil/spieler/469781,https://img.a.transfermarkt.technology/portrait/big/469781-1738824319.jpg,apify-transfermarkt-global-player-scraper
74960,Martin Dúbravka,Martin Dúbravka,martin dubravka,1989-01-15,37,Slovakia,Goalkeeper,Goalkeeper,right,191,Tottenham Hotspur,148,GB1,2027-06-30,500000,750000,7500000,2026-06-03,,0,0,8400000,https://www.transfermarkt.com/martin-dubravka/profil/spieler/74960,https://img.a.transfermarkt.technology/portrait/big/74960-1700237195.jpg,apify-transfermarkt-global-player-scraper
880245,Mateus Fernandes,Mateus Gonçalo Espanha Fernandes,mateus fernandes,2004-07-10,21,Portugal,Central Midfield,Midfielder,right,180,Tottenham Hotspur,148,GB1,2031-06-30,50000000,35000000,50000000,2026-06-03,,0,0,166250000,https://www.transfermarkt.com/mateus-fernandes/profil/spieler/880245,https://img.a.transfermarkt.technology/portrait/big/880245-1727786403.jpg,apify-transfermarkt-global-player-scraper
801734,Mathys Tel,Mathys Henri Tel,mathys tel,2005-04-27,21,France; Guadeloupe,Centre-Forward,Striker,right,183,Tottenham Hotspur,148,GB1,2031-06-30,22000000,25000000,50000000,2026-06-03,,0,0,65000000,https://www.transfermarkt.com/mathys-tel/profil/spieler/801734,https://img.a.transfermarkt.technology/portrait/big/801734-1700040486.jpg,apify-transfermarkt-global-player-scraper
557459,Micky van de Ven,Micky van de Ven,micky van de ven,2001-04-19,25,Netherlands,Centre-Back,Defender,left,193,Tottenham Hotspur,148,GB1,2029-06-30,50000000,65000000,65000000,2026-06-03,Netherlands,24,1,48500000,https://www.transfermarkt.com/micky-van-de-ven/profil/spieler/557459,https://img.a.transfermarkt.technology/portrait/big/557459-1744313600.jpg,apify-transfermarkt-global-player-scraper
1011147,Mikey Moore,Mikey Steven Danny Moore,mikey moore,2007-08-11,18,England; Wales,Left Winger,Striker,right,180,Tottenham Hotspur,148,GB1,2030-06-30,18000000,16000000,18000000,2026-05-20,,0,0,0,https://www.transfermarkt.com/mikey-moore/profil/spieler/1011147,https://img.a.transfermarkt.technology/portrait/big/1011147-1716493553.jpg,apify-transfermarkt-global-player-scraper
1004327,Min-hyeok Yang,양민혁,min hyeok yang,2006-04-16,20,"Korea, South",Right Winger,Striker,right,176,Tottenham Hotspur,148,GB1,2030-06-30,3000000,3000000,3500000,2026-05-28,South Korea U23,1,0,4000000,https://www.transfermarkt.com/min-hyeok-yang/profil/spieler/1004327,https://img.a.transfermarkt.technology/portrait/big/1004327-1731558430.jpg,apify-transfermarkt-global-player-scraper
543499,Mohammed Kudus,Kudus Mohammed,mohammed kudus,2000-08-02,25,Ghana,Right Winger,Striker,left,177,Tottenham Hotspur,148,GB1,2031-06-30,50000000,55000000,55000000,2026-06-03,,0,0,115800000,https://www.transfermarkt.com/mohammed-kudus/profil/spieler/543499,https://img.a.transfermarkt.technology/portrait/big/543499-1668429218.jpg,apify-transfermarkt-global-player-scraper
568693,Pape Matar Sarr,Pape Matar Sarr,pape matar sarr,2002-09-14,23,Senegal,Central Midfield,Midfielder,right,185,Tottenham Hotspur,148,GB1,2030-06-30,30000000,32000000,45000000,2026-06-03,Senegal,42,4,16900000,https://www.transfermarkt.com/pape-matar-sarr/profil/spieler/568693,https://img.a.transfermarkt.technology/portrait/big/568693-1668163083.jpg,apify-transfermarkt-global-player-scraper
553875,Pedro Porro,Pedro Antonio Porro Sauceda,pedro porro,1999-09-13,26,Spain,Right-Back,Defender,right,173,Tottenham Hotspur,148,GB1,2031-06-30,35000000,40000000,45000000,2026-06-03,Spain,20,1,65868000,https://www.transfermarkt.com/pedro-porro/profil/spieler/553875,https://img.a.transfermarkt.technology/portrait/big/553875-1730812390.jpg,apify-transfermarkt-global-player-scraper
568559,Radu Drăgușin,Radu Matei Drăgușin,radu dragusin,2002-02-03,24,Romania,Centre-Back,Defender,right,191,Tottenham Hotspur,148,GB1,2030-06-30,16000000,20000000,25000000,2026-06-03,,0,0,37960000,https://www.transfermarkt.com/radu-dragusin/profil/spieler/568559,https://img.a.transfermarkt.technology/portrait/big/568559-1704716630.jpg,apify-transfermarkt-global-player-scraper
378710,Richarlison de Andrade,Richarlison,richarlison de andrade,1997-05-10,29,Brazil,Centre-Forward,Striker,right,184,Tottenham Hotspur,148,GB1,2027-06-30,25000000,28000000,65000000,2026-06-03,,0,0,111976652,https://www.transfermarkt.com/richarlison/profil/spieler/378710,https://img.a.transfermarkt.technology/portrait/big/378710-1665608231.jpg,apify-transfermarkt-global-player-scraper
354362,Rodrigo Bentancur,Rodrigo Bentancur Colmán,rodrigo bentancur,1997-06-25,29,Uruguay,Defensive Midfield,Midfielder,right,187,Tottenham Hotspur,148,GB1,2029-06-30,20000000,22000000,50000000,2026-06-03,Uruguay,76,3,42500000,https://www.transfermarkt.com/rodrigo-bentancur/profil/spieler/354362,https://img.a.transfermarkt.technology/portrait/big/354362-1740605779.jpg,apify-transfermarkt-global-player-scraper
743498,Wilson Odobert,Wilson Serge Eric Odobert,wilson odobert,2004-11-28,21,France; Martinique,Left Winger,Striker,right,182,Tottenham Hotspur,148,GB1,2029-06-30,18000000,20000000,22000000,2026-06-03,,0,0,41300000,https://www.transfermarkt.com/wilson-odobert/profil/spieler/743498,https://img.a.transfermarkt.technology/portrait/big/743498-1740605858.jpg,apify-transfermarkt-global-player-scraper
566931,Xavi Simons,Xavier Quentin Shay Simons,xavi simons,2003-04-21,23,Netherlands; Suriname,Attacking Midfield,Midfielder,right,179,Tottenham Hotspur,148,GB1,2030-06-30,40000000,50000000,80000000,2026-06-03,,0,0,119000000,https://www.transfermarkt.com/xavi-simons/profil/spieler/566931,https://img.a.transfermarkt.technology/portrait/big/566931-1729778226.jpg,apify-transfermarkt-global-player-scraper
207877,Ruslan Malinovskyi,Маліновський Руслан Володимирович,ruslan malinovskyi,1993-05-04,33,Ukraine,Central Midfield,Midfielder,left,181,Trabzonspor,449,TR1,2029-06-30,2500000,2500000,30000000,2026-05-29,Ukraine,71,10,36300000,https://www.transfermarkt.com/ruslan-malinovskyi/profil/spieler/207877,https://img.a.transfermarkt.technology/portrait/big/207877-1663583019.jpg,apify-transfermarkt-global-player-scraper
708186,Tjas Begic,Tjaš Begić,tjas begic,2003-06-30,23,Slovenia,Left Winger,Striker,right,175,UC Sampdoria,1038,IT2,2030-06-30,1500000,1200000,1500000,2026-06-04,Slovenia,3,0,3600000,https://www.transfermarkt.com/tjas-begic/profil/spieler/708186,https://img.a.transfermarkt.technology/portrait/big/708186-1757665021.jpg,apify-transfermarkt-global-player-scraper
1210116,Abdoulaye Camara,Abdoulaye Camara,abdoulaye camara,2008-09-28,17,France; Guinea,Defensive Midfield,Midfielder,right,188,Udinese Calcio,410,IT1,2029-06-30,1500000,1500000,1500000,2026-05-29,France U19,3,0,1200000,https://www.transfermarkt.com/abdoulaye-camara/profil/spieler/1210116,https://img.a.transfermarkt.technology/portrait/big/1210116-1767803175.jpg,apify-transfermarkt-global-player-scraper
267160,Adam Buksa,Adam Buksa,adam buksa,1996-07-12,29,Poland,Centre-Forward,Striker,left,191,Udinese Calcio,410,IT1,2029-06-30,3500000,4000000,9000000,2026-05-29,,0,0,19630000,https://www.transfermarkt.com/adam-buksa/profil/spieler/267160,https://img.a.transfermarkt.technology/portrait/big/267160-1725875279.jpg,apify-transfermarkt-global-player-scraper
397225,Alessandro Zanoli,Alessandro Zanoli,alessandro zanoli,2000-10-03,25,Italy,Right-Back,Defender,right,188,Udinese Calcio,410,IT1,2029-06-30,4500000,5000000,6000000,2026-05-29,,0,0,7100000,https://www.transfermarkt.com/alessandro-zanoli/profil/spieler/397225,https://img.a.transfermarkt.technology/portrait/big/397225-1673603620.jpg,apify-transfermarkt-global-player-scraper
855308,Arthur Atta,Arthur Atta,arthur atta,2003-01-14,23,France; Benin,Central Midfield,Midfielder,right,189,Udinese Calcio,410,IT1,2029-06-30,25000000,15000000,25000000,2026-05-29,,0,0,8000000,https://www.transfermarkt.com/arthur-atta/profil/spieler/855308,https://img.a.transfermarkt.technology/portrait/big/855308-1752140643.jpg,apify-transfermarkt-global-player-scraper
1300966,Branimir Mlacic,Branimir Mlačić,branimir mlacic,2007-03-12,19,Croatia,Centre-Back,Defender,right,192,Udinese Calcio,410,IT1,2031-06-30,5000000,4000000,5000000,2026-05-29,Croatia U21,3,1,4500000,https://www.transfermarkt.com/branimir-mlacic/profil/spieler/1300966,https://img.a.transfermarkt.technology/portrait/big/1300966-1767281419.jpg,apify-transfermarkt-global-player-scraper
81512,Christian Kabasele,Christian Kabasele,christian kabasele,1991-02-24,35,Belgium; DR Congo,Centre-Back,Defender,right,187,Udinese Calcio,410,IT1,2027-06-30,750000,800000,9000000,2026-05-29,,0,0,13450000,https://www.transfermarkt.com/christian-kabasele/profil/spieler/81512,https://img.a.transfermarkt.technology/portrait/big/81512-1692277533.jpg,apify-transfermarkt-global-player-scraper
27807,Daniele Padelli,Daniele Padelli,daniele padelli,1985-10-25,40,Italy,Goalkeeper,Goalkeeper,right,191,Udinese Calcio,410,IT1,2027-06-30,150000,150000,2000000,2026-05-29,,0,0,0,https://www.transfermarkt.com/daniele-padelli/profil/spieler/27807,https://img.a.transfermarkt.technology/portrait/big/27807-1630653305.jpg,apify-transfermarkt-global-player-scraper
1009633,David Pejičić,David Pejičić,david pejicic,2007-06-14,19,Slovenia,Attacking Midfield,Midfielder,right,177,Udinese Calcio,410,IT1,2028-06-30,1500000,1000000,1500000,2026-05-26,Slovenia U21,4,1,0,https://www.transfermarkt.com/david-pejicic/profil/spieler/1009633,https://img.a.transfermarkt.technology/portrait/big/1009633-1693205121.jpg,apify-transfermarkt-global-player-scraper
612059,Edoardo Piana,Edoardo Piana,edoardo piana,2003-09-29,22,Italy,Goalkeeper,Goalkeeper,right,198,Udinese Calcio,410,IT1,,225000,225000,225000,2026-06-19,,0,0,0,https://www.transfermarkt.com/edoardo-piana/profil/spieler/612059,https://img.a.transfermarkt.technology/portrait/big/612059-1673248975.jpg,apify-transfermarkt-global-player-scraper
342877,Enzo Ebosse,Enzo Jacques Rodolphe Ebosse,enzo ebosse,1999-03-11,27,Cameroon; France,Centre-Back,Defender,left,185,Udinese Calcio,410,IT1,2027-06-30,2800000,1500000,4500000,2026-05-29,,0,0,4500000,https://www.transfermarkt.com/enzo-ebosse/profil/spieler/342877,https://img.a.transfermarkt.technology/portrait/big/342877-1659337327.jpg,apify-transfermarkt-global-player-scraper
290017,Hassane Kamara,Hassane Kamara,hassane kamara,1994-03-05,32,Cote d'Ivoire; France,Left-Back,Defender,left,170,Udinese Calcio,410,IT1,2027-06-30,3000000,3000000,8000000,2026-05-29,,0,0,27000000,https://www.transfermarkt.com/hassane-kamara/profil/spieler/290017,https://img.a.transfermarkt.technology/portrait/big/290017-1730126484.jpg,apify-transfermarkt-global-player-scraper
1178488,Idrissa Gueye,Idrissa Gueye,idrissa gueye,2006-09-16,19,Senegal,Centre-Forward,Striker,right,185,Udinese Calcio,410,IT1,2030-06-30,8000000,4000000,8000000,2026-05-29,,0,0,10000000,https://www.transfermarkt.com/idrissa-gueye/profil/spieler/1178488,https://img.a.transfermarkt.technology/portrait/big/1178488-1741265032.jpg,apify-transfermarkt-global-player-scraper
741292,Iker Bravo,Iker Bravo Solanilla,iker bravo,2005-01-13,21,Spain,Centre-Forward,Striker,right,183,Udinese Calcio,410,IT1,2028-06-30,3000000,4000000,5000000,2026-06-22,,0,0,900000,https://www.transfermarkt.com/iker-bravo/profil/spieler/741292,https://img.a.transfermarkt.technology/portrait/big/741292-1753444385.jpg,apify-transfermarkt-global-player-scraper
377243,Jakub Piotrowski,Jakub Piotrowski,jakub piotrowski,1997-10-04,28,Poland,Central Midfield,Midfielder,right,188,Udinese Calcio,410,IT1,2029-06-30,4500000,4500000,5000000,2026-05-29,Poland,14,2,6800000,https://www.transfermarkt.com/jakub-piotrowski/profil/spieler/377243,https://img.a.transfermarkt.technology/portrait/big/377243-1753958125.jpg,apify-transfermarkt-global-player-scraper
648032,James Abankwah,James Bright Adusei Abankwah,james abankwah,2004-01-16,22,Ireland; Ghana,Centre-Back,Defender,right,188,Udinese Calcio,410,IT1,2029-06-30,3500000,1500000,3500000,2026-05-28,Republic of Ireland,4,0,400000,https://www.transfermarkt.com/james-abankwah/profil/spieler/648032,https://img.a.transfermarkt.technology/portrait/big/648032-1730125344.jpg,apify-transfermarkt-global-player-scraper
222855,Jesper Karlström,Jesper Karlström,jesper karlstrom,1995-06-21,31,Sweden,Defensive Midfield,Midfielder,right,182,Udinese Calcio,410,IT1,2028-06-30,4000000,4000000,4000000,2026-05-29,Sweden,27,0,2800000,https://www.transfermarkt.com/jesper-karlstroem/profil/spieler/222855,https://img.a.transfermarkt.technology/portrait/big/222855-1730184243.jpg,apify-transfermarkt-global-player-scraper
633530,Jordan Zemura,Jordan Bhekithemba Zemura,jordan zemura,1999-11-14,26,Zimbabwe; England,Left-Back,Defender,left,173,Udinese Calcio,410,IT1,2027-06-30,5000000,5000000,6000000,2026-05-29,Zimbabwe,23,0,0,https://www.transfermarkt.com/jordan-zemura/profil/spieler/633530,https://img.a.transfermarkt.technology/portrait/big/633530-1730184134.jpg,apify-transfermarkt-global-player-scraper
1118347,Juan Arizala,Juan David Arizala Micolta,juan arizala,2005-10-10,20,Colombia,Left Midfield,Midfielder,left,183,Udinese Calcio,410,IT1,2030-06-30,3500000,3000000,3500000,2026-05-29,Colombia U20,22,1,3000000,https://www.transfermarkt.com/juan-arizala/profil/spieler/1118347,https://img.a.transfermarkt.technology/portrait/big/1118347-1777961114.jpg,apify-transfermarkt-global-player-scraper
361068,Jurgen Ekkelenkamp,Jurgen Peter Ekkelenkamp,jurgen ekkelenkamp,2000-04-05,26,Netherlands,Central Midfield,Midfielder,right,188,Udinese Calcio,410,IT1,2029-06-30,10000000,7000000,10000000,2026-05-29,,0,0,13350000,https://www.transfermarkt.com/jurgen-ekkelenkamp/profil/spieler/361068,https://img.a.transfermarkt.technology/portrait/big/361068-1757604896.jpg,apify-transfermarkt-global-player-scraper
412660,Keinan Davis,Keinan Vincent Joseph Davis,keinan davis,1998-02-13,28,England; Jamaica,Centre-Forward,Striker,left,189,Udinese Calcio,410,IT1,2027-06-30,10000000,9000000,10000000,2026-05-29,,0,0,2300000,https://www.transfermarkt.com/keinan-davis/profil/spieler/412660,https://img.a.transfermarkt.technology/portrait/big/412660-1707127382.jpg,apify-transfermarkt-global-player-scraper
924857,Lennon Miller,Lennon Lee Miller,lennon miller,2006-08-25,19,Scotland,Central Midfield,Midfielder,right,182,Udinese Calcio,410,IT1,2030-06-30,10000000,10000000,10000000,2026-05-29,Scotland U21,5,2,5500000,https://www.transfermarkt.com/lennon-miller/profil/spieler/924857,https://img.a.transfermarkt.technology/portrait/big/924857-1701702197.jpg,apify-transfermarkt-global-player-scraper
653415,Leonardo Buta,Leonardo Daniel Ulineia Buta,leonardo buta,2002-06-05,24,Portugal; Angola,Left-Back,Defender,left,182,Udinese Calcio,410,IT1,2027-06-30,1000000,1500000,3000000,2026-05-28,,0,0,2000000,https://www.transfermarkt.com/leonardo-buta/profil/spieler/653415,https://img.a.transfermarkt.technology/portrait/big/653415-1710239705.jpg,apify-transfermarkt-global-player-scraper
668950,Luca Kjerrumgaard,Luca Tange Kjerrumgaard,luca kjerrumgaard,2003-02-09,23,Denmark,Centre-Forward,Striker,left,196,Udinese Calcio,410,IT1,2030-06-30,8000000,6000000,8000000,2026-05-28,,0,0,5000000,https://www.transfermarkt.com/luca-kjerrumgaard/profil/spieler/668950,https://img.a.transfermarkt.technology/portrait/big/668950-1737536587.jpg,apify-transfermarkt-global-player-scraper
340353,Maduka Okoye,Maduka Emilio Okoye,maduka okoye,1999-08-28,26,Nigeria; Germany,Goalkeeper,Goalkeeper,right,198,Udinese Calcio,410,IT1,2028-06-30,10000000,10000000,10000000,2026-05-29,Nigeria,21,0,11750000,https://www.transfermarkt.com/maduka-okoye/profil/spieler/340353,https://img.a.transfermarkt.technology/portrait/big/340353-1729542646.jpg,apify-transfermarkt-global-player-scraper
555820,Martín Payero,Martín Ismael Payero,martin payero,1998-09-11,27,Argentina; Italy,Central Midfield,Midfielder,right,182,Udinese Calcio,410,IT1,2027-06-30,5000000,6000000,6000000,2026-05-29,,0,0,10750000,https://www.transfermarkt.com/martin-payero/profil/spieler/555820,https://img.a.transfermarkt.technology/portrait/big/555820-1707213845.jpg,apify-transfermarkt-global-player-scraper
1058354,Matteo Palma,Matteo Palma,matteo palma,2008-03-13,18,Germany; Italy,Centre-Back,Defender,right,195,Udinese Calcio,410,IT1,2028-06-30,6500000,5000000,6500000,2026-06-04,,0,0,0,https://www.transfermarkt.com/matteo-palma/profil/spieler/1058354,https://img.a.transfermarkt.technology/portrait/big/1058354-1730184292.jpg,apify-transfermarkt-global-player-scraper
632831,Nicolò Bertola,Nicolò Bertola,nicolo bertola,2003-03-23,23,Italy,Centre-Back,Defender,right,192,Udinese Calcio,410,IT1,2030-06-30,7000000,6000000,7000000,2026-05-29,,0,0,0,https://www.transfermarkt.com/nicolo-bertola/profil/spieler/632831,https://img.a.transfermarkt.technology/portrait/big/632831-1734888290.jpg,apify-transfermarkt-global-player-scraper
392085,Nicolò Zaniolo,Nicolò Zaniolo,nicolo zaniolo,1999-07-02,27,Italy,Second Striker,Striker,left,190,Udinese Calcio,410,IT1,2029-06-30,15000000,13000000,55000000,2026-05-29,,0,0,42450000,https://www.transfermarkt.com/nicolo-zaniolo/profil/spieler/392085,https://img.a.transfermarkt.technology/portrait/big/392085-1713472570.jpg,apify-transfermarkt-global-player-scraper
524010,Oier Zarraga,Oier Zarraga Egaña,oier zarraga,1999-01-04,27,Spain,Central Midfield,Midfielder,right,175,Udinese Calcio,410,IT1,2027-06-30,1500000,1800000,3500000,2026-05-29,,0,0,0,https://www.transfermarkt.com/oier-zarraga/profil/spieler/524010,https://img.a.transfermarkt.technology/portrait/big/524010-1692963352.jpg,apify-transfermarkt-global-player-scraper
463665,Oumar Solet,Oumar Solet Bomawoko,oumar solet,2000-02-07,26,France; Cote d'Ivoire,Centre-Back,Defender,right,192,Udinese Calcio,410,IT1,2027-06-30,23000000,20000000,23000000,2026-05-29,,0,0,6500000,https://www.transfermarkt.com/oumar-solet/profil/spieler/463665,https://img.a.transfermarkt.technology/portrait/big/463665-1739281800.jpg,apify-transfermarkt-global-player-scraper
671799,Rui Modesto,Rui Manuel Muati Modesto,rui modesto,1999-10-07,26,Angola; Portugal,Right Winger,Striker,right,181,Udinese Calcio,410,IT1,2029-06-30,1800000,1800000,2000000,2026-06-04,Angola,7,0,2500000,https://www.transfermarkt.com/rui-modesto/profil/spieler/671799,https://img.a.transfermarkt.technology/portrait/big/671799-1718958112.jpg,apify-transfermarkt-global-player-scraper
906160,Saba Goglichidze,საბა გოგლიჩიძე,saba goglichidze,2004-06-25,22,Georgia,Centre-Back,Defender,right,192,Udinese Calcio,410,IT1,2030-06-30,3500000,4500000,8000000,2026-05-28,Georgia,10,0,4450000,https://www.transfermarkt.com/saba-goglichidze/profil/spieler/906160,https://img.a.transfermarkt.technology/portrait/big/906160-1732017345.jpg,apify-transfermarkt-global-player-scraper
268429,Sandi Lovrić,Sandi Lovrić,sandi lovric,1998-03-28,28,Slovenia; Austria,Central Midfield,Midfielder,right,180,Udinese Calcio,410,IT1,2027-06-30,3500000,4500000,10000000,2026-05-29,Slovenia,46,5,0,https://www.transfermarkt.com/sandi-lovric/profil/spieler/268429,https://img.a.transfermarkt.technology/portrait/big/268429-1725531957.jpg,apify-transfermarkt-global-player-scraper
876400,Simone Pafundi,Simone Pafundi,simone pafundi,2006-03-14,20,Italy,Attacking Midfield,Midfielder,left,166,Udinese Calcio,410,IT1,2028-06-30,4500000,5000000,10000000,2026-06-04,Italy U21,5,0,0,https://www.transfermarkt.com/simone-pafundi/profil/spieler/876400,https://img.a.transfermarkt.technology/portrait/big/876400-1660805372.jpg,apify-transfermarkt-global-player-scraper
698259,Thomas Kristensen,Thomas Thiesson Kristensen,thomas kristensen,2002-01-17,24,Denmark,Centre-Back,Defender,right,198,Udinese Calcio,410,IT1,2028-06-30,12000000,12000000,12000000,2026-05-29,,0,0,5000000,https://www.transfermarkt.com/thomas-kristensen/profil/spieler/698259,https://img.a.transfermarkt.technology/portrait/big/698259-1696837568.jpg,apify-transfermarkt-global-player-scraper
375877,Vakoun Bayo,Vakoun Issouf Bayo,vakoun bayo,1997-01-10,29,Cote d'Ivoire,Centre-Forward,Striker,right,184,Udinese Calcio,410,IT1,2028-06-30,2500000,3500000,5000000,2026-05-29,,0,0,11320000,https://www.transfermarkt.com/vakoun-bayo/profil/spieler/375877,https://img.a.transfermarkt.technology/portrait/big/375877-1757604280.jpg,apify-transfermarkt-global-player-scraper
568617,Răzvan Sava,Răzvan Sergiu Sava,razvan sava,2002-06-21,24,Romania,Goalkeeper,Goalkeeper,right,197,Universitatea Craiova,40812,RO1,2030-06-30,2500000,2500000,2500000,2026-05-29,,0,0,5500000,https://www.transfermarkt.com/razvan-sava/profil/spieler/568617,https://img.a.transfermarkt.technology/portrait/big/568617-1730124399.jpg,apify-transfermarkt-global-player-scraper
667640,Alexandru Borbei,Alexandru Gabriel Borbei,alexandru borbei,2003-06-27,23,Romania,Goalkeeper,Goalkeeper,right,191,US Lecce,1005,IT1,2028-06-30,150000,150000,150000,2026-06-19,,0,0,100000,https://www.transfermarkt.com/alexandru-borbei/profil/spieler/667640,https://img.a.transfermarkt.technology/portrait/big/667640-1746513794.png,apify-transfermarkt-global-player-scraper
392516,Antonino Gallo,Antonino Gallo,antonino gallo,2000-01-05,26,Italy,Left-Back,Defender,left,183,US Lecce,1005,IT1,2027-06-30,3500000,4000000,5500000,2026-05-29,,0,0,0,https://www.transfermarkt.com/antonino-gallo/profil/spieler/392516,https://img.a.transfermarkt.technology/portrait/big/392516-1663745734.jpg,apify-transfermarkt-global-player-scraper
1057563,Christ-Owen Kouassi,Christ-Owen Kouassi Bathele,christ owen kouassi,2003-04-15,23,Cote d'Ivoire; France,Right-Back,Defender,right,187,US Lecce,1005,IT1,2029-06-30,1200000,1200000,2000000,2026-05-26,,0,0,1000000,https://www.transfermarkt.com/christ-owen-kouassi/profil/spieler/1057563,https://img.a.transfermarkt.technology/portrait/big/1057563-1751354881.jpg,apify-transfermarkt-global-player-scraper
336307,Christian Früchtl,Christian Martin Früchtl,christian fruchtl,2000-01-28,26,Germany,Goalkeeper,Goalkeeper,left,193,US Lecce,1005,IT1,2027-06-30,1000000,1000000,1500000,2026-05-29,,0,0,1500000,https://www.transfermarkt.com/christian-fruechtl/profil/spieler/336307,https://img.a.transfermarkt.technology/portrait/big/336307-1695655759.jpg,apify-transfermarkt-global-player-scraper
433329,Corrie Ndaba,Corrie Richard Ndaba,corrie ndaba,1999-12-25,26,Ireland; Ghana,Left-Back,Defender,left,188,US Lecce,1005,IT1,2028-06-30,900000,900000,900000,2026-05-29,Republic of Ireland,2,0,930000,https://www.transfermarkt.com/corrie-ndaba/profil/spieler/433329,https://img.a.transfermarkt.technology/portrait/big/433329-1753768662.jpg,apify-transfermarkt-global-player-scraper
728485,Danilo Veiga,Danilo Filipe de Melo Veiga,danilo veiga,2002-09-25,23,Portugal; Brazil,Right-Back,Defender,right,183,US Lecce,1005,IT1,2027-06-30,2500000,2000000,2500000,2026-05-29,,0,0,1000000,https://www.transfermarkt.com/danilo-veiga/profil/spieler/728485,https://img.a.transfermarkt.technology/portrait/big/728485-1739282699.jpg,apify-transfermarkt-global-player-scraper
805886,Gaby Jean,Gaby Jean,gaby jean,2000-02-19,26,France,Centre-Back,Defender,left,191,US Lecce,1005,IT1,2027-06-30,1500000,1500000,2000000,2026-05-29,,0,0,1000000,https://www.transfermarkt.com/gaby-jean/profil/spieler/805886,https://img.a.transfermarkt.technology/portrait/big/805886-1692033275.png,apify-transfermarkt-global-player-scraper
604113,Jamil Siebert,Jamil Siebert,jamil siebert,2002-04-02,24,Germany,Centre-Back,Defender,right,193,US Lecce,1005,IT1,2028-06-30,4500000,4500000,4500000,2026-05-29,,0,0,5500000,https://www.transfermarkt.com/jamil-siebert/profil/spieler/604113,https://img.a.transfermarkt.technology/portrait/big/604113-1753692148.jpg,apify-transfermarkt-global-player-scraper
712911,Jasper Samooja,Jasper Lauri Petteri Samooja,jasper samooja,2003-07-21,22,Finland,Goalkeeper,Goalkeeper,right,193,US Lecce,1005,IT1,2028-06-30,75000,75000,75000,2026-05-29,,0,0,0,https://www.transfermarkt.com/jasper-samooja/profil/spieler/712911,https://img.a.transfermarkt.technology/portrait/big/712911-1730122886.jpg,apify-transfermarkt-global-player-scraper
836441,Kialonda Gaspar,Esmevânio Kialonda Gaspar,kialonda gaspar,1997-09-27,28,Angola,Centre-Back,Defender,right,193,US Lecce,1005,IT1,2027-06-30,3000000,3500000,3500000,2026-05-29,Angola,46,1,2000000,https://www.transfermarkt.com/gaspar/profil/spieler/836441,https://img.a.transfermarkt.technology/portrait/big/836441-1730185525.jpg,apify-transfermarkt-global-player-scraper
745595,Marlon Ubani,Marlon Nnamdi Ubani,marlon ubani,2005-03-26,21,Germany; Nigeria,Right-Back,Defender,right,185,US Lecce,1005,IT1,2029-06-30,175000,150000,175000,2026-06-19,,0,0,0,https://www.transfermarkt.com/marlon-ubani/profil/spieler/745595,https://img.a.transfermarkt.technology/portrait/big/745595-1713462623.jpg,apify-transfermarkt-global-player-scraper
1175410,Matías Pérez,Matías Ignacio Pérez Sepúlveda,matias perez,2005-04-13,21,Chile,Centre-Back,Defender,right,192,US Lecce,1005,IT1,2028-06-30,500000,500000,500000,2026-05-29,,0,0,525000,https://www.transfermarkt.com/matias-perez/profil/spieler/1175410,https://img.a.transfermarkt.technology/portrait/big/1175410-1757603578.jpg,apify-transfermarkt-global-player-scraper
980575,Oumar Ngom,"Oumar Jacky Ngom , عمر جاكي نغوم",oumar ngom,2004-03-09,22,Mauritania; France,Defensive Midfield,Midfielder,right,190,US Lecce,1005,IT1,2029-06-30,3000000,2500000,3000000,2026-05-29,Mauritania,16,0,2300000,https://www.transfermarkt.com/oumar-ngom/profil/spieler/980575,https://img.a.transfermarkt.technology/portrait/big/980575-1768202944.jpg,apify-transfermarkt-global-player-scraper
1118086,Sebastian Esposito,Sebastian Esposito,sebastian esposito,2005-04-21,21,Australia; Italy,Centre-Back,Defender,right,191,US Lecce,1005,IT1,,600000,500000,600000,2026-05-28,,0,0,0,https://www.transfermarkt.com/sebastian-esposito/profil/spieler/1118086,https://img.a.transfermarkt.technology/portrait/big/1118086-1708933470.jpg,apify-transfermarkt-global-player-scraper
1112449,Tiago Gabriel Coelho Oliveira,Tiago Gabriel,tiago gabriel coelho oliveira,2004-12-26,21,Portugal,Centre-Back,Defender,right,196,US Lecce,1005,IT1,2027-06-30,15000000,15000000,15000000,2026-05-29,Portugal U21,7,0,1250000,https://www.transfermarkt.com/tiago-gabriel/profil/spieler/1112449,https://img.a.transfermarkt.technology/portrait/big/1112449-1737958874.jpg,apify-transfermarkt-global-player-scraper
1017950,Vernon Addo,Vernon Jordan Akrasi Addo,vernon addo,2005-05-24,21,Netherlands; Ghana,Left-Back,Defender,left,188,US Lecce,1005,IT1,2028-06-30,175000,175000,200000,2026-06-02,,0,0,475000,https://www.transfermarkt.com/vernon-addo/profil/spieler/1017950,https://img.a.transfermarkt.technology/portrait/big/1017950-1669889030.png,apify-transfermarkt-global-player-scraper
238537,Wladimiro Falcone,Wladimiro Falcone,wladimiro falcone,1995-04-12,31,Italy,Goalkeeper,Goalkeeper,right,195,US Lecce,1005,IT1,2028-06-30,3500000,3500000,5000000,2026-05-29,,0,0,5257000,https://www.transfermarkt.com/wladimiro-falcone/profil/spieler/238537,https://img.a.transfermarkt.technology/portrait/big/238537-1693308504.jpg,apify-transfermarkt-global-player-scraper
812625,Agustín Álvarez,Agustín Álvarez Martínez,agustin alvarez,2001-05-19,25,Uruguay,Centre-Forward,Striker,right,177,US Sassuolo,6574,IT1,2027-06-30,2000000,2800000,8500000,2026-06-04,,0,0,12000000,https://www.transfermarkt.com/agustin-alvarez/profil/spieler/812625,https://img.a.transfermarkt.technology/portrait/big/812625-1704205457.jpg,apify-transfermarkt-global-player-scraper
390163,Andrea Ghion,Andrea Ghion,andrea ghion,2000-02-23,26,Italy,Defensive Midfield,Midfielder,right,174,US Sassuolo,6574,IT1,2029-06-30,800000,1000000,1000000,2026-06-04,,0,0,240000,https://www.transfermarkt.com/andrea-ghion/profil/spieler/390163,https://img.a.transfermarkt.technology/portrait/big/390163-1753403691.jpg,apify-transfermarkt-global-player-scraper
315865,Andrea Pinamonti,Andrea Pinamonti,andrea pinamonti,1999-05-19,27,Italy,Centre-Forward,Striker,right,185,US Sassuolo,6574,IT1,2027-06-30,15000000,15000000,20000000,2026-05-29,,0,0,63000000,https://www.transfermarkt.com/andrea-pinamonti/profil/spieler/315865,https://img.a.transfermarkt.technology/portrait/big/315865-1692883161.jpg,apify-transfermarkt-global-player-scraper
371021,Arijanet Murić,Arijanet Anan Muriqi,arijanet muric,1998-11-07,27,Kosovo; Montenegro,Goalkeeper,Goalkeeper,right,198,US Sassuolo,6574,IT1,,7500000,7500000,12000000,2026-05-29,Kosovo,51,0,19550000,https://www.transfermarkt.com/arijanet-muric/profil/spieler/371021,https://img.a.transfermarkt.technology/portrait/big/371021-1685718424.jpg,apify-transfermarkt-global-player-scraper
579930,Armand Laurienté,Armand Gaëtan Laurienté,armand lauriente,1998-12-04,27,France; Guadeloupe,Left Winger,Striker,right,177,US Sassuolo,6574,IT1,2029-06-30,19000000,18000000,19000000,2026-05-29,,0,0,13100000,https://www.transfermarkt.com/armand-lauriente/profil/spieler/579930,https://img.a.transfermarkt.technology/portrait/big/579930-1753431935.jpg,apify-transfermarkt-global-player-scraper
1028399,Borna Knezovic,Borna Knezović,borna knezovic,2005-07-29,20,Croatia,Attacking Midfield,Midfielder,left,188,US Sassuolo,6574,IT1,2027-06-30,600000,700000,800000,2026-06-19,,0,0,0,https://www.transfermarkt.com/borna-knezovic/profil/spieler/1028399,https://img.a.transfermarkt.technology/portrait/big/1028399-1718228108.jpg,apify-transfermarkt-global-player-scraper
406632,Cas Odenthal,Cas Odenthal,cas odenthal,2000-09-26,25,Netherlands,Centre-Back,Defender,right,190,US Sassuolo,6574,IT1,2027-06-30,1200000,2000000,3000000,2026-06-04,,0,0,1200000,https://www.transfermarkt.com/cas-odenthal/profil/spieler/406632,https://img.a.transfermarkt.technology/portrait/big/406632-1714813970.jpg,apify-transfermarkt-global-player-scraper
746891,Cristian Volpato,Cristian Volpato,cristian volpato,2003-11-15,22,Australia; Italy,Attacking Midfield,Midfielder,left,187,US Sassuolo,6574,IT1,2028-06-30,10000000,10000000,10000000,2026-05-29,Australia,4,0,7616000,https://www.transfermarkt.com/cristian-volpato/profil/spieler/746891,https://img.a.transfermarkt.technology/portrait/big/746891-1780931649.jpg,apify-transfermarkt-global-player-scraper
441515,Daniel Boloca,Daniel Boloca,daniel boloca,1998-12-22,27,Italy; Romania,Defensive Midfield,Midfielder,right,185,US Sassuolo,6574,IT1,2028-06-30,4000000,5000000,10000000,2026-05-29,,0,0,6500000,https://www.transfermarkt.com/daniel-boloca/profil/spieler/441515,https://img.a.transfermarkt.technology/portrait/big/441515-1692881633.jpg,apify-transfermarkt-global-player-scraper
1170286,Darryl Bakola,Darryl Bakola,darryl bakola,2007-11-30,18,France; Congo,Attacking Midfield,Midfielder,right,178,US Sassuolo,6574,IT1,2030-06-30,8000000,8000000,8000000,2026-05-29,,0,0,10000000,https://www.transfermarkt.com/darryl-bakola/profil/spieler/1170286,https://img.a.transfermarkt.technology/portrait/big/1170286-1736792764.jpg,apify-transfermarkt-global-player-scraper
177843,Domenico Berardi,Domenico Berardi,domenico berardi,1994-08-01,31,Italy,Right Winger,Striker,left,183,US Sassuolo,6574,IT1,2029-06-30,7000000,7500000,35000000,2026-05-29,,0,0,14500000,https://www.transfermarkt.com/domenico-berardi/profil/spieler/177843,https://img.a.transfermarkt.technology/portrait/big/177843-1692883147.jpg,apify-transfermarkt-global-player-scraper
700053,Edoardo Iannoni,Edoardo Iannoni,edoardo iannoni,2001-04-11,25,Italy,Central Midfield,Midfielder,right,185,US Sassuolo,6574,IT1,2028-06-30,800000,800000,800000,2026-05-29,,0,0,1400000,https://www.transfermarkt.com/edoardo-iannoni/profil/spieler/700053,https://img.a.transfermarkt.technology/portrait/big/700053-1757662739.jpg,apify-transfermarkt-global-player-scraper
691825,Edoardo Pieragnolo,Edoardo Pieragnolo,edoardo pieragnolo,2003-01-03,23,Italy,Left-Back,Defender,left,184,US Sassuolo,6574,IT1,2029-06-30,2000000,2000000,2400000,2026-05-29,,0,0,98000,https://www.transfermarkt.com/edoardo-pieragnolo/profil/spieler/691825,https://img.a.transfermarkt.technology/portrait/big/691825-1757662713.jpg,apify-transfermarkt-global-player-scraper
386574,Fabrizio Caligara,Fabrizio Caligara,fabrizio caligara,2000-04-12,26,Italy,Central Midfield,Midfielder,left,180,US Sassuolo,6574,IT1,2027-06-30,450000,700000,1800000,2026-06-04,,0,0,3662000,https://www.transfermarkt.com/fabrizio-caligara/profil/spieler/386574,https://img.a.transfermarkt.technology/portrait/big/386574-1609841206.jpg,apify-transfermarkt-global-player-scraper
520530,Fali Candé,Fali Candé,fali cande,1998-01-24,28,Guinea-Bissau; Portugal,Centre-Back,Defender,left,184,US Sassuolo,6574,IT1,2029-06-30,3000000,3000000,3000000,2026-05-29,Guinea-Bissau,32,1,8900000,https://www.transfermarkt.com/fali-cande/profil/spieler/520530,https://img.a.transfermarkt.technology/portrait/big/520530-1697463489.png,apify-transfermarkt-global-player-scraper
650993,Filippo Missori,Filippo Missori,filippo missori,2004-03-24,22,Italy,Right-Back,Defender,right,182,US Sassuolo,6574,IT1,2028-06-30,2000000,1700000,2000000,2026-06-04,,0,0,2500000,https://www.transfermarkt.com/filippo-missori/profil/spieler/650993,https://img.a.transfermarkt.technology/portrait/big/650993-1770426204.jpg,apify-transfermarkt-global-player-scraper
908788,Flavio Russo,Flavio Russo,flavio russo,2004-08-31,21,Italy,Centre-Forward,Striker,right,188,US Sassuolo,6574,IT1,,700000,750000,800000,2026-06-04,,0,0,0,https://www.transfermarkt.com/flavio-russo/profil/spieler/908788,https://img.a.transfermarkt.technology/portrait/big/908788-1718228666.jpg,apify-transfermarkt-global-player-scraper
659648,Gioele Zacchi,Gioele Zacchi,gioele zacchi,2003-07-10,22,Italy,Goalkeeper,Goalkeeper,right,185,US Sassuolo,6574,IT1,,600000,600000,600000,2026-05-29,,0,0,0,https://www.transfermarkt.com/gioele-zacchi/profil/spieler/659648,https://img.a.transfermarkt.technology/portrait/big/659648-1757676122.jpg,apify-transfermarkt-global-player-scraper
921655,Ismaël Koné,Ismaël Kenneth Jordan Koné,ismael kone,2002-06-16,24,Canada; Cote d'Ivoire,Central Midfield,Midfielder,right,188,US Sassuolo,6574,IT1,2030-06-30,25000000,20000000,25000000,2026-05-29,Canada,42,4,33500000,https://www.transfermarkt.com/ismael-kone/profil/spieler/921655,https://img.a.transfermarkt.technology/portrait/big/921655-1757604633.jpg,apify-transfermarkt-global-player-scraper
538974,Janis Antiste,Janis Seal Antiste,janis antiste,2002-08-18,23,Martinique; France,Centre-Forward,Striker,right,183,US Sassuolo,6574,IT1,,1000000,1200000,4500000,2026-05-26,Martinique,2,1,10670000,https://www.transfermarkt.com/janis-antiste/profil/spieler/538974,https://img.a.transfermarkt.technology/portrait/big/538974-1739822641.jpg,apify-transfermarkt-global-player-scraper
546926,Jay Idzes,Jay Noah Idzes,jay idzes,2000-06-02,26,Indonesia; Netherlands,Centre-Back,Defender,right,190,US Sassuolo,6574,IT1,2029-06-30,14000000,10000000,14000000,2026-05-29,,0,0,8100000,https://www.transfermarkt.com/jay-idzes/profil/spieler/546926,https://img.a.transfermarkt.technology/portrait/big/546926-1781679094.jpg,apify-transfermarkt-global-player-scraper
567129,Josh Doig,Josh Thomas Doig,josh doig,2002-05-18,24,Scotland,Left-Back,Defender,left,189,US Sassuolo,6574,IT1,2028-06-30,4500000,5000000,10000000,2026-05-29,,0,0,10150000,https://www.transfermarkt.com/josh-doig/profil/spieler/567129,https://img.a.transfermarkt.technology/portrait/big/567129-1701544110.jpg,apify-transfermarkt-global-player-scraper
808559,Justin Kumi,Justin Kumi,justin kumi,2004-07-16,21,Italy; Ghana,Central Midfield,Midfielder,right,0,US Sassuolo,6574,IT1,,1200000,1200000,1200000,2026-06-04,,0,0,65000,https://www.transfermarkt.com/justin-kumi/profil/spieler/808559,https://img.a.transfermarkt.technology/portrait/big/808559-1770426610.jpg,apify-transfermarkt-global-player-scraper
883051,Kevin Bruno,Kevin Bruno,kevin bruno,2005-04-26,21,Italy,Attacking Midfield,Midfielder,left,0,US Sassuolo,6574,IT1,,500000,550000,600000,2026-06-19,,0,0,0,https://www.transfermarkt.com/kevin-bruno/profil/spieler/883051,https://img.a.transfermarkt.technology/portrait/big/883051-1718228417.jpg,apify-transfermarkt-global-player-scraper
724068,Kevin Leone,Giuseppe Kevin Leone,kevin leone,2005-03-28,21,Italy,Central Midfield,Midfielder,right,182,US Sassuolo,6574,IT1,2028-06-30,600000,600000,600000,2026-06-19,,0,0,1000000,https://www.transfermarkt.com/kevin-leone/profil/spieler/724068,https://img.a.transfermarkt.technology/portrait/big/724068-1718228513.jpg,apify-transfermarkt-global-player-scraper
564785,Kristian Thorstvedt,Kristian Thorstvedt,kristian thorstvedt,1999-03-13,27,Norway,Central Midfield,Midfielder,left,189,US Sassuolo,6574,IT1,2027-06-30,12000000,10000000,12000000,2026-05-29,Norway,39,4,11660000,https://www.transfermarkt.com/kristian-thorstvedt/profil/spieler/564785,https://img.a.transfermarkt.technology/portrait/big/564785-1692883043.jpg,apify-transfermarkt-global-player-scraper
655207,Laurs Skjellerup,Laurs Skjellerup,laurs skjellerup,2002-08-12,23,Denmark,Centre-Forward,Striker,right,195,US Sassuolo,6574,IT1,2029-06-30,1300000,2000000,2800000,2026-06-04,,0,0,3683000,https://www.transfermarkt.com/laurs-skjellerup/profil/spieler/655207,https://img.a.transfermarkt.technology/portrait/big/655207-1723796786.png,apify-transfermarkt-global-player-scraper
725242,Luca D'Andrea,Luca D'Andrea,luca dandrea,2004-09-06,21,Italy,Right Winger,Striker,left,173,US Sassuolo,6574,IT1,2027-06-30,500000,500000,2500000,2026-06-04,,0,0,50000,https://www.transfermarkt.com/luca-d-andrea/profil/spieler/725242,https://img.a.transfermarkt.technology/portrait/big/725242-1667406284.jpg,apify-transfermarkt-global-player-scraper
724106,Luca Lipani,Luca Lipani,luca lipani,2005-05-18,21,Italy,Defensive Midfield,Midfielder,right,185,US Sassuolo,6574,IT1,2028-06-30,7500000,7500000,7500000,2026-05-29,Italy,2,0,4550000,https://www.transfermarkt.com/luca-lipani/profil/spieler/724106,https://img.a.transfermarkt.technology/portrait/big/724106-1681206396.jpg,apify-transfermarkt-global-player-scraper
600936,Luca Moro,Luca Moro,luca moro,2001-01-25,25,Italy,Centre-Forward,Striker,right,189,US Sassuolo,6574,IT1,2027-06-30,1800000,2000000,3500000,2026-05-29,,0,0,3970000,https://www.transfermarkt.com/luca-moro/profil/spieler/600936,https://img.a.transfermarkt.technology/portrait/big/600936-1772549757.jpg,apify-transfermarkt-global-player-scraper
74683,Nemanja Matić,Немања Матић,nemanja matic,1988-08-01,37,Serbia; Slovakia,Defensive Midfield,Midfielder,left,194,US Sassuolo,6574,IT1,2027-06-30,1600000,1800000,40000000,2026-05-29,,0,0,81550000,https://www.transfermarkt.com/nemanja-matic/profil/spieler/74683,https://img.a.transfermarkt.technology/portrait/big/74683-1655212906.jpg,apify-transfermarkt-global-player-scraper
372720,Nicholas Pierini,Nicholas Pierini,nicholas pierini,1998-08-06,27,Italy,Right Winger,Striker,right,176,US Sassuolo,6574,IT1,2027-06-30,1600000,2600000,3000000,2026-06-04,,0,0,2370000,https://www.transfermarkt.com/nicholas-pierini/profil/spieler/372720,https://img.a.transfermarkt.technology/portrait/big/372720-1717659913.jpg,apify-transfermarkt-global-player-scraper
813961,Patrick Nuamah,Patrick Amoako Nuamah,patrick nuamah,2005-12-31,20,Italy; Ghana,Left Winger,Striker,right,179,US Sassuolo,6574,IT1,2030-06-30,1600000,1600000,1600000,2026-06-04,Italy U21,1,0,0,https://www.transfermarkt.com/patrick-nuamah/profil/spieler/813961,https://img.a.transfermarkt.technology/portrait/big/813961-1675938563.jpg,apify-transfermarkt-global-player-scraper
628558,Riccardo Ciervo,Riccardo Ciervo,riccardo ciervo,2002-04-01,24,Italy,Left Winger,Striker,right,190,US Sassuolo,6574,IT1,2027-06-30,2000000,1500000,2000000,2026-06-04,,0,0,2000000,https://www.transfermarkt.com/riccardo-ciervo/profil/spieler/628558,https://img.a.transfermarkt.technology/portrait/big/628558-1634291987.jpg,apify-transfermarkt-global-player-scraper
457422,Samuele Mulattieri,Samuele Mulattieri,samuele mulattieri,2000-10-07,25,Italy,Centre-Forward,Striker,right,183,US Sassuolo,6574,IT1,2028-06-30,2000000,2500000,4500000,2026-06-22,,0,0,8000000,https://www.transfermarkt.com/samuele-mulattieri/profil/spieler/457422,https://img.a.transfermarkt.technology/portrait/big/457422-1686814443.jpg,apify-transfermarkt-global-player-scraper
345458,Sebastian Walukiewicz,Sebastian Wiktor Walukiewicz,sebastian walukiewicz,2000-04-05,26,Poland,Right-Back,Defender,right,188,US Sassuolo,6574,IT1,,5000000,4500000,10000000,2026-05-29,,0,0,18715000,https://www.transfermarkt.com/sebastian-walukiewicz/profil/spieler/345458,https://img.a.transfermarkt.technology/portrait/big/345458-1716985042.jpg,apify-transfermarkt-global-player-scraper
919669,Simone Cinquegrano,Simone Cinquegrano,simone cinquegrano,2004-06-25,22,Italy; Argentina,Right Midfield,Midfielder,right,192,US Sassuolo,6574,IT1,2027-06-30,500000,500000,500000,2026-06-19,,0,0,0,https://www.transfermarkt.com/simone-cinquegrano/profil/spieler/919669,https://img.a.transfermarkt.technology/portrait/big/919669-1718228826.jpg,apify-transfermarkt-global-player-scraper
543666,Stefano Turati,Stefano Turati,stefano turati,2001-09-05,24,Italy,Goalkeeper,Goalkeeper,right,188,US Sassuolo,6574,IT1,2028-06-30,3000000,3000000,7500000,2026-05-29,,0,0,565000,https://www.transfermarkt.com/stefano-turati/profil/spieler/543666,https://img.a.transfermarkt.technology/portrait/big/543666-1686126590.jpg,apify-transfermarkt-global-player-scraper
679423,Tarik Muharemović,Tarik Muharemović,tarik muharemovic,2003-02-28,23,Bosnia-Herzegovina; Slovenia,Centre-Back,Defender,left,192,US Sassuolo,6574,IT1,2031-06-30,25000000,20000000,25000000,2026-05-29,Bosnia-Herzegovina,17,1,2000000,https://www.transfermarkt.com/tarik-muharemovic/profil/spieler/679423,https://img.a.transfermarkt.technology/portrait/big/679423-1751529111.jpg,apify-transfermarkt-global-player-scraper
655525,Yeferson Paz,Yeferson Paz Blandón,yeferson paz,2002-06-13,24,Colombia,Right-Back,Defender,right,176,US Sassuolo,6574,IT1,2027-06-30,400000,400000,500000,2026-06-04,,0,0,250000,https://www.transfermarkt.com/yeferson-paz/profil/spieler/655525,https://img.a.transfermarkt.technology/portrait/big/655525-1692882887.jpg,apify-transfermarkt-global-player-scraper
634105,Alberto Marí,Alberto Marí Sánchez,alberto mari,2001-07-11,24,Spain,Centre-Forward,Striker,right,183,Valencia CF,1049,ES1,2027-06-30,600000,800000,1500000,2026-06-22,,0,0,0,https://www.transfermarkt.com/alberto-mari/profil/spieler/634105,https://img.a.transfermarkt.technology/portrait/big/634105-1690382984.jpg,apify-transfermarkt-global-player-scraper
375382,André Almeida,Domingos André Ribeiro Almeida,andre almeida,2000-05-30,26,Portugal,Attacking Midfield,Midfielder,right,176,Valencia CF,1049,ES1,2029-06-30,6000000,7500000,20000000,2026-06-05,,0,0,8000000,https://www.transfermarkt.com/andre-almeida/profil/spieler/375382,https://img.a.transfermarkt.technology/portrait/big/375382-1547563680.png,apify-transfermarkt-global-player-scraper
355861,Arnaut Danjuma,Arnaut Danjuma Adam Groeneveld,arnaut danjuma,1997-01-31,29,Netherlands; Nigeria,Left Winger,Striker,right,178,Valencia CF,1049,ES1,2028-06-30,3000000,4000000,50000000,2026-06-05,,0,0,48760905,https://www.transfermarkt.com/arnaut-danjuma/profil/spieler/355861,https://img.a.transfermarkt.technology/portrait/big/355861-1674657323.jpg,apify-transfermarkt-global-player-scraper
285323,Baptiste Santamaria,Baptiste Santamaria,baptiste santamaria,1995-03-09,31,France,Defensive Midfield,Midfielder,right,183,Valencia CF,1049,ES1,2027-06-30,2500000,3000000,16000000,2026-06-05,,0,0,26500000,https://www.transfermarkt.com/baptiste-santamaria/profil/spieler/285323,https://img.a.transfermarkt.technology/portrait/big/285323-1739972064.jpg,apify-transfermarkt-global-player-scraper
615350,Cenk Özkacar,Cenk Özkacar,cenk ozkacar,2000-10-06,25,Türkiye,Centre-Back,Defender,left,190,Valencia CF,1049,ES1,2028-06-30,4000000,3000000,5000000,2026-05-27,,0,0,7575000,https://www.transfermarkt.com/cenk-oezkacar/profil/spieler/615350,https://img.a.transfermarkt.technology/portrait/big/615350-1641457298.jpg,apify-transfermarkt-global-player-scraper
707274,César Tárrega,César Tárrega Requeni,cesar tarrega,2002-02-26,24,Spain,Centre-Back,Defender,right,194,Valencia CF,1049,ES1,2030-06-30,9000000,12000000,15000000,2026-06-05,,0,0,0,https://www.transfermarkt.com/cesar-tarrega/profil/spieler/707274,https://img.a.transfermarkt.technology/portrait/big/707274-1698963222.jpg,apify-transfermarkt-global-player-scraper
398131,Cristian Rivero,Cristian Rivero Sabater,cristian rivero,1998-03-21,28,Spain,Goalkeeper,Goalkeeper,right,188,Valencia CF,1049,ES1,2027-06-30,100000,100000,300000,2026-06-05,,0,0,0,https://www.transfermarkt.com/cristian-rivero/profil/spieler/398131,https://img.a.transfermarkt.technology/portrait/big/398131-1745337358.jpg,apify-transfermarkt-global-player-scraper
413262,Dani Raba,Daniel Raba Antolín,dani raba,1995-10-29,30,Spain,Second Striker,Striker,left,185,Valencia CF,1049,ES1,2027-06-30,1200000,1500000,5000000,2026-06-05,,0,0,0,https://www.transfermarkt.com/dani-raba/profil/spieler/413262,https://img.a.transfermarkt.technology/portrait/big/413262-1743493611.jpg,apify-transfermarkt-global-player-scraper
617081,Diego López,Diego López Noguerol,diego lopez,2002-05-13,24,Spain,Right Winger,Striker,right,172,Valencia CF,1049,ES1,2029-06-30,9000000,12000000,15000000,2026-06-05,,0,0,0,https://www.transfermarkt.com/diego-lopez/profil/spieler/617081,https://img.a.transfermarkt.technology/portrait/big/617081-1683211924.jpg,apify-transfermarkt-global-player-scraper
170472,Dimitri Foulquier,Dimitri Christophe Foulquier,dimitri foulquier,1993-03-23,33,Guadeloupe; France,Right-Back,Defender,right,183,Valencia CF,1049,ES1,2027-06-30,900000,1000000,4000000,2026-06-05,,0,0,9000000,https://www.transfermarkt.com/dimitri-foulquier/profil/spieler/170472,https://img.a.transfermarkt.technology/portrait/big/170472-1447230887.jpg,apify-transfermarkt-global-player-scraper
394236,Filip Ugrinic,Filip Ugrinić,filip ugrinic,1999-01-05,27,Switzerland,Central Midfield,Midfielder,right,184,Valencia CF,1049,ES1,2029-06-30,6000000,6000000,7000000,2026-06-05,,0,0,6000000,https://www.transfermarkt.com/filip-ugrinic/profil/spieler/394236,https://img.a.transfermarkt.technology/portrait/big/394236-1700817304.png,apify-transfermarkt-global-player-scraper
342385,Guido Rodríguez,Guido Rodríguez,guido rodriguez,1994-04-12,32,Argentina; Italy,Defensive Midfield,Midfielder,right,185,Valencia CF,1049,ES1,2028-06-30,4000000,5000000,28000000,2026-06-05,,0,0,12025000,https://www.transfermarkt.com/guido-rodriguez/profil/spieler/342385,https://img.a.transfermarkt.technology/portrait/big/342385-1668181269.jpg,apify-transfermarkt-global-player-scraper
573775,Hugo Duro,Hugo Duro Perales,hugo duro,1999-11-10,26,Spain,Centre-Forward,Striker,left,177,Valencia CF,1049,ES1,2028-06-30,12000000,12000000,16000000,2026-06-05,,0,0,4000000,https://www.transfermarkt.com/hugo-duro/profil/spieler/573775,https://img.a.transfermarkt.technology/portrait/big/573775-1683213249.jpg,apify-transfermarkt-global-player-scraper
834463,Iker Córdoba,Iker Córdoba Sánchez,iker cordoba,2005-11-11,20,Spain,Centre-Back,Defender,left,190,Valencia CF,1049,ES1,2028-06-30,500000,500000,500000,2026-06-22,,0,0,0,https://www.transfermarkt.com/iker-cordoba/profil/spieler/834463,,apify-transfermarkt-global-player-scraper
834764,Javi Guerra,Javier Guerra Moreno,javi guerra,2003-05-13,23,Spain,Central Midfield,Midfielder,right,187,Valencia CF,1049,ES1,2029-06-30,25000000,25000000,25000000,2026-06-05,,0,0,800000,https://www.transfermarkt.com/javi-guerra/profil/spieler/834764,https://img.a.transfermarkt.technology/portrait/big/834764-1696188716.jpg,apify-transfermarkt-global-player-scraper
623024,Jesús Vázquez,Jesús Vázquez Alcalde,jesus vazquez,2003-01-02,23,Spain,Left-Back,Defender,left,182,Valencia CF,1049,ES1,2028-06-30,4000000,4000000,5000000,2026-06-05,,0,0,0,https://www.transfermarkt.com/jesus-vazquez/profil/spieler/623024,https://img.a.transfermarkt.technology/portrait/big/623024-1644238446.jpg,apify-transfermarkt-global-player-scraper
520840,José Copete,José Manuel Arias Copete,jose copete,1999-10-10,26,Spain,Centre-Back,Defender,left,190,Valencia CF,1049,ES1,2029-06-30,5000000,5000000,5000000,2026-06-05,,0,0,3600000,https://www.transfermarkt.com/jose-copete/profil/spieler/520840,https://img.a.transfermarkt.technology/portrait/big/520840-1674915512.JPG,apify-transfermarkt-global-player-scraper
221322,José Gayà,José Luis Gayà Peña,jose gaya,1995-05-25,31,Spain,Left-Back,Defender,left,172,Valencia CF,1049,ES1,2027-06-30,4000000,5000000,50000000,2026-06-05,,0,0,0,https://www.transfermarkt.com/jose-gaya/profil/spieler/221322,https://img.a.transfermarkt.technology/portrait/big/221322-1605193468.jpg,apify-transfermarkt-global-player-scraper
328480,José Luis García Vayá,Pepelu,jose luis garcia vaya,1998-08-11,27,Spain,Defensive Midfield,Midfielder,right,186,Valencia CF,1049,ES1,2028-06-30,8000000,9000000,22000000,2026-06-05,,0,0,5000000,https://www.transfermarkt.com/pepelu/profil/spieler/328480,https://img.a.transfermarkt.technology/portrait/big/328480-1713971066.jpg,apify-transfermarkt-global-player-scraper
420196,Justin de Haas,Justin de Haas,justin de haas,2000-02-01,26,Netherlands,Centre-Back,Defender,left,194,Valencia CF,1049,ES1,2030-06-30,7000000,5000000,7000000,2026-05-28,,0,0,0,https://www.transfermarkt.com/justin-de-haas/profil/spieler/420196,https://img.a.transfermarkt.technology/portrait/big/420196-1605471356.jpg,apify-transfermarkt-global-player-scraper
278837,Luis Rioja,Luis Jesús Rioja González,luis rioja,1993-10-16,32,Spain,Right Winger,Striker,left,176,Valencia CF,1049,ES1,2027-06-30,1800000,2000000,4000000,2026-06-05,,0,0,3350000,https://www.transfermarkt.com/luis-rioja/profil/spieler/278837,https://img.a.transfermarkt.technology/portrait/big/278837-1647530464.jpg,apify-transfermarkt-global-player-scraper
346289,Mouctar Diakhaby,Mouctar Diakhaby,mouctar diakhaby,1996-12-19,29,Guinea; France,Centre-Back,Defender,right,192,Valencia CF,1049,ES1,2027-06-30,1500000,2000000,30000000,2026-06-05,,0,0,15000000,https://www.transfermarkt.com/mouctar-diakhaby/profil/spieler/346289,https://img.a.transfermarkt.technology/portrait/big/346289-1709636432.jpg,apify-transfermarkt-global-player-scraper
251845,Sergi Canós,Sergi Canós Tenés,sergi canos,1997-02-02,29,Spain,Left Winger,Striker,right,177,Valencia CF,1049,ES1,2027-06-30,600000,800000,14000000,2026-06-22,,0,0,6150000,https://www.transfermarkt.com/sergi-canos/profil/spieler/251845,https://img.a.transfermarkt.technology/portrait/big/251845-1538466933.jpg,apify-transfermarkt-global-player-scraper
165467,Stole Dimitrievski,Столе Димитриевски,stole dimitrievski,1993-12-25,32,North Macedonia; Spain,Goalkeeper,Goalkeeper,right,188,Valencia CF,1049,ES1,2028-06-30,2000000,2000000,4000000,2026-06-05,North Macedonia,90,0,1500000,https://www.transfermarkt.com/stole-dimitrievski/profil/spieler/165467,https://img.a.transfermarkt.technology/portrait/big/165467-1541150592.jpg,apify-transfermarkt-global-player-scraper
337715,Umar Sadiq,Umar Sadiq Mesbah,umar sadiq,1997-02-02,29,Nigeria,Centre-Forward,Striker,right,191,Valencia CF,1049,ES1,2028-06-30,4000000,4000000,18000000,2026-06-05,,0,0,41350000,https://www.transfermarkt.com/umar-sadiq/profil/spieler/337715,https://img.a.transfermarkt.technology/portrait/big/337715-1728040426.jpg,apify-transfermarkt-global-player-scraper
808477,Ahmed Sidibé,Ahmed Franck Sidibé,ahmed sidibe,2002-02-10,24,France,Centre-Back,Defender,left,189,Venezia FC,607,IT1,2028-06-30,600000,650000,750000,2026-06-04,,0,0,1000000,https://www.transfermarkt.com/ahmed-sidibe/profil/spieler/808477,https://img.a.transfermarkt.technology/portrait/big/808477-1653407928.jpg,apify-transfermarkt-global-player-scraper
357991,Alessandro Plizzari,Alessandro Plizzari,alessandro plizzari,2000-03-12,26,Italy,Goalkeeper,Goalkeeper,right,194,Venezia FC,607,IT1,2029-06-30,900000,1000000,2500000,2026-06-04,,0,0,875000,https://www.transfermarkt.com/alessandro-plizzari/profil/spieler/357991,https://img.a.transfermarkt.technology/portrait/big/357991-1697554707.png,apify-transfermarkt-global-player-scraper
184894,Alfred Duncan,Joseph Alfred Duncan,alfred duncan,1993-03-10,33,Ghana; Italy,Central Midfield,Midfielder,left,178,Venezia FC,607,IT1,2027-06-30,750000,1000000,18000000,2026-06-04,,0,0,27900000,https://www.transfermarkt.com/alfred-duncan/profil/spieler/184894,https://img.a.transfermarkt.technology/portrait/big/184894-1663591729.jpg,apify-transfermarkt-global-player-scraper
816861,Alvin Okoro,Alvin Obinna Okoro,alvin okoro,2005-03-26,21,Italy; Nigeria,Centre-Forward,Striker,right,181,Venezia FC,607,IT1,2028-06-30,2000000,800000,2000000,2026-06-04,Italy U21,1,0,250000,https://www.transfermarkt.com/alvin-okoro/profil/spieler/816861,https://img.a.transfermarkt.technology/portrait/big/816861-1767803760.jpg,apify-transfermarkt-global-player-scraper
364206,Andrea Adorante,Andrea Adorante,andrea adorante,2000-02-05,26,Italy,Centre-Forward,Striker,right,184,Venezia FC,607,IT1,2028-06-30,4500000,4000000,4500000,2026-06-04,,0,0,7375000,https://www.transfermarkt.com/andrea-adorante/profil/spieler/364206,https://img.a.transfermarkt.technology/portrait/big/364206-1611301906.jpg,apify-transfermarkt-global-player-scraper
917375,Antoine Hainaut,Antoine Hainaut,antoine hainaut,2002-02-18,24,France,Right-Back,Defender,right,187,Venezia FC,607,IT1,2028-06-30,4000000,3000000,4000000,2026-06-04,,0,0,850000,https://www.transfermarkt.com/antoine-hainaut/profil/spieler/917375,https://img.a.transfermarkt.technology/portrait/big/917375-1730185355.jpg,apify-transfermarkt-global-player-scraper
537767,Antonio Casas,Antonio Manuel Casas Marín,antonio casas,2000-03-30,26,Spain,Centre-Forward,Striker,right,183,Venezia FC,607,IT1,2028-06-30,650000,700000,800000,2026-06-04,,0,0,0,https://www.transfermarkt.com/antonio-casas/profil/spieler/537767,https://img.a.transfermarkt.technology/portrait/big/537767-1752474441.jpg,apify-transfermarkt-global-player-scraper
467563,Armel Bella-Kotchap,Armel Bella-Kotchap,armel bella kotchap,2001-12-11,24,Germany; Cameroon,Centre-Back,Defender,right,190,Venezia FC,607,IT1,2030-06-30,7000000,7500000,20000000,2026-05-29,,0,0,26500000,https://www.transfermarkt.com/armel-bella-kotchap/profil/spieler/467563,https://img.a.transfermarkt.technology/portrait/big/467563-1782806917.jpg,apify-transfermarkt-global-player-scraper
370998,Bartol Franjic,Bartol Franjić,bartol franjic,2000-01-14,26,Croatia,Left-Back,Defender,left,188,Venezia FC,607,IT1,,1000000,1000000,6500000,2026-06-04,,0,0,8750000,https://www.transfermarkt.com/bartol-franjic/profil/spieler/370998,https://img.a.transfermarkt.technology/portrait/big/370998-1723486731.png,apify-transfermarkt-global-player-scraper
566613,Bjarki Bjarkason,Bjarki Steinn Bjarkason,bjarki bjarkason,2000-05-11,26,Iceland,Left Midfield,Midfielder,right,180,Venezia FC,607,IT1,2027-06-30,700000,750000,800000,2026-06-04,,0,0,0,https://www.transfermarkt.com/bjarki-bjarkason/profil/spieler/566613,https://img.a.transfermarkt.technology/portrait/big/566613-1717660343.jpg,apify-transfermarkt-global-player-scraper
698560,Cheick Condé,Cheick Oumar Condé,cheick conde,2000-07-26,25,Guinea,Defensive Midfield,Midfielder,right,185,Venezia FC,607,IT1,2027-06-30,700000,1200000,4000000,2026-05-26,,0,0,2565000,https://www.transfermarkt.com/cheick-conde/profil/spieler/698560,https://img.a.transfermarkt.technology/portrait/big/698560-1720593327.jpg,apify-transfermarkt-global-player-scraper
666268,Daniel Fila,Daniel Fila,daniel fila,2002-08-21,23,Czech Republic,Centre-Forward,Striker,left,190,Venezia FC,607,IT1,2029-06-30,1600000,1800000,3000000,2026-06-04,,0,0,5650000,https://www.transfermarkt.com/daniel-fila/profil/spieler/666268,https://img.a.transfermarkt.technology/portrait/big/666268-1739282166.jpg,apify-transfermarkt-global-player-scraper
1370789,Edoardo Mariani,Edoardo Mariani,edoardo mariani,2008-01-15,18,Italy,Central Midfield,Midfielder,both,181,Venezia FC,607,IT1,2029-06-30,500000,200000,500000,2026-06-19,,0,0,500000,https://www.transfermarkt.com/edoardo-mariani/profil/spieler/1370789,https://img.a.transfermarkt.technology/portrait/big/1370789-1755932000.jpg,apify-transfermarkt-global-player-scraper
406806,Emil Bohinen,Emil Bohinen,emil bohinen,1999-03-12,27,Norway,Defensive Midfield,Midfielder,left,189,Venezia FC,607,IT1,2028-06-30,1000000,1300000,4000000,2026-06-04,,0,0,8880000,https://www.transfermarkt.com/emil-bohinen/profil/spieler/406806,https://img.a.transfermarkt.technology/portrait/big/406806-1730184593.jpg,apify-transfermarkt-global-player-scraper
552223,Filip Stanković,Филип Станковић,filip stankovic,2002-02-25,24,Serbia; Italy,Goalkeeper,Goalkeeper,right,187,Venezia FC,607,IT1,2029-06-30,8000000,7000000,8000000,2026-06-04,Serbia,2,0,1500000,https://www.transfermarkt.com/filip-stankovic/profil/spieler/552223,https://img.a.transfermarkt.technology/portrait/big/552223-1677782675.PNG,apify-transfermarkt-global-player-scraper
613393,Gaetano Oristanio,Gaetano Pio Oristanio,gaetano oristanio,2002-09-28,23,Italy,Attacking Midfield,Midfielder,left,174,Venezia FC,607,IT1,2029-06-30,5000000,6000000,6500000,2026-05-29,,0,0,4000000,https://www.transfermarkt.com/gaetano-oristanio/profil/spieler/613393,https://img.a.transfermarkt.technology/portrait/big/613393-1692963581.jpg,apify-transfermarkt-global-player-scraper
504209,Gianluca Busio,Gianluca Cristiano Busio,gianluca busio,2002-05-28,24,United States; Italy,Central Midfield,Midfielder,right,172,Venezia FC,607,IT1,2028-06-30,8000000,6000000,10000000,2026-06-04,,0,0,6000000,https://www.transfermarkt.com/gianluca-busio/profil/spieler/504209,https://img.a.transfermarkt.technology/portrait/big/504209-1717660047.jpg,apify-transfermarkt-global-player-scraper
354909,Giorgio Altare,Giorgio Altare,giorgio altare,1998-08-09,27,Italy,Centre-Back,Defender,right,190,Venezia FC,607,IT1,,600000,800000,2000000,2026-06-04,,0,0,2500000,https://www.transfermarkt.com/giorgio-altare/profil/spieler/354909,https://img.a.transfermarkt.technology/portrait/big/354909-1630510736.jpg,apify-transfermarkt-global-player-scraper
731510,Giovanni Di Renzo,Giovanni Paolo Di Renzo,giovanni di renzo,2002-06-15,24,Italy,Centre-Back,Defender,right,190,Venezia FC,607,IT1,2028-06-30,100000,100000,125000,2026-06-19,,0,0,100000,https://www.transfermarkt.com/giovanni-di-renzo/profil/spieler/731510,https://img.a.transfermarkt.technology/portrait/big/731510-1646134566.jpg,apify-transfermarkt-global-player-scraper
707809,Joël Schingtienne,Joël Marcel Schingtienne,joel schingtienne,2002-08-14,23,Belgium; DR Congo,Centre-Back,Defender,right,188,Venezia FC,607,IT1,2029-06-30,5000000,4500000,5000000,2026-06-04,,0,0,3000000,https://www.transfermarkt.com/joel-schingtienne/profil/spieler/707809,https://img.a.transfermarkt.technology/portrait/big/707809-1713280148.png,apify-transfermarkt-global-player-scraper
439914,John Yeboah,John Yeboah Zamora,john yeboah,2000-06-23,26,Ecuador; Germany,Second Striker,Striker,left,170,Venezia FC,607,IT1,2028-06-30,5500000,5000000,5500000,2026-06-04,Ecuador,27,3,4000000,https://www.transfermarkt.com/john-yeboah/profil/spieler/439914,https://img.a.transfermarkt.technology/portrait/big/439914-1781508134.jpg,apify-transfermarkt-global-player-scraper
862744,Junior Ligue,Calixte Paul Ligue,junior ligue,2005-03-21,21,Switzerland; Cote d'Ivoire,Left-Back,Defender,left,186,Venezia FC,607,IT1,2028-06-30,2500000,3500000,4000000,2026-06-04,,0,0,2500000,https://www.transfermarkt.com/junior-ligue/profil/spieler/862744,https://img.a.transfermarkt.technology/portrait/big/862744-1754377349.png,apify-transfermarkt-global-player-scraper
458816,Kevin Cannavò,Kevin Cannavò,kevin cannavo,2000-02-09,26,Malta; Italy,Left Winger,Striker,right,183,Venezia FC,607,IT1,2028-06-30,450000,450000,500000,2026-06-19,Malta,2,0,900000,https://www.transfermarkt.com/kevin-cannavo/profil/spieler/458816,https://img.a.transfermarkt.technology/portrait/big/458816-1567672619.png,apify-transfermarkt-global-player-scraper
527698,Kike Pérez,Enrique Pérez Muñoz,kike perez,1997-02-14,29,Spain,Central Midfield,Midfielder,left,184,Venezia FC,607,IT1,2027-06-30,2500000,2400000,4500000,2026-06-04,,0,0,1000000,https://www.transfermarkt.com/kike-perez/profil/spieler/527698,https://img.a.transfermarkt.technology/portrait/big/527698-1739282423.jpg,apify-transfermarkt-global-player-scraper
1148082,Kornel Lisman,Kornel Lisman,kornel lisman,2006-02-20,20,Poland,Left Winger,Striker,right,186,Venezia FC,607,IT1,2030-06-30,600000,600000,800000,2026-06-04,,0,0,2500000,https://www.transfermarkt.com/kornel-lisman/profil/spieler/1148082,https://img.a.transfermarkt.technology/portrait/big/1148082-1758475847.png,apify-transfermarkt-global-player-scraper
1126888,Lamine Fanne,Mouhamed Lamine Fanne Dabo,lamine fanne,2004-01-30,22,Spain; Senegal,Central Midfield,Midfielder,right,187,Venezia FC,607,IT1,2030-06-30,1600000,2500000,4000000,2026-06-04,,0,0,6500000,https://www.transfermarkt.com/lamine-fanne/profil/spieler/1126888,https://img.a.transfermarkt.technology/portrait/big/1126888-1718957854.jpg,apify-transfermarkt-global-player-scraper
307800,Lion Lauberbach,Lion Lauberbach,lion lauberbach,1998-02-15,28,Germany,Centre-Forward,Striker,left,194,Venezia FC,607,IT1,2029-06-30,2500000,2700000,2700000,2026-06-04,,0,0,3250000,https://www.transfermarkt.com/lion-lauberbach/profil/spieler/307800,https://img.a.transfermarkt.technology/portrait/big/307800-1657638785.jpg,apify-transfermarkt-global-player-scraper
1130743,Lorenzo Berardi,Lorenzo Berardi,lorenzo berardi,2006-04-05,20,Italy; France,Left Midfield,Midfielder,left,181,Venezia FC,607,IT1,2031-06-30,400000,400000,400000,2026-06-04,,0,0,1000000,https://www.transfermarkt.com/lorenzo-berardi/profil/spieler/1130743,https://img.a.transfermarkt.technology/portrait/big/1130743-1767016532.png,apify-transfermarkt-global-player-scraper
282169,Marin Šverko,Marin Šverko,marin sverko,1998-02-04,28,Croatia; Germany,Centre-Back,Defender,left,187,Venezia FC,607,IT1,2028-06-30,1500000,1300000,1500000,2026-06-04,,0,0,710000,https://www.transfermarkt.com/marin-sverko/profil/spieler/282169,https://img.a.transfermarkt.technology/portrait/big/282169-1695108109.jpg,apify-transfermarkt-global-player-scraper
663153,Marko Farji,"Marko Hussein Farji,  ماركو فرج",marko farji,2004-03-16,22,Iraq; Norway,Left Winger,Striker,right,184,Venezia FC,607,IT1,2030-06-30,1700000,1800000,2200000,2026-06-04,Iraq,14,0,1300000,https://www.transfermarkt.com/marko-farji/profil/spieler/663153,https://img.a.transfermarkt.technology/portrait/big/663153-1780495175.jpg,apify-transfermarkt-global-player-scraper
744621,Matteo Dagasso,Matteo Dagasso,matteo dagasso,2004-04-01,22,Italy,Central Midfield,Midfielder,left,175,Venezia FC,607,IT1,2030-06-30,3500000,3000000,3500000,2026-06-04,Italy,2,0,2000000,https://www.transfermarkt.com/matteo-dagasso/profil/spieler/744621,https://img.a.transfermarkt.technology/portrait/big/744621-1697555407.jpg,apify-transfermarkt-global-player-scraper
155038,Matteo Grandi,Matteo Grandi,matteo grandi,1992-10-12,33,Italy,Goalkeeper,Goalkeeper,right,190,Venezia FC,607,IT1,2028-06-30,50000,75000,400000,2026-06-04,,0,0,0,https://www.transfermarkt.com/matteo-grandi/profil/spieler/155038,https://img.a.transfermarkt.technology/portrait/big/155038-1608181369.jpg,apify-transfermarkt-global-player-scraper
537509,Mattia Compagnon,Mattia Compagnon,mattia compagnon,2001-11-06,24,Italy,Right Midfield,Midfielder,left,183,Venezia FC,607,IT1,2029-06-30,1000000,750000,1000000,2026-06-04,,0,0,4975000,https://www.transfermarkt.com/mattia-compagnon/profil/spieler/537509,https://img.a.transfermarkt.technology/portrait/big/537509-1634713040.jpg,apify-transfermarkt-global-player-scraper
441611,Michael Venturi,Michael Venturi,michael venturi,1999-01-23,27,Italy,Centre-Back,Defender,right,193,Venezia FC,607,IT1,2027-06-30,350000,400000,700000,2026-06-04,,0,0,300000,https://www.transfermarkt.com/michael-venturi/profil/spieler/441611,https://img.a.transfermarkt.technology/portrait/big/441611-1632461462.jpg,apify-transfermarkt-global-player-scraper
459945,Nunzio Lella,Nunzio Lella,nunzio lella,2000-07-28,25,Italy,Central Midfield,Midfielder,right,186,Venezia FC,607,IT1,2028-06-30,600000,650000,750000,2026-06-04,,0,0,800000,https://www.transfermarkt.com/nunzio-lella/profil/spieler/459945,https://img.a.transfermarkt.technology/portrait/big/459945-1717660440.jpg,apify-transfermarkt-global-player-scraper
655009,Richie Sagrado,Richie Sagrado Sebastiao,richie sagrado,2004-01-30,22,Belgium,Right-Back,Defender,right,182,Venezia FC,607,IT1,2028-06-30,1500000,1500000,2000000,2026-06-04,,0,0,2000000,https://www.transfermarkt.com/richie-sagrado/profil/spieler/655009,https://img.a.transfermarkt.technology/portrait/big/655009-1713279208.png,apify-transfermarkt-global-player-scraper
228444,Ridgeciano Haps,Ridgeciano Delano Leandro Haps,ridgeciano haps,1993-06-12,33,Suriname; Netherlands,Left-Back,Defender,left,175,Venezia FC,607,IT1,2028-06-30,700000,700000,6000000,2026-06-04,Suriname,28,2,6800000,https://www.transfermarkt.com/ridgeciano-haps/profil/spieler/228444,https://img.a.transfermarkt.technology/portrait/big/228444-1630656845.jpg,apify-transfermarkt-global-player-scraper
936684,Saad El Haddad,سعد الحداد,saad el haddad,2005-07-24,20,Morocco; Italy,Attacking Midfield,Midfielder,right,175,Venezia FC,607,IT1,2027-06-30,300000,400000,400000,2026-06-19,Morocco U23,1,0,0,https://www.transfermarkt.com/saad-el-haddad/profil/spieler/936684,https://img.a.transfermarkt.technology/portrait/big/936684-1724668787.jpg,apify-transfermarkt-global-player-scraper
490573,Seid Korac,Seid Korać,seid korac,2001-10-20,24,Luxembourg; Serbia,Centre-Back,Defender,right,191,Venezia FC,607,IT1,2029-06-30,1300000,1700000,3500000,2026-06-04,Luxembourg,23,2,1620000,https://www.transfermarkt.com/seid-korac/profil/spieler/490573,https://img.a.transfermarkt.technology/portrait/big/490573-1664283995.png,apify-transfermarkt-global-player-scraper
487836,Simone Panada,Simone Panada,simone panada,2002-06-02,24,Italy,Defensive Midfield,Midfielder,right,175,Venezia FC,607,IT1,2030-06-30,800000,900000,1000000,2026-06-19,,0,0,0,https://www.transfermarkt.com/simone-panada/profil/spieler/487836,https://img.a.transfermarkt.technology/portrait/big/487836-1664875640.png,apify-transfermarkt-global-player-scraper
367466,Thierry Correia,Thierry Rendall Correia,thierry correia,1999-03-09,27,Portugal; Cape Verde,Right-Back,Defender,right,176,Venezia FC,607,IT1,2027-06-30,2500000,3000000,14000000,2026-06-05,,0,0,12000000,https://www.transfermarkt.com/thierry-correia/profil/spieler/367466,https://img.a.transfermarkt.technology/portrait/big/367466-1548510976.jpg,apify-transfermarkt-global-player-scraper
488996,Thórir Jóhann Helgason,Þórir Jóhann Helgason,thorir johann helgason,2000-09-28,25,Iceland,Central Midfield,Midfielder,right,187,Venezia FC,607,IT1,2029-06-30,1800000,2300000,3000000,2026-05-29,,0,0,0,https://www.transfermarkt.com/thorir-johann-helgason/profil/spieler/488996,https://img.a.transfermarkt.technology/portrait/big/488996-1725530709.jpg,apify-transfermarkt-global-player-scraper
334835,Toma Bašić,Toma Bašić,toma basic,1996-11-25,29,Croatia,Central Midfield,Midfielder,left,190,Venezia FC,607,IT1,2029-06-30,3000000,2500000,10000000,2026-05-29,,0,0,10900000,https://www.transfermarkt.com/toma-basic/profil/spieler/334835,https://img.a.transfermarkt.technology/portrait/big/334835-1770717982.jpg,apify-transfermarkt-global-player-scraper
733576,Alberto Moleiro,Alberto Moleiro González,alberto moleiro,2003-09-30,22,Spain; Cuba,Left Winger,Striker,right,171,Villarreal CF,1050,ES1,2030-06-30,50000000,40000000,50000000,2026-06-05,,0,0,16000000,https://www.transfermarkt.com/alberto-moleiro/profil/spieler/733576,https://img.a.transfermarkt.technology/portrait/big/733576-1737365948.jpg,apify-transfermarkt-global-player-scraper
709380,Álex Forés,Álex Forés Mendoza,alex fores,2001-04-12,25,Spain,Centre-Forward,Striker,right,179,Villarreal CF,1050,ES1,2027-06-30,700000,800000,1500000,2026-06-05,,0,0,0,https://www.transfermarkt.com/alex-fores/profil/spieler/709380,https://img.a.transfermarkt.technology/portrait/big/709380-1715846218.jpg,apify-transfermarkt-global-player-scraper
985806,Alex Freeman,Alexander Michael Freeman,alex freeman,2004-08-09,21,United States,Right-Back,Defender,right,188,Villarreal CF,1050,ES1,2032-06-30,3500000,3500000,3500000,2026-06-05,United States,21,3,3500000,https://www.transfermarkt.com/alex-freeman/profil/spieler/985806,https://img.a.transfermarkt.technology/portrait/big/985806-1740780278.jpg,apify-transfermarkt-global-player-scraper
466783,Arnau Tenas,Arnau Tenas Ureña,arnau tenas,2001-05-30,25,Spain,Goalkeeper,Goalkeeper,right,185,Villarreal CF,1050,ES1,2029-06-30,4000000,4000000,5000000,2026-06-05,,0,0,2500000,https://www.transfermarkt.com/arnau-tenas/profil/spieler/466783,https://img.a.transfermarkt.technology/portrait/big/466783-1701444229.jpg,apify-transfermarkt-global-player-scraper
246968,Ayoze Pérez,Ayoze Pérez Gutiérrez,ayoze perez,1993-07-29,32,Spain,Centre-Forward,Striker,right,178,Villarreal CF,1050,ES1,2028-06-30,5000000,6000000,30000000,2026-06-05,,0,0,39400000,https://www.transfermarkt.com/ayoze-perez/profil/spieler/246968,https://img.a.transfermarkt.technology/portrait/big/246968-1716803546.jpg,apify-transfermarkt-global-player-scraper
709372,Carlos Romero,Carlos Romero Serrano,carlos romero,2001-10-29,24,Spain,Left-Back,Defender,left,174,Villarreal CF,1050,ES1,2031-06-30,25000000,25000000,25000000,2026-06-05,,0,0,0,https://www.transfermarkt.com/carlos-romero/profil/spieler/709372,https://img.a.transfermarkt.technology/portrait/big/709372-1747385379.jpg,apify-transfermarkt-global-player-scraper
945709,Dani Requena,Daniel Requena Sánchez,dani requena,2004-02-12,22,Spain,Central Midfield,Midfielder,right,186,Villarreal CF,1050,ES1,2027-06-30,1000000,800000,1000000,2026-06-22,Spain U21,2,0,0,https://www.transfermarkt.com/dani-requena/profil/spieler/945709,,apify-transfermarkt-global-player-scraper
341713,Diego Conde,Diego José Conde Alcoado,diego conde,1998-10-28,27,Spain,Goalkeeper,Goalkeeper,right,188,Villarreal CF,1050,ES1,2029-06-30,3000000,4000000,10000000,2026-06-05,,0,0,4000000,https://www.transfermarkt.com/diego-conde/profil/spieler/341713,https://img.a.transfermarkt.technology/portrait/big/341713-1669364743.jpg,apify-transfermarkt-global-player-scraper
729814,Georges Mikautadze,გიორგი მიქაუტაძე,georges mikautadze,2000-10-31,25,Georgia; France,Centre-Forward,Striker,right,176,Villarreal CF,1050,ES1,2031-06-30,30000000,28000000,30000000,2026-06-05,Georgia,43,23,78500000,https://www.transfermarkt.com/georges-mikautadze/profil/spieler/729814,https://img.a.transfermarkt.technology/portrait/big/729814-1719222514.jpg,apify-transfermarkt-global-player-scraper
177467,Gerard Moreno,Gerard Moreno Balagueró,gerard moreno,1992-04-07,34,Spain,Centre-Forward,Striker,left,180,Villarreal CF,1050,ES1,2027-06-30,2500000,2800000,40000000,2026-06-05,,0,0,21500000,https://www.transfermarkt.com/gerard-moreno/profil/spieler/177467,https://img.a.transfermarkt.technology/portrait/big/177467-1726231623.jpg,apify-transfermarkt-global-player-scraper
709969,Ilias Akhomach,"Ilias Akhomach Chakkour, إلياس أخوماش",ilias akhomach,2004-04-16,22,Morocco; Spain,Right Winger,Striker,left,175,Villarreal CF,1050,ES1,2028-06-30,12000000,12000000,15000000,2026-06-05,,0,0,0,https://www.transfermarkt.com/ilias-akhomach/profil/spieler/709969,https://img.a.transfermarkt.technology/portrait/big/709969-1636472170.jpg,apify-transfermarkt-global-player-scraper
480763,Juan Foyth,Juan Marcos Foyth,juan foyth,1998-01-12,28,Argentina; Spain,Centre-Back,Defender,right,187,Villarreal CF,1050,ES1,2029-06-30,8000000,10000000,25000000,2026-06-05,,0,0,25500000,https://www.transfermarkt.com/juan-foyth/profil/spieler/480763,https://img.a.transfermarkt.technology/portrait/big/480763-1662668281.jpg,apify-transfermarkt-global-player-scraper
484988,Logan Costa,Logan Evans Costa,logan costa,2001-04-01,25,Cape Verde; France,Centre-Back,Defender,right,190,Villarreal CF,1050,ES1,2030-06-30,15000000,18000000,18000000,2026-06-05,Cape Verde,28,0,18500000,https://www.transfermarkt.com/logan-costa/profil/spieler/484988,https://img.a.transfermarkt.technology/portrait/big/484988-1708555203.jpg,apify-transfermarkt-global-player-scraper
712107,Luiz Lúcio Reis Júnior,Luiz Júnior,luiz lucio reis junior,2001-01-14,25,Brazil; Portugal,Goalkeeper,Goalkeeper,left,192,Villarreal CF,1050,ES1,2030-06-30,12000000,12000000,12000000,2026-06-05,,0,0,12000000,https://www.transfermarkt.com/luiz-junior/profil/spieler/712107,https://img.a.transfermarkt.technology/portrait/big/712107-1758058969.jpg,apify-transfermarkt-global-player-scraper
343052,Nicolas Pépé,Nicolas Pépé,nicolas pepe,1995-05-29,31,Cote d'Ivoire; France,Right Winger,Striker,left,183,Villarreal CF,1050,ES1,2028-06-30,6000000,6000000,75000000,2026-06-05,Ivory Coast,57,14,98000000,https://www.transfermarkt.com/nicolas-pepe/profil/spieler/343052,https://img.a.transfermarkt.technology/portrait/big/343052-1758059244.jpg,apify-transfermarkt-global-player-scraper
485963,Pape Gueye,Pape Alassane Gueye,pape gueye,1999-01-24,27,Senegal; France,Central Midfield,Midfielder,left,189,Villarreal CF,1050,ES1,2028-06-30,40000000,40000000,40000000,2026-06-05,Senegal,45,7,0,https://www.transfermarkt.com/pape-gueye/profil/spieler/485963,https://img.a.transfermarkt.technology/portrait/big/485963-1768814767.jpg,apify-transfermarkt-global-player-scraper
1061336,Pau Navarro,Pau Navarro Badenes,pau navarro,2005-04-25,21,Spain,Centre-Back,Defender,right,185,Villarreal CF,1050,ES1,2030-06-30,15000000,10000000,15000000,2026-06-05,,0,0,0,https://www.transfermarkt.com/pau-navarro/profil/spieler/1061336,https://img.a.transfermarkt.technology/portrait/big/1061336-1734596703.jpg,apify-transfermarkt-global-player-scraper
783396,Ramón Terrats,Ramón Terrats Espacio,ramon terrats,2000-10-18,25,Spain,Central Midfield,Midfielder,left,181,Villarreal CF,1050,ES1,2027-06-30,3000000,3000000,4000000,2026-06-05,,0,0,2500000,https://www.transfermarkt.com/ramon-terrats/profil/spieler/783396,https://img.a.transfermarkt.technology/portrait/big/783396-1726231968.jpg,apify-transfermarkt-global-player-scraper
805714,Renato Veiga,Renato Palma Veiga,renato veiga,2003-07-29,22,Portugal; Cape Verde,Centre-Back,Defender,left,188,Villarreal CF,1050,ES1,2032-06-30,25000000,25000000,25000000,2026-06-05,Portugal,17,1,47350000,https://www.transfermarkt.com/renato-veiga/profil/spieler/805714,https://img.a.transfermarkt.technology/portrait/big/805714-1749414999.jpg,apify-transfermarkt-global-player-scraper
380598,Santi Comesaña,Santiago Comesaña Veiga,santi comesana,1996-10-05,29,Spain,Central Midfield,Midfielder,both,188,Villarreal CF,1050,ES1,2028-06-30,8000000,8000000,8000000,2026-06-05,,0,0,0,https://www.transfermarkt.com/santi-comesana/profil/spieler/380598,https://img.a.transfermarkt.technology/portrait/big/380598-1726231263.jpg,apify-transfermarkt-global-player-scraper
953901,Santiago Mouriño,Álvaro Santiago Mouriño González,santiago mourino,2002-02-13,24,Uruguay; Spain,Right-Back,Defender,right,186,Villarreal CF,1050,ES1,2030-06-30,20000000,10000000,20000000,2026-06-05,,0,0,19240000,https://www.transfermarkt.com/santiago-mourino/profil/spieler/953901,https://img.a.transfermarkt.technology/portrait/big/953901-1691396102.jpg,apify-transfermarkt-global-player-scraper
678406,Sergi Cardona,Sergi Cardona Bermúdez,sergi cardona,1999-07-08,26,Spain,Left-Back,Defender,both,186,Villarreal CF,1050,ES1,2027-06-30,9000000,9000000,10000000,2026-06-05,,0,0,0,https://www.transfermarkt.com/sergi-cardona/profil/spieler/678406,https://img.a.transfermarkt.technology/portrait/big/678406-1697540707.jpg,apify-transfermarkt-global-player-scraper
638793,Tajon Buchanan,Tajon Trevor Buchanan,tajon buchanan,1999-02-08,27,Canada; Jamaica,Right Winger,Striker,right,183,Villarreal CF,1050,ES1,2030-06-30,12000000,12000000,12000000,2026-06-05,Canada,65,8,23727272,https://www.transfermarkt.com/tajon-buchanan/profil/spieler/638793,https://img.a.transfermarkt.technology/portrait/big/638793-1758059596.jpg,apify-transfermarkt-global-player-scraper
972465,Tani Oluwaseyi,Tanitoluwa Oluwatimikhin Oluwaseyi,tani oluwaseyi,2000-05-15,26,Canada; Nigeria,Centre-Forward,Striker,left,187,Villarreal CF,1050,ES1,2030-06-30,7000000,8000000,8000000,2026-06-05,Canada,29,2,8000000,https://www.transfermarkt.com/tani-oluwaseyi/profil/spieler/972465,https://img.a.transfermarkt.technology/portrait/big/972465-1758059359.jpg,apify-transfermarkt-global-player-scraper
1127730,Thiago Fernández,Thiago Cruz Fernández,thiago fernandez,2004-04-03,22,Argentina,Left Winger,Striker,right,175,Villarreal CF,1050,ES1,2031-06-30,4500000,4500000,7000000,2026-06-05,,0,0,0,https://www.transfermarkt.com/thiago-fernandez/profil/spieler/1127730,https://img.a.transfermarkt.technology/portrait/big/1127730-1720647640.jpg,apify-transfermarkt-global-player-scraper
780630,Willy Kambwala,Willy Kambwala Ndengushi,willy kambwala,2004-08-25,21,France; DR Congo,Centre-Back,Defender,right,192,Villarreal CF,1050,ES1,2029-06-30,3000000,4000000,5000000,2026-06-05,,0,0,14000000,https://www.transfermarkt.com/willy-kambwala/profil/spieler/780630,https://img.a.transfermarkt.technology/portrait/big/780630-1743688107.jpg,apify-transfermarkt-global-player-scraper
1453066,Carlos Macià,Carlos Macià Coves,carlos macia,2008-09-01,17,Spain,Central Midfield,Midfielder,right,190,Villarreal CF B,11972,E3G2,2029-06-30,3000000,3000000,3000000,2026-06-05,,0,0,0,https://www.transfermarkt.com/carlos-macia/profil/spieler/1453066,https://img.a.transfermarkt.technology/portrait/big/1453066-1768693924.png,apify-transfermarkt-global-player-scraper
1331450,Hugo López,Hugo López Cortés,hugo lopez,2007-03-04,19,Spain,Left Winger,Striker,right,178,Villarreal CF B,11972,E3G2,2027-06-30,1000000,1000000,1000000,2026-06-23,Spain U19,9,6,0,https://www.transfermarkt.com/hugo-lopez/profil/spieler/1331450,https://img.a.transfermarkt.technology/portrait/big/1331450-1782832080.jpg,apify-transfermarkt-global-player-scraper
340394,Abdelhamid Sabiri,عبدالحميد صابيري,abdelhamid sabiri,1996-11-28,29,Morocco; Germany,Attacking Midfield,Midfielder,right,186,Without Club,515,,,850000,1000000,4000000,2026-05-29,,0,0,5570000,https://www.transfermarkt.com/abdelhamid-sabiri/profil/spieler/340394,https://img.a.transfermarkt.technology/portrait/big/340394-1661514460.jpg,apify-transfermarkt-global-player-scraper
451801,Abdul Mumin,Abdul Mumin Suleman,abdul mumin,1998-06-06,28,Ghana; Nigeria,Centre-Back,Defender,right,188,Without Club,515,,,3000000,4000000,5000000,2026-06-05,Ghana,5,0,2075000,https://www.transfermarkt.com/abdul-mumin/profil/spieler/451801,https://img.a.transfermarkt.technology/portrait/big/451801-1776270192.jpg,apify-transfermarkt-global-player-scraper
212847,Adam Webster,Adam Harry Webster,adam webster,1995-01-04,31,England,Centre-Back,Defender,right,190,Without Club,515,,,3000000,5000000,25000000,2026-06-03,,0,0,27172000,https://www.transfermarkt.com/adam-webster/profil/spieler/212847,https://img.a.transfermarkt.technology/portrait/big/212847-1681737411.jpg,apify-transfermarkt-global-player-scraper
177847,Adnan Januzaj,Adnan Januzaj,adnan januzaj,1995-02-05,31,Belgium; Kosovo,Right Winger,Striker,left,186,Without Club,515,,,1000000,1200000,15000000,2026-06-05,,0,0,8875000,https://www.transfermarkt.com/adnan-januzaj/profil/spieler/177847,https://img.a.transfermarkt.technology/portrait/big/177847-1685115304.png,apify-transfermarkt-global-player-scraper
207917,Alberto Moreno,Alberto Moreno Pérez,alberto moreno,1992-07-05,34,Spain,Left-Back,Defender,left,171,Without Club,515,,,1000000,1000000,15000000,2026-05-29,,0,0,18000000,https://www.transfermarkt.com/alberto-moreno/profil/spieler/207917,https://img.a.transfermarkt.technology/portrait/big/207917-1687268193.jpg,apify-transfermarkt-global-player-scraper
40433,Alexis Sánchez,Alexis Alejandro Sánchez Sánchez,alexis sanchez,1988-12-19,37,Chile,Second Striker,Striker,right,169,Without Club,515,,,1200000,1400000,70000000,2026-06-05,,0,0,106650000,https://www.transfermarkt.com/alexis-sanchez/profil/spieler/40433,https://img.a.transfermarkt.technology/portrait/big/40433-1759840737.jpg,apify-transfermarkt-global-player-scraper
709955,Ander Astralaga,Ander Astralaga Aranguren,ander astralaga,2004-03-03,22,Spain,Goalkeeper,Goalkeeper,right,190,Without Club,515,,,800000,800000,1000000,2026-06-22,,0,0,0,https://www.transfermarkt.com/ander-astralaga/profil/spieler/709955,https://img.a.transfermarkt.technology/portrait/big/709955-1733947865.jpg,apify-transfermarkt-global-player-scraper
167727,Andrea Belotti,Andrea Belotti,andrea belotti,1993-12-20,32,Italy,Centre-Forward,Striker,right,181,Without Club,515,,,1500000,1500000,40000000,2026-05-29,,0,0,19250000,https://www.transfermarkt.com/andrea-belotti/profil/spieler/167727,https://img.a.transfermarkt.technology/portrait/big/167727-1663581136.jpg,apify-transfermarkt-global-player-scraper
201574,Angus Gunn,Angus Fraser James Gunn,angus gunn,1996-01-22,30,Scotland; England,Goalkeeper,Goalkeeper,right,196,Without Club,515,,,1000000,1500000,10000000,2026-06-03,Scotland,25,0,17450000,https://www.transfermarkt.com/angus-gunn/profil/spieler/201574,https://img.a.transfermarkt.technology/portrait/big/201574-1716378186.jpg,apify-transfermarkt-global-player-scraper
131996,Bertrand Traoré,Bertrand Isidore Traoré,bertrand traore,1995-09-06,30,Burkina Faso,Right Winger,Striker,left,181,Without Club,515,,,4000000,5000000,20000000,2026-06-03,,0,0,33300000,https://www.transfermarkt.com/bertrand-traore/profil/spieler/131996,https://img.a.transfermarkt.technology/portrait/big/131996-1696603763.jpg,apify-transfermarkt-global-player-scraper
258914,Brad Collins,Bradley Ray Collins,brad collins,1997-02-18,29,England,Goalkeeper,Goalkeeper,right,184,Without Club,515,,,900000,1000000,1200000,2026-05-12,,0,0,580000,https://www.transfermarkt.com/brad-collins/profil/spieler/258914,https://img.a.transfermarkt.technology/portrait/big/258914-1782245713.jpg,apify-transfermarkt-global-player-scraper
199953,Caleb Ekuban,Caleb Ansah Ekuban,caleb ekuban,1994-03-23,32,Ghana; Italy,Centre-Forward,Striker,right,182,Without Club,515,,,1200000,1300000,7000000,2026-05-29,,0,0,4360000,https://www.transfermarkt.com/caleb-ekuban/profil/spieler/199953,https://img.a.transfermarkt.technology/portrait/big/199953-1707213734.jpg,apify-transfermarkt-global-player-scraper
16306,Carlos Henrique Casimiro,Casemiro,carlos henrique casimiro,1992-02-23,34,Brazil; Spain,Defensive Midfield,Midfielder,right,185,Without Club,515,,,6000000,8000000,80000000,2026-06-03,Brazil,91,10,99100000,https://www.transfermarkt.com/casemiro/profil/spieler/16306,https://img.a.transfermarkt.technology/portrait/big/16306-1699018876.jpg,apify-transfermarkt-global-player-scraper
127048,Cédric Bakambu,Cédric Bakambu,cedric bakambu,1991-04-11,35,DR Congo; France,Centre-Forward,Striker,right,182,Without Club,515,,,1200000,1400000,25000000,2026-06-05,Democratic Republic of the Congo,72,21,55000000,https://www.transfermarkt.com/cedric-bakambu/profil/spieler/127048,https://img.a.transfermarkt.technology/portrait/big/127048-1766415258.jpg,apify-transfermarkt-global-player-scraper
136514,Charalampos Lykogiannis,Χαράλαμπος Λυκογιάννης,charalampos lykogiannis,1993-10-22,32,Greece,Left-Back,Defender,left,191,Without Club,515,,,1200000,1500000,2500000,2026-05-29,,0,0,800000,https://www.transfermarkt.com/charalampos-lykogiannis/profil/spieler/136514,https://img.a.transfermarkt.technology/portrait/big/136514-1663656826.jpg,apify-transfermarkt-global-player-scraper
349503,Conor Chaplin,Conor Mark Chaplin,conor chaplin,1997-02-16,29,England,Second Striker,Striker,left,168,Without Club,515,,,2200000,3000000,8000000,2026-05-28,,0,0,1425000,https://www.transfermarkt.com/conor-chaplin/profil/spieler/349503,https://img.a.transfermarkt.technology/portrait/big/349503-1612349000.jpg,apify-transfermarkt-global-player-scraper
146509,Conor Townsend,Conor Stephen Townsend,conor townsend,1993-03-04,33,England,Left-Back,Defender,left,183,Without Club,515,,,350000,500000,2500000,2026-05-28,,0,0,1430000,https://www.transfermarkt.com/conor-townsend/profil/spieler/146509,https://img.a.transfermarkt.technology/portrait/big/146509-1738823694.jpg,apify-transfermarkt-global-player-scraper
237617,Cristian Herrera,Cristian Ignacio Herrera Pérez,cristian herrera,1991-03-13,35,Spain,Centre-Forward,Striker,both,182,Without Club,515,,,100000,100000,1500000,2026-06-22,,0,0,0,https://www.transfermarkt.com/cristian-herrera/profil/spieler/237617,https://img.a.transfermarkt.technology/portrait/big/237617-1545147445.jpg,apify-transfermarkt-global-player-scraper
356141,Daichi Kamada,鎌田 大地,daichi kamada,1996-08-05,29,Japan,Attacking Midfield,Midfielder,right,180,Without Club,515,,,10000000,12000000,30000000,2026-06-03,Japan,53,14,1600000,https://www.transfermarkt.com/daichi-kamada/profil/spieler/356141,https://img.a.transfermarkt.technology/portrait/big/356141-1707947777.jpg,apify-transfermarkt-global-player-scraper
319745,Dani Ceballos,Daniel Ceballos Fernández,dani ceballos,1996-08-07,29,Spain,Central Midfield,Midfielder,right,179,Without Club,515,,,7000000,8000000,45000000,2026-06-05,,0,0,16500000,https://www.transfermarkt.com/dani-ceballos/profil/spieler/319745,https://img.a.transfermarkt.technology/portrait/big/319745-1723666162.jpg,apify-transfermarkt-global-player-scraper
59561,Dani Parejo,Daniel Parejo Muñoz,dani parejo,1989-04-16,37,Spain,Central Midfield,Midfielder,right,182,Without Club,515,,,1000000,1200000,35000000,2026-06-05,,0,0,11250000,https://www.transfermarkt.com/dani-parejo/profil/spieler/59561,https://img.a.transfermarkt.technology/portrait/big/59561-1688725780.jpg,apify-transfermarkt-global-player-scraper
138927,Daniel Carvajal,Daniel Carvajal Ramos,daniel carvajal,1992-01-11,34,Spain,Right-Back,Defender,right,173,Without Club,515,,,4000000,6000000,60000000,2026-06-05,,0,0,11500000,https://www.transfermarkt.com/daniel-carvajal/profil/spieler/138927,https://img.a.transfermarkt.technology/portrait/big/138927-1721026790.jpg,apify-transfermarkt-global-player-scraper
59016,David Alaba,David Olatukunbo Alaba,david alaba,1992-06-24,34,Austria,Centre-Back,Defender,left,180,Without Club,515,,,3000000,3500000,65000000,2026-06-05,Austria,117,15,150000,https://www.transfermarkt.com/david-alaba/profil/spieler/59016,https://img.a.transfermarkt.technology/portrait/big/59016-1684921582.jpeg,apify-transfermarkt-global-player-scraper
568006,Dennis Cirkin,Denniss Cirkins,dennis cirkin,2002-04-06,24,Latvia; England,Left-Back,Defender,left,182,Without Club,515,,,6000000,8000000,8000000,2026-06-03,,0,0,0,https://www.transfermarkt.com/dennis-cirkin/profil/spieler/568006,https://img.a.transfermarkt.technology/portrait/big/568006-1711448219.jpg,apify-transfermarkt-global-player-scraper
505493,Diego Pampín,Diego Varela Pampín,diego pampin,2000-03-15,26,Spain,Left-Back,Defender,left,175,Without Club,515,,,1000000,1000000,1200000,2026-06-05,,0,0,0,https://www.transfermarkt.com/diego-pampin/profil/spieler/505493,https://img.a.transfermarkt.technology/portrait/big/505493-1698882821.jpg,apify-transfermarkt-global-player-scraper
249513,Diego Rico,Diego Rico Salguero,diego rico,1993-02-23,33,Spain,Left-Back,Defender,left,183,Without Club,515,,,1000000,1200000,10000000,2026-06-05,,0,0,18000000,https://www.transfermarkt.com/diego-rico/profil/spieler/249513,https://img.a.transfermarkt.technology/portrait/big/249513-1697221474.jpg,apify-transfermarkt-global-player-scraper
257376,Domingos Duarte,Domingos de Sousa Coutinho Meneses Duarte,domingos duarte,1995-03-10,31,Portugal,Centre-Back,Defender,right,192,Without Club,515,,,800000,800000,12000000,2026-06-05,,0,0,4462500,https://www.transfermarkt.com/domingos-duarte/profil/spieler/257376,https://img.a.transfermarkt.technology/portrait/big/257376-1583309064.jpg,apify-transfermarkt-global-player-scraper
357498,Dušan Vlahović,Душан Влаховић,dusan vlahovic,2000-01-28,26,Serbia,Centre-Forward,Striker,left,190,Without Club,515,,,35000000,35000000,85000000,2026-05-29,,0,0,88600000,https://www.transfermarkt.com/dusan-vlahovic/profil/spieler/357498,https://img.a.transfermarkt.technology/portrait/big/357498-1683293071.jpg,apify-transfermarkt-global-player-scraper
200056,Elseid Hysaj,Elseid Gëzim Hysaj,elseid hysaj,1994-02-02,32,Albania,Right-Back,Defender,right,182,Without Club,515,,,1200000,1500000,25000000,2026-05-29,Albania,99,2,5050000,https://www.transfermarkt.com/elseid-hysaj/profil/spieler/200056,https://img.a.transfermarkt.technology/portrait/big/200056-1661350737.jpg,apify-transfermarkt-global-player-scraper
184528,Emil Krafth,Emil Henry ­Kristoffer Krafth,emil krafth,1994-08-02,31,Sweden,Right-Back,Defender,right,184,Without Club,515,,,750000,1000000,5000000,2026-06-03,,0,0,7900000,https://www.transfermarkt.com/emil-krafth/profil/spieler/184528,https://img.a.transfermarkt.technology/portrait/big/184528-1674210829.jpg,apify-transfermarkt-global-player-scraper
376589,Eneko Jauregi,Eneko Jauregi Escobar,eneko jauregi,1996-07-13,29,Spain,Centre-Forward,Striker,right,187,Without Club,515,,,700000,700000,700000,2026-06-22,,0,0,0,https://www.transfermarkt.com/eneko-jauregi/profil/spieler/376589,https://img.a.transfermarkt.technology/portrait/big/376589-1725617508.jpg,apify-transfermarkt-global-player-scraper
298583,Eray Cömert,Eray Ervin Cömert,eray comert,1998-02-04,28,Switzerland; Türkiye,Centre-Back,Defender,right,183,Without Club,515,,,2500000,2500000,4000000,2026-06-05,Switzerland,22,0,800000,https://www.transfermarkt.com/eray-coemert/profil/spieler/298583,https://img.a.transfermarkt.technology/portrait/big/298583-1779792788.jpg,apify-transfermarkt-global-player-scraper
357884,Fernando Calero,Fernando Calero Villa,fernando calero,1995-09-14,30,Spain,Centre-Back,Defender,right,184,Without Club,515,,,2000000,2000000,10000000,2026-06-05,,0,0,8000000,https://www.transfermarkt.com/fernando-calero/profil/spieler/357884,https://img.a.transfermarkt.technology/portrait/big/357884-1447238696.jpg,apify-transfermarkt-global-player-scraper
161011,Filip Kostić,Филип Костић,filip kostic,1992-11-01,33,Serbia,Left Midfield,Midfielder,left,184,Without Club,515,,,2000000,3500000,40000000,2026-05-29,,0,0,42850000,https://www.transfermarkt.com/filip-kostic/profil/spieler/161011,https://img.a.transfermarkt.technology/portrait/big/161011-1757663094.jpg,apify-transfermarkt-global-player-scraper
256678,Filippo Romagna,Filippo Romagna,filippo romagna,1997-05-26,29,Italy,Centre-Back,Defender,right,186,Without Club,515,,,800000,800000,7000000,2026-05-29,,0,0,11400000,https://www.transfermarkt.com/filippo-romagna/profil/spieler/256678,https://img.a.transfermarkt.technology/portrait/big/256678-1751529345.jpg,apify-transfermarkt-global-player-scraper
131075,Francesco Acerbi,Francesco Acerbi,francesco acerbi,1988-02-10,38,Italy,Centre-Back,Defender,left,192,Without Club,515,,,2000000,2500000,15000000,2026-05-29,,0,0,32400000,https://www.transfermarkt.com/francesco-acerbi/profil/spieler/131075,https://img.a.transfermarkt.technology/portrait/big/131075-1663572709.jpg,apify-transfermarkt-global-player-scraper
341110,Franco Cervi,Franco Emanuel Cervi,franco cervi,1994-05-26,32,Argentina; Italy,Left Winger,Striker,left,166,Without Club,515,,,600000,700000,18000000,2026-06-05,,0,0,10700000,https://www.transfermarkt.com/franco-cervi/profil/spieler/341110,https://img.a.transfermarkt.technology/portrait/big/341110-1603798993.jpg,apify-transfermarkt-global-player-scraper
323255,Giacomo Satalino,Giacomo Satalino,giacomo satalino,1999-05-20,27,Italy,Goalkeeper,Goalkeeper,right,188,Without Club,515,,,400000,400000,400000,2026-05-29,,0,0,0,https://www.transfermarkt.com/giacomo-satalino/profil/spieler/323255,https://img.a.transfermarkt.technology/portrait/big/323255-1757662685.jpg,apify-transfermarkt-global-player-scraper
249730,Guillermo Maripán,Guillermo Alfonso Maripán Loaysa,guillermo maripan,1994-05-06,32,Chile,Centre-Back,Defender,right,193,Without Club,515,,,2000000,3000000,15000000,2026-05-29,Chile,62,2,25100000,https://www.transfermarkt.com/guillermo-maripan/profil/spieler/249730,https://img.a.transfermarkt.technology/portrait/big/249730-1730123458.jpg,apify-transfermarkt-global-player-scraper
279455,Harry Wilson,Harry Wilson,harry wilson,1997-03-22,29,Wales; England,Right Winger,Striker,left,173,Without Club,515,,,25000000,25000000,25000000,2026-06-03,,0,0,19100000,https://www.transfermarkt.com/harry-wilson/profil/spieler/279455,https://img.a.transfermarkt.technology/portrait/big/279455-1782301614.jpg,apify-transfermarkt-global-player-scraper
126665,Idrissa Gueye,Idrissa Gana Gueye,idrissa gueye,1989-09-26,36,Senegal,Defensive Midfield,Midfielder,right,174,Without Club,515,,,500000,1000000,30000000,2026-06-03,Senegal,135,7,51500000,https://www.transfermarkt.com/idrissa-gueye/profil/spieler/126665,https://img.a.transfermarkt.technology/portrait/big/126665-1746646577.jpg,apify-transfermarkt-global-player-scraper
542586,Illan Meslier,Illan Stéphane Meslier,illan meslier,2000-03-02,26,France,Goalkeeper,Goalkeeper,left,197,Without Club,515,,,8000000,10000000,22000000,2026-06-03,,0,0,6500000,https://www.transfermarkt.com/illan-meslier/profil/spieler/542586,https://img.a.transfermarkt.technology/portrait/big/542586-1677685317.jpg,apify-transfermarkt-global-player-scraper
401173,Jadon Sancho,Jadon Malik Sancho,jadon sancho,2000-03-25,26,England; Jamaica,Left Winger,Striker,right,180,Without Club,515,,,18000000,20000000,130000000,2026-06-03,,0,0,111662000,https://www.transfermarkt.com/jadon-sancho/profil/spieler/401173,https://img.a.transfermarkt.technology/portrait/big/401173-1688564217.jpg,apify-transfermarkt-global-player-scraper
227961,Jaime Mata,Jaime Mata Arnaiz,jaime mata,1988-10-24,37,Spain,Centre-Forward,Striker,right,186,Without Club,515,,,100000,100000,10000000,2026-06-22,,0,0,0,https://www.transfermarkt.com/jaime-mata/profil/spieler/227961,https://img.a.transfermarkt.technology/portrait/big/227961-1530601381.jpg,apify-transfermarkt-global-player-scraper
257727,Jamie Allen,Jamie Paul Allen,jamie allen,1995-01-29,31,England,Central Midfield,Midfielder,right,180,Without Club,515,,,500000,600000,1200000,2026-05-28,,0,0,450000,https://www.transfermarkt.com/jamie-allen/profil/spieler/257727,https://img.a.transfermarkt.technology/portrait/big/257727-1663853775.jpg,apify-transfermarkt-global-player-scraper
396333,Javi Montero,Francisco Javier Montero Rubio,javi montero,1999-01-14,27,Spain,Centre-Back,Defender,left,185,Without Club,515,,,1000000,1000000,10000000,2026-06-22,,0,0,1250000,https://www.transfermarkt.com/javi-montero/profil/spieler/396333,https://img.a.transfermarkt.technology/portrait/big/396333-1667044270.png,apify-transfermarkt-global-player-scraper
111195,Joël Veltman,Joël Ivo Veltman,joel veltman,1992-01-15,34,Netherlands,Right-Back,Defender,right,184,Without Club,515,,,1500000,2500000,10000000,2026-06-03,,0,0,1000000,https://www.transfermarkt.com/joel-veltman/profil/spieler/111195,https://img.a.transfermarkt.technology/portrait/big/111195-1700650522.jpg,apify-transfermarkt-global-player-scraper
29712,John Ruddy,John Thomas Gordon Ruddy,john ruddy,1986-10-24,39,England,Goalkeeper,Goalkeeper,right,192,Without Club,515,,,100000,100000,5000000,2026-06-03,,0,0,975000,https://www.transfermarkt.com/john-ruddy/profil/spieler/29712,https://img.a.transfermarkt.technology/portrait/big/29712-1736421115.jpg,apify-transfermarkt-global-player-scraper
186590,John Stones,John Stones,john stones,1994-05-28,32,England,Centre-Back,Defender,right,188,Without Club,515,,,12000000,15000000,60000000,2026-06-03,England,91,3,59100000,https://www.transfermarkt.com/john-stones/profil/spieler/186590,https://img.a.transfermarkt.technology/portrait/big/186590-1684764261.jpg,apify-transfermarkt-global-player-scraper
252677,José Luis Morales,José Luis Morales Nogales,jose luis morales,1987-07-23,38,Spain,Centre-Forward,Striker,right,180,Without Club,515,,,200000,300000,10000000,2026-06-05,,0,0,0,https://www.transfermarkt.com/jose-luis-morales/profil/spieler/252677,https://img.a.transfermarkt.technology/portrait/big/252677-1447315847.jpg,apify-transfermarkt-global-player-scraper
358250,Joseph Aidoo,Joseph Aidoo,joseph aidoo,1995-09-29,30,Ghana,Centre-Back,Defender,right,181,Without Club,515,,,1000000,1000000,8000000,2026-06-05,,0,0,9250000,https://www.transfermarkt.com/joseph-aidoo/profil/spieler/358250,https://img.a.transfermarkt.technology/portrait/big/358250-1773950910.jpg,apify-transfermarkt-global-player-scraper
483453,Josué Dorrio,Josué Dorrio Ortega,josue dorrio,1994-03-03,32,Spain,Right Winger,Striker,right,170,Without Club,515,,,300000,400000,800000,2026-06-22,,0,0,0,https://www.transfermarkt.com/josue-dorrio/profil/spieler/483453,https://img.a.transfermarkt.technology/portrait/big/483453-1781548642.jpg,apify-transfermarkt-global-player-scraper
169497,Juan Cruz,Juan-Cruz Álvaro Armada,juan cruz,1992-07-28,33,Spain,Left-Back,Defender,left,182,Without Club,515,,,1000000,1200000,2500000,2026-06-05,,0,0,3000000,https://www.transfermarkt.com/juan-cruz/profil/spieler/169497,https://img.a.transfermarkt.technology/portrait/big/169497-1732219962.jpg,apify-transfermarkt-global-player-scraper
121985,Juan Guilherme Nunes Jesus,Juan Jesus,juan guilherme nunes jesus,1991-06-10,35,Brazil; Italy,Centre-Back,Defender,left,185,Without Club,515,,,1500000,1500000,14000000,2026-05-29,,0,0,13800000,https://www.transfermarkt.com/juan-jesus/profil/spieler/121985,https://img.a.transfermarkt.technology/portrait/big/121985-1630496408.jpg,apify-transfermarkt-global-player-scraper
272812,Kingsley Ehizibue,Kingsley Osezele Ehizibue,kingsley ehizibue,1995-05-25,31,Netherlands; Nigeria,Right-Back,Defender,right,189,Without Club,515,,,2000000,2000000,3000000,2026-05-29,,0,0,3500000,https://www.transfermarkt.com/kingsley-ehizibue/profil/spieler/272812,https://img.a.transfermarkt.technology/portrait/big/272812-1753444231.jpg,apify-transfermarkt-global-player-scraper
64793,Leonardo Pavoletti,Leonardo Pavoletti,leonardo pavoletti,1988-11-26,37,Italy,Centre-Forward,Striker,right,188,Without Club,515,,,600000,700000,13000000,2026-05-29,,0,0,31300000,https://www.transfermarkt.com/leonardo-pavoletti/profil/spieler/64793,https://img.a.transfermarkt.technology/portrait/big/64793-1725530760.jpg,apify-transfermarkt-global-player-scraper
286297,Lorenzo Pellegrini,Lorenzo Pellegrini,lorenzo pellegrini,1996-06-19,30,Italy,Attacking Midfield,Midfielder,right,186,Without Club,515,,,8000000,9000000,45000000,2026-05-29,,0,0,11250000,https://www.transfermarkt.com/lorenzo-pellegrini/profil/spieler/286297,https://img.a.transfermarkt.technology/portrait/big/286297-1692962972.jpg,apify-transfermarkt-global-player-scraper
457931,Luiz Felipe Ramos Marchi,Luiz Felipe,luiz felipe ramos marchi,1997-03-22,29,Italy; Brazil,Centre-Back,Defender,right,187,Without Club,515,,,2000000,3000000,22000000,2026-06-05,,0,0,22750000,https://www.transfermarkt.com/luiz-felipe/profil/spieler/457931,https://img.a.transfermarkt.technology/portrait/big/457931-1595857216.jpg,apify-transfermarkt-global-player-scraper
27992,Luka Modrić,Luka Modrić,luka modric,1985-09-09,40,Croatia,Central Midfield,Midfielder,right,172,Without Club,515,,,3500000,4000000,55000000,2026-05-29,Croatia,202,29,57500000,https://www.transfermarkt.com/luka-modric/profil/spieler/27992,https://img.a.transfermarkt.technology/portrait/big/27992-1687776160.jpg,apify-transfermarkt-global-player-scraper
541621,Marc Vidal,Marc Vicente Vidal Girona,marc vidal,2000-02-14,26,Spain,Goalkeeper,Goalkeeper,right,185,Without Club,515,,,300000,300000,300000,2026-06-05,,0,0,0,https://www.transfermarkt.com/marc-vidal/profil/spieler/541621,https://img.a.transfermarkt.technology/portrait/big/541621-1772461246.jpeg,apify-transfermarkt-global-player-scraper
197131,Marco Sangalli,Marco Sangalli Fuentes,marco sangalli,1992-02-07,34,Spain; Italy,Right-Back,Defender,right,179,Without Club,515,,,150000,200000,700000,2026-06-22,,0,0,0,https://www.transfermarkt.com/marco-sangalli/profil/spieler/197131,https://img.a.transfermarkt.technology/portrait/big/197131-1623920261.jpg,apify-transfermarkt-global-player-scraper
128969,Mathew Ryan,Mathew David Ryan,mathew ryan,1992-04-08,34,Australia; Scotland,Goalkeeper,Goalkeeper,right,184,Without Club,515,,,1800000,2000000,10000000,2026-06-05,Australia,105,0,14875000,https://www.transfermarkt.com/mathew-ryan/profil/spieler/128969,https://img.a.transfermarkt.technology/portrait/big/128969-1668505563.jpg,apify-transfermarkt-global-player-scraper
250478,Matt Targett,Matthew Robert Targett,matt targett,1995-09-18,30,England; Scotland,Left-Back,Defender,left,183,Without Club,515,,,3000000,3500000,17000000,2026-05-28,,0,0,33000000,https://www.transfermarkt.com/matt-targett/profil/spieler/250478,https://img.a.transfermarkt.technology/portrait/big/250478-1772541862.jpg,apify-transfermarkt-global-player-scraper
607780,Miguel Ángel Morro,Miguel Ángel Morro Muñoz,miguel angel morro,2000-09-11,25,Spain,Goalkeeper,Goalkeeper,left,195,Without Club,515,,,300000,300000,600000,2026-06-24,,0,0,0,https://www.transfermarkt.com/miguel-angel-morro/profil/spieler/607780,https://img.a.transfermarkt.technology/portrait/big/607780-1698946569.jpg,apify-transfermarkt-global-player-scraper
271455,Mihailo Ristic,Михаило Ристић,mihailo ristic,1995-10-31,30,Serbia; Bosnia-Herzegovina,Left-Back,Defender,left,180,Without Club,515,,,800000,800000,3500000,2026-06-05,,0,0,4100000,https://www.transfermarkt.com/mihailo-ristic/profil/spieler/271455,https://img.a.transfermarkt.technology/portrait/big/271455-1769759453.jpg,apify-transfermarkt-global-player-scraper
148455,Mohamed Salah,"Mohamed Salah Hamed Ghaly, محمد صلاح",mohamed salah,1992-06-15,34,Egypt,Right Winger,Striker,left,175,Without Club,515,,,22000000,30000000,150000000,2026-06-03,Egypt,118,66,81000000,https://www.transfermarkt.com/mohamed-salah/profil/spieler/148455,https://img.a.transfermarkt.technology/portrait/big/148455-1727337594.jpg,apify-transfermarkt-global-player-scraper
961902,Neco Celorio,Neco Celorio García,neco celorio,2004-03-07,22,Spain,Attacking Midfield,Midfielder,right,172,Without Club,515,,,300000,300000,300000,2026-06-23,,0,0,0,https://www.transfermarkt.com/neco-celorio/profil/spieler/961902,https://img.a.transfermarkt.technology/portrait/big/961902-1771440676.png,apify-transfermarkt-global-player-scraper
74294,Nemanja Gudelj,Немања Гудељ,nemanja gudelj,1991-11-16,34,Serbia; Netherlands,Defensive Midfield,Midfielder,right,187,Without Club,515,,,2000000,2500000,7000000,2026-06-05,,0,0,21800000,https://www.transfermarkt.com/nemanja-gudelj/profil/spieler/74294,https://img.a.transfermarkt.technology/portrait/big/74294-1718893660.jpg,apify-transfermarkt-global-player-scraper
559801,Niall Huggins,Niall Joseph Huggins,niall huggins,2000-12-18,25,Wales; England,Right-Back,Defender,right,173,Without Club,515,,,600000,750000,800000,2026-05-12,,0,0,0,https://www.transfermarkt.com/niall-huggins/profil/spieler/559801,https://img.a.transfermarkt.technology/portrait/big/559801-1724771042.jpg,apify-transfermarkt-global-player-scraper
136111,Nicola Leali,Nicola Leali,nicola leali,1993-02-17,33,Italy,Goalkeeper,Goalkeeper,right,193,Without Club,515,,,1000000,1500000,6000000,2026-05-29,,0,0,6645000,https://www.transfermarkt.com/nicola-leali/profil/spieler/136111,https://img.a.transfermarkt.technology/portrait/big/136111-1692963337.jpg,apify-transfermarkt-global-player-scraper
73517,Ørjan Nyland,Ørjan Håskjold Nyland,orjan nyland,1990-09-10,35,Norway,Goalkeeper,Goalkeeper,right,192,Without Club,515,,,800000,900000,3000000,2026-06-05,Norway,75,0,4000000,https://www.transfermarkt.com/oerjan-nyland/profil/spieler/73517,https://img.a.transfermarkt.technology/portrait/big/73517-1779430891.jpg,apify-transfermarkt-global-player-scraper
331505,Óscar Mingueza,Óscar Mingueza García,oscar mingueza,1999-05-13,27,Spain,Right-Back,Defender,right,184,Without Club,515,,,18000000,18000000,20000000,2026-06-05,,0,0,0,https://www.transfermarkt.com/oscar-mingueza/profil/spieler/331505,https://img.a.transfermarkt.technology/portrait/big/331505-1698852962.jpg,apify-transfermarkt-global-player-scraper
568835,Pablo Martínez,Pablo Martínez Andrés,pablo martinez,1998-02-22,28,Spain,Central Midfield,Midfielder,right,182,Without Club,515,,,3000000,2000000,3000000,2026-06-05,,0,0,0,https://www.transfermarkt.com/pablo-martinez/profil/spieler/568835,https://img.a.transfermarkt.technology/portrait/big/568835-1632129599.jpg,apify-transfermarkt-global-player-scraper
206050,Paulo Dybala,Paulo Exequiel Dybala,paulo dybala,1993-11-15,32,Argentina; Italy,Second Striker,Striker,left,177,Without Club,515,,,5000000,5000000,110000000,2026-05-29,,0,0,52900000,https://www.transfermarkt.com/paulo-dybala/profil/spieler/206050,https://img.a.transfermarkt.technology/portrait/big/206050-1725530843.jpg,apify-transfermarkt-global-player-scraper
65278,Pedro Eliezer Rodríguez Ledesma,Pedro,pedro eliezer rodriguez ledesma,1987-07-28,38,Spain,Right Winger,Striker,both,167,Without Club,515,,,1000000,1000000,30000000,2026-05-29,,0,0,27000000,https://www.transfermarkt.com/pedro/profil/spieler/65278,https://img.a.transfermarkt.technology/portrait/big/65278-1695027154.jpg,apify-transfermarkt-global-player-scraper
54217,Raúl Fernández,Raúl Fernández Cavada Mateos,raul fernandez,1988-03-13,38,Spain,Goalkeeper,Goalkeeper,right,195,Without Club,515,,,100000,200000,1500000,2026-06-05,,0,0,0,https://www.transfermarkt.com/raul-fernandez/profil/spieler/54217,https://img.a.transfermarkt.technology/portrait/big/54217-1498749052.jpg,apify-transfermarkt-global-player-scraper
148252,Remo Freuler,Remo Marco Freuler,remo freuler,1992-04-15,34,Switzerland,Central Midfield,Midfielder,right,181,Without Club,515,,,3000000,4000000,25000000,2026-05-29,Switzerland,92,11,13650000,https://www.transfermarkt.com/remo-freuler/profil/spieler/148252,https://img.a.transfermarkt.technology/portrait/big/148252-1688044464.jpg,apify-transfermarkt-global-player-scraper
268642,Renzo Saravia,Renzo Saravia,renzo saravia,1993-06-16,33,Argentina,Right-Back,Defender,right,178,Without Club,515,,,1400000,1500000,5000000,2026-06-05,,0,0,6770000,https://www.transfermarkt.com/renzo-saravia/profil/spieler/268642,https://img.a.transfermarkt.technology/portrait/big/268642-1744822164.JPG,apify-transfermarkt-global-player-scraper
503679,Rhys Williams,Rhys Williams,rhys williams,2001-02-03,25,England; Jamaica,Centre-Back,Defender,right,195,Without Club,515,,,500000,500000,5000000,2026-06-03,,0,0,0,https://www.transfermarkt.com/rhys-williams/profil/spieler/503679,https://img.a.transfermarkt.technology/portrait/big/503679-1674491393.jpg,apify-transfermarkt-global-player-scraper
86784,Ricardo Rodríguez,Ricardo Iván Rodríguez Araya,ricardo rodriguez,1992-08-25,33,Switzerland; Chile,Left-Back,Defender,left,182,Without Club,515,,,1400000,1500000,28000000,2026-06-05,Switzerland,142,9,25700000,https://www.transfermarkt.com/ricardo-rodriguez/profil/spieler/86784,https://img.a.transfermarkt.technology/portrait/big/86784-1718216908.jpg,apify-transfermarkt-global-player-scraper
38253,Robert Lewandowski,Robert Lewandowski,robert lewandowski,1988-08-21,37,Poland,Centre-Forward,Striker,right,186,Without Club,515,,,7000000,8000000,90000000,2026-06-05,Poland,167,89,50130000,https://www.transfermarkt.com/robert-lewandowski/profil/spieler/38253,https://img.a.transfermarkt.technology/portrait/big/38253-1760445524.jpg,apify-transfermarkt-global-player-scraper
874538,Ryan Trevitt,Ryan Joseph Trevitt,ryan trevitt,2003-03-12,23,England,Central Midfield,Midfielder,right,170,Without Club,515,,,275000,275000,275000,2026-05-12,,0,0,0,https://www.transfermarkt.com/ryan-trevitt/profil/spieler/874538,https://img.a.transfermarkt.technology/portrait/big/874538-1686580996.jpg,apify-transfermarkt-global-player-scraper
68390,Séamus Coleman,Séamus Coleman,seamus coleman,1988-10-11,37,Ireland,Right-Back,Defender,right,177,Without Club,515,,,200000,300000,19000000,2026-06-03,Republic of Ireland,81,1,70000,https://www.transfermarkt.com/seamus-coleman/profil/spieler/68390,https://img.a.transfermarkt.technology/portrait/big/68390-1774469102.jpg,apify-transfermarkt-global-player-scraper
85370,Sergi Roberto,Sergio Roberto Carnicer,sergi roberto,1992-02-07,34,Spain,Central Midfield,Midfielder,right,178,Without Club,515,,,1400000,1500000,60000000,2026-05-29,,0,0,0,https://www.transfermarkt.com/sergi-roberto/profil/spieler/85370,https://img.a.transfermarkt.technology/portrait/big/85370-1662585931.jpg,apify-transfermarkt-global-player-scraper
209212,Solly March,Solomon Benjamin March,solly march,1994-07-20,31,England,Right Winger,Striker,left,180,Without Club,515,,,1000000,2000000,22000000,2026-06-03,,0,0,5000,https://www.transfermarkt.com/solly-march/profil/spieler/209212,https://img.a.transfermarkt.technology/portrait/big/209212-1682348330.jpeg,apify-transfermarkt-global-player-scraper
85941,Stefan Ortega,Stefan Ortega Moreno,stefan ortega,1992-11-06,33,Germany; Spain,Goalkeeper,Goalkeeper,right,185,Without Club,515,,,4000000,5000000,9000000,2026-06-03,,0,0,580000,https://www.transfermarkt.com/stefan-ortega/profil/spieler/85941,https://img.a.transfermarkt.technology/portrait/big/85941-1668065114.jpg,apify-transfermarkt-global-player-scraper
197901,Stefano Minelli,Stefano Minelli,stefano minelli,1994-03-05,32,Italy,Goalkeeper,Goalkeeper,left,186,Without Club,515,,,100000,200000,1000000,2026-06-04,,0,0,0,https://www.transfermarkt.com/stefano-minelli/profil/spieler/197901,https://img.a.transfermarkt.technology/portrait/big/197901-1632538991.jpg,apify-transfermarkt-global-player-scraper
381469,Steven Benda,Steven-Andreas Benda,steven benda,1998-10-01,27,Germany,Goalkeeper,Goalkeeper,right,192,Without Club,515,,,1000000,1000000,1000000,2026-05-28,,0,0,870000,https://www.transfermarkt.com/steven-benda/profil/spieler/381469,https://img.a.transfermarkt.technology/portrait/big/381469-1737920445.jpg,apify-transfermarkt-global-player-scraper
230784,Thomas Partey,Thomas Teye Partey,thomas partey,1993-06-13,33,Ghana,Defensive Midfield,Midfielder,right,185,Without Club,515,,,2000000,2500000,50000000,2026-06-05,Ghana,60,15,50000000,https://www.transfermarkt.com/thomas-partey/profil/spieler/230784,https://img.a.transfermarkt.technology/portrait/big/230784-1780562135.jpg,apify-transfermarkt-global-player-scraper
663225,Tyler Onyango,Tyler Jaden Napier Edward Onyango,tyler onyango,2003-03-04,23,England; Kenya,Central Midfield,Midfielder,right,196,Without Club,515,,,350000,300000,500000,2026-05-12,,0,0,0,https://www.transfermarkt.com/tyler-onyango/profil/spieler/663225,https://img.a.transfermarkt.technology/portrait/big/663225-1728895408.jpg,apify-transfermarkt-global-player-scraper
339340,Tyrell Malacia,Tyrell Johannes Chicco Malacia,tyrell malacia,1999-08-17,26,Netherlands; Curacao,Left-Back,Defender,left,169,Without Club,515,,,4000000,5000000,22000000,2026-06-03,,0,0,15000000,https://www.transfermarkt.com/tyrell-malacia/profil/spieler/339340,https://img.a.transfermarkt.technology/portrait/big/339340-1657096025.jpg,apify-transfermarkt-global-player-scraper
186368,Valentino Lazaro,Valentino Lando Lazaro,valentino lazaro,1996-03-24,30,Austria,Right Midfield,Midfielder,right,181,Without Club,515,,,2500000,4000000,19000000,2026-05-29,,0,0,39506000,https://www.transfermarkt.com/valentino-lazaro/profil/spieler/186368,https://img.a.transfermarkt.technology/portrait/big/186368-1692819728.jpg,apify-transfermarkt-global-player-scraper
281588,Víctor García,Víctor Garcia Marín,victor garcia,1994-05-31,32,Spain,Left-Back,Defender,left,180,Without Club,515,,,250000,300000,550000,2026-06-22,,0,0,0,https://www.transfermarkt.com/victor-garcia/profil/spieler/281588,https://img.a.transfermarkt.technology/portrait/big/281588-1668768846.png,apify-transfermarkt-global-player-scraper
142310,Willy Boly,Willy-Arnaud Zobo Boly,willy boly,1991-02-03,35,Cote d'Ivoire; France,Centre-Back,Defender,right,195,Without Club,515,,,300000,500000,18000000,2026-06-03,,0,0,21100000,https://www.transfermarkt.com/willy-boly/profil/spieler/142310,https://img.a.transfermarkt.technology/portrait/big/142310-1663057112.jpg,apify-transfermarkt-global-player-scraper
410425,Yves Bissouma,Yves Bissouma,yves bissouma,1996-08-30,29,Mali; Cote d'Ivoire,Defensive Midfield,Midfielder,right,182,Without Club,515,,,10000000,12000000,35000000,2026-06-03,,0,0,46000000,https://www.transfermarkt.com/yves-bissouma/profil/spieler/410425,https://img.a.transfermarkt.technology/portrait/big/410425-1665607355.jpg,apify-transfermarkt-global-player-scraper
251075,Zeki Çelik,Mehmet Zeki Çelik,zeki celik,1997-02-17,29,Türkiye,Right-Back,Defender,right,180,Without Club,515,,,14000000,12000000,20000000,2026-05-29,Turkiye,63,3,11150000,https://www.transfermarkt.com/zeki-celik/profil/spieler/251075,https://img.a.transfermarkt.technology/portrait/big/251075-1725530746.jpg,apify-transfermarkt-global-player-scraper
95810,Kieran Trippier,Kieran John Trippier,kieran trippier,1990-09-19,35,England,Right-Back,Defender,right,173,Wolverhampton Wanderers,543,GB2,2028-06-30,1500000,2500000,35000000,2026-06-03,,0,0,40900000,https://www.transfermarkt.com/kieran-trippier/profil/spieler/95810,https://img.a.transfermarkt.technology/portrait/big/95810-1696454076.jpg,apify-transfermarkt-global-player-scraper
206040,Raúl Jiménez,Raúl Alonso Jiménez Rodríguez,raul jimenez,1991-05-05,35,Mexico,Centre-Forward,Striker,right,188,Wolverhampton Wanderers,543,GB2,2028-06-30,3000000,4000000,50000000,2026-06-03,Mexico,129,47,79900000,https://www.transfermarkt.com/raul-jimenez/profil/spieler/206040,https://img.a.transfermarkt.technology/portrait/big/206040-1782888297.jpg,apify-transfermarkt-global-player-scraper
