tbg_player_id,canonical_name,display_name,full_name,name_key,date_of_birth,nationality,primary_position,position_category,transfermarkt_id,soccerwiki_id,api_football_id,current_club,current_competition_code,status,last_seen_source,last_seen_at
tbg-tm-01145504,Aarón Anselmino,Aarón Anselmino,Aarón Anselmino,aaron anselmino,2005-04-29,Argentina,Centre-Back,Defender,1145504,,,Chelsea FC,GB1,active,transfermarkt,2026-07-04T18:14:41.666Z
tbg-tm-00591949,Aaron Hickey,Aaron Hickey,Aaron Buchanan Hickey,aaron hickey,2002-06-10,Scotland,Right-Back,Defender,591949,,,Brentford FC,GB1,active,transfermarkt,2026-07-04T18:17:55.967Z
tbg-tm-00654412,Abdoullah Ba,Abdoullah Ba,Abdoullah Ba,abdoullah ba,2003-07-31,France; Mauritania,Right Midfield,Midfielder,654412,,,Sunderland AFC,GB1,active,transfermarkt,2026-07-04T18:18:53.952Z
tbg-tm-00763079,Abdukodir Khusanov,Abdukodir Khusanov,"Xusanov Abduqodir Xikmatjon o‘g‘li, Хусанов Абдуқодир Ҳикматжон ўғли",abdukodir khusanov,2004-02-29,Uzbekistan,Centre-Back,Defender,763079,,,Manchester City,GB1,active,transfermarkt,2026-07-04T18:14:09.955Z
tbg-tm-00271495,Abdülkadir Ömür,Abdülkadir Ömür,Abdülkadir Ömür,abdulkadir omur,1999-06-25,Türkiye,Right Midfield,Midfielder,271495,,,Hull City,GB1,active,transfermarkt,2026-07-04T18:20:29.283Z
tbg-tm-00696764,Abu Kamara,Abu Kamara,Abu Bakarr Kamara,abu kamara,2003-07-21,England; Sierra Leone,Right Winger,Striker,696764,,,Hull City,GB1,active,transfermarkt,2026-07-04T18:20:31.237Z
tbg-tm-00938146,Adam Aznou,Adam Aznou,آدم أزنو,adam aznou,2006-06-02,Morocco; Spain,Left-Back,Defender,938146,,,Everton FC,GB1,active,transfermarkt,2026-07-04T18:18:19.840Z
tbg-tm-00061841,Adam Smith,Adam Smith,Adam James Smith,adam smith,1991-04-29,England,Right-Back,Defender,61841,,,AFC Bournemouth,GB1,active,transfermarkt,2026-07-04T18:16:38.373Z
tbg-tm-00212847,Adam Webster,Adam Webster,Adam Harry Webster,adam webster,1995-01-04,England,Centre-Back,Defender,212847,,,Without Club,,active,transfermarkt,2026-07-04T18:16:06.020Z
tbg-tm-00744149,Adam Wharton,Adam Wharton,Adam James Wharton,adam wharton,2004-02-06,England,Defensive Midfield,Midfielder,744149,,,Crystal Palace,GB1,active,transfermarkt,2026-07-04T18:17:28.440Z
tbg-tm-00654539,Adrien Truffert,Adrien Truffert,Adrien Truffert,adrien truffert,2001-11-20,France; Belgium,Left-Back,Defender,654539,,,AFC Bournemouth,GB1,active,transfermarkt,2026-07-04T18:16:35.710Z
tbg-tm-01015619,Ahmed Abdullahi,Ahmed Abdullahi,Ahmed Abdullahi,ahmed abdullahi,2004-06-19,Nigeria,Centre-Forward,Striker,1015619,,,Sunderland AFC,GB1,active,transfermarkt,2026-07-04T18:19:01.735Z
tbg-tm-00502065,Aji Alese,Aji Alese,Ajibola Joshua Odunayo Afolarin Alese,aji alese,2001-01-17,England; Nigeria,Centre-Back,Defender,502065,,,Sunderland AFC,GB1,active,transfermarkt,2026-07-04T18:18:43.652Z
tbg-tm-00425713,Akin Famewo,Akin Famewo,Akinlolu Richard Olamide Famewo,akin famewo,1998-11-09,England; Nigeria,Centre-Back,Defender,425713,,,Bolton Wanderers,GB2,active,transfermarkt,2026-07-04T18:20:35.135Z
tbg-tm-00277697,Alan Browne,Alan Browne,Alan James Browne,alan browne,1995-04-15,Ireland,Central Midfield,Midfielder,277697,,,Sunderland AFC,GB1,active,transfermarkt,2026-07-04T18:18:53.081Z
tbg-tm-00811779,Alejandro Garnacho,Alejandro Garnacho,Alejandro Garnacho Ferreyra,alejandro garnacho,2004-07-01,Argentina; Spain,Left Winger,Striker,811779,,,Chelsea FC,GB1,active,transfermarkt,2026-07-04T18:14:48.478Z
tbg-tm-00888493,Alejo Veliz,Alejo Veliz,Alejo Veliz,alejo veliz,2003-09-19,Argentina,Centre-Forward,Striker,888493,,,Esporte Clube Bahia,BRA1,active,transfermarkt,2026-07-04T18:15:24.499Z
tbg-tm-00194386,Alex Cairns,Alex Cairns,Alexander Thomas Cairns,alex cairns,1993-01-04,England,Goalkeeper,Goalkeeper,194386,,,Leeds United,GB1,active,transfermarkt,2026-07-04T18:19:08.220Z
tbg-tm-00242631,Alex Iwobi,Alex Iwobi,Alexander Chuka Iwobi,alex iwobi,1996-05-03,Nigeria; England,Left Winger,Striker,242631,,,Fulham FC,GB1,active,transfermarkt,2026-07-04T18:19:43.401Z
tbg-tm-00741257,Álex Jiménez,Álex Jiménez,Alejandro Jiménez Sánchez,alex jimenez,2005-05-08,Spain,Right-Back,Defender,741257,,,AFC Bournemouth,GB1,active,transfermarkt,2026-07-04T18:16:36.809Z
tbg-tm-00900601,Alex Murphy,Alex Murphy,Alex Murphy,alex murphy,2004-06-25,Ireland,Left-Back,Defender,900601,,,Newcastle United,GB1,active,transfermarkt,2026-07-04T18:16:12.228Z
tbg-tm-00245625,Alex Palmer,Alex Palmer,Alexander Palmer,alex palmer,1996-08-10,England,Goalkeeper,Goalkeeper,245625,,,Ipswich Town,GB1,active,transfermarkt,2026-07-04T18:19:47.933Z
tbg-tm-00617009,Alex Paulsen,Alex Paulsen,Alexander Noah Paulsen,alex paulsen,2002-07-04,New Zealand; South Africa,Goalkeeper,Goalkeeper,617009,,,AFC Bournemouth,GB1,active,transfermarkt,2026-07-04T18:16:29.334Z
tbg-tm-00855256,Alex Scott,Alex Scott,Alex Jay Scott,alex scott,2003-08-21,England; Guernsey,Central Midfield,Midfielder,855256,,,AFC Bournemouth,GB1,active,transfermarkt,2026-07-04T18:16:40.214Z
tbg-tm-00998101,Alex Tóth,Alex Tóth,Tóth Alex László,alex toth,2005-10-23,Hungary,Central Midfield,Midfielder,998101,,,AFC Bournemouth,GB1,active,transfermarkt,2026-07-04T18:16:41.142Z
tbg-tm-00349066,Alexander Isak,Alexander Isak,Alexander Isak,alexander isak,1999-09-21,Sweden; Eritrea,Centre-Forward,Striker,349066,,,Liverpool FC,GB1,active,transfermarkt,2026-07-04T18:13:56.050Z
tbg-tm-00534033,Alexis Mac Allister,Alexis Mac Allister,Alexis Mac Allister,alexis mac allister,1998-12-24,Argentina; Italy,Central Midfield,Midfielder,534033,,,Liverpool FC,GB1,active,transfermarkt,2026-07-04T18:13:46.836Z
tbg-tm-00728734,Alfie Devine,Alfie Devine,Alfie Sean Devine,alfie devine,2004-08-01,England,Attacking Midfield,Midfielder,728734,,,Tottenham Hotspur,GB1,active,transfermarkt,2026-07-04T18:15:17.693Z
tbg-tm-00610581,Ali Al-Hamadi,Ali Al-Hamadi,"Ali Ibrahim Karim Ali Al-Hamadi, علي الحمادي",ali al hamadi,2002-03-01,Iraq; England,Centre-Forward,Striker,610581,,,Ipswich Town,GB1,active,transfermarkt,2026-07-04T18:20:01.995Z
tbg-tm-00105470,Alisson Ramses Becker,Alisson Ramses Becker,Alisson,alisson ramses becker,1992-10-02,Brazil,Goalkeeper,Goalkeeper,105470,,,Liverpool FC,GB1,active,transfermarkt,2026-07-04T18:13:29.547Z
tbg-tm-00336077,Altay Bayındır,Altay Bayındır,Altay Bayındır,altay bay nd r,1998-04-14,Türkiye,Goalkeeper,Goalkeeper,336077,,,Manchester United,GB1,active,transfermarkt,2026-07-04T18:15:25.911Z
tbg-tm-01005583,Alysson Edward Franco da Rocha,Alysson Edward Franco da Rocha,Alysson,alysson edward franco da rocha,2006-05-05,Brazil,Right Winger,Striker,1005583,,,Aston Villa,GB1,active,transfermarkt,2026-07-04T18:17:03.055Z
tbg-tm-00536835,Amad Diallo,Amad Diallo,Amad Diallo,amad diallo,2002-07-11,Cote d'Ivoire; Italy,Right Winger,Striker,536835,,,Manchester United,GB1,active,transfermarkt,2026-07-04T18:15:38.888Z
tbg-tm-00485706,Amadou Onana,Amadou Onana,Amadou Zeund Georges Ba Mvom Onana,amadou onana,2001-08-16,Belgium; Senegal,Defensive Midfield,Midfielder,485706,,,Aston Villa,GB1,active,transfermarkt,2026-07-04T18:16:56.813Z
tbg-tm-00878150,Amario Cozier-Duberry,Amario Cozier-Duberry,Amario Oswald Gerardo Cozier-Duberry,amario cozier duberry,2005-05-29,England; Montserrat,Right Winger,Striker,878150,,,Brighton & Hove Albion,GB1,active,transfermarkt,2026-07-04T18:16:00.767Z
tbg-tm-00532776,Amine Adli,Amine Adli,أمين عدلي,amine adli,2000-05-10,Morocco; France,Left Winger,Striker,532776,,,AFC Bournemouth,GB1,active,transfermarkt,2026-07-04T18:16:43.739Z
tbg-tm-01063329,Andrés García,Andrés García,Andrés García Robledo,andres garcia,2003-02-07,Spain,Right-Back,Defender,1063329,,,Aston Villa,GB1,active,transfermarkt,2026-07-04T18:16:55.798Z
tbg-tm-00234803,Andrew Robertson,Andrew Robertson,Andrew Henry Robertson,andrew robertson,1994-03-11,Scotland,Left-Back,Defender,234803,,,Tottenham Hotspur,GB1,active,transfermarkt,2026-07-04T18:14:01.228Z
tbg-tm-00743600,Andrey Santos,Andrey Santos,Andrey Nascimento dos Santos,andrey santos,2004-05-03,Brazil,Central Midfield,Midfielder,743600,,,Chelsea FC,GB1,active,transfermarkt,2026-07-04T18:14:47.340Z
tbg-tm-00201574,Angus Gunn,Angus Gunn,Angus Fraser James Gunn,angus gunn,1996-01-22,Scotland; England,Goalkeeper,Goalkeeper,201574,,,Without Club,,active,transfermarkt,2026-07-04T18:17:20.705Z
tbg-tm-00530813,Anis Mehmeti,Anis Mehmeti,Anis Mehmeti,anis mehmeti,2001-01-09,Albania; England,Attacking Midfield,Midfielder,530813,,,Ipswich Town,GB1,active,transfermarkt,2026-07-04T18:19:57.684Z
tbg-tm-00583189,Anthony Elanga,Anthony Elanga,Anthony David Junior Elanga,anthony elanga,2002-04-27,Sweden; Cameroon,Right Winger,Striker,583189,,,Newcastle United,GB1,active,transfermarkt,2026-07-04T18:16:18.434Z
tbg-tm-00503733,Anthony Gordon,Anthony Gordon,Anthony Michael Gordon,anthony gordon,2001-02-24,England; Scotland,Left Winger,Striker,503733,,,FC Barcelona,ES1,active,transfermarkt,2026-07-04T18:16:23.400Z
tbg-tm-00475946,Anthony Patterson,Anthony Patterson,Anthony Patterson,anthony patterson,2000-05-10,England,Goalkeeper,Goalkeeper,475946,,,Sunderland AFC,GB1,active,transfermarkt,2026-07-04T18:18:36.845Z
tbg-tm-00583255,Antoine Semenyo,Antoine Semenyo,Antoine Serlom Semenyo,antoine semenyo,2000-01-07,Ghana; England,Right Winger,Striker,583255,,,Manchester City,GB1,active,transfermarkt,2026-07-04T18:14:30.693Z
tbg-tm-00344069,Anton Stach,Anton Stach,Anton Levi Stach,anton stach,1998-11-15,Germany,Defensive Midfield,Midfielder,344069,,,Leeds United,GB1,active,transfermarkt,2026-07-04T18:19:17.962Z
tbg-tm-00349701,Antonee Robinson,Antonee Robinson,Antonee Robinson,antonee robinson,1997-08-08,United States; England,Left-Back,Defender,349701,,,Fulham FC,GB1,active,transfermarkt,2026-07-04T18:19:37.355Z
tbg-tm-00683620,Antoni Milambo,Antoni Milambo,Antoni-Djibu Milambo,antoni milambo,2005-04-03,Netherlands; DR Congo,Attacking Midfield,Midfielder,683620,,,Brentford FC,GB1,active,transfermarkt,2026-07-04T18:18:04.511Z
tbg-tm-00725912,Antonín Kinský,Antonín Kinský,Antonín Kinský,antonin kinsky,2003-03-13,Czech Republic,Goalkeeper,Goalkeeper,725912,,,Tottenham Hotspur,GB1,active,transfermarkt,2026-07-04T18:14:57.529Z
tbg-tm-01178393,Antoñito Cordero,Antoñito Cordero,Antonio José Cordero Campillo,antonito cordero,2006-11-14,Spain,Left Winger,Striker,1178393,,,Newcastle United,GB1,active,transfermarkt,2026-07-04T18:16:17.903Z
tbg-tm-00489359,Ao Tanaka,Ao Tanaka,田中 碧,ao tanaka,1998-09-10,Japan,Central Midfield,Midfielder,489359,,,Leeds United,GB1,active,transfermarkt,2026-07-04T18:19:20.961Z
tbg-tm-00922693,Archie Gray,Archie Gray,Archie James Francis Gray,archie gray,2006-03-12,England; Scotland,Central Midfield,Midfielder,922693,,,Tottenham Hotspur,GB1,active,transfermarkt,2026-07-04T18:15:14.258Z
tbg-tm-00371021,Arijanet Murić,Arijanet Murić,Arijanet Anan Muriqi,arijanet muric,1998-11-07,Kosovo; Montenegro,Goalkeeper,Goalkeeper,371021,,,US Sassuolo,IT1,active,transfermarkt,2026-07-04T18:20:02.812Z
tbg-tm-00585959,Arnaud Kalimuendo,Arnaud Kalimuendo,Arnaud Kalimuendo Muinga,arnaud kalimuendo,2002-01-20,France; DR Congo,Centre-Forward,Striker,585959,,,Nottingham Forest,GB1,active,transfermarkt,2026-07-04T18:17:17.111Z
tbg-tm-00181380,Arthur Masuaku,Arthur Masuaku,Fuka-Arthur Masuaku Kawela,arthur masuaku,1993-11-07,DR Congo; France,Left-Back,Defender,181380,,,Sunderland AFC,GB1,active,transfermarkt,2026-07-04T18:18:46.516Z
tbg-tm-00859951,Ashley Phillips,Ashley Phillips,Ashley Phillips,ashley phillips,2005-06-26,England; Wales,Centre-Back,Defender,859951,,,Tottenham Hotspur,GB1,active,transfermarkt,2026-07-04T18:15:05.381Z
tbg-tm-00386047,Axel Disasi,Axel Disasi,Axel Disasi,axel disasi,1998-03-11,France; DR Congo,Centre-Back,Defender,386047,,,Chelsea FC,GB1,active,transfermarkt,2026-07-04T18:14:40.524Z
tbg-tm-01078163,Ayden Heaven,Ayden Heaven,Ayden Edford Heaven,ayden heaven,2006-09-22,England; Ghana,Centre-Back,Defender,1078163,,,Manchester United,GB1,active,transfermarkt,2026-07-04T18:15:28.683Z
tbg-tm-00315145,Azor Matusiwa,Azor Matusiwa,Azor Matusiwa,azor matusiwa,1998-04-28,Netherlands; Angola,Defensive Midfield,Midfielder,315145,,,Ipswich Town,GB1,active,transfermarkt,2026-07-04T18:19:54.339Z
tbg-tm-00463605,Bafodé Diakité,Bafodé Diakité,Bafodé Diakité,bafode diakite,2001-01-06,France; Guinea,Centre-Back,Defender,463605,,,AFC Bournemouth,GB1,active,transfermarkt,2026-07-04T18:16:31.447Z
tbg-tm-00565093,Bart Verbruggen,Bart Verbruggen,Bart Verbruggen,bart verbruggen,2002-08-18,Netherlands,Goalkeeper,Goalkeeper,565093,,,Brighton & Hove Albion,GB1,active,transfermarkt,2026-07-04T18:15:45.072Z
tbg-tm-00192765,Ben Davies,Ben Davies,Benjamin Thomas Davies,ben davies,1993-04-24,Wales,Centre-Back,Defender,192765,,,Tottenham Hotspur,GB1,active,transfermarkt,2026-07-04T18:15:06.947Z
tbg-tm-00719673,Ben Gannon-Doak,Ben Gannon-Doak,Ben Gannon-Doak,ben gannon doak,2005-11-11,Scotland,Right Winger,Striker,719673,,,AFC Bournemouth,GB1,active,transfermarkt,2026-07-04T18:16:44.530Z
tbg-tm-00468002,Ben Johnson,Ben Johnson,Benjamin Anthony Johnson,ben johnson,2000-01-24,England,Right-Back,Defender,468002,,,Ipswich Town,GB1,active,transfermarkt,2026-07-04T18:19:53.168Z
tbg-tm-00335721,Ben White,Ben White,Benjamin William White,ben white,1997-10-08,England,Right-Back,Defender,335721,,,Arsenal FC,GB1,active,transfermarkt,2026-07-04T18:13:10.991Z
tbg-tm-00121352,Ben Wilson,Ben Wilson,Ben Wilson,ben wilson,1992-08-09,England,Goalkeeper,Goalkeeper,121352,,,Coventry City,GB1,active,transfermarkt,2026-07-04T18:20:05.792Z
tbg-tm-00854721,Ben Winterburn,Ben Winterburn,Benjamin George Winterburn,ben winterburn,2004-09-04,England,Defensive Midfield,Midfielder,854721,,,AFC Bournemouth,GB1,active,transfermarkt,2026-07-04T18:16:39.869Z
tbg-tm-01144158,Benjamin Arthur,Benjamin Arthur,Benjamin Kristian Arthur,benjamin arthur,2005-10-09,England,Centre-Back,Defender,1144158,,,Brentford FC,GB1,active,transfermarkt,2026-07-04T18:17:52.156Z
tbg-tm-00127181,Benjamin Lecomte,Benjamin Lecomte,Benjamin Lecomte,benjamin lecomte,1991-04-26,France,Goalkeeper,Goalkeeper,127181,,,Fulham FC,GB1,active,transfermarkt,2026-07-04T18:19:33.682Z
tbg-tm-00627442,Benjamin Sesko,Benjamin Sesko,Benjamin Šeško,benjamin sesko,2003-05-31,Slovenia,Centre-Forward,Striker,627442,,,Manchester United,GB1,active,transfermarkt,2026-07-04T18:15:40.743Z
tbg-tm-00463603,Benoît Badiashile,Benoît Badiashile,Benoît Ntambue Badiashile Mukinayi,benoit badiashile,2001-03-26,France; DR Congo,Centre-Back,Defender,463603,,,Chelsea FC,GB1,active,transfermarkt,2026-07-04T18:14:41.081Z
tbg-tm-00241641,Bernardo Silva,Bernardo Silva,Bernardo Mota Veiga de Carvalho e Silva,bernardo silva,1994-08-10,Portugal,Attacking Midfield,Midfielder,241641,,,Real Madrid,ES1,active,transfermarkt,2026-07-04T18:14:32.711Z
tbg-tm-00072476,Bernd Leno,Bernd Leno,Bernd Leno,bernd leno,1992-03-04,Germany,Goalkeeper,Goalkeeper,72476,,,Fulham FC,GB1,active,transfermarkt,2026-07-04T18:19:32.842Z
tbg-tm-00131996,Bertrand Traoré,Bertrand Traoré,Bertrand Isidore Traoré,bertrand traore,1995-09-06,Burkina Faso,Right Winger,Striker,131996,,,Without Club,,active,transfermarkt,2026-07-04T18:19:04.891Z
tbg-tm-00788283,Bobby Thomas,Bobby Thomas,Bobby Craig Thomas,bobby thomas,2001-01-30,England,Centre-Back,Defender,788283,,,Coventry City,GB1,active,transfermarkt,2026-07-04T18:20:06.595Z
tbg-tm-00293194,Borna Sosa,Borna Sosa,Borna Sosa,borna sosa,1998-01-21,Croatia; Germany,Left-Back,Defender,293194,,,Crystal Palace,GB1,active,transfermarkt,2026-07-04T18:17:26.526Z
tbg-tm-00394327,Boubacar Kamara,Boubacar Kamara,Boubacar Bernard Kamara,boubacar kamara,1999-11-23,France; Senegal,Defensive Midfield,Midfielder,394327,,,Aston Villa,GB1,active,transfermarkt,2026-07-04T18:16:57.372Z
tbg-tm-00258914,Brad Collins,Brad Collins,Bradley Ray Collins,brad collins,1997-02-18,England,Goalkeeper,Goalkeeper,258914,,,Without Club,,active,transfermarkt,2026-07-04T18:20:21.122Z
tbg-tm-00700106,Brajan Gruda,Brajan Gruda,Brajan Gruda,brajan gruda,2004-05-31,Germany; Albania,Attacking Midfield,Midfielder,700106,,,Brighton & Hove Albion,GB1,active,transfermarkt,2026-07-04T18:15:57.315Z
tbg-tm-00428016,Brandon Austin,Brandon Austin,Brandon Anthony Austin,brandon austin,1999-01-08,England; United States,Goalkeeper,Goalkeeper,428016,,,Tottenham Hotspur,GB1,active,transfermarkt,2026-07-04T18:14:58.855Z
tbg-tm-00451747,Brandon Thomas-Asante,Brandon Thomas-Asante,Solomon Brandon Michael Clarke Thomas-Asante,brandon thomas asante,1998-12-29,Ghana; England,Centre-Forward,Striker,451747,,,Coventry City,GB1,active,transfermarkt,2026-07-04T18:20:19.923Z
tbg-tm-00393323,Brenden Aaronson,Brenden Aaronson,Brenden Russell Aaronson,brenden aaronson,2000-10-22,United States,Attacking Midfield,Midfielder,393323,,,Leeds United,GB1,active,transfermarkt,2026-07-04T18:19:21.854Z
tbg-tm-00470607,Brennan Johnson,Brennan Johnson,Brennan Price Johnson,brennan johnson,2001-05-23,Wales; England,Right Winger,Striker,470607,,,Crystal Palace,GB1,active,transfermarkt,2026-07-04T18:17:34.123Z
tbg-tm-00473169,Brian Brobbey,Brian Brobbey,Brian Ebenezer Adjei Brobbey,brian brobbey,2002-02-01,Netherlands; Ghana,Centre-Forward,Striker,473169,,,Sunderland AFC,GB1,active,transfermarkt,2026-07-04T18:18:58.919Z
tbg-tm-00240306,Bruno Fernandes,Bruno Fernandes,Bruno Miguel Borges Fernandes,bruno fernandes,1994-09-08,Portugal,Attacking Midfield,Midfielder,240306,,,Manchester United,GB1,active,transfermarkt,2026-07-04T18:15:35.627Z
tbg-tm-00520624,Bruno Guimarães,Bruno Guimarães,Bruno Guimarães Rodrigues Moura,bruno guimaraes,1997-11-16,Brazil; Spain,Central Midfield,Midfielder,520624,,,Newcastle United,GB1,active,transfermarkt,2026-07-04T18:16:13.821Z
tbg-tm-00413039,Bryan Mbeumo,Bryan Mbeumo,Bryan Tetsadong Marceau Mbeumo,bryan mbeumo,1999-08-07,Cameroon; France,Right Winger,Striker,413039,,,Manchester United,GB1,active,transfermarkt,2026-07-04T18:15:38.288Z
tbg-tm-00433177,Bukayo Saka,Bukayo Saka,Bukayo Saka,bukayo saka,2001-09-05,England; Nigeria,Right Winger,Striker,433177,,,Arsenal FC,GB1,active,transfermarkt,2026-07-04T18:13:21.212Z
tbg-tm-01047261,Caleb Kporha,Caleb Kporha,Caleb Billy Mawuko Kporha,caleb kporha,2006-07-15,England; Ghana,Right-Back,Defender,1047261,,,Crystal Palace,GB1,active,transfermarkt,2026-07-04T18:17:27.823Z
tbg-tm-00746833,Caleb Wiley,Caleb Wiley,Caleb Ryan Wiley,caleb wiley,2004-12-22,United States,Left-Back,Defender,746833,,,Chelsea FC,GB1,active,transfermarkt,2026-07-04T18:14:42.689Z
tbg-tm-00392768,Callum Hudson-Odoi,Callum Hudson-Odoi,Callum James Hudson-Odoi,callum hudson odoi,2000-11-07,England; Ghana,Left Winger,Striker,392768,,,Nottingham Forest,GB1,active,transfermarkt,2026-07-04T18:17:14.778Z
tbg-tm-00461883,Calvin Bassey,Calvin Bassey,Calvin Bassey Ughelumba,calvin bassey,1999-12-31,Nigeria; England,Centre-Back,Defender,461883,,,Fulham FC,GB1,active,transfermarkt,2026-07-04T18:19:34.152Z
tbg-tm-00633652,Calvin Ramsay,Calvin Ramsay,Calvin William Ramsay,calvin ramsay,2003-07-31,Scotland,Right-Back,Defender,633652,,,Liverpool FC,GB1,active,transfermarkt,2026-07-04T18:13:42.506Z
tbg-tm-00871335,Cameron Humphreys,Cameron Humphreys,Cameron Humphreys,cameron humphreys,2003-10-30,England,Central Midfield,Midfielder,871335,,,Ipswich Town,GB1,active,transfermarkt,2026-07-04T18:19:56.194Z
tbg-tm-00340918,Caoimhín Kelleher,Caoimhín Kelleher,Caoimhín Odhrán Kelleher,caoimhin kelleher,1998-11-23,Ireland,Goalkeeper,Goalkeeper,340918,,,Brentford FC,GB1,active,transfermarkt,2026-07-04T18:17:40.106Z
tbg-tm-00646353,Carl Rushworth,Carl Rushworth,Carl Andrew Rushworth,carl rushworth,2001-07-02,England,Goalkeeper,Goalkeeper,646353,,,Brighton & Hove Albion,GB1,active,transfermarkt,2026-07-04T18:15:45.697Z
tbg-tm-00748319,Carlos Alcaraz,Carlos Alcaraz,Carlos Jonás Alcaraz,carlos alcaraz,2002-11-30,Argentina,Central Midfield,Midfielder,748319,,,Everton FC,GB1,active,transfermarkt,2026-07-04T18:18:26.020Z
tbg-tm-00973085,Carlos Baleba,Carlos Baleba,Carlos Noom Quomah Baleba,carlos baleba,2004-01-03,Cameroon,Defensive Midfield,Midfielder,973085,,,Brighton & Hove Albion,GB1,active,transfermarkt,2026-07-04T18:15:53.358Z
tbg-tm-00016306,Carlos Henrique Casimiro,Carlos Henrique Casimiro,Casemiro,carlos henrique casimiro,1992-02-23,Brazil; Spain,Defensive Midfield,Midfielder,16306,,,Without Club,,active,transfermarkt,2026-07-04T18:15:44.078Z
tbg-tm-00364827,Cédric Kipré,Cédric Kipré,Cédric Kipré,cedric kipre,1996-12-09,Cote d'Ivoire; France,Centre-Back,Defender,364827,,,Ipswich Town,GB1,active,transfermarkt,2026-07-04T18:19:51.454Z
tbg-tm-00689637,Chadi Riad,Chadi Riad,"Chadi Riad Dnanou, شادي رياض دنانو",chadi riad,2003-06-17,Morocco; Spain,Centre-Back,Defender,689637,,,Crystal Palace,GB1,active,transfermarkt,2026-07-04T18:17:25.615Z
tbg-tm-01060087,Charalampos Kostoulas,Charalampos Kostoulas,Χαράλαμπος Κωστούλας,charalampos kostoulas,2007-05-30,Greece,Centre-Forward,Striker,1060087,,,Brighton & Hove Albion,GB1,active,transfermarkt,2026-07-04T18:16:03.669Z
tbg-tm-00883539,Charlie Crew,Charlie Crew,Charles David Crew,charlie crew,2006-06-15,Wales,Defensive Midfield,Midfielder,883539,,,Leeds United,GB1,active,transfermarkt,2026-07-04T18:19:19.778Z
tbg-tm-00746357,Charlie Hughes,Charlie Hughes,Charles Roger Hughes,charlie hughes,2003-10-16,England,Centre-Back,Defender,746357,,,Hull City,GB1,active,transfermarkt,2026-07-04T18:20:24.365Z
tbg-tm-00543387,Cheick Doucouré,Cheick Doucouré,Cheick Oumar Doucouré,cheick doucoure,2000-01-08,Mali,Defensive Midfield,Midfielder,543387,,,Crystal Palace,GB1,active,transfermarkt,2026-07-04T18:17:28.951Z
tbg-tm-00743384,Chemsdine Talbi,Chemsdine Talbi,شمس الدين طالبي,chemsdine talbi,2005-05-09,Morocco; Belgium,Right Winger,Striker,743384,,,Sunderland AFC,GB1,active,transfermarkt,2026-07-04T18:18:57.639Z
tbg-tm-01042886,Chido Obi,Chido Obi,Chidozie Obi-Martin,chido obi,2007-11-29,Denmark; Nigeria,Centre-Forward,Striker,1042886,,,Manchester United,GB1,active,transfermarkt,2026-07-04T18:15:41.991Z
tbg-tm-00392591,Chiedozie Ogbene,Chiedozie Ogbene,Chiedozie Somkelechukwu Ogbene,chiedozie ogbene,1997-05-01,Ireland; Nigeria,Right Winger,Striker,392591,,,Ipswich Town,GB1,active,transfermarkt,2026-07-04T18:20:00.304Z
tbg-tm-00578539,Chris Richards,Chris Richards,Christopher Jeffrey Richards,chris richards,2000-03-28,United States,Centre-Back,Defender,578539,,,Crystal Palace,GB1,active,transfermarkt,2026-07-04T18:17:24.770Z
tbg-tm-00947411,Chris Rigg,Chris Rigg,Christopher John Rigg,chris rigg,2007-06-18,England,Attacking Midfield,Midfielder,947411,,,Sunderland AFC,GB1,active,transfermarkt,2026-07-04T18:18:54.432Z
tbg-tm-00108725,Chris Wood,Chris Wood,Christopher Grant Wood,chris wood,1991-12-07,New Zealand,Centre-Forward,Striker,108725,,,Nottingham Forest,GB1,active,transfermarkt,2026-07-04T18:17:18.753Z
tbg-tm-00148367,Christian Nørgaard,Christian Nørgaard,Christian Thers Barsøe Nørgaard,christian norgaard,1994-03-10,Denmark,Defensive Midfield,Midfielder,148367,,,Arsenal FC,GB1,active,transfermarkt,2026-07-04T18:13:13.077Z
tbg-tm-00208379,Christian Walton,Christian Walton,Christian Timothy Walton,christian walton,1995-11-09,England,Goalkeeper,Goalkeeper,208379,,,Ipswich Town,GB1,active,transfermarkt,2026-07-04T18:19:47.597Z
tbg-tm-00197642,Chuba Akpom,Chuba Akpom,Chuba Amechi Akpom,chuba akpom,1995-10-09,England; Nigeria,Centre-Forward,Striker,197642,,,Ipswich Town,GB1,active,transfermarkt,2026-07-04T18:20:01.237Z
tbg-tm-00621997,Cieran Slicker,Cieran Slicker,Cieran Peter Slicker,cieran slicker,2002-09-15,Scotland; England,Goalkeeper,Goalkeeper,621997,,,Ipswich Town,GB1,active,transfermarkt,2026-07-04T18:19:48.537Z
tbg-tm-00994536,Claudio Echeverri,Claudio Echeverri,Claudio Jeremías Echeverri,claudio echeverri,2006-01-02,Argentina,Attacking Midfield,Midfielder,994536,,,Manchester City,GB1,active,transfermarkt,2026-07-04T18:14:27.912Z
tbg-tm-00531957,Cody Drameh,Cody Drameh,Cody Callum Pierre Drameh,cody drameh,2001-12-08,England; The Gambia,Right-Back,Defender,531957,,,Hull City,GB1,active,transfermarkt,2026-07-04T18:20:26.787Z
tbg-tm-00434675,Cody Gakpo,Cody Gakpo,Cody Mathès Gakpo,cody gakpo,1999-05-07,Netherlands; Togo,Left Winger,Striker,434675,,,Liverpool FC,GB1,active,transfermarkt,2026-07-04T18:13:52.518Z
tbg-tm-00568177,Cole Palmer,Cole Palmer,Cole Jermaine Palmer,cole palmer,2002-05-06,England; St. Kitts & Nevis,Attacking Midfield,Midfielder,568177,,,Chelsea FC,GB1,active,transfermarkt,2026-07-04T18:14:47.587Z
tbg-tm-00624258,Conor Bradley,Conor Bradley,Conor Bradley,conor bradley,2003-07-09,Northern Ireland,Right-Back,Defender,624258,,,Liverpool FC,GB1,active,transfermarkt,2026-07-04T18:13:41.339Z
tbg-tm-00349503,Conor Chaplin,Conor Chaplin,Conor Mark Chaplin,conor chaplin,1997-02-16,England,Second Striker,Striker,349503,,,Without Club,,active,transfermarkt,2026-07-04T18:20:03.168Z
tbg-tm-00488362,Conor Gallagher,Conor Gallagher,Conor Gallagher,conor gallagher,2000-02-06,England,Central Midfield,Midfielder,488362,,,Tottenham Hotspur,GB1,active,transfermarkt,2026-07-04T18:15:15.114Z
tbg-tm-00146509,Conor Townsend,Conor Townsend,Conor Stephen Townsend,conor townsend,1993-03-04,England,Left-Back,Defender,146509,,,Without Club,,active,transfermarkt,2026-07-04T18:20:04.056Z
tbg-tm-00646750,Cristhian Mosquera,Cristhian Mosquera,Cristhian Andrey Mosquera Ibargüen,cristhian mosquera,2004-06-27,Spain; Colombia,Centre-Back,Defender,646750,,,Arsenal FC,GB1,active,transfermarkt,2026-07-04T18:13:08.055Z
tbg-tm-00355915,Cristian Romero,Cristian Romero,Cristian Gabriel Romero,cristian romero,1998-04-27,Argentina,Centre-Back,Defender,355915,,,Tottenham Hotspur,GB1,active,transfermarkt,2026-07-04T18:15:01.621Z
tbg-tm-00433188,Curtis Jones,Curtis Jones,Curtis Jones,curtis jones,2001-01-30,England,Central Midfield,Midfielder,433188,,,Liverpool FC,GB1,active,transfermarkt,2026-07-04T18:13:47.288Z
tbg-tm-00356141,Daichi Kamada,Daichi Kamada,鎌田 大地,daichi kamada,1996-08-05,Japan,Attacking Midfield,Midfielder,356141,,,Without Club,,active,transfermarkt,2026-07-04T18:17:39.245Z
tbg-tm-00503686,Dan Ballard,Dan Ballard,Daniel George Ballard,dan ballard,1999-09-22,Northern Ireland; England,Centre-Back,Defender,503686,,,Sunderland AFC,GB1,active,transfermarkt,2026-07-04T18:18:40.556Z
tbg-tm-00134270,Dan Burn,Dan Burn,Daniel Johnson Burn,dan burn,1992-05-09,England,Centre-Back,Defender,134270,,,Newcastle United,GB1,active,transfermarkt,2026-07-04T18:16:11.442Z
tbg-tm-00747153,Dan Gore,Dan Gore,Daniel Lewis Gore,dan gore,2004-09-26,England,Central Midfield,Midfielder,747153,,,Manchester United,GB1,active,transfermarkt,2026-07-04T18:15:34.702Z
tbg-tm-00365108,Dan Ndoye,Dan Ndoye,Dan Assane Ndoye,dan ndoye,2000-10-25,Switzerland; Senegal,Right Winger,Striker,365108,,,Nottingham Forest,GB1,active,transfermarkt,2026-07-04T18:17:16.226Z
tbg-tm-00570336,Dan Neil,Dan Neil,Daniel Neil,dan neil,2001-12-13,England,Central Midfield,Midfielder,570336,,,Rangers FC,SC1,active,transfermarkt,2026-07-04T18:19:04.052Z
tbg-tm-00670883,Dane Scarlett,Dane Scarlett,Dane Pharrell Scarlett,dane scarlett,2004-03-24,England; Jamaica,Centre-Forward,Striker,670883,,,Tottenham Hotspur,GB1,active,transfermarkt,2026-07-04T18:15:23.133Z
tbg-tm-00823231,Dango Ouattara,Dango Ouattara,Dango Aboubacar Faissal Ouattara,dango ouattara,2002-02-11,Burkina Faso,Right Winger,Striker,823231,,,Brentford FC,GB1,active,transfermarkt,2026-07-04T18:18:07.906Z
tbg-tm-00319301,Daniel James,Daniel James,Daniel Owen James,daniel james,1997-11-10,Wales; England,Right Winger,Striker,319301,,,Leeds United,GB1,active,transfermarkt,2026-07-04T18:19:28.300Z
tbg-tm-00746740,Daniel Jebbison,Daniel Jebbison,Daniel David Jebbison,daniel jebbison,2003-08-13,Canada; England,Centre-Forward,Striker,746740,,,AFC Bournemouth,GB1,active,transfermarkt,2026-07-04T18:16:47.433Z
tbg-tm-00493003,Daniel Muñoz,Daniel Muñoz,Daniel Muñoz Mejía,daniel munoz,1996-05-26,Colombia,Right-Back,Defender,493003,,,Crystal Palace,GB1,active,transfermarkt,2026-07-04T18:17:27.567Z
tbg-tm-00067063,Danny Welbeck,Danny Welbeck,Daniel Nii Tackie Mensah Welbeck,danny welbeck,1990-11-26,England; Ghana,Centre-Forward,Striker,67063,,,Brighton & Hove Albion,GB1,active,transfermarkt,2026-07-04T18:16:05.010Z
tbg-tm-00401320,Dara O'Shea,Dara O'Shea,Dara Joseph O'Shea,dara oshea,1999-03-04,Ireland,Centre-Back,Defender,401320,,,Ipswich Town,GB1,active,transfermarkt,2026-07-04T18:19:49.617Z
tbg-tm-00670717,Dário Essugo,Dário Essugo,Dário Cassia Luís Essugo,dario essugo,2005-03-14,Portugal; Angola,Defensive Midfield,Midfielder,670717,,,Chelsea FC,GB1,active,transfermarkt,2026-07-04T18:14:46.456Z
tbg-tm-00663264,Darko Gyabi,Darko Gyabi,Darko Boateng Gyabi,darko gyabi,2004-02-18,England; Ghana,Central Midfield,Midfielder,663264,,,Hull City,GB1,active,transfermarkt,2026-07-04T18:20:27.809Z
tbg-tm-00351755,Darnell Furlong,Darnell Furlong,Darnell Anthony Furlong,darnell furlong,1995-10-31,England; Montserrat,Right-Back,Defender,351755,,,Ipswich Town,GB1,active,transfermarkt,2026-07-04T18:19:53.810Z
tbg-tm-01179146,Dastan Satpaev,Dastan Satpaev,Сатпаев Дастан Талгатович,dastan satpaev,2008-08-12,Kazakhstan,Centre-Forward,Striker,1179146,,,Kairat Almaty,KAS1,active,transfermarkt,2026-07-04T18:14:55.288Z
tbg-tm-00353775,David Akintola,David Akintola,Babajide David Akintola,david akintola,1996-01-13,Nigeria,Right Winger,Striker,353775,,,Hull City,GB1,active,transfermarkt,2026-07-04T18:20:31.702Z
tbg-tm-00277033,David Brooks,David Brooks,David Robert Brooks,david brooks,1997-07-08,Wales; England,Right Winger,Striker,277033,,,AFC Bournemouth,GB1,active,transfermarkt,2026-07-04T18:16:45.073Z
tbg-tm-00061814,David Button,David Button,David Robert Edmund Button,david button,1989-02-27,England,Goalkeeper,Goalkeeper,61814,,,Ipswich Town,GB1,active,transfermarkt,2026-07-04T18:19:49.117Z
tbg-tm-00498237,David Carmo,David Carmo,David Mota Veiga Teixeira do Carmo,david carmo,1999-07-19,Angola; Portugal,Centre-Back,Defender,498237,,,Olympiacos Piraeus,GR1,active,transfermarkt,2026-07-04T18:17:19.629Z
tbg-tm-00787232,David Datro Fofana,David Datro Fofana,David Datro Fofana,david datro fofana,2002-12-22,Cote d'Ivoire,Centre-Forward,Striker,787232,,,Chelsea FC,GB1,active,transfermarkt,2026-07-04T18:14:54.597Z
tbg-tm-00865993,David Ozoh,David Ozoh,David Ikechukwu Ozoh,david ozoh,2005-05-06,England; Spain,Defensive Midfield,Midfielder,865993,,,Crystal Palace,GB1,active,transfermarkt,2026-07-04T18:17:29.987Z
tbg-tm-00262749,David Raya,David Raya,David Raya Martín,david raya,1995-09-15,Spain,Goalkeeper,Goalkeeper,262749,,,Arsenal FC,GB1,active,transfermarkt,2026-07-04T18:13:03.644Z
tbg-tm-00258919,Dean Henderson,Dean Henderson,Dean Bradley Henderson,dean henderson,1997-03-12,England,Goalkeeper,Goalkeeper,258919,,,Crystal Palace,GB1,active,transfermarkt,2026-07-04T18:17:21.823Z
tbg-tm-00357662,Declan Rice,Declan Rice,Declan Rice,declan rice,1999-01-14,England; Ireland,Central Midfield,Midfielder,357662,,,Arsenal FC,GB1,active,transfermarkt,2026-07-04T18:13:13.983Z
tbg-tm-00431755,Dejan Kulusevski,Dejan Kulusevski,Дејан Кулушевски,dejan kulusevski,2000-04-25,Sweden; North Macedonia,Attacking Midfield,Midfielder,431755,,,Tottenham Hotspur,GB1,active,transfermarkt,2026-07-04T18:15:17.156Z
tbg-tm-00568006,Dennis Cirkin,Dennis Cirkin,Denniss Cirkins,dennis cirkin,2002-04-06,Latvia; England,Left-Back,Defender,568006,,,Without Club,,active,transfermarkt,2026-07-04T18:19:03.159Z
tbg-tm-00556385,Destiny Udogie,Destiny Udogie,Iyenoma Destiny Udogie,destiny udogie,2002-11-28,Italy; Nigeria,Left-Back,Defender,556385,,,Tottenham Hotspur,GB1,active,transfermarkt,2026-07-04T18:15:07.492Z
tbg-tm-00660860,Diego Coppola,Diego Coppola,Diego Coppola,diego coppola,2003-12-28,Italy; Netherlands,Centre-Back,Defender,660860,,,Brighton & Hove Albion,GB1,active,transfermarkt,2026-07-04T18:15:48.134Z
tbg-tm-00996897,Diego Gómez,Diego Gómez,Diego Alexander Gómez Amarilla,diego gomez,2003-03-27,Paraguay,Central Midfield,Midfielder,996897,,,Brighton & Hove Albion,GB1,active,transfermarkt,2026-07-04T18:15:54.655Z
tbg-tm-01283997,Diego León,Diego León,Diego Basilio León Blanco,diego leon,2007-04-03,Paraguay,Left-Back,Defender,1283997,,,Manchester United,GB1,active,transfermarkt,2026-07-04T18:15:31.132Z
tbg-tm-00540664,Dilane Bakwa,Dilane Bakwa,Dilane Bakwa,dilane bakwa,2002-08-26,France; DR Congo,Right Winger,Striker,540664,,,Nottingham Forest,GB1,active,transfermarkt,2026-07-04T18:17:16.881Z
tbg-tm-00308431,Dillon Phillips,Dillon Phillips,Dillon Phillips,dillon phillips,1995-06-11,England,Goalkeeper,Goalkeeper,308431,,,Hull City,GB1,active,transfermarkt,2026-07-04T18:20:23.431Z
tbg-tm-00357147,Diogo Dalot,Diogo Dalot,José Diogo Dalot Teixeira,diogo dalot,1999-03-18,Portugal,Right-Back,Defender,357147,,,Manchester United,GB1,active,transfermarkt,2026-07-04T18:15:31.438Z
tbg-tm-00483348,Djed Spence,Djed Spence,Diop Tehuti Djed-Hotep Spence,djed spence,2000-08-09,England; Jamaica,Left-Back,Defender,483348,,,Tottenham Hotspur,GB1,active,transfermarkt,2026-07-04T18:15:08.896Z
tbg-tm-00465555,Djordje Petrovic,Djordje Petrovic,Ђорђе Петровић,djordje petrovic,1999-10-08,Serbia,Goalkeeper,Goalkeeper,465555,,,AFC Bournemouth,GB1,active,transfermarkt,2026-07-04T18:16:28.376Z
tbg-tm-01015959,Do-young Yoon,Do-young Yoon,윤도영,do young yoon,2006-10-28,"Korea, South",Right Winger,Striker,1015959,,,Brighton & Hove Albion,GB1,active,transfermarkt,2026-07-04T18:16:02.435Z
tbg-tm-00306024,Dominic Calvert-Lewin,Dominic Calvert-Lewin,Dominic Nathaniel Calvert-Lewin,dominic calvert lewin,1997-03-16,England,Centre-Forward,Striker,306024,,,Leeds United,GB1,active,transfermarkt,2026-07-04T18:19:28.736Z
tbg-tm-00258889,Dominic Solanke,Dominic Solanke,Dominic Ayodele Solanke-Mitchell,dominic solanke,1997-09-14,England; Nigeria,Centre-Forward,Striker,258889,,,Tottenham Hotspur,GB1,active,transfermarkt,2026-07-04T18:15:21.348Z
tbg-tm-00451276,Dominik Szoboszlai,Dominik Szoboszlai,Dominik Szoboszlai,dominik szoboszlai,2000-10-25,Hungary,Attacking Midfield,Midfielder,451276,,,Liverpool FC,GB1,active,transfermarkt,2026-07-04T18:13:50.684Z
tbg-tm-00326029,Donyell Malen,Donyell Malen,Donyell Malen,donyell malen,1999-01-19,Netherlands; Suriname,Centre-Forward,Striker,326029,,,AS Roma,IT1,active,transfermarkt,2026-07-04T18:17:04.106Z
tbg-tm-00584769,Dwight McNeil,Dwight McNeil,Dwight James Matthew McNeil,dwight mcneil,1999-11-22,England; Jamaica,Left Winger,Striker,584769,,,Everton FC,GB1,active,transfermarkt,2026-07-04T18:18:28.738Z
tbg-tm-00479999,Eberechi Eze,Eberechi Eze,Eberechi Oluchi Eze,eberechi eze,1998-06-29,England; Nigeria,Attacking Midfield,Midfielder,479999,,,Arsenal FC,GB1,active,transfermarkt,2026-07-04T18:13:17.287Z
tbg-tm-00340324,Eddie Nketiah,Eddie Nketiah,Edward Keddar Nketiah,eddie nketiah,1999-05-30,England; Ghana,Centre-Forward,Striker,340324,,,Crystal Palace,GB1,active,transfermarkt,2026-07-04T18:17:38.226Z
tbg-tm-00581330,Eiran Cashin,Eiran Cashin,Eiran Joe Cashin,eiran cashin,2001-11-09,Ireland; England,Centre-Back,Defender,581330,,,Brighton & Hove Albion,GB1,active,transfermarkt,2026-07-04T18:15:49.701Z
tbg-tm-00967346,Eliezer Mayenda,Eliezer Mayenda,Eliezer Mayenda Dossou,eliezer mayenda,2005-05-08,Spain; France,Centre-Forward,Striker,967346,,,Sunderland AFC,GB1,active,transfermarkt,2026-07-04T18:19:00.799Z
tbg-tm-00535834,Eliot Matazo,Eliot Matazo,Eliot Matazo,eliot matazo,2002-02-15,Belgium; DR Congo,Central Midfield,Midfielder,535834,,,Hull City,GB1,active,transfermarkt,2026-07-04T18:20:28.093Z
tbg-tm-00758030,Elkan Baggott,Elkan Baggott,Elkan William Tio Baggott,elkan baggott,2002-10-23,Indonesia; England,Centre-Back,Defender,758030,,,Ipswich Town,GB1,active,transfermarkt,2026-07-04T18:19:52.275Z
tbg-tm-00456292,Ellery Balcombe,Ellery Balcombe,Ellery Ronald Balcombe,ellery balcombe,1999-10-15,England; St. Vincent & Grenadinen,Goalkeeper,Goalkeeper,456292,,,Brentford FC,GB1,active,transfermarkt,2026-07-04T18:17:43.535Z
tbg-tm-00567576,Elliot Anderson,Elliot Anderson,Elliot Junior Anderson,elliot anderson,2002-11-06,England; Scotland,Central Midfield,Midfielder,567576,,,Manchester City,GB1,active,transfermarkt,2026-07-04T18:14:22.229Z
tbg-tm-00511550,Ellis Simms,Ellis Simms,Ellis Reco Simms,ellis simms,2001-01-05,England; Poland,Centre-Forward,Striker,511550,,,Coventry City,GB1,active,transfermarkt,2026-07-04T18:20:20.231Z
tbg-tm-00184528,Emil Krafth,Emil Krafth,Emil Henry ­Kristoffer Krafth,emil krafth,1994-08-02,Sweden,Right-Back,Defender,184528,,,Without Club,,active,transfermarkt,2026-07-04T18:16:26.918Z
tbg-tm-00392765,Emile Smith Rowe,Emile Smith Rowe,Emile Smith Rowe,emile smith rowe,2000-07-28,England,Attacking Midfield,Midfielder,392765,,,Fulham FC,GB1,active,transfermarkt,2026-07-04T18:19:42.062Z
tbg-tm-00321247,Emiliano Buendía,Emiliano Buendía,Emiliano Buendía Stati,emiliano buendia,1996-12-25,Argentina; Spain,Left Winger,Striker,321247,,,Aston Villa,GB1,active,transfermarkt,2026-07-04T18:17:00.870Z
tbg-tm-00111873,Emiliano Martínez,Emiliano Martínez,Damián Emiliano Martínez Romero,emiliano martinez,1992-09-02,Argentina; Spain,Goalkeeper,Goalkeeper,111873,,,Aston Villa,GB1,active,transfermarkt,2026-07-04T18:16:49.333Z
tbg-tm-00559328,Emmanuel Emegha,Emmanuel Emegha,Emmanuel Esseh Emegha,emmanuel emegha,2003-02-03,Netherlands; Nigeria,Centre-Forward,Striker,559328,,,Chelsea FC,GB1,active,transfermarkt,2026-07-04T18:14:53.529Z
tbg-tm-00251106,Enes Ünal,Enes Ünal,Enes Ünal,enes unal,1997-05-10,Türkiye,Centre-Forward,Striker,251106,,,AFC Bournemouth,GB1,active,transfermarkt,2026-07-04T18:16:46.979Z
tbg-tm-00699980,Enis Destan,Enis Destan,Enis Destan,enis destan,2002-06-15,Türkiye,Centre-Forward,Striker,699980,,,Hull City,GB1,active,transfermarkt,2026-07-04T18:20:33.535Z
tbg-tm-00671915,Enzo Barrenechea,Enzo Barrenechea,Enzo Alan Tomás Barrenechea,enzo barrenechea,2001-05-22,Argentina,Defensive Midfield,Midfielder,671915,,,SL Benfica,PO1,active,transfermarkt,2026-07-04T18:17:04.500Z
tbg-tm-00648195,Enzo Fernández,Enzo Fernández,Enzo Jeremías Fernández,enzo fernandez,2001-01-17,Argentina,Central Midfield,Midfielder,648195,,,Chelsea FC,GB1,active,transfermarkt,2026-07-04T18:14:46.857Z
tbg-tm-00633992,Enzo Le Fée,Enzo Le Fée,Enzo Le Fée,enzo le fee,2000-02-03,France,Central Midfield,Midfielder,633992,,,Sunderland AFC,GB1,active,transfermarkt,2026-07-04T18:18:52.638Z
tbg-tm-00466637,Ephron Mason-Clark,Ephron Mason-Clark,Ephron Jardell Mason-Clark,ephron mason clark,1999-08-25,Jamaica; England,Left Midfield,Midfielder,466637,,,Coventry City,GB1,active,transfermarkt,2026-07-04T18:20:15.757Z
tbg-tm-00897481,Eric da Silva Moreira,Eric da Silva Moreira,Eric Emanuel da Silva Moreira,eric da silva moreira,2006-05-03,Germany; Portugal,Right-Back,Defender,897481,,,Nottingham Forest,GB1,active,transfermarkt,2026-07-04T18:17:11.541Z
tbg-tm-00418560,Erling Haaland,Erling Haaland,Erling Braut Håland,erling haaland,2000-07-21,Norway,Centre-Forward,Striker,418560,,,Manchester City,GB1,active,transfermarkt,2026-07-04T18:14:31.253Z
tbg-tm-01056993,Estêvão Willian Almeida de Oliveira Gonçalves,Estêvão Willian Almeida de Oliveira Gonçalves,Estêvão,estevao willian almeida de oliveira goncalves,2007-04-24,Brazil,Right Winger,Striker,1056993,,,Chelsea FC,GB1,active,transfermarkt,2026-07-04T18:14:49.791Z
tbg-tm-00392771,Ethan Ampadu,Ethan Ampadu,Ethan Kwame Colm Raymond Ampadu,ethan ampadu,2000-09-14,Wales; England,Defensive Midfield,Midfielder,392771,,,Leeds United,GB1,active,transfermarkt,2026-07-04T18:19:16.890Z
tbg-tm-00890719,Ethan Nwaneri,Ethan Nwaneri,Ethan Chidiebere Nwaneri,ethan nwaneri,2007-03-21,England; Nigeria,Attacking Midfield,Midfielder,890719,,,Arsenal FC,GB1,active,transfermarkt,2026-07-04T18:13:17.547Z
tbg-tm-00442248,Ethan Pinnock,Ethan Pinnock,Ethan Rupert Pinnock,ethan pinnock,1993-05-29,Jamaica; England,Centre-Back,Defender,442248,,,Brentford FC,GB1,active,transfermarkt,2026-07-04T18:17:49.744Z
tbg-tm-00888639,Ethan Wheatley,Ethan Wheatley,Ethan Joseph Wheatley,ethan wheatley,2006-01-20,England,Centre-Forward,Striker,888639,,,Manchester United,GB1,active,transfermarkt,2026-07-04T18:15:42.556Z
tbg-tm-00648046,Evan Ferguson,Evan Ferguson,Evan Joe Ferguson,evan ferguson,2004-10-19,Ireland; England,Centre-Forward,Striker,648046,,,Brighton & Hove Albion,GB1,active,transfermarkt,2026-07-04T18:16:04.289Z
tbg-tm-00500689,Evann Guessand,Evann Guessand,Evann Ludovic Vidjannagni Guessand,evann guessand,2001-07-01,Cote d'Ivoire; France,Right Winger,Striker,500689,,,Aston Villa,GB1,active,transfermarkt,2026-07-04T18:17:01.818Z
tbg-tm-00923757,Ewen Jaouen,Ewen Jaouen,Ewen Jaouen,ewen jaouen,2005-12-29,France; Germany,Goalkeeper,Goalkeeper,923757,,,Newcastle United,GB1,active,transfermarkt,2026-07-04T18:16:07.387Z
tbg-tm-00413403,Ezri Konsa,Ezri Konsa,Ezri Konsa Ngoyo,ezri konsa,1997-10-23,England; DR Congo,Centre-Back,Defender,413403,,,Aston Villa,GB1,active,transfermarkt,2026-07-04T18:16:51.655Z
tbg-tm-00135343,Fabian Schär,Fabian Schär,Fabian Lukas Schär,fabian schar,1991-12-20,Switzerland,Centre-Back,Defender,135343,,,Newcastle United,GB1,active,transfermarkt,2026-07-04T18:16:10.191Z
tbg-tm-00559263,Fábio Carvalho,Fábio Carvalho,Fábio Leandro Freitas Gouveia Carvalho,fabio carvalho,2002-08-30,Portugal,Attacking Midfield,Midfielder,559263,,,Brentford FC,GB1,active,transfermarkt,2026-07-04T18:18:05.008Z
tbg-tm-00537598,Fábio Vieira,Fábio Vieira,Fábio Daniel Ferreira Vieira,fabio vieira,2000-05-30,Portugal,Attacking Midfield,Midfielder,537598,,,Arsenal FC,GB1,active,transfermarkt,2026-07-04T18:13:18.448Z
tbg-tm-00983989,Facundo Buonanotte,Facundo Buonanotte,Facundo Valentín Buonanotte,facundo buonanotte,2004-12-23,Argentina; Italy,Attacking Midfield,Midfielder,983989,,,Brighton & Hove Albion,GB1,active,transfermarkt,2026-07-04T18:15:57.615Z
tbg-tm-00341092,Federico Chiesa,Federico Chiesa,Federico Chiesa,federico chiesa,1997-10-25,Italy,Right Winger,Striker,341092,,,Liverpool FC,GB1,active,transfermarkt,2026-07-04T18:13:55.109Z
tbg-tm-00673492,Felipe Rodrigues da Silva,Felipe Rodrigues da Silva,Morato,felipe rodrigues da silva,2001-06-30,Brazil,Centre-Back,Defender,673492,,,Nottingham Forest,GB1,active,transfermarkt,2026-07-04T18:17:07.457Z
tbg-tm-00369316,Ferdi Kadıoğlu,Ferdi Kadıoğlu,Ferdi Erenay Kadıoğlu,ferdi kad oglu,1999-10-07,Türkiye; Netherlands,Left-Back,Defender,369316,,,Brighton & Hove Albion,GB1,active,transfermarkt,2026-07-04T18:15:51.454Z
tbg-tm-00585323,Filip Jørgensen,Filip Jørgensen,Filip Jørgensen,filip jorgensen,2002-04-16,Denmark; Sweden,Goalkeeper,Goalkeeper,585323,,,Chelsea FC,GB1,active,transfermarkt,2026-07-04T18:14:36.045Z
tbg-tm-00598577,Florian Wirtz,Florian Wirtz,Florian Richard Wirtz,florian wirtz,2003-05-03,Germany,Attacking Midfield,Midfielder,598577,,,Liverpool FC,GB1,active,transfermarkt,2026-07-04T18:13:49.348Z
tbg-tm-00711337,Francisco Evanilson de Lima Barbosa,Francisco Evanilson de Lima Barbosa,Evanilson,francisco evanilson de lima barbosa,1999-10-06,Brazil,Centre-Forward,Striker,711337,,,AFC Bournemouth,GB1,active,transfermarkt,2026-07-04T18:16:46.333Z
tbg-tm-00421637,Frank Onyeka,Frank Onyeka,Ogochukwu Frank Onyeka,frank onyeka,1998-01-01,Nigeria,Central Midfield,Midfielder,421637,,,Coventry City,GB1,active,transfermarkt,2026-07-04T18:18:12.010Z
tbg-tm-00052570,Fraser Forster,Fraser Forster,Fraser Gerard Forster,fraser forster,1988-03-17,England,Goalkeeper,Goalkeeper,52570,,,AFC Bournemouth,GB1,active,transfermarkt,2026-07-04T18:16:29.591Z
tbg-tm-00226049,Freddie Woodman,Freddie Woodman,Frederick John Woodman,freddie woodman,1997-03-04,England,Goalkeeper,Goalkeeper,226049,,,Liverpool FC,GB1,active,transfermarkt,2026-07-04T18:13:31.349Z
tbg-tm-00362108,Gabriel Gudmundsson,Gabriel Gudmundsson,Gabriel Johan Gudmundsson,gabriel gudmundsson,1999-04-29,Sweden,Left-Back,Defender,362108,,,Leeds United,GB1,active,transfermarkt,2026-07-04T18:19:12.918Z
tbg-tm-00363205,Gabriel Jesus,Gabriel Jesus,Gabriel Fernando de Jesus,gabriel jesus,1997-04-03,Brazil,Centre-Forward,Striker,363205,,,Arsenal FC,GB1,active,transfermarkt,2026-07-04T18:13:24.915Z
tbg-tm-00435338,Gabriel Magalhães,Gabriel Magalhães,Gabriel dos Santos Magalhães,gabriel magalhaes,1997-12-19,Brazil,Centre-Back,Defender,435338,,,Arsenal FC,GB1,active,transfermarkt,2026-07-04T18:13:06.365Z
tbg-tm-00655488,Gabriel Martinelli,Gabriel Martinelli,Gabriel Teodoro Martinelli Silva,gabriel martinelli,2001-06-18,Brazil; Italy,Left Winger,Striker,655488,,,Arsenal FC,GB1,active,transfermarkt,2026-07-04T18:13:19.013Z
tbg-tm-00656316,Gabriel Slonina,Gabriel Slonina,Gabriel Paweł Słonina,gabriel slonina,2004-05-15,United States; Poland,Goalkeeper,Goalkeeper,656316,,,Chelsea FC,GB1,active,transfermarkt,2026-07-04T18:14:36.980Z
tbg-tm-00420808,George Hirst,George Hirst,George David Eric Hirst,george hirst,1999-02-15,Scotland; England,Centre-Forward,Striker,420808,,,Ipswich Town,GB1,active,transfermarkt,2026-07-04T18:20:00.928Z
tbg-tm-00538977,Georginio Rutter,Georginio Rutter,Georginio Rutter,georginio rutter,2002-04-20,France; Martinique,Centre-Forward,Striker,538977,,,Brighton & Hove Albion,GB1,active,transfermarkt,2026-07-04T18:16:02.944Z
tbg-tm-01138758,Geovany Quenda,Geovany Quenda,Geovany Tcherno Quenda,geovany quenda,2007-04-30,Portugal; Guinea-Bissau,Right Winger,Striker,1138758,,,Chelsea FC,GB1,active,transfermarkt,2026-07-04T18:14:50.956Z
tbg-tm-00315858,Gianluigi Donnarumma,Gianluigi Donnarumma,Gianluigi Donnarumma,gianluigi donnarumma,1999-02-25,Italy,Goalkeeper,Goalkeeper,315858,,,Manchester City,GB1,active,transfermarkt,2026-07-04T18:14:03.099Z
tbg-tm-00502676,Giorgi Mamardashvili,Giorgi Mamardashvili,გიორგი მამარდაშვილი,giorgi mamardashvili,2000-09-29,Georgia,Goalkeeper,Goalkeeper,502676,,,Liverpool FC,GB1,active,transfermarkt,2026-07-04T18:13:29.033Z
tbg-tm-01086619,Giovanni Leoni,Giovanni Leoni,Giovanni Leoni,giovanni leoni,2006-12-21,Italy,Centre-Back,Defender,1086619,,,Liverpool FC,GB1,active,transfermarkt,2026-07-04T18:13:33.525Z
tbg-tm-00111455,Granit Xhaka,Granit Xhaka,Granit Xhaka,granit xhaka,1992-09-27,Switzerland,Defensive Midfield,Midfielder,111455,,,Sunderland AFC,GB1,active,transfermarkt,2026-07-04T18:18:50.032Z
tbg-tm-00286047,Guglielmo Vicario,Guglielmo Vicario,Guglielmo Vicario,guglielmo vicario,1996-10-07,Italy,Goalkeeper,Goalkeeper,286047,,,Tottenham Hotspur,GB1,active,transfermarkt,2026-07-04T18:14:56.527Z
tbg-tm-01086375,Gustavo Nunes,Gustavo Nunes,Gustavo Nunes Fernandes Gomes,gustavo nunes,2005-11-20,Brazil,Left Winger,Striker,1086375,,,Brentford FC,GB1,active,transfermarkt,2026-07-04T18:18:07.017Z
tbg-tm-00876631,Habib Diarra,Habib Diarra,Mouhamadou Habib Diarra,habib diarra,2004-01-03,Senegal; France,Central Midfield,Midfielder,876631,,,Sunderland AFC,GB1,active,transfermarkt,2026-07-04T18:18:50.900Z
tbg-tm-00315291,Haji Wright,Haji Wright,Haji Amir Wright,haji wright,1998-03-27,United States; Liberia,Centre-Forward,Striker,315291,,,Coventry City,GB1,active,transfermarkt,2026-07-04T18:20:19.215Z
tbg-tm-00488935,Hákon Valdimarsson,Hákon Valdimarsson,Hákon Rafn Valdimarsson,hakon valdimarsson,2001-10-13,Iceland,Goalkeeper,Goalkeeper,488935,,,Brentford FC,GB1,active,transfermarkt,2026-07-04T18:17:41.435Z
tbg-tm-00391065,Hamed Traoré,Hamed Traoré,Hamed Junior Traoré,hamed traore,2000-02-16,Cote d'Ivoire,Left Winger,Striker,391065,,,Olympique Marseille,FR1,active,transfermarkt,2026-07-04T18:16:48.256Z
tbg-tm-01107733,Harrison Armstrong,Harrison Armstrong,Harrison David Armstrong,harrison armstrong,2007-01-19,England,Central Midfield,Midfielder,1107733,,,Everton FC,GB1,active,transfermarkt,2026-07-04T18:18:26.546Z
tbg-tm-00559130,Harrison Ashby,Harrison Ashby,Harrison Charles Ashby,harrison ashby,2001-11-14,Scotland; England,Right-Back,Defender,559130,,,Newcastle United,GB1,active,transfermarkt,2026-07-04T18:16:12.707Z
tbg-tm-00226973,Harrison Reed,Harrison Reed,Harrison James Reed,harrison reed,1995-01-27,England,Central Midfield,Midfielder,226973,,,Fulham FC,GB1,active,transfermarkt,2026-07-04T18:19:39.968Z
tbg-tm-01011738,Harry Amass,Harry Amass,Harry John Amass,harry amass,2007-03-16,England,Left-Back,Defender,1011738,,,Manchester United,GB1,active,transfermarkt,2026-07-04T18:15:30.558Z
tbg-tm-00528892,Harry Clarke,Harry Clarke,Harrison Thomas Clarke,harry clarke,2001-03-02,England,Right-Back,Defender,528892,,,Ipswich Town,GB1,active,transfermarkt,2026-07-04T18:19:53.496Z
tbg-tm-00177907,Harry Maguire,Harry Maguire,Jacob Harry Maguire,harry maguire,1993-03-05,England,Centre-Back,Defender,177907,,,Manchester United,GB1,active,transfermarkt,2026-07-04T18:15:29.119Z
tbg-tm-00867909,Harry Vaughan,Harry Vaughan,Harry Patrick Vaughan,harry vaughan,2004-04-06,Ireland; England,Attacking Midfield,Midfielder,867909,,,Bohemian Football Club,IR1,active,transfermarkt,2026-07-04T18:20:35.548Z
tbg-tm-00279455,Harry Wilson,Harry Wilson,Harry Wilson,harry wilson,1997-03-22,Wales; England,Right Winger,Striker,279455,,,Without Club,,active,transfermarkt,2026-07-04T18:19:44.942Z
tbg-tm-00398065,Harvey Barnes,Harvey Barnes,Harvey Lewis Barnes,harvey barnes,1997-12-09,England; Scotland,Left Winger,Striker,398065,,,Newcastle United,GB1,active,transfermarkt,2026-07-04T18:16:17.094Z
tbg-tm-00712592,Harvey Cartwright,Harvey Cartwright,Harvey Jay Cartwright,harvey cartwright,2002-05-09,England,Goalkeeper,Goalkeeper,712592,,,Hull City,GB1,active,transfermarkt,2026-07-04T18:20:23.961Z
tbg-tm-00706815,Harvey Davies,Harvey Davies,Harvey Peter Davies,harvey davies,2003-09-03,England,Goalkeeper,Goalkeeper,706815,,,Liverpool FC,GB1,active,transfermarkt,2026-07-04T18:13:32.128Z
tbg-tm-00565822,Harvey Elliott,Harvey Elliott,Harvey Scott Elliott,harvey elliott,2003-04-04,England,Attacking Midfield,Midfielder,565822,,,Liverpool FC,GB1,active,transfermarkt,2026-07-04T18:13:51.599Z
tbg-tm-00538216,Hayden Hackney,Hayden Hackney,Hayden Rhys Hackney,hayden hackney,2002-06-26,England; Scotland,Defensive Midfield,Midfielder,538216,,,Everton FC,GB1,active,transfermarkt,2026-07-04T18:18:23.507Z
tbg-tm-00709726,Hugo Ekitiké,Hugo Ekitiké,Hugo Timothée Ekitiké,hugo ekitike,2002-06-20,France; Cameroon,Centre-Forward,Striker,709726,,,Liverpool FC,GB1,active,transfermarkt,2026-07-04T18:13:57.376Z
tbg-tm-00485585,Ian Maatsen,Ian Maatsen,Ian Ethan Maatsen,ian maatsen,2002-03-10,Netherlands; Suriname,Left-Back,Defender,485585,,,Aston Villa,GB1,active,transfermarkt,2026-07-04T18:16:54.186Z
tbg-tm-01110406,Ibrahim Osman,Ibrahim Osman,Ibrahim Osman,ibrahim osman,2004-11-29,Ghana,Left Winger,Striker,1110406,,,Brighton & Hove Albion,GB1,active,transfermarkt,2026-07-04T18:15:58.568Z
tbg-tm-00375885,Ibrahim Sangaré,Ibrahim Sangaré,Ibrahim Sangaré,ibrahim sangare,1997-12-02,Cote d'Ivoire,Defensive Midfield,Midfielder,375885,,,Nottingham Forest,GB1,active,transfermarkt,2026-07-04T18:17:12.005Z
tbg-tm-00357119,Ibrahima Konaté,Ibrahima Konaté,Ibrahima Konaté,ibrahima konate,1999-05-25,France; Mali,Centre-Back,Defender,357119,,,Real Madrid,ES1,active,transfermarkt,2026-07-04T18:13:58.787Z
tbg-tm-00126665,Idrissa Gueye,Idrissa Gueye,Idrissa Gana Gueye,idrissa gueye,1989-09-26,Senegal,Defensive Midfield,Midfielder,126665,,,Without Club,,active,transfermarkt,2026-07-04T18:18:33.870Z
tbg-tm-00432164,Igor Jesus Maciel da Cruz,Igor Jesus Maciel da Cruz,Igor Jesus,igor jesus maciel da cruz,2001-02-25,Brazil; United Arab Emirates,Centre-Forward,Striker,432164,,,Nottingham Forest,GB1,active,transfermarkt,2026-07-04T18:17:17.650Z
tbg-tm-00380350,Igor Julio dos Santos de Paulo,Igor Julio dos Santos de Paulo,Igor Julio,igor julio dos santos de paulo,1998-02-07,Brazil,Centre-Back,Defender,380350,,,Brighton & Hove Albion,GB1,active,transfermarkt,2026-07-04T18:15:49.180Z
tbg-tm-00739443,Igor Thiago Nascimento Rodrigues,Igor Thiago Nascimento Rodrigues,Igor Thiago,igor thiago nascimento rodrigues,2001-06-26,Brazil; Bulgaria,Centre-Forward,Striker,739443,,,Brentford FC,GB1,active,transfermarkt,2026-07-04T18:18:09.858Z
tbg-tm-00381753,Ilia Gruev,Ilia Gruev,Илия Илиев Груев,ilia gruev,2000-05-06,Bulgaria; Germany,Defensive Midfield,Midfielder,381753,,,Leeds United,GB1,active,transfermarkt,2026-07-04T18:19:18.965Z
tbg-tm-00623570,Iliman Ndiaye,Iliman Ndiaye,Iliman Cheikh Baroy Ndiaye,iliman ndiaye,2000-03-06,Senegal; France,Right Winger,Striker,623570,,,Everton FC,GB1,active,transfermarkt,2026-07-04T18:18:29.715Z
tbg-tm-00542586,Illan Meslier,Illan Meslier,Illan Stéphane Meslier,illan meslier,2000-03-02,France,Goalkeeper,Goalkeeper,542586,,,Without Club,,active,transfermarkt,2026-07-04T18:19:31.952Z
tbg-tm-00449597,Isaac Schmidt,Isaac Schmidt,Isaac Osa's Schmidt,isaac schmidt,1999-12-07,Switzerland; Nigeria,Left-Back,Defender,449597,,,Leeds United,GB1,active,transfermarkt,2026-07-04T18:19:13.762Z
tbg-tm-00410225,Ismaïla Sarr,Ismaïla Sarr,Ismaïla Sarr,ismaila sarr,1998-02-25,Senegal,Right Winger,Striker,410225,,,Crystal Palace,GB1,active,transfermarkt,2026-07-04T18:17:31.782Z
tbg-tm-00272622,Issa Diop,Issa Diop,"Issa Laye Lucas Jean Diop, عيسى ديوب",issa diop,1997-01-09,Morocco; France,Centre-Back,Defender,272622,,,Fulham FC,GB1,active,transfermarkt,2026-07-04T18:19:36.804Z
tbg-tm-00649452,Issa Kaboré,Issa Kaboré,Issa Kaboré,issa kabore,2001-05-12,Burkina Faso,Right-Back,Defender,649452,,,Manchester City,GB1,active,transfermarkt,2026-07-04T18:14:17.965Z
tbg-tm-00371013,Ivor Pandur,Ivor Pandur,Ivor Pandur,ivor pandur,2000-03-25,Croatia,Goalkeeper,Goalkeeper,371013,,,Rangers FC,SC1,active,transfermarkt,2026-07-04T18:20:34.406Z
tbg-tm-00128899,Jack Butland,Jack Butland,Jack Butland,jack butland,1993-03-10,England,Goalkeeper,Goalkeeper,128899,,,Hull City,GB1,active,transfermarkt,2026-07-04T18:20:22.697Z
tbg-tm-00559794,Jack Clarke,Jack Clarke,Jack Raymond Clarke,jack clarke,2000-11-23,England,Left Winger,Striker,559794,,,Ipswich Town,GB1,active,transfermarkt,2026-07-04T18:19:59.216Z
tbg-tm-01011140,Jack Fletcher,Jack Fletcher,Jack Davidson Fletcher,jack fletcher,2007-03-19,England; Scotland,Attacking Midfield,Midfielder,1011140,,,Manchester United,GB1,active,transfermarkt,2026-07-04T18:15:36.618Z
tbg-tm-00203460,Jack Grealish,Jack Grealish,Jack Peter Grealish,jack grealish,1995-09-10,England; Ireland,Left Winger,Striker,203460,,,Manchester City,GB1,active,transfermarkt,2026-07-04T18:14:30.116Z
tbg-tm-00417346,Jack Harrison,Jack Harrison,Jack David Harrison,jack harrison,1996-11-20,England,Left Winger,Striker,417346,,,Leeds United,GB1,active,transfermarkt,2026-07-04T18:19:24.924Z
tbg-tm-00867688,Jack Hinshelwood,Jack Hinshelwood,Jack Luca Hinshelwood,jack hinshelwood,2005-04-11,England,Defensive Midfield,Midfielder,867688,,,Brighton & Hove Albion,GB1,active,transfermarkt,2026-07-04T18:15:53.689Z
tbg-tm-00662476,Jack Rudoni,Jack Rudoni,Jack Edward Rudoni,jack rudoni,2001-06-14,England; United States,Attacking Midfield,Midfielder,662476,,,Coventry City,GB1,active,transfermarkt,2026-07-04T18:20:16.320Z
tbg-tm-00458178,Jack Taylor,Jack Taylor,Jack Henry Philip Taylor,jack taylor,1998-06-23,Ireland; England,Central Midfield,Midfielder,458178,,,Ipswich Town,GB1,active,transfermarkt,2026-07-04T18:19:55.879Z
tbg-tm-00693095,Jacob Greaves,Jacob Greaves,Jacob John Greaves,jacob greaves,2000-09-12,England,Centre-Back,Defender,693095,,,Ipswich Town,GB1,active,transfermarkt,2026-07-04T18:19:50.720Z
tbg-tm-00199527,Jacob Murphy,Jacob Murphy,Jacob Kai Murphy,jacob murphy,1995-02-24,England; Ireland,Right Winger,Striker,199527,,,Newcastle United,GB1,active,transfermarkt,2026-07-04T18:16:19.009Z
tbg-tm-00503749,Jacob Ramsey,Jacob Ramsey,Jacob Matthew Decourcey Ramsey,jacob ramsey,2001-05-28,England,Central Midfield,Midfielder,503749,,,Newcastle United,GB1,active,transfermarkt,2026-07-04T18:16:14.109Z
tbg-tm-00665390,Jaden Philogene,Jaden Philogene,Jaden Philogene-Bidace,jaden philogene,2002-02-08,England; Dominica,Left Winger,Striker,665390,,,Ipswich Town,GB1,active,transfermarkt,2026-07-04T18:19:58.863Z
tbg-tm-00401173,Jadon Sancho,Jadon Sancho,Jadon Malik Sancho,jadon sancho,2000-03-25,England; Jamaica,Left Winger,Striker,401173,,,Without Club,,active,transfermarkt,2026-07-04T18:15:43.557Z
tbg-tm-00677382,Jahnoah Markelo,Jahnoah Markelo,Jahnoah Guevara Markelo,jahnoah markelo,2003-01-04,Suriname; Netherlands,Right Winger,Striker,677382,,,Coventry City,GB1,active,transfermarkt,2026-07-04T18:20:18.532Z
tbg-tm-00984096,Jair Cunha,Jair Cunha,Jair Paula da Cunha Filho,jair cunha,2005-03-07,Brazil,Centre-Back,Defender,984096,,,Nottingham Forest,GB1,active,transfermarkt,2026-07-04T18:17:07.037Z
tbg-tm-00371851,Jaka Bijol,Jaka Bijol,Jaka Bijol,jaka bijol,1999-02-05,Slovenia,Centre-Back,Defender,371851,,,Leeds United,GB1,active,transfermarkt,2026-07-04T18:19:09.379Z
tbg-tm-00121250,Jake Bidwell,Jake Bidwell,Jake Brian Bidwell,jake bidwell,1993-03-21,England,Left-Back,Defender,121250,,,Coventry City,GB1,active,transfermarkt,2026-07-04T18:20:12.001Z
tbg-tm-00711544,Jake O'Brien,Jake O'Brien,Jake Patrick O'Brien,jake obrien,2001-05-15,Ireland,Right-Back,Defender,711544,,,Everton FC,GB1,active,transfermarkt,2026-07-04T18:18:20.806Z
tbg-tm-00425918,Jakub Kiwior,Jakub Kiwior,Jakub Piotr Kiwior,jakub kiwior,2000-02-15,Poland,Centre-Back,Defender,425918,,,FC Porto,PO1,active,transfermarkt,2026-07-04T18:13:26.233Z
tbg-tm-00670860,James Beadle,James Beadle,James Giles Beadle,james beadle,2004-07-16,England,Goalkeeper,Goalkeeper,670860,,,Brighton & Hove Albion,GB1,active,transfermarkt,2026-07-04T18:15:46.149Z
tbg-tm-00505219,James Garner,James Garner,James David Garner,james garner,2001-03-13,England,Defensive Midfield,Midfielder,505219,,,Everton FC,GB1,active,transfermarkt,2026-07-04T18:18:22.638Z
tbg-tm-00611793,James Hill,James Hill,James Clayton Hill,james hill,2002-01-10,England,Centre-Back,Defender,611793,,,AFC Bournemouth,GB1,active,transfermarkt,2026-07-04T18:16:33.622Z
tbg-tm-00413220,James Justin,James Justin,James Michael Justin,james justin,1998-02-23,England; St. Lucia,Right-Back,Defender,413220,,,Leeds United,GB1,active,transfermarkt,2026-07-04T18:19:16.289Z
tbg-tm-00294057,James Maddison,James Maddison,James Daniel Maddison,james maddison,1996-11-23,England; Ireland,Attacking Midfield,Midfielder,294057,,,Tottenham Hotspur,GB1,active,transfermarkt,2026-07-04T18:15:16.683Z
tbg-tm-00583199,James McAtee,James McAtee,James John McAtee,james mcatee,2002-10-18,England,Attacking Midfield,Midfielder,583199,,,Nottingham Forest,GB1,active,transfermarkt,2026-07-04T18:17:14.491Z
tbg-tm-00173504,James Tarkowski,James Tarkowski,James Alan Tarkowski,james tarkowski,1992-11-19,England; Poland,Centre-Back,Defender,173504,,,Everton FC,GB1,active,transfermarkt,2026-07-04T18:18:17.362Z
tbg-tm-00566799,James Trafford,James Trafford,James Harrington Trafford,james trafford,2002-10-10,England,Goalkeeper,Goalkeeper,566799,,,Manchester City,GB1,active,transfermarkt,2026-07-04T18:14:04.029Z
tbg-tm-00257727,Jamie Allen,Jamie Allen,Jamie Paul Allen,jamie allen,1995-01-29,England,Central Midfield,Midfielder,257727,,,Without Club,,active,transfermarkt,2026-07-04T18:20:22.302Z
tbg-tm-00670882,Jamie Gittens,Jamie Gittens,Jamie Jermaine Bynoe-Gittens,jamie gittens,2004-08-08,England; Barbados,Left Winger,Striker,670882,,,Chelsea FC,GB1,active,transfermarkt,2026-07-04T18:14:47.967Z
tbg-tm-00576314,Jan Paul van Hecke,Jan Paul van Hecke,Jan Paul van Hecke,jan paul van hecke,2000-06-08,Netherlands,Centre-Back,Defender,576314,,,Tottenham Hotspur,GB1,active,transfermarkt,2026-07-04T18:15:01.027Z
tbg-tm-00915418,Jannik Schuster,Jannik Schuster,Jannik Schuster,jannik schuster,2006-05-16,Austria,Centre-Back,Defender,915418,,,Brentford FC,GB1,active,transfermarkt,2026-07-04T18:17:47.615Z
tbg-tm-00661053,Jarrad Branthwaite,Jarrad Branthwaite,Jarrad Paul Branthwaite,jarrad branthwaite,2002-06-27,England,Centre-Back,Defender,661053,,,Everton FC,GB1,active,transfermarkt,2026-07-04T18:18:16.325Z
tbg-tm-00073564,Jason Steele,Jason Steele,Jason Sean Steele,jason steele,1990-08-18,England; Scotland,Goalkeeper,Goalkeeper,73564,,,Brighton & Hove Albion,GB1,active,transfermarkt,2026-07-04T18:15:46.592Z
tbg-tm-00258915,Jay Dasilva,Jay Dasilva,Jay Rhys Dasilva,jay dasilva,1998-04-22,Wales; England,Left-Back,Defender,258915,,,Coventry City,GB1,active,transfermarkt,2026-07-04T18:20:08.967Z
tbg-tm-01006411,Jaydee Canvot,Jaydee Canvot,Jaydee Canvot,jaydee canvot,2006-07-29,France; Senegal,Centre-Back,Defender,1006411,,,Crystal Palace,GB1,active,transfermarkt,2026-07-04T18:17:24.297Z
tbg-tm-00465717,Jayden Bogle,Jayden Bogle,Jayden Ian Bogle,jayden bogle,2000-07-27,England,Right-Back,Defender,465717,,,Leeds United,GB1,active,transfermarkt,2026-07-04T18:19:15.099Z
tbg-tm-00954104,Jayden Meghoma,Jayden Meghoma,Jayden Ade Trindade Meghoma,jayden meghoma,2006-06-28,England; Nigeria,Left-Back,Defender,954104,,,Brentford FC,GB1,active,transfermarkt,2026-07-04T18:17:53.888Z
tbg-tm-00420002,Jean-Philippe Mateta,Jean-Philippe Mateta,Jean-Philippe Mateta,jean philippe mateta,1997-06-28,France; DR Congo,Centre-Forward,Striker,420002,,,Crystal Palace,GB1,active,transfermarkt,2026-07-04T18:17:37.692Z
tbg-tm-00262980,Jefferson Lerma,Jefferson Lerma,Jefferson Andrés Lerma Solís,jefferson lerma,1994-10-25,Colombia,Defensive Midfield,Midfielder,262980,,,Crystal Palace,GB1,active,transfermarkt,2026-07-04T18:17:29.726Z
tbg-tm-00617755,Jenson Seelt,Jenson Seelt,Jenson Seelt,jenson seelt,2003-05-23,Netherlands,Centre-Back,Defender,617755,,,Sunderland AFC,GB1,active,transfermarkt,2026-07-04T18:18:42.110Z
tbg-tm-00484547,Jeremie Frimpong,Jeremie Frimpong,Jeremie Agyekum Frimpong,jeremie frimpong,2000-12-10,Netherlands; Ghana,Right-Back,Defender,484547,,,Liverpool FC,GB1,active,transfermarkt,2026-07-04T18:13:40.364Z
tbg-tm-00486049,Jérémy Doku,Jérémy Doku,Jérémy Doku,jeremy doku,2002-05-27,Belgium; Ghana,Left Winger,Striker,486049,,,Manchester City,GB1,active,transfermarkt,2026-07-04T18:14:28.825Z
tbg-tm-01004301,Jérémy Jacquet,Jérémy Jacquet,Jérémy Jacquet,jeremy jacquet,2005-07-13,France; Guadeloupe,Centre-Back,Defender,1004301,,,Liverpool FC,GB1,active,transfermarkt,2026-07-04T18:13:32.841Z
tbg-tm-00568005,Jeremy Sarmiento,Jeremy Sarmiento,Jeremy Leonel Sarmiento Morante,jeremy sarmiento,2002-06-16,Ecuador; England,Left Winger,Striker,568005,,,Middlesbrough FC,GB2,active,transfermarkt,2026-07-04T18:16:05.508Z
tbg-tm-00586834,Jesurun Rak-Sakyi,Jesurun Rak-Sakyi,Jesurun Rak-Sakyi,jesurun rak sakyi,2002-10-05,Ghana; England,Right Winger,Striker,586834,,,Crystal Palace,GB1,active,transfermarkt,2026-07-04T18:17:35.432Z
tbg-tm-00709767,Ji-soo Kim,Ji-soo Kim,김지수,ji soo kim,2004-12-24,"Korea, South",Centre-Back,Defender,709767,,,Brentford FC,GB1,active,transfermarkt,2026-07-04T18:17:51.300Z
tbg-tm-00260827,Joachim Andersen,Joachim Andersen,Joachim Christian Andersen,joachim andersen,1996-05-31,Denmark,Centre-Back,Defender,260827,,,Fulham FC,GB1,active,transfermarkt,2026-07-04T18:19:35.204Z
tbg-tm-00663244,João Pedro Ferreira da Silva,João Pedro Ferreira da Silva,Jota Silva,joao pedro ferreira da silva,1999-08-01,Portugal,Left Winger,Striker,663244,,,Nottingham Forest,GB1,active,transfermarkt,2026-07-04T18:17:15.541Z
tbg-tm-00626724,João Pedro Junqueira de Jesus,João Pedro Junqueira de Jesus,João Pedro,joao pedro junqueira de jesus,2001-09-26,Brazil,Centre-Forward,Striker,626724,,,Chelsea FC,GB1,active,transfermarkt,2026-07-04T18:14:52.113Z
tbg-tm-00539252,João Pedro Loureiro da Costa,João Pedro Loureiro da Costa,Costinha,joao pedro loureiro da costa,2000-03-26,Portugal,Right-Back,Defender,539252,,,Brighton & Hove Albion,GB1,active,transfermarkt,2026-07-04T18:15:52.983Z
tbg-tm-01086258,João Victor de Souza Menezes,João Victor de Souza Menezes,Souza,joao victor de souza menezes,2006-06-16,Brazil,Left-Back,Defender,1086258,,,Tottenham Hotspur,GB1,active,transfermarkt,2026-07-04T18:15:10.883Z
tbg-tm-01322090,Jocelin Ta Bi,Jocelin Ta Bi,Djiamgone Jocelin Ta Bi,jocelin ta bi,2005-02-09,Cote d'Ivoire,Right Winger,Striker,1322090,,,Sunderland AFC,GB1,active,transfermarkt,2026-07-04T18:18:58.522Z
tbg-tm-00591844,Joe Gauci,Joe Gauci,Joe Anthony Gauci,joe gauci,2000-07-04,Australia; New Zealand,Goalkeeper,Goalkeeper,591844,,,Aston Villa,GB1,active,transfermarkt,2026-07-04T18:16:51.398Z
tbg-tm-00503980,Joe Gelhardt,Joe Gelhardt,Joseph Paul Gelhardt,joe gelhardt,2002-05-04,England,Centre-Forward,Striker,503980,,,Leeds United,GB1,active,transfermarkt,2026-07-04T18:19:29.499Z
tbg-tm-00256178,Joe Gomez,Joe Gomez,Joseph Dave Gomez,joe gomez,1997-05-23,England; The Gambia,Centre-Back,Defender,256178,,,Liverpool FC,GB1,active,transfermarkt,2026-07-04T18:13:36.276Z
tbg-tm-00297212,Joe Rodon,Joe Rodon,Joseph Peter Rodon,joe rodon,1997-10-22,Wales,Centre-Back,Defender,297212,,,Leeds United,GB1,active,transfermarkt,2026-07-04T18:19:10.291Z
tbg-tm-00614811,Joe White,Joe White,Joe Peter White,joe white,2002-10-01,England,Attacking Midfield,Midfielder,614811,,,Newcastle United,GB1,active,transfermarkt,2026-07-04T18:16:16.705Z
tbg-tm-00340329,Joe Willock,Joe Willock,Joseph George Willock,joe willock,1999-08-20,England; Montserrat,Central Midfield,Midfielder,340329,,,Newcastle United,GB1,active,transfermarkt,2026-07-04T18:16:15.804Z
tbg-tm-00412823,Joel Latibeaudiere,Joel Latibeaudiere,Joel Owen Latibeaudiere,joel latibeaudiere,2000-01-06,Jamaica; England,Centre-Back,Defender,412823,,,Coventry City,GB1,active,transfermarkt,2026-07-04T18:20:07.840Z
tbg-tm-00369962,Joël Piroe,Joël Piroe,Joël Mohammed Ramzan Piroe,joel piroe,1999-08-02,Suriname; Netherlands,Centre-Forward,Striker,369962,,,Leeds United,GB1,active,transfermarkt,2026-07-04T18:19:30.289Z
tbg-tm-00111195,Joël Veltman,Joël Veltman,Joël Ivo Veltman,joel veltman,1992-01-15,Netherlands,Right-Back,Defender,111195,,,Without Club,,active,transfermarkt,2026-07-04T18:16:06.409Z
tbg-tm-00333241,Joelinton Cassio Apolinário de Lira,Joelinton Cassio Apolinário de Lira,Joelinton,joelinton cassio apolinario de lira,1996-08-14,Brazil,Central Midfield,Midfielder,333241,,,Newcastle United,GB1,active,transfermarkt,2026-07-04T18:16:14.610Z
tbg-tm-00121324,John Egan,John Egan,John Patrick Egan,john egan,1992-10-20,Ireland,Centre-Back,Defender,121324,,,Hull City,GB1,active,transfermarkt,2026-07-04T18:20:25.187Z
tbg-tm-00193116,John McGinn,John McGinn,John McGinn,john mcginn,1994-10-18,Scotland,Central Midfield,Midfielder,193116,,,Aston Villa,GB1,active,transfermarkt,2026-07-04T18:16:59.092Z
tbg-tm-00029712,John Ruddy,John Ruddy,John Thomas Gordon Ruddy,john ruddy,1986-10-24,England,Goalkeeper,Goalkeeper,29712,,,Without Club,,active,transfermarkt,2026-07-04T18:16:27.562Z
tbg-tm-00186590,John Stones,John Stones,John Stones,john stones,1994-05-28,England,Centre-Back,Defender,186590,,,Without Club,,active,transfermarkt,2026-07-04T18:14:33.883Z
tbg-tm-00432914,John Victor Maciel Furtado,John Victor Maciel Furtado,John Victor,john victor maciel furtado,1996-02-13,Brazil; Portugal,Goalkeeper,Goalkeeper,432914,,,Nottingham Forest,GB1,active,transfermarkt,2026-07-04T18:17:05.186Z
tbg-tm-01069512,Jonah Kusi-Asare,Jonah Kusi-Asare,Jonah Daniel Kusi-Asare,jonah kusi asare,2007-07-04,Sweden; Ghana,Centre-Forward,Striker,1069512,,,Fulham FC,GB1,active,transfermarkt,2026-07-04T18:19:44.626Z
tbg-tm-00061651,Jordan Henderson,Jordan Henderson,Jordan Brian Henderson,jordan henderson,1990-06-17,England,Defensive Midfield,Midfielder,61651,,,Brentford FC,GB1,active,transfermarkt,2026-07-04T18:17:59.199Z
tbg-tm-00130164,Jordan Pickford,Jordan Pickford,Jordan Lee Pickford,jordan pickford,1994-03-07,England,Goalkeeper,Goalkeeper,130164,,,Everton FC,GB1,active,transfermarkt,2026-07-04T18:18:13.628Z
tbg-tm-00494880,Jorge Cuenca,Jorge Cuenca,Jorge Cuenca Barreno,jorge cuenca,1999-11-17,Spain,Centre-Back,Defender,494880,,,Fulham FC,GB1,active,transfermarkt,2026-07-04T18:19:36.398Z
tbg-tm-00429983,Jørgen Strand Larsen,Jørgen Strand Larsen,Jørgen Strand Larsen,jorgen strand larsen,2000-02-06,Norway,Centre-Forward,Striker,429983,,,Crystal Palace,GB1,active,transfermarkt,2026-07-04T18:17:36.384Z
tbg-tm-00904802,Jorrel Hato,Jorrel Hato,Jorrel Evan Hato,jorrel hato,2006-03-07,Netherlands; Curacao,Left-Back,Defender,904802,,,Chelsea FC,GB1,active,transfermarkt,2026-07-04T18:14:42.102Z
tbg-tm-01004708,Josh Acheampong,Josh Acheampong,Joshua Kofi Acheampong,josh acheampong,2006-05-05,England; Ghana,Right-Back,Defender,1004708,,,Chelsea FC,GB1,active,transfermarkt,2026-07-04T18:14:44.795Z
tbg-tm-00340321,Josh Dasilva,Josh Dasilva,Pelenda Joshua Tunga Dasilva,josh dasilva,1998-10-23,England; Angola,Central Midfield,Midfielder,340321,,,Brentford FC,GB1,active,transfermarkt,2026-07-04T18:18:01.257Z
tbg-tm-00618903,Josh Eccles,Josh Eccles,Joshua Elliot Eccles,josh eccles,2000-04-06,England,Central Midfield,Midfielder,618903,,,Coventry City,GB1,active,transfermarkt,2026-07-04T18:20:14.643Z
tbg-tm-01011131,Josh King,Josh King,Joshua David Steven King,josh king,2007-01-03,England,Attacking Midfield,Midfielder,1011131,,,Fulham FC,GB1,active,transfermarkt,2026-07-04T18:19:41.777Z
tbg-tm-00576121,Josh Wilson-Esbrand,Josh Wilson-Esbrand,Joshua Darius Kamani Wilson-Esbrand,josh wilson esbrand,2002-12-26,England; Jamaica,Left-Back,Defender,576121,,,Manchester City,GB1,active,transfermarkt,2026-07-04T18:14:15.009Z
tbg-tm-00435648,Joshua Zirkzee,Joshua Zirkzee,Joshua Orobosa Zirkzee,joshua zirkzee,2001-05-22,Netherlands; Nigeria,Centre-Forward,Striker,435648,,,Manchester United,GB1,active,transfermarkt,2026-07-04T18:15:41.646Z
tbg-tm-00475959,Josko Gvardiol,Josko Gvardiol,Joško Gvardiol,josko gvardiol,2002-01-23,Croatia,Centre-Back,Defender,475959,,,Manchester City,GB1,active,transfermarkt,2026-07-04T18:14:07.403Z
tbg-tm-00513970,Julián Araujo,Julián Araujo,Julián Vicente Araujo Zúñiga,julian araujo,2001-08-13,Mexico; United States,Right-Back,Defender,513970,,,AFC Bournemouth,GB1,active,transfermarkt,2026-07-04T18:16:37.363Z
tbg-tm-01009658,Julio Soler,Julio Soler,Julio César Soler Barreto,julio soler,2005-02-16,Argentina; Paraguay,Left-Back,Defender,1009658,,,AFC Bournemouth,GB1,active,transfermarkt,2026-07-04T18:16:36.243Z
tbg-tm-01121298,Juma Bah,Juma Bah,Abdulai Juma Bah,juma bah,2006-04-11,Sierra Leone,Centre-Back,Defender,1121298,,,Manchester City,GB1,active,transfermarkt,2026-07-04T18:14:11.871Z
tbg-tm-00955357,Junior Kroupi,Junior Kroupi,Eli Junior Éric Anatole Rainha Kroupi,junior kroupi,2006-06-23,France; Portugal,Centre-Forward,Striker,955357,,,AFC Bournemouth,GB1,active,transfermarkt,2026-07-04T18:16:45.676Z
tbg-tm-00420243,Jurriën Timber,Jurriën Timber,Jurriën David Norman Timber,jurrien timber,2001-06-17,Netherlands; Curacao,Right-Back,Defender,420243,,,Arsenal FC,GB1,active,transfermarkt,2026-07-04T18:13:10.160Z
tbg-tm-00747009,Justin Devenny,Justin Devenny,Justin Devenny,justin devenny,2003-10-11,Northern Ireland; Scotland,Attacking Midfield,Midfielder,747009,,,Crystal Palace,GB1,active,transfermarkt,2026-07-04T18:17:30.925Z
tbg-tm-00330659,Justin Kluivert,Justin Kluivert,Justin Dean Kluivert,justin kluivert,1999-05-05,Netherlands; Suriname,Attacking Midfield,Midfielder,330659,,,AFC Bournemouth,GB1,active,transfermarkt,2026-07-04T18:16:43.153Z
tbg-tm-00965924,Kai Andrews,Kai Andrews,Kai Bernard James Andrews,kai andrews,2006-08-06,Wales; England,Central Midfield,Midfielder,965924,,,Coventry City,GB1,active,transfermarkt,2026-07-04T18:20:15.070Z
tbg-tm-00309400,Kai Havertz,Kai Havertz,Kai Lukas Havertz,kai havertz,1999-06-11,Germany,Centre-Forward,Striker,309400,,,Arsenal FC,GB1,active,transfermarkt,2026-07-04T18:13:24.259Z
tbg-tm-00626888,Kaine Kesler-Hayden,Kaine Kesler-Hayden,Kaine Kesler-Hayden,kaine kesler hayden,2002-10-23,England,Right-Back,Defender,626888,,,Coventry City,GB1,active,transfermarkt,2026-07-04T18:20:13.064Z
tbg-tm-00351749,Kalvin Phillips,Kalvin Phillips,Kalvin Mark Phillips,kalvin phillips,1995-12-02,England; Jamaica,Defensive Midfield,Midfielder,351749,,,Manchester City,GB1,active,transfermarkt,2026-07-04T18:14:21.320Z
tbg-tm-00504849,Kaoru Mitoma,Kaoru Mitoma,三笘 薫,kaoru mitoma,1997-05-20,Japan,Left Winger,Striker,504849,,,Brighton & Hove Albion,GB1,active,transfermarkt,2026-07-04T18:15:58.080Z
tbg-tm-00493513,Karl Hein,Karl Hein,Karl Jakob Hein,karl hein,2002-04-13,Estonia,Goalkeeper,Goalkeeper,493513,,,SV Werder Bremen,L1,active,transfermarkt,2026-07-04T18:13:28.154Z
tbg-tm-00621193,Kasey McAteer,Kasey McAteer,Kasey Ian McAteer,kasey mcateer,2001-11-22,Ireland; England,Right Midfield,Midfielder,621193,,,Ipswich Town,GB1,active,transfermarkt,2026-07-04T18:19:56.709Z
tbg-tm-00258216,Kasey Palmer,Kasey Palmer,Kasey Remel Palmer,kasey palmer,1996-11-09,Jamaica; England,Attacking Midfield,Midfielder,258216,,,Luton Town,GB3,active,transfermarkt,2026-07-04T18:20:34.882Z
tbg-tm-01011936,Kaye Furo,Kaye Furo,Kaye Furo Tamuno Iyowuna,kaye furo,2007-02-06,Belgium; Nigeria,Centre-Forward,Striker,1011936,,,Brentford FC,GB1,active,transfermarkt,2026-07-04T18:18:11.008Z
tbg-tm-00644401,Keane Lewis-Potter,Keane Lewis-Potter,Keane William Lewis-Potter,keane lewis potter,2001-02-22,England,Left Midfield,Midfielder,644401,,,Brentford FC,GB1,active,transfermarkt,2026-07-04T18:18:02.509Z
tbg-tm-00206746,Kenny Tete,Kenny Tete,Kenny Joelle Tete,kenny tete,1995-10-09,Netherlands; Mozambique,Right-Back,Defender,206746,,,Fulham FC,GB1,active,transfermarkt,2026-07-04T18:19:37.872Z
tbg-tm-00192279,Kepa Arrizabalaga,Kepa Arrizabalaga,Kepa Arrizabalaga Revuelta,kepa arrizabalaga,1994-10-03,Spain,Goalkeeper,Goalkeeper,192279,,,Arsenal FC,GB1,active,transfermarkt,2026-07-04T18:13:04.582Z
tbg-tm-00263236,Kevin Danso,Kevin Danso,Kevin Danso,kevin danso,1998-09-19,Austria,Centre-Back,Defender,263236,,,Tottenham Hotspur,GB1,active,transfermarkt,2026-07-04T18:15:03.421Z
tbg-tm-00900195,Kevin Santos Lopes de Macedo,Kevin Santos Lopes de Macedo,Kevin,kevin santos lopes de macedo,2003-01-04,Brazil,Left Winger,Striker,900195,,,Fulham FC,GB1,active,transfermarkt,2026-07-04T18:19:42.990Z
tbg-tm-00473050,Kevin Schade,Kevin Schade,Kevin Schade,kevin schade,2001-11-27,Germany; Nigeria,Left Winger,Striker,473050,,,Brentford FC,GB1,active,transfermarkt,2026-07-04T18:18:06.525Z
tbg-tm-00258916,Kieran Dowell,Kieran Dowell,Kieran O'Neill Dowell,kieran dowell,1997-10-10,England,Attacking Midfield,Midfielder,258916,,,Hull City,GB1,active,transfermarkt,2026-07-04T18:20:29.909Z
tbg-tm-00095810,Kieran Trippier,Kieran Trippier,Kieran John Trippier,kieran trippier,1990-09-19,England,Right-Back,Defender,95810,,,Wolverhampton Wanderers,GB2,active,transfermarkt,2026-07-04T18:16:24.831Z
tbg-tm-00475188,Kiernan Dewsbury-Hall,Kiernan Dewsbury-Hall,Kiernan Frank Dewsbury-Hall,kiernan dewsbury hall,1998-09-06,England; Ireland,Central Midfield,Midfielder,475188,,,Everton FC,GB1,active,transfermarkt,2026-07-04T18:18:24.037Z
tbg-tm-00820374,Kobbie Mainoo,Kobbie Mainoo,Kobbie Boateng Mainoo,kobbie mainoo,2005-04-19,England; Ghana,Central Midfield,Midfielder,820374,,,Manchester United,GB1,active,transfermarkt,2026-07-04T18:15:33.566Z
tbg-tm-00338070,Konstantinos Tsimikas,Konstantinos Tsimikas,Κωνσταντίνος Τσιμίκας,konstantinos tsimikas,1996-05-12,Greece,Left-Back,Defender,338070,,,Liverpool FC,GB1,active,transfermarkt,2026-07-04T18:13:39.390Z
tbg-tm-00848682,Kosta Nedeljkovic,Kosta Nedeljkovic,Коста Недељковић,kosta nedeljkovic,2005-12-16,Serbia,Right-Back,Defender,848682,,,Aston Villa,GB1,active,transfermarkt,2026-07-04T18:16:56.338Z
tbg-tm-00671108,Kota Takai,Kota Takai,高井 幸大,kota takai,2004-09-04,Japan,Centre-Back,Defender,671108,,,Tottenham Hotspur,GB1,active,transfermarkt,2026-07-04T18:15:06.143Z
tbg-tm-00328658,Kristoffer Ajer,Kristoffer Ajer,Kristoffer Vassbakk Köpp Ajer,kristoffer ajer,1998-04-17,Norway,Centre-Back,Defender,328658,,,Brentford FC,GB1,active,transfermarkt,2026-07-04T18:17:48.472Z
tbg-tm-00647395,Kyle Joseph,Kyle Joseph,Kyle Alexander Joseph,kyle joseph,2001-09-10,Scotland; England,Centre-Forward,Striker,647395,,,Hull City,GB1,active,transfermarkt,2026-07-04T18:20:31.957Z
tbg-tm-00645686,Lamare Bogarde,Lamare Bogarde,Lamare Trenton Chansey Bogarde,lamare bogarde,2004-01-05,Netherlands; Suriname,Defensive Midfield,Midfielder,645686,,,Aston Villa,GB1,active,transfermarkt,2026-07-04T18:16:57.673Z
tbg-tm-00518644,Largie Ramazani,Largie Ramazani,Largie Ramazani,largie ramazani,2001-02-27,Belgium; Burundi,Left Winger,Striker,518644,,,Leeds United,GB1,active,transfermarkt,2026-07-04T18:19:23.243Z
tbg-tm-00144028,Leandro Trossard,Leandro Trossard,Leandro Trossard,leandro trossard,1994-12-04,Belgium,Left Winger,Striker,144028,,,Arsenal FC,GB1,active,transfermarkt,2026-07-04T18:13:20.153Z
tbg-tm-00596446,Leif Davis,Leif Davis,Leif Davis,leif davis,1999-12-31,England,Left-Back,Defender,596446,,,Ipswich Town,GB1,active,transfermarkt,2026-07-04T18:19:52.767Z
tbg-tm-00923831,Leny Yoro,Leny Yoro,Leny Yoro,leny yoro,2005-11-13,France; Cote d'Ivoire,Centre-Back,Defender,923831,,,Manchester United,GB1,active,transfermarkt,2026-07-04T18:15:27.131Z
tbg-tm-00661208,Leo Hjelde,Leo Hjelde,Leo Fuhr Hjelde,leo hjelde,2003-08-26,Norway; England,Centre-Back,Defender,661208,,,Sunderland AFC,GB1,active,transfermarkt,2026-07-04T18:18:42.989Z
tbg-tm-00387626,Leon Bailey,Leon Bailey,Leon Patrick Bailey Butler,leon bailey,1997-08-09,Jamaica,Right Winger,Striker,387626,,,Aston Villa,GB1,active,transfermarkt,2026-07-04T18:17:02.517Z
tbg-tm-00614258,Levi Colwill,Levi Colwill,Levi Lemar Samuel Colwill,levi colwill,2003-02-26,England,Centre-Back,Defender,614258,,,Chelsea FC,GB1,active,transfermarkt,2026-07-04T18:14:38.124Z
tbg-tm-00413402,Lewie Coyle,Lewie Coyle,Lewie Jacob Coyle,lewie coyle,1995-10-15,England,Right-Back,Defender,413402,,,Hull City,GB1,active,transfermarkt,2026-07-04T18:20:27.069Z
tbg-tm-00249089,Lewis Cook,Lewis Cook,Lewis John Cook,lewis cook,1997-02-03,England,Central Midfield,Midfielder,249089,,,AFC Bournemouth,GB1,active,transfermarkt,2026-07-04T18:16:41.634Z
tbg-tm-00627248,Lewis Dobbin,Lewis Dobbin,Lewis Norman Dobbin,lewis dobbin,2003-01-03,England,Left Winger,Striker,627248,,,Aston Villa,GB1,active,transfermarkt,2026-07-04T18:17:01.141Z
tbg-tm-00148153,Lewis Dunk,Lewis Dunk,Lewis Carl Dunk,lewis dunk,1991-11-21,England,Centre-Back,Defender,148153,,,Brighton & Hove Albion,GB1,active,transfermarkt,2026-07-04T18:15:50.638Z
tbg-tm-00670858,Lewis Hall,Lewis Hall,Lewis Kieran Hall,lewis hall,2004-09-08,England,Left-Back,Defender,670858,,,Newcastle United,GB1,active,transfermarkt,2026-07-04T18:16:11.737Z
tbg-tm-00922769,Lewis Miley,Lewis Miley,Lewis Miley,lewis miley,2006-05-01,England,Central Midfield,Midfielder,922769,,,Newcastle United,GB1,active,transfermarkt,2026-07-04T18:16:14.858Z
tbg-tm-00610849,Liam Delap,Liam Delap,Liam Rory Delap,liam delap,2003-02-08,England; Ireland,Centre-Forward,Striker,610849,,,Chelsea FC,GB1,active,transfermarkt,2026-07-04T18:14:53.000Z
tbg-tm-00534701,Liam Kitching,Liam Kitching,Liam James Kitching,liam kitching,1999-09-25,England; Ireland,Centre-Back,Defender,534701,,,Coventry City,GB1,active,transfermarkt,2026-07-04T18:20:07.137Z
tbg-tm-00487417,Liam Millar,Liam Millar,Liam Alan Millar,liam millar,1999-09-27,Canada; England,Left Winger,Striker,487417,,,Hull City,GB1,active,transfermarkt,2026-07-04T18:20:30.407Z
tbg-tm-00480762,Lisandro Martínez,Lisandro Martínez,Lisandro Martínez,lisandro martinez,1998-01-18,Argentina,Centre-Back,Defender,480762,,,Manchester United,GB1,active,transfermarkt,2026-07-04T18:15:27.821Z
tbg-tm-00524285,Luca Netz,Luca Netz,Luca Netz,luca netz,2003-05-15,Germany,Left-Back,Defender,524285,,,Nottingham Forest,GB1,active,transfermarkt,2026-07-04T18:17:09.638Z
tbg-tm-00866246,Lucas Bergvall,Lucas Bergvall,Lucas Erik Holger Bergvall,lucas bergvall,2006-02-02,Sweden,Central Midfield,Midfielder,866246,,,Tottenham Hotspur,GB1,active,transfermarkt,2026-07-04T18:15:14.836Z
tbg-tm-00126664,Lucas Digne,Lucas Digne,Lucas Digne,lucas digne,1993-07-20,France,Left-Back,Defender,126664,,,Aston Villa,GB1,active,transfermarkt,2026-07-04T18:16:54.643Z
tbg-tm-00352041,Lucas Perri,Lucas Perri,Lucas Estella Perri,lucas perri,1997-12-10,Brazil; Italy,Goalkeeper,Goalkeeper,352041,,,Leeds United,GB1,active,transfermarkt,2026-07-04T18:19:07.129Z
tbg-tm-00840687,Luís Semedo,Luís Semedo,Luís Hemir Silva Semedo,luis semedo,2003-08-11,Portugal; Cape Verde,Centre-Forward,Striker,840687,,,Sunderland AFC,GB1,active,transfermarkt,2026-07-04T18:19:02.428Z
tbg-tm-00512385,Luis Sinisterra,Luis Sinisterra,Luis Fernando Sinisterra Lucumí,luis sinisterra,1999-06-17,Colombia,Left Winger,Striker,512385,,,Cruzeiro Esporte Clube,BRA1,active,transfermarkt,2026-07-04T18:16:48.849Z
tbg-tm-00892160,Luka Vuskovic,Luka Vuskovic,Luka Vušković,luka vuskovic,2007-02-24,Croatia,Centre-Back,Defender,892160,,,Tottenham Hotspur,GB1,active,transfermarkt,2026-07-04T18:14:59.343Z
tbg-tm-00314288,Lukas Nmecha,Lukas Nmecha,Lukas Okechukwu Nmecha,lukas nmecha,1998-12-14,Germany; England,Centre-Forward,Striker,314288,,,Leeds United,GB1,active,transfermarkt,2026-07-04T18:19:30.722Z
tbg-tm-00817612,Luke Harris,Luke Harris,Luke Bernard Harris,luke harris,2005-03-04,Wales; Jersey,Attacking Midfield,Midfielder,817612,,,Fulham FC,GB1,active,transfermarkt,2026-07-04T18:19:42.514Z
tbg-tm-00282939,Luke O'Nien,Luke O'Nien,Luke Terry O'Nien,luke onien,1994-11-21,England,Centre-Back,Defender,282939,,,Sunderland AFC,GB1,active,transfermarkt,2026-07-04T18:18:44.542Z
tbg-tm-00183288,Luke Shaw,Luke Shaw,Luke Paul Hoare Shaw,luke shaw,1995-07-12,England,Left-Back,Defender,183288,,,Manchester United,GB1,active,transfermarkt,2026-07-04T18:15:30.014Z
tbg-tm-00527425,Luke Woolfenden,Luke Woolfenden,Luke Matthew Woolfenden,luke woolfenden,1998-10-21,England,Centre-Back,Defender,527425,,,Coventry City,GB1,active,transfermarkt,2026-07-04T18:20:08.190Z
tbg-tm-00521964,Malick Thiaw,Malick Thiaw,Malick Laye Thiaw,malick thiaw,2001-08-08,Germany; Finland,Centre-Back,Defender,521964,,,Newcastle United,GB1,active,transfermarkt,2026-07-04T18:16:09.251Z
tbg-tm-01178758,Malick Yalcouyé,Malick Yalcouyé,Malick Junior Yalcouyé,malick yalcouye,2005-11-18,Cote d'Ivoire; Mali,Central Midfield,Midfielder,1178758,,,Brighton & Hove Albion,GB1,active,transfermarkt,2026-07-04T18:15:55.836Z
tbg-tm-00620322,Malo Gusto,Malo Gusto,Malo Arthur Gusto,malo gusto,2003-05-19,France; Martinique,Right-Back,Defender,620322,,,Chelsea FC,GB1,active,transfermarkt,2026-07-04T18:14:44.485Z
tbg-tm-00910905,Mamadou Sarr,Mamadou Sarr,Mamadou Sarr,mamadou sarr,2005-08-29,Senegal; France,Centre-Back,Defender,910905,,,Chelsea FC,GB1,active,transfermarkt,2026-07-04T18:14:39.574Z
tbg-tm-00396638,Manor Solomon,Manor Solomon,מנור סולומון,manor solomon,1999-07-24,Israel; Portugal,Left Winger,Striker,396638,,,Tottenham Hotspur,GB1,active,transfermarkt,2026-07-04T18:15:19.549Z
tbg-tm-00284730,Manuel Akanji,Manuel Akanji,Manuel Obafemi Akanji,manuel akanji,1995-07-19,Switzerland; Nigeria,Centre-Back,Defender,284730,,,Inter Milan,IT1,active,transfermarkt,2026-07-04T18:14:33.437Z
tbg-tm-00476701,Manuel Ugarte,Manuel Ugarte,Manuel Ugarte Ribeiro,manuel ugarte,2001-04-11,Uruguay,Defensive Midfield,Midfielder,476701,,,Manchester United,GB1,active,transfermarkt,2026-07-04T18:15:32.729Z
tbg-tm-00284857,Marc Cucurella,Marc Cucurella,Marc Cucurella Saseta,marc cucurella,1998-07-22,Spain,Left-Back,Defender,284857,,,Real Madrid,ES1,active,transfermarkt,2026-07-04T18:14:55.787Z
tbg-tm-00392757,Marc Guéhi,Marc Guéhi,Addji Keaninkin Marc-Israel Guéhi,marc guehi,2000-07-13,England; Cote d'Ivoire,Centre-Back,Defender,392757,,,Manchester City,GB1,active,transfermarkt,2026-07-04T18:14:05.869Z
tbg-tm-00938158,Marc Guiu,Marc Guiu,Marc Guiu Paz,marc guiu,2006-01-04,Spain,Centre-Forward,Striker,938158,,,Chelsea FC,GB1,active,transfermarkt,2026-07-04T18:14:53.889Z
tbg-tm-00715558,Marcelino Núñez,Marcelino Núñez,Marcelino Ignacio Núñez Espinoza,marcelino nunez,2000-03-01,Chile,Central Midfield,Midfielder,715558,,,Ipswich Town,GB1,active,transfermarkt,2026-07-04T18:19:55.118Z
tbg-tm-00124884,Marco Bizot,Marco Bizot,Marco Bizot,marco bizot,1991-03-10,Netherlands,Goalkeeper,Goalkeeper,124884,,,Aston Villa,GB1,active,transfermarkt,2026-07-04T18:16:50.650Z
tbg-tm-00895937,Marco Palestra,Marco Palestra,Marco Palestra,marco palestra,2005-03-03,Italy,Right-Back,Defender,895937,,,Chelsea FC,GB1,active,transfermarkt,2026-07-04T18:14:44.117Z
tbg-tm-00469781,Marcos Senesi,Marcos Senesi,Marcos Nicolás Senesi Barón,marcos senesi,1997-05-10,Argentina; Italy,Centre-Back,Defender,469781,,,Tottenham Hotspur,GB1,active,transfermarkt,2026-07-04T18:15:02.311Z
tbg-tm-00116648,Marcus Bettinelli,Marcus Bettinelli,Marcus Bettinelli,marcus bettinelli,1992-05-24,England; Italy,Goalkeeper,Goalkeeper,116648,,,Manchester City,GB1,active,transfermarkt,2026-07-04T18:14:04.930Z
tbg-tm-00258923,Marcus Rashford,Marcus Rashford,Marcus Rashford,marcus rashford,1997-10-31,England; St. Kitts & Nevis,Left Winger,Striker,258923,,,Manchester United,GB1,active,transfermarkt,2026-07-04T18:15:36.875Z
tbg-tm-00399434,Marcus Tavernier,Marcus Tavernier,Marcus Joseph Tavernier,marcus tavernier,1999-03-22,England,Attacking Midfield,Midfielder,399434,,,AFC Bournemouth,GB1,active,transfermarkt,2026-07-04T18:16:42.649Z
tbg-tm-00142389,Mark Gillespie,Mark Gillespie,Mark Joseph Gillespie,mark gillespie,1992-03-27,England,Goalkeeper,Goalkeeper,142389,,,Newcastle United,GB1,active,transfermarkt,2026-07-04T18:16:08.568Z
tbg-tm-00357658,Mark Travers,Mark Travers,Mark Travers,mark travers,1999-05-18,Ireland,Goalkeeper,Goalkeeper,357658,,,Everton FC,GB1,active,transfermarkt,2026-07-04T18:18:14.846Z
tbg-tm-00074960,Martin Dúbravka,Martin Dúbravka,Martin Dúbravka,martin dubravka,1989-01-15,Slovakia,Goalkeeper,Goalkeeper,74960,,,Tottenham Hotspur,GB1,active,transfermarkt,2026-07-04T18:14:58.320Z
tbg-tm-00316264,Martin Ødegaard,Martin Ødegaard,Martin Ødegaard,martin odegaard,1998-12-17,Norway,Attacking Midfield,Midfielder,316264,,,Arsenal FC,GB1,active,transfermarkt,2026-07-04T18:13:16.503Z
tbg-tm-00423440,Martín Zubimendi,Martín Zubimendi,Martín Zubimendi Ibáñez,martin zubimendi,1999-02-02,Spain,Defensive Midfield,Midfielder,423440,,,Arsenal FC,GB1,active,transfermarkt,2026-07-04T18:13:11.927Z
tbg-tm-00874080,Mason Burstow,Mason Burstow,Mason Paul James Burstow,mason burstow,2003-08-04,England; Jamaica,Centre-Forward,Striker,874080,,,Hull City,GB1,active,transfermarkt,2026-07-04T18:20:32.875Z
tbg-tm-00346483,Mason Mount,Mason Mount,Mason Tony Mount,mason mount,1999-01-10,England,Attacking Midfield,Midfielder,346483,,,Manchester United,GB1,active,transfermarkt,2026-07-04T18:15:36.138Z
tbg-tm-00994604,Matai Akinmboni,Matai Akinmboni,Matai Akinmboni,matai akinmboni,2006-10-17,United States; Nigeria,Centre-Back,Defender,994604,,,AFC Bournemouth,GB1,active,transfermarkt,2026-07-04T18:16:35.211Z
tbg-tm-00834742,Mateo Joseph,Mateo Joseph,Mateo Joseph Fernández Regatillo,mateo joseph,2003-10-19,Spain; England,Centre-Forward,Striker,834742,,,Leeds United,GB1,active,transfermarkt,2026-07-04T18:19:31.533Z
tbg-tm-00051471,Mateo Kovacic,Mateo Kovacic,Mateo Kovačić,mateo kovacic,1994-05-06,Croatia,Central Midfield,Midfielder,51471,,,Manchester City,GB1,active,transfermarkt,2026-07-04T18:14:25.468Z
tbg-tm-00880245,Mateus Fernandes,Mateus Fernandes,Mateus Gonçalo Espanha Fernandes,mateus fernandes,2004-07-10,Portugal,Central Midfield,Midfielder,880245,,,Tottenham Hotspur,GB1,active,transfermarkt,2026-07-04T18:15:13.703Z
tbg-tm-00517894,Matheus Cunha,Matheus Cunha,Matheus Santos Carneiro da Cunha,matheus cunha,1999-05-27,Brazil,Centre-Forward,Striker,517894,,,Manchester United,GB1,active,transfermarkt,2026-07-04T18:15:39.442Z
tbg-tm-00743597,Matheus França,Matheus França,Matheus França de Oliveira,matheus franca,2004-04-01,Brazil,Attacking Midfield,Midfielder,743597,,,Crystal Palace,GB1,active,transfermarkt,2026-07-04T18:17:31.412Z
tbg-tm-00601883,Matheus Nunes,Matheus Nunes,Matheus Luiz Nunes,matheus nunes,1998-08-27,Portugal; Brazil,Right-Back,Defender,601883,,,Manchester City,GB1,active,transfermarkt,2026-07-04T18:14:16.274Z
tbg-tm-00319859,Mathias Jensen,Mathias Jensen,Mathias Jensen,mathias jensen,1996-01-01,Denmark,Central Midfield,Midfielder,319859,,,Brentford FC,GB1,active,transfermarkt,2026-07-04T18:18:00.745Z
tbg-tm-01171981,Mathys Detourbet,Mathys Detourbet,Mathys Detourbet,mathys detourbet,2007-04-29,France,Left Winger,Striker,1171981,,,AS Monaco,FR1,active,transfermarkt,2026-07-04T18:14:32.461Z
tbg-tm-00801734,Mathys Tel,Mathys Tel,Mathys Henri Tel,mathys tel,2005-04-27,France; Guadeloupe,Centre-Forward,Striker,801734,,,Tottenham Hotspur,GB1,active,transfermarkt,2026-07-04T18:15:22.492Z
tbg-tm-00415381,Mats Wieffer,Mats Wieffer,Mats Wieffer,mats wieffer,1999-11-16,Netherlands,Right-Back,Defender,415381,,,Brighton & Hove Albion,GB1,active,transfermarkt,2026-07-04T18:15:52.448Z
tbg-tm-00169416,Matt Crooks,Matt Crooks,Matt Davidson Rider Crooks,matt crooks,1994-01-20,England,Central Midfield,Midfielder,169416,,,Hull City,GB1,active,transfermarkt,2026-07-04T18:20:28.608Z
tbg-tm-00265471,Matt Grimes,Matt Grimes,Matthew Jacob Grimes,matt grimes,1995-07-15,England,Defensive Midfield,Midfielder,265471,,,Coventry City,GB1,active,transfermarkt,2026-07-04T18:20:13.376Z
tbg-tm-00406634,Matt O'Riley,Matt O'Riley,Matthew Sean O'Riley,matt oriley,2000-11-21,Denmark; England,Central Midfield,Midfielder,406634,,,Brighton & Hove Albion,GB1,active,transfermarkt,2026-07-04T18:15:55.099Z
tbg-tm-00250478,Matt Targett,Matt Targett,Matthew Robert Targett,matt targett,1995-09-18,England; Scotland,Left-Back,Defender,250478,,,Without Club,,active,transfermarkt,2026-07-04T18:16:24.484Z
tbg-tm-00741236,Matthew Cox,Matthew Cox,Matthew Aidan Cox,matthew cox,2003-05-02,England,Goalkeeper,Goalkeeper,741236,,,Brentford FC,GB1,active,transfermarkt,2026-07-04T18:17:42.541Z
tbg-tm-00326031,Matthijs de Ligt,Matthijs de Ligt,Matthijs de Ligt,matthijs de ligt,1999-08-12,Netherlands,Centre-Back,Defender,326031,,,Manchester United,GB1,active,transfermarkt,2026-07-04T18:15:28.288Z
tbg-tm-00425334,Matty Cash,Matty Cash,Matthew Stuart Cash,matty cash,1997-08-07,Poland; England,Right-Back,Defender,425334,,,Aston Villa,GB1,active,transfermarkt,2026-07-04T18:16:55.260Z
tbg-tm-00729940,Matty Jacob,Matty Jacob,Matthew James Jacob,matty jacob,2001-06-03,England,Left-Back,Defender,729940,,,Hull City,GB1,active,transfermarkt,2026-07-04T18:20:26.430Z
tbg-tm-00127202,Matz Sels,Matz Sels,Matz Willy Els Sels,matz sels,1992-02-26,Belgium,Goalkeeper,Goalkeeper,127202,,,Nottingham Forest,GB1,active,transfermarkt,2026-07-04T18:17:05.798Z
tbg-tm-00471690,Max Aarons,Max Aarons,Maximilian James Aarons,max aarons,2000-01-04,England; Jamaica,Right-Back,Defender,471690,,,AFC Bournemouth,GB1,active,transfermarkt,2026-07-04T18:16:37.873Z
tbg-tm-00843595,Max Alleyne,Max Alleyne,Max Lewis Rowe Alleyne,max alleyne,2005-07-21,England; Barbados,Centre-Back,Defender,843595,,,Manchester City,GB1,active,transfermarkt,2026-07-04T18:14:12.707Z
tbg-tm-01187629,Max Dowman,Max Dowman,Max Robert Dowman,max dowman,2009-12-31,England,Right Winger,Striker,1187629,,,Arsenal FC,GB1,active,transfermarkt,2026-07-04T18:13:22.172Z
tbg-tm-00434224,Maxence Lacroix,Maxence Lacroix,Guy Maxence Lacroix,maxence lacroix,2000-04-06,France; Guadeloupe,Centre-Back,Defender,434224,,,Crystal Palace,GB1,active,transfermarkt,2026-07-04T18:17:23.922Z
tbg-tm-00429915,Maxim De Cuyper,Maxim De Cuyper,Maxim De Cuyper,maxim de cuyper,2000-12-22,Belgium,Left-Back,Defender,429915,,,Brighton & Hove Albion,GB1,active,transfermarkt,2026-07-04T18:15:51.863Z
tbg-tm-00263361,Maximilian Wöber,Maximilian Wöber,Maximilian Wöber,maximilian wober,1998-02-04,Austria,Centre-Back,Defender,263361,,,Leeds United,GB1,active,transfermarkt,2026-07-04T18:19:12.032Z
tbg-tm-00605426,Melker Ellborg,Melker Ellborg,Melker Åke Ellborg,melker ellborg,2003-05-22,Sweden,Goalkeeper,Goalkeeper,605426,,,Sunderland AFC,GB1,active,transfermarkt,2026-07-04T18:18:38.960Z
tbg-tm-00608832,Merlin Röhl,Merlin Röhl,Merlin Röhl,merlin rohl,2002-07-05,Germany,Attacking Midfield,Midfielder,608832,,,Everton FC,GB1,active,transfermarkt,2026-07-04T18:18:27.729Z
tbg-tm-00823486,Michael Kayode,Michael Kayode,Michael Olabode Kayode,michael kayode,2004-07-10,Italy; Nigeria,Right-Back,Defender,823486,,,Brentford FC,GB1,active,transfermarkt,2026-07-04T18:17:54.949Z
tbg-tm-00118534,Michael Keane,Michael Keane,Michael Vincent Keane,michael keane,1993-01-11,England; Ireland,Centre-Back,Defender,118534,,,Everton FC,GB1,active,transfermarkt,2026-07-04T18:18:17.862Z
tbg-tm-00438961,Michael Svoboda,Michael Svoboda,Michael Svoboda,michael svoboda,1998-10-15,Austria,Centre-Back,Defender,438961,,,Brighton & Hove Albion,GB1,active,transfermarkt,2026-07-04T18:15:50.276Z
tbg-tm-00557459,Micky van de Ven,Micky van de Ven,Micky van de Ven,micky van de ven,2001-04-19,Netherlands,Centre-Back,Defender,557459,,,Tottenham Hotspur,GB1,active,transfermarkt,2026-07-04T18:14:59.917Z
tbg-tm-00713649,Miguel Ángel Brau,Miguel Ángel Brau,Miguel Ángel Brau Blánquez,miguel angel brau,2001-12-27,Spain,Left-Back,Defender,713649,,,Coventry City,GB1,active,transfermarkt,2026-07-04T18:20:11.580Z
tbg-tm-00834397,Mike Penders,Mike Penders,Mike Louis Penders,mike penders,2005-07-31,Belgium,Goalkeeper,Goalkeeper,834397,,,Chelsea FC,GB1,active,transfermarkt,2026-07-04T18:14:35.067Z
tbg-tm-00338424,Mikel Merino,Mikel Merino,Mikel Merino Zazón,mikel merino,1996-06-22,Spain,Central Midfield,Midfielder,338424,,,Arsenal FC,GB1,active,transfermarkt,2026-07-04T18:13:15.643Z
tbg-tm-01011147,Mikey Moore,Mikey Moore,Mikey Steven Danny Moore,mikey moore,2007-08-11,England; Wales,Left Winger,Striker,1011147,,,Tottenham Hotspur,GB1,active,transfermarkt,2026-07-04T18:15:18.133Z
tbg-tm-00540941,Mikkel Damsgaard,Mikkel Damsgaard,Mikkel Krogh Damsgaard,mikkel damsgaard,2000-07-03,Denmark,Attacking Midfield,Midfielder,540941,,,Brentford FC,GB1,active,transfermarkt,2026-07-04T18:18:03.416Z
tbg-tm-00942738,Milan Aleksic,Milan Aleksic,Милан Алексић,milan aleksic,2005-08-30,Serbia,Attacking Midfield,Midfielder,942738,,,FK Partizan Belgrade,SER1,active,transfermarkt,2026-07-04T18:19:06.036Z
tbg-tm-00587335,Milan van Ewijk,Milan van Ewijk,Milan Fabrizio van Ewijk,milan van ewijk,2000-09-08,Netherlands; Suriname,Right-Back,Defender,587335,,,Coventry City,GB1,active,transfermarkt,2026-07-04T18:20:12.582Z
tbg-tm-00730861,Milos Kerkez,Milos Kerkez,Милош Керкез,milos kerkez,2003-11-07,Hungary; Serbia,Left-Back,Defender,730861,,,Liverpool FC,GB1,active,transfermarkt,2026-07-04T18:13:38.050Z
tbg-tm-01004327,Min-hyeok Yang,Min-hyeok Yang,양민혁,min hyeok yang,2006-04-16,"Korea, South",Right Winger,Striker,1004327,,,Tottenham Hotspur,GB1,active,transfermarkt,2026-07-04T18:15:21.044Z
tbg-tm-01282860,Modou Kéba Cissé,Modou Kéba Cissé,Modou Kéba Cissé,modou keba cisse,2005-08-04,Senegal,Centre-Back,Defender,1282860,,,Aston Villa,GB1,active,transfermarkt,2026-07-04T18:16:52.781Z
tbg-tm-00857079,Mohamed Belloumi,Mohamed Belloumi,محمد البشير بلومي  Mohamed Bachir Belloumi,mohamed belloumi,2002-06-01,Algeria,Right Winger,Striker,857079,,,Hull City,GB1,active,transfermarkt,2026-07-04T18:20:30.988Z
tbg-tm-00148455,Mohamed Salah,Mohamed Salah,"Mohamed Salah Hamed Ghaly, محمد صلاح",mohamed salah,1992-06-15,Egypt,Right Winger,Striker,148455,,,Without Club,,active,transfermarkt,2026-07-04T18:13:59.973Z
tbg-tm-00543499,Mohammed Kudus,Mohammed Kudus,Kudus Mohammed,mohammed kudus,2000-08-02,Ghana,Right Winger,Striker,543499,,,Tottenham Hotspur,GB1,active,transfermarkt,2026-07-04T18:15:20.102Z
tbg-tm-00687626,Moisés Caicedo,Moisés Caicedo,Moisés Isaac Caicedo Corozo,moises caicedo,2001-11-02,Ecuador,Defensive Midfield,Midfielder,687626,,,Chelsea FC,GB1,active,transfermarkt,2026-07-04T18:14:45.335Z
tbg-tm-00429014,Morgan Gibbs-White,Morgan Gibbs-White,Morgan Anthony Gibbs-White,morgan gibbs white,2000-01-27,England; Jamaica,Attacking Midfield,Midfielder,429014,,,Nottingham Forest,GB1,active,transfermarkt,2026-07-04T18:17:13.813Z
tbg-tm-00503743,Morgan Rogers,Morgan Rogers,Morgan Elliot Rogers,morgan rogers,2002-07-26,England,Attacking Midfield,Midfielder,503743,,,Aston Villa,GB1,active,transfermarkt,2026-07-04T18:17:00.340Z
tbg-tm-01005649,Murillo Santiago Costa dos Santos,Murillo Santiago Costa dos Santos,Murillo,murillo santiago costa dos santos,2002-07-04,Brazil,Centre-Back,Defender,1005649,,,Nottingham Forest,GB1,active,transfermarkt,2026-07-04T18:17:06.128Z
tbg-tm-00890721,Myles Lewis-Skelly,Myles Lewis-Skelly,Myles Anthony Lewis-Skelly,myles lewis skelly,2006-09-26,England; Barbados,Central Midfield,Midfielder,890721,,,Arsenal FC,GB1,active,transfermarkt,2026-07-04T18:13:14.787Z
tbg-tm-00177476,Nathan Aké,Nathan Aké,Nathan Benjamin Aké,nathan ake,1995-02-18,Netherlands; Cote d'Ivoire,Centre-Back,Defender,177476,,,Fenerbahce,TR1,active,transfermarkt,2026-07-04T18:14:34.490Z
tbg-tm-00469050,Nathan Collins,Nathan Collins,Nathan Michael Collins,nathan collins,2001-04-30,Ireland,Centre-Back,Defender,469050,,,Brentford FC,GB1,active,transfermarkt,2026-07-04T18:17:46.618Z
tbg-tm-00424015,Nathan Patterson,Nathan Patterson,Nathan Patterson,nathan patterson,2001-10-16,Scotland,Right-Back,Defender,424015,,,Everton FC,GB1,active,transfermarkt,2026-07-04T18:18:22.108Z
tbg-tm-00085177,Nathaniel Clyne,Nathaniel Clyne,Nathaniel Edwin Clyne,nathaniel clyne,1991-04-05,England; Grenada,Right-Back,Defender,85177,,,Crystal Palace,GB1,active,transfermarkt,2026-07-04T18:17:28.088Z
tbg-tm-00503680,Neco Williams,Neco Williams,Neco Shay Williams,neco williams,2001-04-13,Wales,Left-Back,Defender,503680,,,Nottingham Forest,GB1,active,transfermarkt,2026-07-04T18:17:09.190Z
tbg-tm-00559801,Niall Huggins,Niall Huggins,Niall Joseph Huggins,niall huggins,2000-12-18,Wales; England,Right-Back,Defender,559801,,,Without Club,,active,transfermarkt,2026-07-04T18:19:06.439Z
tbg-tm-00192080,Nick Pope,Nick Pope,Nicholas David Pope,nick pope,1992-04-19,England,Goalkeeper,Goalkeeper,192080,,,Newcastle United,GB1,active,transfermarkt,2026-07-04T18:16:08.066Z
tbg-tm-00455661,Nick Woltemade,Nick Woltemade,Nick Woltemade,nick woltemade,2002-02-14,Germany,Centre-Forward,Striker,455661,,,Newcastle United,GB1,active,transfermarkt,2026-07-04T18:16:19.562Z
tbg-tm-00466805,Nico González,Nico González,Nicolás González Iglesias,nico gonzalez,2002-01-03,Spain,Defensive Midfield,Midfielder,466805,,,Manchester City,GB1,active,transfermarkt,2026-07-04T18:14:20.370Z
tbg-tm-00743413,Nico O'Reilly,Nico O'Reilly,Nico O'Reilly,nico oreilly,2005-03-21,England; Jamaica,Left-Back,Defender,743413,,,Manchester City,GB1,active,transfermarkt,2026-07-04T18:14:13.147Z
tbg-tm-00497291,Nicolás Domínguez,Nicolás Domínguez,Nicolás Martín Domínguez,nicolas dominguez,1998-06-28,Argentina; Italy,Central Midfield,Midfielder,497291,,,Nottingham Forest,GB1,active,transfermarkt,2026-07-04T18:17:12.676Z
tbg-tm-00776890,Nicolas Jackson,Nicolas Jackson,Nicolas Jackson,nicolas jackson,2001-06-20,Senegal; The Gambia,Centre-Forward,Striker,776890,,,Chelsea FC,GB1,active,transfermarkt,2026-07-04T18:14:52.600Z
tbg-tm-00708072,Nicolò Savona,Nicolò Savona,Nicolò Savona,nicolo savona,2003-03-19,Italy,Right-Back,Defender,708072,,,Nottingham Forest,GB1,active,transfermarkt,2026-07-04T18:17:10.983Z
tbg-tm-00413507,Nikola Milenković,Nikola Milenković,Никола Миленковић,nikola milenkovic,1997-10-12,Serbia,Centre-Back,Defender,413507,,,Nottingham Forest,GB1,active,transfermarkt,2026-07-04T18:17:06.797Z
tbg-tm-00903611,Nilson Angulo,Nilson Angulo,Nilson David Angulo Ramírez,nilson angulo,2003-06-19,Ecuador,Left Winger,Striker,903611,,,Sunderland AFC,GB1,active,transfermarkt,2026-07-04T18:18:56.085Z
tbg-tm-00346890,Noah Okafor,Noah Okafor,Noah Arinzechukwu Okafor,noah okafor,2000-05-24,Switzerland; Nigeria,Left Winger,Striker,346890,,,Leeds United,GB1,active,transfermarkt,2026-07-04T18:19:22.578Z
tbg-tm-00727089,Noah Sadiki,Noah Sadiki,Noah Junior Sadiki,noah sadiki,2004-12-17,DR Congo; Belgium,Central Midfield,Midfielder,727089,,,Sunderland AFC,GB1,active,transfermarkt,2026-07-04T18:18:51.768Z
tbg-tm-00503987,Noni Madueke,Noni Madueke,Chukwunonso Azuka Tristan Madueke,noni madueke,2002-03-10,England; Nigeria,Right Winger,Striker,503987,,,Arsenal FC,GB1,active,transfermarkt,2026-07-04T18:13:21.816Z
tbg-tm-00595809,Norberto Bercique Gomes Betuncal,Norberto Bercique Gomes Betuncal,Beto,norberto bercique gomes betuncal,1998-01-31,Guinea-Bissau; Portugal,Centre-Forward,Striker,595809,,,Everton FC,GB1,active,transfermarkt,2026-07-04T18:18:32.874Z
tbg-tm-00348026,Nordi Mukiele,Nordi Mukiele,Nordi Mukiele Mulere,nordi mukiele,1997-11-01,France; DR Congo,Right-Back,Defender,348026,,,Sunderland AFC,GB1,active,transfermarkt,2026-07-04T18:18:48.564Z
tbg-tm-00802997,Norman Bassette,Norman Bassette,Norman Jaquy Bassette Van Acker,norman bassette,2004-11-09,Belgium,Centre-Forward,Striker,802997,,,Coventry City,GB1,active,transfermarkt,2026-07-04T18:20:20.812Z
tbg-tm-00340456,Noussair Mazraoui,Noussair Mazraoui,نصير مزراوي,noussair mazraoui,1997-11-14,Morocco; Netherlands,Right-Back,Defender,340456,,,Manchester United,GB1,active,transfermarkt,2026-07-04T18:15:32.029Z
tbg-tm-00236490,Ola Aina,Ola Aina,Temitayo Olufisayo Olaoluwa Aina,ola aina,1996-10-08,Nigeria; England,Right-Back,Defender,236490,,,Nottingham Forest,GB1,active,transfermarkt,2026-07-04T18:17:10.512Z
tbg-tm-00298477,Oli McBurnie,Oli McBurnie,Oliver Robert McBurnie,oli mcburnie,1996-06-04,Scotland; England,Centre-Forward,Striker,298477,,,Hull City,GB1,active,transfermarkt,2026-07-04T18:20:32.428Z
tbg-tm-00527329,Oliver Dovin,Oliver Dovin,Oliver Lukas Dozae Nnonyelu Dovin,oliver dovin,2002-07-11,Sweden; England,Goalkeeper,Goalkeeper,527329,,,Coventry City,GB1,active,transfermarkt,2026-07-04T18:20:05.153Z
tbg-tm-00318508,Olivier Boscagli,Olivier Boscagli,Olivier Boscagli,olivier boscagli,1997-11-18,France; Monaco,Centre-Back,Defender,318508,,,Brighton & Hove Albion,GB1,active,transfermarkt,2026-07-04T18:15:48.621Z
tbg-tm-00555074,Oliwier Zych,Oliwier Zych,Oliwier Zych,oliwier zych,2004-06-28,Poland,Goalkeeper,Goalkeeper,555074,,,Aston Villa,GB1,active,transfermarkt,2026-07-04T18:16:50.049Z
tbg-tm-00324358,Ollie Watkins,Ollie Watkins,Oliver George Arthur Watkins,ollie watkins,1995-12-30,England,Centre-Forward,Striker,324358,,,Aston Villa,GB1,active,transfermarkt,2026-07-04T18:17:03.484Z
tbg-tm-00353032,Omar Alderete,Omar Alderete,Omar Federico Alderete Fernández,omar alderete,1996-12-26,Paraguay,Centre-Back,Defender,353032,,,Sunderland AFC,GB1,active,transfermarkt,2026-07-04T18:18:41.448Z
tbg-tm-00445939,Omar Marmoush,Omar Marmoush,عمر مرموش,omar marmoush,1999-02-07,Egypt; Canada,Centre-Forward,Striker,445939,,,Manchester City,GB1,active,transfermarkt,2026-07-04T18:14:31.776Z
tbg-tm-00424881,Omar Richards,Omar Richards,Omar Tyrell Crawford Richards,omar richards,1998-02-15,England; Jamaica,Left-Back,Defender,424881,,,Nottingham Forest,GB1,active,transfermarkt,2026-07-04T18:17:10.166Z
tbg-tm-00741238,Omari Hutchinson,Omari Hutchinson,Omari Elijah Giraud-Hutchinson,omari hutchinson,2003-10-30,England; Jamaica,Attacking Midfield,Midfielder,741238,,,Nottingham Forest,GB1,active,transfermarkt,2026-07-04T18:17:14.171Z
tbg-tm-00661207,Oscar Bobb,Oscar Bobb,Oscar Bobb,oscar bobb,2003-07-12,Norway; The Gambia,Right Winger,Striker,661207,,,Fulham FC,GB1,active,transfermarkt,2026-07-04T18:19:43.918Z
tbg-tm-00814848,Owen Goodman,Owen Goodman,Owen Olamidayo Goodman,owen goodman,2003-11-27,Canada; England,Goalkeeper,Goalkeeper,814848,,,Crystal Palace,GB1,active,transfermarkt,2026-07-04T18:17:22.846Z
tbg-tm-00167268,Paddy McNair,Paddy McNair,Patrick James Coleman McNair,paddy mcnair,1995-04-27,Northern Ireland,Centre-Back,Defender,167268,,,Hull City,GB1,active,transfermarkt,2026-07-04T18:20:24.791Z
tbg-tm-00568693,Pape Matar Sarr,Pape Matar Sarr,Pape Matar Sarr,pape matar sarr,2002-09-14,Senegal,Central Midfield,Midfielder,568693,,,Tottenham Hotspur,GB1,active,transfermarkt,2026-07-04T18:15:15.649Z
tbg-tm-00082873,Pascal Groß,Pascal Groß,Pascal Alexander Groß,pascal gross,1991-06-15,Germany,Central Midfield,Midfielder,82873,,,Brighton & Hove Albion,GB1,active,transfermarkt,2026-07-04T18:15:56.623Z
tbg-tm-00410708,Pascal Struijk,Pascal Struijk,Pascal Augustus Struijk,pascal struijk,1999-08-11,Netherlands; Belgium,Centre-Back,Defender,410708,,,Brighton & Hove Albion,GB1,active,transfermarkt,2026-07-04T18:15:47.748Z
tbg-tm-00926952,Patrick Dorgu,Patrick Dorgu,Patrick Chinazaekpere Dorgu,patrick dorgu,2004-10-26,Denmark; Nigeria,Left Winger,Striker,926952,,,Manchester United,GB1,active,transfermarkt,2026-07-04T18:15:37.457Z
tbg-tm-00399776,Pau Torres,Pau Torres,Pau Francisco Torres,pau torres,1997-01-16,Spain,Centre-Back,Defender,399776,,,Aston Villa,GB1,active,transfermarkt,2026-07-04T18:16:52.213Z
tbg-tm-00487465,Pedro Neto,Pedro Neto,Pedro Lomba Neto,pedro neto,2000-03-09,Portugal,Right Winger,Striker,487465,,,Chelsea FC,GB1,active,transfermarkt,2026-07-04T18:14:50.544Z
tbg-tm-00553875,Pedro Porro,Pedro Porro,Pedro Antonio Porro Sauceda,pedro porro,1999-09-13,Spain,Right-Back,Defender,553875,,,Tottenham Hotspur,GB1,active,transfermarkt,2026-07-04T18:15:12.428Z
tbg-tm-00406635,Phil Foden,Phil Foden,Philip Walter Foden,phil foden,2000-05-28,England,Attacking Midfield,Midfielder,406635,,,Manchester City,GB1,active,transfermarkt,2026-07-04T18:14:26.881Z
tbg-tm-00659813,Piero Hincapié,Piero Hincapié,Piero Martín Hincapié Reyna,piero hincapie,2002-01-09,Ecuador,Centre-Back,Defender,659813,,,Arsenal FC,GB1,active,transfermarkt,2026-07-04T18:13:07.120Z
tbg-tm-00568559,Radu Drăgușin,Radu Drăgușin,Radu Matei Drăgușin,radu dragusin,2002-02-03,Romania,Centre-Back,Defender,568559,,,Tottenham Hotspur,GB1,active,transfermarkt,2026-07-04T18:15:04.631Z
tbg-tm-00704398,Raphael Borges Rodrigues,Raphael Borges Rodrigues,Raphael Borges Rodrigues,raphael borges rodrigues,2003-09-11,Australia; Brazil,Left Winger,Striker,704398,,,Coventry City,GB1,active,transfermarkt,2026-07-04T18:20:16.979Z
tbg-tm-00610442,Rasmus Højlund,Rasmus Højlund,Rasmus Winther Højlund,rasmus hojlund,2003-02-04,Denmark,Centre-Forward,Striker,610442,,,SSC Napoli,IT1,active,transfermarkt,2026-07-04T18:15:43.290Z
tbg-tm-00206040,Raúl Jiménez,Raúl Jiménez,Raúl Alonso Jiménez Rodríguez,raul jimenez,1991-05-05,Mexico,Centre-Forward,Striker,206040,,,Wolverhampton Wanderers,GB2,active,transfermarkt,2026-07-04T18:19:45.661Z
tbg-tm-00578391,Rayan Aït-Nouri,Rayan Aït-Nouri,ريان آيت نوري,rayan ait nouri,2001-06-06,Algeria; France,Left-Back,Defender,578391,,,Manchester City,GB1,active,transfermarkt,2026-07-04T18:14:14.079Z
tbg-tm-00607223,Rayan Cherki,Rayan Cherki,Mathis Rayan Cherki,rayan cherki,2003-08-17,France; Algeria,Attacking Midfield,Midfielder,607223,,,Manchester City,GB1,active,transfermarkt,2026-07-04T18:14:26.411Z
tbg-tm-01012564,Rayan Vitor Simplício Rocha,Rayan Vitor Simplício Rocha,Rayan,rayan vitor simplicio rocha,2006-08-03,Brazil,Right Winger,Striker,1012564,,,AFC Bournemouth,GB1,active,transfermarkt,2026-07-04T18:16:44.253Z
tbg-tm-00472423,Reece James,Reece James,Reece Lewis James,reece james,1999-12-08,England,Right-Back,Defender,472423,,,Chelsea FC,GB1,active,transfermarkt,2026-07-04T18:14:43.399Z
tbg-tm-00473080,Regan Slater,Regan Slater,Regan Newman Slater,regan slater,1999-09-11,England,Defensive Midfield,Midfielder,473080,,,Hull City,GB1,active,transfermarkt,2026-07-04T18:20:27.367Z
tbg-tm-00240692,Reinildo Mandava,Reinildo Mandava,Reinildo Isnard Mandava,reinildo mandava,1994-01-21,Mozambique,Left-Back,Defender,240692,,,Sunderland AFC,GB1,active,transfermarkt,2026-07-04T18:18:45.639Z
tbg-tm-00340325,Reiss Nelson,Reiss Nelson,Reiss Luke Nelson,reiss nelson,1999-12-10,England; Jamaica,Left Winger,Striker,340325,,,Arsenal FC,GB1,active,transfermarkt,2026-07-04T18:13:20.689Z
tbg-tm-00196722,Remi Matthews,Remi Matthews,Remi Luke Matthews,remi matthews,1994-02-10,England,Goalkeeper,Goalkeeper,196722,,,Crystal Palace,GB1,active,transfermarkt,2026-07-04T18:17:23.384Z
tbg-tm-00503679,Rhys Williams,Rhys Williams,Rhys Williams,rhys williams,2001-02-03,England; Jamaica,Centre-Back,Defender,503679,,,Without Club,,active,transfermarkt,2026-07-04T18:14:02.189Z
tbg-tm-00502821,Riccardo Calafiori,Riccardo Calafiori,Riccardo Calafiori,riccardo calafiori,2002-05-19,Italy,Left-Back,Defender,502821,,,Arsenal FC,GB1,active,transfermarkt,2026-07-04T18:13:09.120Z
tbg-tm-00378710,Richarlison de Andrade,Richarlison de Andrade,Richarlison,richarlison de andrade,1997-05-10,Brazil,Centre-Forward,Striker,378710,,,Tottenham Hotspur,GB1,active,transfermarkt,2026-07-04T18:15:21.895Z
tbg-tm-00339556,Rico Henry,Rico Henry,Rico Antonio Henry,rico henry,1997-07-08,Jamaica; England,Left-Back,Defender,339556,,,Brentford FC,GB1,active,transfermarkt,2026-07-04T18:17:53.178Z
tbg-tm-00701057,Rico Lewis,Rico Lewis,Rico Henry Mark Lewis,rico lewis,2004-11-21,England; Jamaica,Right-Back,Defender,701057,,,Manchester City,GB1,active,transfermarkt,2026-07-04T18:14:16.770Z
tbg-tm-01047257,Rio Cardines,Rio Cardines,Rio Solomon Cardines,rio cardines,2006-07-01,Trinidad and Tobago; England,Left-Back,Defender,1047257,,,Crystal Palace,GB1,active,transfermarkt,2026-07-04T18:17:27.093Z
tbg-tm-01108466,Rio Ngumoha,Rio Ngumoha,Rio Bass Ray Ngumoha Adigun,rio ngumoha,2008-08-29,England; Nigeria,Left Winger,Striker,1108466,,,Liverpool FC,GB1,active,transfermarkt,2026-07-04T18:13:54.059Z
tbg-tm-00403151,Robert Sánchez,Robert Sánchez,Robert Sánchez Lynch,robert sanchez,1997-11-18,Spain; England,Goalkeeper,Goalkeeper,403151,,,Chelsea FC,GB1,active,transfermarkt,2026-07-04T18:14:35.535Z
tbg-tm-00646991,Robin Roefs,Robin Roefs,Robin Roefs,robin roefs,2003-01-17,Netherlands,Goalkeeper,Goalkeeper,646991,,,Sunderland AFC,GB1,active,transfermarkt,2026-07-04T18:18:36.317Z
tbg-tm-00354362,Rodrigo Bentancur,Rodrigo Bentancur,Rodrigo Bentancur Colmán,rodrigo bentancur,1997-06-25,Uruguay,Defensive Midfield,Midfielder,354362,,,Tottenham Hotspur,GB1,active,transfermarkt,2026-07-04T18:15:13.048Z
tbg-tm-00357565,Rodrigo Hernández Cascante,Rodrigo Hernández Cascante,Rodri,rodrigo hernandez cascante,1996-06-22,Spain,Defensive Midfield,Midfielder,357565,,,Manchester City,GB1,active,transfermarkt,2026-07-04T18:14:19.466Z
tbg-tm-00735571,Rodrigo Muniz Carvalho,Rodrigo Muniz Carvalho,Rodrigo Muniz,rodrigo muniz carvalho,2001-05-04,Brazil,Centre-Forward,Striker,735571,,,Fulham FC,GB1,active,transfermarkt,2026-07-04T18:19:44.268Z
tbg-tm-00984544,Rodrigo Rêgo,Rodrigo Rêgo,Rodrigo Miguel Ferreira Rêgo,rodrigo rego,2005-01-03,Portugal,Right Winger,Striker,984544,,,Brighton & Hove Albion,GB1,active,transfermarkt,2026-07-04T18:16:01.448Z
tbg-tm-00967319,Romain Esse,Romain Esse,Romain Joy Kouakou Esse,romain esse,2005-05-13,England; Cote d'Ivoire,Right Winger,Striker,967319,,,Crystal Palace,GB1,active,transfermarkt,2026-07-04T18:17:34.657Z
tbg-tm-00696181,Romaine Mundle,Romaine Mundle,Romaine Lee Mundle,romaine mundle,2003-04-24,England; Jamaica,Left Winger,Striker,696181,,,Sunderland AFC,GB1,active,transfermarkt,2026-07-04T18:18:56.772Z
tbg-tm-01091562,Romelle Donovan,Romelle Donovan,Romelle Donovan,romelle donovan,2006-11-30,England; St. Kitts & Nevis,Right Winger,Striker,1091562,,,Brentford FC,GB1,active,transfermarkt,2026-07-04T18:18:08.860Z
tbg-tm-00628451,Roméo Lavia,Roméo Lavia,Roméo Lavia,romeo lavia,2004-01-06,Belgium; Ghana,Defensive Midfield,Midfielder,628451,,,Chelsea FC,GB1,active,transfermarkt,2026-07-04T18:14:45.775Z
tbg-tm-00131978,Ross Barkley,Ross Barkley,Ross Barkley,ross barkley,1993-12-05,England,Central Midfield,Midfielder,131978,,,Aston Villa,GB1,active,transfermarkt,2026-07-04T18:16:59.376Z
tbg-tm-00258004,Rúben Dias,Rúben Dias,Rúben Santos Gato Alves Dias,ruben dias,1997-05-14,Portugal,Centre-Back,Defender,258004,,,Manchester City,GB1,active,transfermarkt,2026-07-04T18:14:08.650Z
tbg-tm-00188077,Ryan Christie,Ryan Christie,Ryan Christie,ryan christie,1995-02-22,Scotland,Central Midfield,Midfielder,188077,,,AFC Bournemouth,GB1,active,transfermarkt,2026-07-04T18:16:42.348Z
tbg-tm-00504581,Ryan Giles,Ryan Giles,Ryan John Giles,ryan giles,2000-01-26,England,Left-Back,Defender,504581,,,Hull City,GB1,active,transfermarkt,2026-07-04T18:20:26.036Z
tbg-tm-00478573,Ryan Gravenberch,Ryan Gravenberch,Ryan Jiro Gravenberch,ryan gravenberch,2002-05-16,Netherlands; Suriname,Defensive Midfield,Midfielder,478573,,,Liverpool FC,GB1,active,transfermarkt,2026-07-04T18:13:43.440Z
tbg-tm-00392775,Ryan Sessegnon,Ryan Sessegnon,Kouassi Ryan Sessegnon,ryan sessegnon,2000-05-18,England,Left-Back,Defender,392775,,,Fulham FC,GB1,active,transfermarkt,2026-07-04T18:19:37.081Z
tbg-tm-00874538,Ryan Trevitt,Ryan Trevitt,Ryan Joseph Trevitt,ryan trevitt,2003-03-12,England,Central Midfield,Midfielder,874538,,,Without Club,,active,transfermarkt,2026-07-04T18:18:12.886Z
tbg-tm-00425902,Ryan Yates,Ryan Yates,Ryan James Yates,ryan yates,1997-11-21,England,Central Midfield,Midfielder,425902,,,Nottingham Forest,GB1,active,transfermarkt,2026-07-04T18:17:13.325Z
tbg-tm-00236953,Sam Byram,Sam Byram,Samuel Mark Byram,sam byram,1993-09-16,England,Left-Back,Defender,236953,,,Leeds United,GB1,active,transfermarkt,2026-07-04T18:19:14.228Z
tbg-tm-00292139,Sammie Szmodics,Sammie Szmodics,Samuel Joseph Szmodics,sammie szmodics,1995-09-24,Ireland; Hungary,Attacking Midfield,Midfielder,292139,,,Ipswich Town,GB1,active,transfermarkt,2026-07-04T18:19:58.487Z
tbg-tm-00581672,Samuel Iling-Junior,Samuel Iling-Junior,Samuel Iling-Junior,samuel iling junior,2003-10-04,England; DR Congo,Left Midfield,Midfielder,581672,,,Aston Villa,GB1,active,transfermarkt,2026-07-04T18:16:59.875Z
tbg-tm-00333014,Sander Berge,Sander Berge,Sander Gard Bolin Berge,sander berge,1998-02-14,Norway,Defensive Midfield,Midfielder,333014,,,Fulham FC,GB1,active,transfermarkt,2026-07-04T18:19:39.061Z
tbg-tm-00397033,Sandro Tonali,Sandro Tonali,Sandro Tonali,sandro tonali,2000-05-08,Italy,Defensive Midfield,Midfielder,397033,,,Newcastle United,GB1,active,transfermarkt,2026-07-04T18:16:13.270Z
tbg-tm-00245056,Saša Lukić,Saša Lukić,Саша Лукић,sasa lukic,1996-08-13,Serbia,Central Midfield,Midfielder,245056,,,Fulham FC,GB1,active,transfermarkt,2026-07-04T18:19:39.638Z
tbg-tm-00743591,Sávio Moreira de Oliveira,Sávio Moreira de Oliveira,Savinho,savio moreira de oliveira,2004-04-10,Brazil,Left Winger,Striker,743591,,,Manchester City,GB1,active,transfermarkt,2026-07-04T18:14:29.568Z
tbg-tm-00068390,Séamus Coleman,Séamus Coleman,Séamus Coleman,seamus coleman,1988-10-11,Ireland,Right-Back,Defender,68390,,,Without Club,,active,transfermarkt,2026-07-04T18:18:35.447Z
tbg-tm-00346707,Sean Longstaff,Sean Longstaff,Sean David Longstaff,sean longstaff,1997-10-30,England,Central Midfield,Midfielder,346707,,,Leeds United,GB1,active,transfermarkt,2026-07-04T18:19:20.324Z
tbg-tm-00338629,Sebastiaan Bornauw,Sebastiaan Bornauw,Sebastiaan Bornauw,sebastiaan bornauw,1999-03-22,Belgium,Centre-Back,Defender,338629,,,Leeds United,GB1,active,transfermarkt,2026-07-04T18:19:11.092Z
tbg-tm-00251912,Semi Ajayi,Semi Ajayi,Oluwasemilogo Adesewo Ibidapo Ajayi,semi ajayi,1993-11-09,Nigeria; England,Centre-Back,Defender,251912,,,Hull City,GB1,active,transfermarkt,2026-07-04T18:20:25.676Z
tbg-tm-00503883,Senne Lammens,Senne Lammens,Senne Lammens,senne lammens,2002-07-07,Belgium,Goalkeeper,Goalkeeper,503883,,,Manchester United,GB1,active,transfermarkt,2026-07-04T18:15:25.140Z
tbg-tm-00541231,Sepp van den Berg,Sepp van den Berg,Sepp van den Berg,sepp van den berg,2001-12-20,Netherlands,Centre-Back,Defender,541231,,,Brentford FC,GB1,active,transfermarkt,2026-07-04T18:17:45.281Z
tbg-tm-00658536,Simon Adingra,Simon Adingra,Simon Adingra,simon adingra,2002-01-01,Cote d'Ivoire,Left Winger,Striker,658536,,,Sunderland AFC,GB1,active,transfermarkt,2026-07-04T18:18:54.944Z
tbg-tm-00123536,Simon Moore,Simon Moore,Simon William Moore,simon moore,1990-05-19,England,Goalkeeper,Goalkeeper,123536,,,Sunderland AFC,GB1,active,transfermarkt,2026-07-04T18:18:39.852Z
tbg-tm-00923504,Sindre Walle Egeli,Sindre Walle Egeli,Sindre Walle Egeli,sindre walle egeli,2006-06-21,Norway,Right Winger,Striker,923504,,,Ipswich Town,GB1,active,transfermarkt,2026-07-04T18:19:59.817Z
tbg-tm-00209212,Solly March,Solly March,Solomon Benjamin March,solly march,1994-07-20,England,Right Winger,Striker,209212,,,Without Club,,active,transfermarkt,2026-07-04T18:16:06.826Z
tbg-tm-00864799,Stefan Bajcetic,Stefan Bajcetic,Stefan Bajčetić Maquieira,stefan bajcetic,2004-10-22,Spain; Serbia,Defensive Midfield,Midfielder,864799,,,Liverpool FC,GB1,active,transfermarkt,2026-07-04T18:13:45.683Z
tbg-tm-00085941,Stefan Ortega,Stefan Ortega,Stefan Ortega Moreno,stefan ortega,1992-11-06,Germany; Spain,Goalkeeper,Goalkeeper,85941,,,Without Club,,active,transfermarkt,2026-07-04T18:17:20.257Z
tbg-tm-00950091,Stefanos Tzimas,Stefanos Tzimas,Στέφανος Τζίμας,stefanos tzimas,2006-01-06,Greece,Centre-Forward,Striker,950091,,,Brighton & Hove Albion,GB1,active,transfermarkt,2026-07-04T18:16:04.756Z
tbg-tm-00381469,Steven Benda,Steven Benda,Steven-Andreas Benda,steven benda,1998-10-01,Germany,Goalkeeper,Goalkeeper,381469,,,Without Club,,active,transfermarkt,2026-07-04T18:19:47.150Z
tbg-tm-00361093,Sven Botman,Sven Botman,Sven Adriaan Botman,sven botman,2000-01-12,Netherlands,Centre-Back,Defender,361093,,,Newcastle United,GB1,active,transfermarkt,2026-07-04T18:16:09.627Z
tbg-tm-00911736,Sverre Nypan,Sverre Nypan,Sverre Halseth Nypan,sverre nypan,2006-12-19,Norway,Central Midfield,Midfielder,911736,,,Manchester City,GB1,active,transfermarkt,2026-07-04T18:14:24.549Z
tbg-tm-00295313,Taiwo Awoniyi,Taiwo Awoniyi,Taiwo Michael Awoniyi,taiwo awoniyi,1997-08-12,Nigeria,Centre-Forward,Striker,295313,,,Nottingham Forest,GB1,active,transfermarkt,2026-07-04T18:17:18.308Z
tbg-tm-00331726,Tammy Abraham,Tammy Abraham,Kevin Oghenetega Tamaraebi Bakumo-Abraham,tammy abraham,1997-10-02,England; Nigeria,Centre-Forward,Striker,331726,,,Aston Villa,GB1,active,transfermarkt,2026-07-04T18:17:03.801Z
tbg-tm-00617408,Tatsuhiro Sakamoto,Tatsuhiro Sakamoto,坂元 達裕,tatsuhiro sakamoto,1996-10-22,Japan,Right Winger,Striker,617408,,,Coventry City,GB1,active,transfermarkt,2026-07-04T18:20:17.941Z
tbg-tm-00731466,Teddy Sharman-Lowe,Teddy Sharman-Lowe,Teddy Samuel Sharman-Lowe,teddy sharman lowe,2003-03-30,England,Goalkeeper,Goalkeeper,731466,,,Chelsea FC,GB1,active,transfermarkt,2026-07-04T18:14:37.545Z
tbg-tm-00937941,Thierno Barry,Thierno Barry,Thierno Mamadou Barry,thierno barry,2002-10-21,France; Guinea,Centre-Forward,Striker,937941,,,Everton FC,GB1,active,transfermarkt,2026-07-04T18:18:31.494Z
tbg-tm-00655877,Thimothée Lo-Tutala,Thimothée Lo-Tutala,Thimothée Jacques Orcel Lo-Tutala,thimothee lo tutala,2003-02-13,France; England,Goalkeeper,Goalkeeper,655877,,,Hull City,GB1,active,transfermarkt,2026-07-04T18:20:22.965Z
tbg-tm-00460939,Tijjani Reijnders,Tijjani Reijnders,Tijjani Martinus Jan Reijnders Lekatompessy,tijjani reijnders,1998-07-29,Netherlands,Central Midfield,Midfielder,460939,,,Manchester City,GB1,active,transfermarkt,2026-07-04T18:14:23.567Z
tbg-tm-00696589,Tim Iroegbunam,Tim Iroegbunam,Timothy Emeka Iroegbunam,tim iroegbunam,2003-06-30,England; Nigeria,Central Midfield,Midfielder,696589,,,Everton FC,GB1,active,transfermarkt,2026-07-04T18:18:24.966Z
tbg-tm-00538998,Timothée Pembélé,Timothée Pembélé,Timothée Joseph Pembélé,timothee pembele,2002-09-09,France; DR Congo,Right-Back,Defender,538998,,,Sunderland AFC,GB1,active,transfermarkt,2026-07-04T18:18:49.025Z
tbg-tm-00262226,Timothy Castagne,Timothy Castagne,Timothy Castagne,timothy castagne,1995-12-05,Belgium,Right-Back,Defender,262226,,,Fulham FC,GB1,active,transfermarkt,2026-07-04T18:19:38.476Z
tbg-tm-00503981,Tino Livramento,Tino Livramento,Valentino Francisco Livramento,tino livramento,2002-11-12,England; Scotland,Right-Back,Defender,503981,,,Newcastle United,GB1,active,transfermarkt,2026-07-04T18:16:12.441Z
tbg-tm-00654253,Toby Collyer,Toby Collyer,Tobias Christopher Collyer,toby collyer,2004-01-03,England,Defensive Midfield,Midfielder,654253,,,Manchester United,GB1,active,transfermarkt,2026-07-04T18:15:33.298Z
tbg-tm-00123275,Tom Cairney,Tom Cairney,Thomas Cairney,tom cairney,1991-01-20,Scotland; England,Central Midfield,Midfielder,123275,,,Fulham FC,GB1,active,transfermarkt,2026-07-04T18:19:41.438Z
tbg-tm-00034130,Tom Heaton,Tom Heaton,Thomas David Heaton,tom heaton,1986-04-15,England,Goalkeeper,Goalkeeper,34130,,,Manchester United,GB1,active,transfermarkt,2026-07-04T18:15:26.572Z
tbg-tm-00215810,Tom King,Tom King,Thomas Lloyd King,tom king,1995-03-09,Wales; England,Goalkeeper,Goalkeeper,215810,,,Everton FC,GB1,active,transfermarkt,2026-07-04T18:18:15.818Z
tbg-tm-00406556,Tom McGill,Tom McGill,Thomas Peter Wayne McGill,tom mcgill,2000-03-25,Canada; England,Goalkeeper,Goalkeeper,406556,,,Brighton & Hove Albion,GB1,active,transfermarkt,2026-07-04T18:15:47.256Z
tbg-tm-00933018,Tom Watson,Tom Watson,Thomas Watson,tom watson,2006-04-08,England,Left Winger,Striker,933018,,,Brighton & Hove Albion,GB1,active,transfermarkt,2026-07-04T18:15:59.177Z
tbg-tm-00258878,Tosin Adarabioyo,Tosin Adarabioyo,Abdul-Nasir Oluwatosin Oluwadoyinsolami Adarabioyo,tosin adarabioyo,1997-09-24,England; Nigeria,Centre-Back,Defender,258878,,,Chelsea FC,GB1,active,transfermarkt,2026-07-04T18:14:39.964Z
tbg-tm-00515544,Trai Hume,Trai Hume,Trai Hume,trai hume,2002-03-18,Northern Ireland,Right-Back,Defender,515544,,,Sunderland AFC,GB1,active,transfermarkt,2026-07-04T18:18:47.672Z
tbg-tm-00346314,Trevoh Chalobah,Trevoh Chalobah,Trevoh Thomas Chalobah,trevoh chalobah,1999-07-05,England; Sierra Leone,Centre-Back,Defender,346314,,,Chelsea FC,GB1,active,transfermarkt,2026-07-04T18:14:38.601Z
tbg-tm-01045123,Trey Nyoni,Trey Nyoni,Treymaurice Nyoni,trey nyoni,2007-06-30,England; Zimbabwe,Central Midfield,Midfielder,1045123,,,Liverpool FC,GB1,active,transfermarkt,2026-07-04T18:13:48.279Z
tbg-tm-00332705,Tyler Adams,Tyler Adams,Tyler Shaan Adams,tyler adams,1999-02-14,United States,Defensive Midfield,Midfielder,332705,,,AFC Bournemouth,GB1,active,transfermarkt,2026-07-04T18:16:38.987Z
tbg-tm-01007720,Tyler Bindon,Tyler Bindon,Tyler Grant Bindon,tyler bindon,2005-01-27,New Zealand; United States,Centre-Back,Defender,1007720,,,Nottingham Forest,GB1,active,transfermarkt,2026-07-04T18:17:08.512Z
tbg-tm-00866655,Tyler Dibling,Tyler Dibling,Tyler-Jay Robert Dibling,tyler dibling,2006-02-17,England,Right Winger,Striker,866655,,,Everton FC,GB1,active,transfermarkt,2026-07-04T18:18:30.508Z
tbg-tm-01049911,Tyler Fletcher,Tyler Fletcher,Tyler Robert Fletcher,tyler fletcher,2007-03-19,Scotland; England,Central Midfield,Midfielder,1049911,,,Manchester United,GB1,active,transfermarkt,2026-07-04T18:15:33.970Z
tbg-tm-00911424,Tyler Fredricson,Tyler Fredricson,Tyler Fredricson,tyler fredricson,2005-02-23,England,Centre-Back,Defender,911424,,,Manchester United,GB1,active,transfermarkt,2026-07-04T18:15:29.499Z
tbg-tm-00663225,Tyler Onyango,Tyler Onyango,Tyler Jaden Napier Edward Onyango,tyler onyango,2003-03-04,England; Kenya,Central Midfield,Midfielder,663225,,,Without Club,,active,transfermarkt,2026-07-04T18:18:34.407Z
tbg-tm-00339340,Tyrell Malacia,Tyrell Malacia,Tyrell Johannes Chicco Malacia,tyrell malacia,1999-08-17,Netherlands; Curacao,Left-Back,Defender,339340,,,Without Club,,active,transfermarkt,2026-07-04T18:15:44.519Z
tbg-tm-00730893,Tyrick Mitchell,Tyrick Mitchell,Tyrick Kwon Mitchell,tyrick mitchell,1999-09-01,England; Jamaica,Left-Back,Defender,730893,,,Crystal Palace,GB1,active,transfermarkt,2026-07-04T18:17:26.018Z
tbg-tm-00936874,Tyrique George,Tyrique George,Tyrique Aaron Delali Yusuff George,tyrique george,2006-02-04,England; Nigeria,Left Winger,Striker,936874,,,Chelsea FC,GB1,active,transfermarkt,2026-07-04T18:14:48.722Z
tbg-tm-00253677,Tyrone Mings,Tyrone Mings,Tyrone Deon Mings,tyrone mings,1993-03-13,England,Centre-Back,Defender,253677,,,Aston Villa,GB1,active,transfermarkt,2026-07-04T18:16:53.900Z
tbg-tm-00989112,Veljko Milosavljevic,Veljko Milosavljevic,Вељко Милосављевић,veljko milosavljevic,2007-06-28,Serbia,Centre-Back,Defender,989112,,,AFC Bournemouth,GB1,active,transfermarkt,2026-07-04T18:16:34.641Z
tbg-tm-00184573,Victor Lindelöf,Victor Lindelöf,Victor Jörgen Nilsson-Lindelöf,victor lindelof,1994-07-17,Sweden,Centre-Back,Defender,184573,,,Aston Villa,GB1,active,transfermarkt,2026-07-04T18:16:53.317Z
tbg-tm-00935231,Víctor Muñoz,Víctor Muñoz,Víctor Muñoz Villanueva,victor munoz,2003-07-13,Spain,Left Winger,Striker,935231,,,Liverpool FC,GB1,active,transfermarkt,2026-07-04T18:13:53.559Z
tbg-tm-00403692,Victor Torp,Victor Torp,Victor Torp Overgaard,victor torp,1999-07-30,Denmark,Central Midfield,Midfielder,403692,,,Coventry City,GB1,active,transfermarkt,2026-07-04T18:20:13.943Z
tbg-tm-00325443,Viktor Gyökeres,Viktor Gyökeres,Viktor Einar Gyökeres,viktor gyokeres,1998-06-04,Sweden; Hungary,Centre-Forward,Striker,325443,,,Arsenal FC,GB1,active,transfermarkt,2026-07-04T18:13:23.342Z
tbg-tm-00139208,Virgil van Dijk,Virgil van Dijk,Virgil van Dijk,virgil van dijk,1991-07-08,Netherlands; Suriname,Centre-Back,Defender,139208,,,Liverpool FC,GB1,active,transfermarkt,2026-07-04T18:13:34.351Z
tbg-tm-00404842,Vitaliy Mykolenko,Vitaliy Mykolenko,Миколенко Віталій Сергійович,vitaliy mykolenko,1999-05-29,Ukraine,Left-Back,Defender,404842,,,Everton FC,GB1,active,transfermarkt,2026-07-04T18:18:19.054Z
tbg-tm-00270171,Vitaly Janelt,Vitaly Janelt,Vitaly Janelt,vitaly janelt,1998-05-10,Germany; Bosnia-Herzegovina,Defensive Midfield,Midfielder,270171,,,Brentford FC,GB1,active,transfermarkt,2026-07-04T18:17:57.296Z
tbg-tm-00486604,Vitezslav Jaros,Vitezslav Jaros,Vítězslav Jaroš,vitezslav jaros,2001-07-23,Czech Republic,Goalkeeper,Goalkeeper,486604,,,Liverpool FC,GB1,active,transfermarkt,2026-07-04T18:13:30.591Z
tbg-tm-01005575,Vitor Reis,Vitor Reis,Vitor de Oliveira Nunes dos Reis,vitor reis,2006-01-12,Brazil,Centre-Back,Defender,1005575,,,Manchester City,GB1,active,transfermarkt,2026-07-04T18:14:10.909Z
tbg-tm-00296802,Walter Benítez,Walter Benítez,Walter Daniel Benítez,walter benitez,1993-01-19,Argentina; France,Goalkeeper,Goalkeeper,296802,,,Crystal Palace,GB1,active,transfermarkt,2026-07-04T18:17:22.305Z
tbg-tm-00146310,Wataru Endo,Wataru Endo,遠藤 航,wataru endo,1993-02-09,Japan,Defensive Midfield,Midfielder,146310,,,Liverpool FC,GB1,active,transfermarkt,2026-07-04T18:13:44.751Z
tbg-tm-00255731,Wes Burns,Wes Burns,Wesley James Burns,wes burns,1994-11-23,Wales,Right Midfield,Midfielder,255731,,,Ipswich Town,GB1,active,transfermarkt,2026-07-04T18:19:57.015Z
tbg-tm-00475411,Wesley Fofana,Wesley Fofana,Wesley Fofana,wesley fofana,2000-12-17,France; Cote d'Ivoire,Centre-Back,Defender,475411,,,Chelsea FC,GB1,active,transfermarkt,2026-07-04T18:14:39.070Z
tbg-tm-00627626,Wilfried Gnonto,Wilfried Gnonto,Degnand Wilfried Gnonto,wilfried gnonto,2003-11-05,Italy; Cote d'Ivoire,Right Winger,Striker,627626,,,Leeds United,GB1,active,transfermarkt,2026-07-04T18:19:27.106Z
tbg-tm-00582078,Will Dennis,Will Dennis,William Jonathan Dennis,will dennis,2000-07-10,England,Goalkeeper,Goalkeeper,582078,,,AFC Bournemouth,GB1,active,transfermarkt,2026-07-04T18:16:30.866Z
tbg-tm-00207014,Will Hughes,Will Hughes,William James Hughes,will hughes,1995-04-17,England,Central Midfield,Midfielder,207014,,,Crystal Palace,GB1,active,transfermarkt,2026-07-04T18:17:30.272Z
tbg-tm-00609556,William Osula,William Osula,William Idamudia Daugaard Osula,william osula,2003-08-04,Denmark; England,Centre-Forward,Striker,609556,,,Newcastle United,GB1,active,transfermarkt,2026-07-04T18:16:20.573Z
tbg-tm-00495666,William Saliba,William Saliba,William Alain André Gabriel Saliba,william saliba,2001-03-24,France; Cameroon,Centre-Back,Defender,495666,,,Arsenal FC,GB1,active,transfermarkt,2026-07-04T18:13:05.629Z
tbg-tm-00142310,Willy Boly,Willy Boly,Willy-Arnaud Zobo Boly,willy boly,1991-02-03,Cote d'Ivoire; France,Centre-Back,Defender,142310,,,Without Club,,active,transfermarkt,2026-07-04T18:17:21.511Z
tbg-tm-00494237,Wilson Isidor,Wilson Isidor,Wilson Isidor,wilson isidor,2000-08-27,Haiti; France,Centre-Forward,Striker,494237,,,Sunderland AFC,GB1,active,transfermarkt,2026-07-04T18:18:59.928Z
tbg-tm-00743498,Wilson Odobert,Wilson Odobert,Wilson Serge Eric Odobert,wilson odobert,2004-11-28,France; Martinique,Left Winger,Striker,743498,,,Tottenham Hotspur,GB1,active,transfermarkt,2026-07-04T18:15:18.712Z
tbg-tm-00566931,Xavi Simons,Xavi Simons,Xavier Quentin Shay Simons,xavi simons,2003-04-21,Netherlands; Suriname,Attacking Midfield,Midfielder,566931,,,Tottenham Hotspur,GB1,active,transfermarkt,2026-07-04T18:15:16.213Z
tbg-tm-01012534,Yankuba Minteh,Yankuba Minteh,Yankuba Minteh,yankuba minteh,2004-07-22,The Gambia,Right Winger,Striker,1012534,,,Brighton & Hove Albion,GB1,active,transfermarkt,2026-07-04T18:15:59.898Z
tbg-tm-00667287,Yasin Ayari,Yasin Ayari,ياسين عباس عياري,yasin ayari,2003-10-06,Sweden; Tunisia,Central Midfield,Midfielder,667287,,,Brighton & Hove Albion,GB1,active,transfermarkt,2026-07-04T18:15:54.125Z
tbg-tm-00717411,Yegor Yarmolyuk,Yegor Yarmolyuk,Ярмолюк Єгор Романович,yegor yarmolyuk,2004-03-01,Ukraine,Central Midfield,Midfielder,717411,,,Brentford FC,GB1,active,transfermarkt,2026-07-04T18:18:00.253Z
tbg-tm-00568157,Yéremy Pino,Yéremy Pino,Yéremy Jesús Pino Santos,yeremy pino,2002-10-20,Spain,Right Winger,Striker,568157,,,Crystal Palace,GB1,active,transfermarkt,2026-07-04T18:17:33.637Z
tbg-tm-00388165,Yoane Wissa,Yoane Wissa,Yoane Wissa,yoane wissa,1996-09-03,DR Congo; France,Centre-Forward,Striker,388165,,,Newcastle United,GB1,active,transfermarkt,2026-07-04T18:16:21.311Z
tbg-tm-00249565,Youri Tielemans,Youri Tielemans,Youri Tielemans,youri tielemans,1997-05-07,Belgium; DR Congo,Central Midfield,Midfielder,249565,,,Aston Villa,GB1,active,transfermarkt,2026-07-04T18:16:58.034Z
tbg-tm-01141628,Yunus Konak,Yunus Konak,Yunus Emre Konak,yunus konak,2006-01-10,Türkiye,Defensive Midfield,Midfielder,1141628,,,Brentford FC,GB1,active,transfermarkt,2026-07-04T18:17:58.476Z
tbg-tm-00410425,Yves Bissouma,Yves Bissouma,Yves Bissouma,yves bissouma,1996-08-30,Mali; Cote d'Ivoire,Defensive Midfield,Midfielder,410425,,,Without Club,,active,transfermarkt,2026-07-04T18:15:23.689Z
tbg-tm-00933017,Zach Abbott,Zach Abbott,Zach MacFarlane Abbott,zach abbott,2006-05-13,England,Centre-Back,Defender,933017,,,Nottingham Forest,GB1,active,transfermarkt,2026-07-04T18:17:07.958Z
tbg-tm-01421433,Zadok Yohanna,Zadok Yohanna,Zadok Yohanna,zadok yohanna,2007-06-29,Nigeria,Right Winger,Striker,1421433,,,Brighton & Hove Albion,GB1,active,transfermarkt,2026-07-04T18:16:00.392Z
